id,nom_verre,materiaux,indice,fournisseur,gravure_nasale,source_url,created_at
1,ETEREA / Blue Natural / Fotocolor / Fotochroma / Transition / Xtractive / Fotocar / Speedy / Polarisant,ORG,1.5,Fournisseur : DIVEL FRAN ...,https://si.france-optique.com/img/gravures/nasal/web_1807-nas-rond.tif.jpg,https://www.france-optique.com/gravures/fournisseur=70,2025-06-13 13:26:35.853333
2,ETEREA / Blue Natural / Fotocolor / Transition / Xtractive / Polarisant,ORG,1.6,Fournisseur : DIVEL FRAN ...,https://si.france-optique.com/img/gravures/nasal/web_1807-nas-rond.tif.jpg,https://www.france-optique.com/gravures/fournisseur=70,2025-06-13 13:26:35.866666
3,ETEREA / Blue Natural / Transition / Polarisant,ORG,1.67,Fournisseur : DIVEL FRAN ...,https://si.france-optique.com/img/gravures/nasal/web_1807-nas-rond.tif.jpg,https://www.france-optique.com/gravures/fournisseur=70,2025-06-13 13:26:35.880000
4,ALIENA / Blue Natural / Fotocolor / Fotochroma / Transition / Xtractive / Fotocar / Speedy / Polarisant,ORG,1.5,Fournisseur : DIVEL FRAN ...,https://si.france-optique.com/img/gravures/nasal/web_1808-nas-trianglecarre.tif.jpg,https://www.france-optique.com/gravures/fournisseur=70,2025-06-13 13:26:35.893333
5,ALIENA / Blue Natural / Fotocolor / Transition / Xtractive / Polarisant,ORG,1.6,Fournisseur : DIVEL FRAN ...,https://si.france-optique.com/img/gravures/nasal/web_1808-nas-trianglecarre.tif.jpg,https://www.france-optique.com/gravures/fournisseur=70,2025-06-13 13:26:35.900000
6,ALIENA / Blue Natural / Transition / Polarisant,ORG,1.67,Fournisseur : DIVEL FRAN ...,https://si.france-optique.com/img/gravures/nasal/web_1808-nas-trianglecarre.tif.jpg,https://www.france-optique.com/gravures/fournisseur=70,2025-06-13 13:26:35.913333
7,ALIENA / Transition,ORG,1.74,Fournisseur : DIVEL FRAN ...,https://si.france-optique.com/img/gravures/nasal/web_1808-nas-trianglecarre.tif.jpg,https://www.france-optique.com/gravures/fournisseur=70,2025-06-13 13:26:35.923333
8,ACLEAR / Blue Natural / Fotocolor / Fotochroma / Transition / Xtractive / Fotocar / Speedy / Polarisant,ORG,1.5,Fournisseur : DIVEL FRAN ...,https://si.france-optique.com/img/gravures/nasal/web_1809-nas-4symboles.tif.jpg,https://www.france-optique.com/gravures/fournisseur=70,2025-06-13 13:26:35.936666
9,ACLEAR / Blue Natural / Fotocolor / Transition / Xtractive / Polarisant,ORG,1.6,Fournisseur : DIVEL FRAN ...,https://si.france-optique.com/img/gravures/nasal/web_1809-nas-4symboles.tif.jpg,https://www.france-optique.com/gravures/fournisseur=70,2025-06-13 13:26:35.946666
10,ACLEAR / Blue Natural / Transition / Polarisant,ORG,1.67,Fournisseur : DIVEL FRAN ...,https://si.france-optique.com/img/gravures/nasal/web_1809-nas-4symboles.tif.jpg,https://www.france-optique.com/gravures/fournisseur=70,2025-06-13 13:26:35.960000
11,ACLEAR / Transition,ORG,1.74,Fournisseur : DIVEL FRAN ...,https://si.france-optique.com/img/gravures/nasal/web_1809-nas-4symboles.tif.jpg,https://www.france-optique.com/gravures/fournisseur=70,2025-06-13 13:26:35.973333
12,GEMINI / Polarisant,ORG,1.5,Fournisseur : DIVEL FRAN ...,https://si.france-optique.com/img/gravures/nasal/web_1810-nas-3symboles.tif.jpg,https://www.france-optique.com/gravures/fournisseur=70,2025-06-13 13:26:35.983333
13,GEMINI / Polarisant,ORG,1.6,Fournisseur : DIVEL FRAN ...,https://si.france-optique.com/img/gravures/nasal/web_1810-nas-3symboles.tif.jpg,https://www.france-optique.com/gravures/fournisseur=70,2025-06-13 13:26:35.993333
14,GEMINI / Polarisant,ORG,1.67,Fournisseur : DIVEL FRAN ...,https://si.france-optique.com/img/gravures/nasal/web_1810-nas-3symboles.tif.jpg,https://www.france-optique.com/gravures/fournisseur=70,2025-06-13 13:26:36.003333
15,GEMINI,ORG,1.74,Fournisseur : DIVEL FRAN ...,https://si.france-optique.com/img/gravures/nasal/web_1810-nas-3symboles.tif.jpg,https://www.france-optique.com/gravures/fournisseur=70,2025-06-13 13:26:36.016666
16,ACLEAR OFFICE / Blue Natural,ORG,1.5,Fournisseur : DIVEL FRAN ...,https://si.france-optique.com/img/gravures/nasal/web_1811-octo.tif.jpg,https://www.france-optique.com/gravures/fournisseur=70,2025-06-13 13:26:36.030000
17,ACLEAR OFFICE / Blue Natural,ORG,1.6,Fournisseur : DIVEL FRAN ...,https://si.france-optique.com/img/gravures/nasal/web_1811-octo.tif.jpg,https://www.france-optique.com/gravures/fournisseur=70,2025-06-13 13:26:36.040000
18,SERENA+ / Blue Natural / Fotocolor / Transition,ORG,1.5,Fournisseur : DIVEL FRAN ...,https://si.france-optique.com/img/gravures/nasal/web_1811-octo.tif.jpg,https://www.france-optique.com/gravures/fournisseur=70,2025-06-13 13:26:36.053333
19,SERENA+ / Blue Natural / Fotocolor / Transition,ORG,1.6,Fournisseur : DIVEL FRAN ...,https://si.france-optique.com/img/gravures/nasal/web_1811-octo.tif.jpg,https://www.france-optique.com/gravures/fournisseur=70,2025-06-13 13:26:36.063333
20,SERENA+ / Fotocolor / Transition,ORG,1.67,Fournisseur : DIVEL FRAN ...,https://si.france-optique.com/img/gravures/nasal/web_1811-octo.tif.jpg,https://www.france-optique.com/gravures/fournisseur=70,2025-06-13 13:26:36.076666
21,ALIENA MAX / ALIENA MAX TRANSITION,ORG,1.74,Fournisseur : DIVEL FRAN ...,https://si.france-optique.com/img/gravures/nasal/web_1808-nas-trianglecarre.tif.jpg,https://www.france-optique.com/gravures/fournisseur=70,2025-06-13 13:26:36.090000
22,ALIENA MAX / ALIENA MAX BLUE NATURAL / ALIENA MAX FOTOCOLOR / ALIENA MAX FOTOCHROMA / ALIENA MAX TRANSITION / ALIENA MAX XTRACTIVE / ALIENA MAX FOTOCAR / ALIENA MAX SPEEDY / ALIENA MAX POLARISANT,ORG,1.5,Fournisseur : DIVEL FRAN ...,https://si.france-optique.com/img/gravures/nasal/web_1808-nas-trianglecarre.tif.jpg,https://www.france-optique.com/gravures/fournisseur=70,2025-06-13 13:26:36.100000
23,ALIENA MAX / ALIENA MAX BLUE NATURAL / ALIENA MAX FOTOCOLOR / ALIENA MAX TRANSITION / ALIENA MAX XTRACTIVE / ALIENA MAX POLARISANT,ORG,1.6,Fournisseur : DIVEL FRAN ...,https://si.france-optique.com/img/gravures/nasal/web_1808-nas-trianglecarre.tif.jpg,https://www.france-optique.com/gravures/fournisseur=70,2025-06-13 13:26:36.113333
24,ALIENA MAX / ALIENA MAX BLUE NATURAL / ALIENA MAX TRANSITION / ALIENA MAX POLARISANT,ORG,1.67,Fournisseur : DIVEL FRAN ...,https://si.france-optique.com/img/gravures/nasal/web_1808-nas-trianglecarre.tif.jpg,https://www.france-optique.com/gravures/fournisseur=70,2025-06-13 13:26:36.123333
25,ETEREA / ETEREA TRANSITION,ORG,1.74,Fournisseur : DIVEL FRAN ...,https://si.france-optique.com/img/gravures/nasal/web_1807-nas-rond.tif.jpg,https://www.france-optique.com/gravures/fournisseur=70,2025-06-13 13:26:36.136666
26,NeoMADE/16 1.67,ORG AR blanc/couleur - Trans. - Photo - Pola,1.67,INDO OPTICAL France,7N2,https://www.france-optique.com/gravures/fournisseur=1958,2025-06-13 13:26:36.150000
27,NeoMADE/19 1.67,ORG AR blanc/couleur - Trans. - Photo - Pola,1.67,INDO OPTICAL France,7N1,https://www.france-optique.com/gravures/fournisseur=1958,2025-06-13 13:26:36.160000
28,NeoMADE/22 1.67,ORG AR blanc/couleur - Trans. - Photo - Pola,1.67,INDO OPTICAL France,7N0,https://www.france-optique.com/gravures/fournisseur=1958,2025-06-13 13:26:36.170000
29,NeoMADE/16 1.6,ORG AR blanc/couleur - Trans. - Photo - Pola,1.6,INDO OPTICAL France,6N2,https://www.france-optique.com/gravures/fournisseur=1958,2025-06-13 13:26:36.183333
30,NeoMADE/19 1.6,ORG AR blanc/couleur - Trans. - Photo - Pola,1.6,INDO OPTICAL France,6N1,https://www.france-optique.com/gravures/fournisseur=1958,2025-06-13 13:26:36.196666
31,NeoMADE/22 1.6,ORG AR blanc/couleur - Trans. - Photo - Pola,1.6,INDO OPTICAL France,6N0,https://www.france-optique.com/gravures/fournisseur=1958,2025-06-13 13:26:36.206666
32,NeoMADE/16 1.5,ORG AR blanc/couleur - Trans. - XTRActive - Photo,1.5,INDO OPTICAL France,5N2,https://www.france-optique.com/gravures/fournisseur=1958,2025-06-13 13:26:36.220000
33,NeoMADE/19 1.5,ORG AR blanc/couleur - Trans. - XTRActive - Photo,1.5,INDO OPTICAL France,5N1,https://www.france-optique.com/gravures/fournisseur=1958,2025-06-13 13:26:36.233333
34,NeoMADE/22 1.5,ORG AR blanc/couleur - Trans. - XTRActive - Photo,1.5,INDO OPTICAL France,5N0,https://www.france-optique.com/gravures/fournisseur=1958,2025-06-13 13:26:36.243333
35,Adapta-Short 1.6,ORG AR blanc/couleur - Trans. - Photo,1.6,INDO OPTICAL France,Aps6,https://www.france-optique.com/gravures/fournisseur=1958,2025-06-13 13:26:36.260000
36,Adapta-Short 1.5,ORG AR blanc/couleur - Trans. - XTRActive - Photo,1.5,INDO OPTICAL France,Aps5,https://www.france-optique.com/gravures/fournisseur=1958,2025-06-13 13:26:36.270000
37,Work Indofin 1.67/Work Indoor If-1.67,ORG,1.67,INDO OPTICAL France,wr67 /wir67,https://www.france-optique.com/gravures/fournisseur=1958,2025-06-13 13:26:36.283333
38,Work Indofin 1.6/Work Indoor If-1.6,ORG,1.6,INDO OPTICAL France,wr6 / wir6,https://www.france-optique.com/gravures/fournisseur=1958,2025-06-13 13:26:36.300000
39,Work Superfin 1.5/Work Indoor Sf-1.5,ORG,1.5,INDO OPTICAL France,wr / wir,https://www.france-optique.com/gravures/fournisseur=1958,2025-06-13 13:26:36.310000
40,Work Indoor If-1.6,ORG / AR Blanc,1.6,INDO OPTICAL France,wir6,https://www.france-optique.com/gravures/fournisseur=1958,2025-06-13 13:26:36.323333
41,Work Indoor Sf-1.5,ORG / AR Blanc,1.5,INDO OPTICAL France,wir,https://www.france-optique.com/gravures/fournisseur=1958,2025-06-13 13:26:36.336666
42,Drive Indofin 1.67,ORG / Day-Night,1.67,INDO OPTICAL France,dv67,https://www.france-optique.com/gravures/fournisseur=1958,2025-06-13 13:26:36.350000
43,Drive Indofin 1.67 Polar,ORG Pola,1.67,INDO OPTICAL France,dvP67,https://www.france-optique.com/gravures/fournisseur=1958,2025-06-13 13:26:36.366666
44,Drive Indofin 1.6,ORG / Day-Night,1.6,INDO OPTICAL France,dv6,https://www.france-optique.com/gravures/fournisseur=1958,2025-06-13 13:26:36.376666
45,Drive Indofin 1.6 Polar,ORG Pola,1.6,INDO OPTICAL France,dvP6,https://www.france-optique.com/gravures/fournisseur=1958,2025-06-13 13:26:36.390000
46,Drive Superfin 1.5,ORG / Day-Night / XTRActive,1.5,INDO OPTICAL France,dv,https://www.france-optique.com/gravures/fournisseur=1958,2025-06-13 13:26:36.406666
47,Drive Sf-1.5 Polar,ORG Pola,1.5,INDO OPTICAL France,dvP,https://www.france-optique.com/gravures/fournisseur=1958,2025-06-13 13:26:36.420000
48,Admira 1.8 Mineral,MIN,1.8,INDO OPTICAL France,18,https://www.france-optique.com/gravures/fournisseur=1958,2025-06-13 13:26:36.430000
49,Admira 1.6 Mineral,MIN Blanc / Photo,1.6,INDO OPTICAL France,H,https://www.france-optique.com/gravures/fournisseur=1958,2025-06-13 13:26:36.446666
50,UNImax 1.74,ORG AR Blanc - Trans.,1.74,INDO OPTICAL France,mf74,https://www.france-optique.com/gravures/fournisseur=1958,2025-06-13 13:26:36.460000
51,UNImax 1.67,ORG AR Blanc/Couleur - Trans. - Photo.,1.67,INDO OPTICAL France,mf67,https://www.france-optique.com/gravures/fournisseur=1958,2025-06-13 13:26:36.473333
52,UNImax 1.67 Polar,ORG Pola,1.67,INDO OPTICAL France,mfP67,https://www.france-optique.com/gravures/fournisseur=1958,2025-06-13 13:26:36.483333
53,UNImax 1.6,ORG AR Blanc/Couleur - Trans. - Photo.,1.6,INDO OPTICAL France,mf6,https://www.france-optique.com/gravures/fournisseur=1958,2025-06-13 13:26:36.500000
54,UNImax 1.6 Polar,ORG Pola,1.6,INDO OPTICAL France,mfP6,https://www.france-optique.com/gravures/fournisseur=1958,2025-06-13 13:26:36.510000
55,UNImax 1.5,ORG AR Blanc/Couleur - Trans. - XTRActive - Photo.,1.5,INDO OPTICAL France,mf,https://www.france-optique.com/gravures/fournisseur=1958,2025-06-13 13:26:36.523333
56,UNImax 1.5 Polar,ORG Pola,1.5,INDO OPTICAL France,mfP,https://www.france-optique.com/gravures/fournisseur=1958,2025-06-13 13:26:36.536666
57,UNImax Sport 1.67 Polar N10,ORG Pola,1.67,INDO OPTICAL France,mfsP67,https://www.france-optique.com/gravures/fournisseur=1958,2025-06-13 13:26:36.550000
58,UNImax Sport 1.67 Couleur,ORG*,1.67,INDO OPTICAL France,mfs67,https://www.france-optique.com/gravures/fournisseur=1958,2025-06-13 13:26:36.563333
59,UNImax Sport 1.6 Polar N10,ORG Pola,1.6,INDO OPTICAL France,mfsP6,https://www.france-optique.com/gravures/fournisseur=1958,2025-06-13 13:26:36.576666
60,UNImax Sport 1.6 Couleur,ORG*,1.6,INDO OPTICAL France,mfs6,https://www.france-optique.com/gravures/fournisseur=1958,2025-06-13 13:26:36.590000
61,UNImax Sport 1.5 Polar N10,ORG Pola,1.5,INDO OPTICAL France,mfsP,https://www.france-optique.com/gravures/fournisseur=1958,2025-06-13 13:26:36.603333
62,UNImax Sport 1.5 Couleur,ORG*,1.5,INDO OPTICAL France,mfs,https://www.france-optique.com/gravures/fournisseur=1958,2025-06-13 13:26:36.613333
63,Forza 1.67,ORG AR blanc - Trans.,1.67,INDO OPTICAL France,PY67/P8Y67,https://www.france-optique.com/gravures/fournisseur=1958,2025-06-13 13:26:36.626666
64,Forza 1.67 Polar,ORG Pola,1.67,INDO OPTICAL France,PYP67/P8YP67,https://www.france-optique.com/gravures/fournisseur=1958,2025-06-13 13:26:36.640000
65,Forza 1.6,ORG AR blanc - Trans.,1.6,INDO OPTICAL France,PY6/P8Y6,https://www.france-optique.com/gravures/fournisseur=1958,2025-06-13 13:26:36.653333
66,Forza 1.6 Polar,ORG Pola,1.6,INDO OPTICAL France,PYP6/P8YP6,https://www.france-optique.com/gravures/fournisseur=1958,2025-06-13 13:26:36.666666
67,Forza 1.5,ORG AR blanc/couleur - Trans. - XTRActive,1.5,INDO OPTICAL France,P/P8,https://www.france-optique.com/gravures/fournisseur=1958,2025-06-13 13:26:36.680000
68,Forza 1.5 Polar,ORG Pola,1.5,INDO OPTICAL France,PP/P8P,https://www.france-optique.com/gravures/fournisseur=1958,2025-06-13 13:26:36.693333
69,Indofin 1.67AS IndoPolar,ORG Pola,1.67,INDO OPTICAL France,R,https://www.france-optique.com/gravures/fournisseur=1958,2025-06-13 13:26:36.703333
70,Indofin 1.6 IndoPolar,ORG Pola,1.6,INDO OPTICAL France,R,https://www.france-optique.com/gravures/fournisseur=1958,2025-06-13 13:26:36.716666
71,Superfin IndoPolar,ORG Pola,1.5,INDO OPTICAL France,R,https://www.france-optique.com/gravures/fournisseur=1958,2025-06-13 13:26:36.730000
72,Lecta Superfin,ORG,1.5,INDO OPTICAL France,L,https://www.france-optique.com/gravures/fournisseur=1958,2025-06-13 13:26:36.740000
73,Basic/16 1.5,ORG / AR Blanc,1.5,INDO OPTICAL France,5c,https://www.france-optique.com/gravures/fournisseur=1958,2025-06-13 13:26:36.753333
74,Basic/19 1.5,ORG / AR Blanc,1.5,INDO OPTICAL France,5b,https://www.france-optique.com/gravures/fournisseur=1958,2025-06-13 13:26:36.763333
75,Basic/16 1.6,ORG / AR Blanc,1.6,INDO OPTICAL France,6c,https://www.france-optique.com/gravures/fournisseur=1958,2025-06-13 13:26:36.773333
76,Basic/19 1.6,ORG / AR Blanc,1.6,INDO OPTICAL France,6b,https://www.france-optique.com/gravures/fournisseur=1958,2025-06-13 13:26:36.786666
77,Basic/16 1.67,ORG / AR Blanc,1.67,INDO OPTICAL France,7c,https://www.france-optique.com/gravures/fournisseur=1958,2025-06-13 13:26:36.796666
78,Basic/19 1.67,ORG / AR Blanc,1.67,INDO OPTICAL France,7b,https://www.france-optique.com/gravures/fournisseur=1958,2025-06-13 13:26:36.806666
79,Basic/16 1.74,ORG / AR Blanc,1.74,INDO OPTICAL France,8c,https://www.france-optique.com/gravures/fournisseur=1958,2025-06-13 13:26:36.820000
80,Basic/19 1.74,ORG / AR Blanc,1.74,INDO OPTICAL France,8b,https://www.france-optique.com/gravures/fournisseur=1958,2025-06-13 13:26:36.830000
81,MaxView-U 1.74,ORG AR blanc - Trans.,1.74,INDO OPTICAL France,mWU74,https://www.france-optique.com/gravures/fournisseur=1958,2025-06-13 13:26:36.843333
82,MaxView-U 1.67,ORG AR blanc/couleur-Trans.-XTRActive-Photo-Pola,1.67,INDO OPTICAL France,mWU67,https://www.france-optique.com/gravures/fournisseur=1958,2025-06-13 13:26:36.856666
83,MaxView-U 1.6,ORG AR blanc/couleur - Trans. - Photo - Pola,1.6,INDO OPTICAL France,mWU6,https://www.france-optique.com/gravures/fournisseur=1958,2025-06-13 13:26:36.870000
84,MaxView-U 1.5,ORG AR blanc/couleur-Trans.-XTRActive-Photo-Pola,1.5,INDO OPTICAL France,mWU,https://www.france-optique.com/gravures/fournisseur=1958,2025-06-13 13:26:36.880000
85,Maxima-U 1.74,ORG AR blanc/couleur - Trans.,1.74,INDO OPTICAL France,mxU74,https://www.france-optique.com/gravures/fournisseur=1958,2025-06-13 13:26:36.896666
86,Maxima-U 1.67,ORG AR blanc/couleur - Trans. - Photo - Pola,1.67,INDO OPTICAL France,mxU67,https://www.france-optique.com/gravures/fournisseur=1958,2025-06-13 13:26:36.916666
87,Maxima-U 1.6,ORG AR blanc/couleur - Trans. - Photo - Pola,1.6,INDO OPTICAL France,mxU6,https://www.france-optique.com/gravures/fournisseur=1958,2025-06-13 13:26:36.930000
88,Maxima-U 1.5,ORG AR blanc/couleur-Trans.-XTRActive-Photo-Pola,1.5,INDO OPTICAL France,mxU,https://www.france-optique.com/gravures/fournisseur=1958,2025-06-13 13:26:36.943333
89,Maxima Sport-U 1.67,ORG Couleur - Pola,1.67,INDO OPTICAL France,mxsU67,https://www.france-optique.com/gravures/fournisseur=1958,2025-06-13 13:26:36.956666
90,Maxima Sport-U 1.6,ORG Couleur - Pola,1.6,INDO OPTICAL France,mxsU6,https://www.france-optique.com/gravures/fournisseur=1958,2025-06-13 13:26:36.970000
91,Maxima Sport-U 1.5,ORG Couleur - Pola,1.5,INDO OPTICAL France,mxsU,https://www.france-optique.com/gravures/fournisseur=1958,2025-06-13 13:26:36.986666
92,EasyMax-U 1.67,ORG AR blanc/couleur - Trans. - Photo - Pola,1.67,INDO OPTICAL France,esU67,https://www.france-optique.com/gravures/fournisseur=1958,2025-06-13 13:26:37.000000
93,EasyMax-U 1.6,ORG AR blanc/couleur - Trans. - Photo - Pola,1.6,INDO OPTICAL France,esU6,https://www.france-optique.com/gravures/fournisseur=1958,2025-06-13 13:26:37.010000
94,EasyMax-U 1.5,ORG AR blanc/couleur-Trans.-XTRActive-Photo-Pola,1.5,INDO OPTICAL France,esU,https://www.france-optique.com/gravures/fournisseur=1958,2025-06-13 13:26:37.023333
95,Ingenia-U 1.74,ORG AR Blanc - Transitions,1.74,INDO OPTICAL France,InU74,https://www.france-optique.com/gravures/fournisseur=1958,2025-06-13 13:26:37.036666
96,Ingenia-U 1.67,ORG AR blanc/couleur - Trans. - Photo - Pola,1.67,INDO OPTICAL France,InU67,https://www.france-optique.com/gravures/fournisseur=1958,2025-06-13 13:26:37.050000
97,Ingenia-U 1.6,ORG AR blanc/couleur - Trans. - Photo - Pola,1.6,INDO OPTICAL France,InU6,https://www.france-optique.com/gravures/fournisseur=1958,2025-06-13 13:26:37.060000
98,Ingenia-U 1.5,ORG AR blanc/couleur - Trans. - Photo - Pola,1.5,INDO OPTICAL France,InU,https://www.france-optique.com/gravures/fournisseur=1958,2025-06-13 13:26:37.076666
99,Activa-U 1.67,ORG AR blanc/couleur - Trans. - Photo - Pola,1.67,INDO OPTICAL France,acU67,https://www.france-optique.com/gravures/fournisseur=1958,2025-06-13 13:26:37.086666
100,Activa-U 1.6,ORG AR blanc/couleur - Trans. - Photo - Pola,1.6,INDO OPTICAL France,acU6,https://www.france-optique.com/gravures/fournisseur=1958,2025-06-13 13:26:37.100000
101,Activa-U 1.5,ORG AR blanc/couleur - Trans. - Photo - Pola,1.5,INDO OPTICAL France,acU,https://www.france-optique.com/gravures/fournisseur=1958,2025-06-13 13:26:37.113333
102,Superkid Miofocal 1.5 N-SuperClear,ORG,1.5,INDO OPTICAL France,SMF,https://www.france-optique.com/gravures/fournisseur=1958,2025-06-13 13:26:37.126666
103,Superkid Miofocal 1.5 eNGY Blue IR,ORG,1.5,INDO OPTICAL France,SMF,https://www.france-optique.com/gravures/fournisseur=1958,2025-06-13 13:26:37.136666
104,Superkid Miofocal 1.6 N-SuperClear,ORG,1.6,INDO OPTICAL France,SMF6,https://www.france-optique.com/gravures/fournisseur=1958,2025-06-13 13:26:37.150000
105,Superkid Miofocal 1.6 eNGY Blue IR,ORG,1.6,INDO OPTICAL France,SMF6,https://www.france-optique.com/gravures/fournisseur=1958,2025-06-13 13:26:37.163333
106,Superkid Miofocal 1.67 N-SuperClear,ORG,1.67,INDO OPTICAL France,SMF67,https://www.france-optique.com/gravures/fournisseur=1958,2025-06-13 13:26:37.176666
107,Superkid Miofocal 1.67 eNGY Blue IR,ORG,1.67,INDO OPTICAL France,SMF67,https://www.france-optique.com/gravures/fournisseur=1958,2025-06-13 13:26:37.190000
108,Superkid Miofocal 1.74 N-SuperClear,ORG,1.74,INDO OPTICAL France,SMF74,https://www.france-optique.com/gravures/fournisseur=1958,2025-06-13 13:26:37.200000
109,Superkid Miofocal 1.74 eNGY Blue IR,ORG,1.74,INDO OPTICAL France,SMF74,https://www.france-optique.com/gravures/fournisseur=1958,2025-06-13 13:26:37.210000
110,Yuniku Progressive Eyvia 1.74 UV2.0 (11 à 16mm) Blanc,ORG Blanc,1.74,Fournisseur : HOYA Visio ...,YP_7,https://www.france-optique.com/gravures/fournisseur=130,2025-06-13 13:26:37.226666
111,MyStyle V+ EyeGenius Eyvia 1.74 UV2.0 (11 à 16mm) Blanc,ORG Blanc,1.74,Fournisseur : HOYA Visio ...,EG,https://www.france-optique.com/gravures/fournisseur=130,2025-06-13 13:26:37.240000
112,MyStyle V+ EyeGenius Eyas 1.60 UV2.0 (11 à 16mm) Blanc/Sensity 2/Sensity Dark,ORG Blanc / PHO,1.6,Fournisseur : HOYA Visio ...,EG,https://www.france-optique.com/gravures/fournisseur=130,2025-06-13 13:26:37.250000
113,MyStyle V+ EyeGenius PNX 1.53 UV2.0 (11 à 16mm) Blanc/Sensity 2,ORG Blanc / PHO,1.53,Fournisseur : HOYA Visio ...,EG,https://www.france-optique.com/gravures/fournisseur=130,2025-06-13 13:26:37.260000
114,MyStyle V+ EyeGenius Organique 1.50 (11 à 16mm) Blanc/Sensity 2/Sensity Dark,ORG Blanc / PHO,1.5,Fournisseur : HOYA Visio ...,EG,https://www.france-optique.com/gravures/fournisseur=130,2025-06-13 13:26:37.273333
115,LifeStyle 3i Indoor/Outdoor/Urban Eyvia 1.74 UV2.0 (11 à 14mm) Blanc,ORG Blanc,1.74,Fournisseur : HOYA Visio ...,LI_7I ou LI_7O ou LI_7U,https://www.france-optique.com/gravures/fournisseur=130,2025-06-13 13:26:37.286666
116,LifeStyle 3 Indoor/Outdoor/Urban Eyvia 1.74 UV2.0 (11 à 14mm) Blanc,ORG Blanc,1.74,Fournisseur : HOYA Visio ...,L_7I ou L_7O ou L_7U,https://www.france-optique.com/gravures/fournisseur=130,2025-06-13 13:26:37.296666
117,Balansis Eyvia 1.74 UV2.0 (11mm - 14mm) Blanc,ORG Blanc,1.74,Fournisseur : HOYA Visio ...,B17 ou B47,https://www.france-optique.com/gravures/fournisseur=130,2025-06-13 13:26:37.310000
118,Daynamic 1.53 (11mm - 14mm) Polarisant,ORG POLA,1.53,Fournisseur : HOYA Visio ...,DP1X ou DP4X,https://www.france-optique.com/gravures/fournisseur=130,2025-06-13 13:26:37.323333
119,Amplitude Plus Eynoa 1.67 UV2.0 (11mm - 15mm) Blanc/Sensity 2/Sensity Dark/Sensity Fast,ORG Blanc/ PHO,1.67,Fournisseur : HOYA Visio ...,DA15 ou DA55,https://www.france-optique.com/gravures/fournisseur=130,2025-06-13 13:26:37.336666
120,Yuniku Digital T5/T9/T13 Eyvia 1.74 UV2.0 Blanc,ORG Blanc,1.74,Fournisseur : HOYA Visio ...,YD7,https://www.france-optique.com/gravures/fournisseur=130,2025-06-13 13:26:37.350000
121,Yuniku Single Vision Eyvia 1.74 UV2.0 Blanc,ORG Blanc,1.74,Fournisseur : HOYA Visio ...,YS7,https://www.france-optique.com/gravures/fournisseur=130,2025-06-13 13:26:37.360000
122,Nulux iDentity V+ EyeGenius Eyvia 1.74 UV2.0 Blanc,ORG Blanc,1.74,Fournisseur : HOYA Visio ...,EG,https://www.france-optique.com/gravures/fournisseur=130,2025-06-13 13:26:37.373333
123,Sync IIIi T5/T9/T13 Eyvia 1.74 UV2.0 Blanc,ORG Blanc,1.74,Fournisseur : HOYA Visio ...,SYi7,https://www.france-optique.com/gravures/fournisseur=130,2025-06-13 13:26:37.386666
124,MySelf Eyvia 1.74 UV2.0 (11 à 16mm) Blanc,ORG Blanc,1.74,Fournisseur : HOYA Visio ...,MY_7,https://www.france-optique.com/gravures/fournisseur=130,2025-06-13 13:26:37.396666
125,Balansis i Eyvia 1.74 UV2.0 (11mm - 14mm) Blanc,ORG Blanc,1.74,Fournisseur : HOYA Visio ...,Bi17 ou Bi47,https://www.france-optique.com/gravures/fournisseur=130,2025-06-13 13:26:37.410000
126,Daynamic 1.67 Advanced Lights Protection (11mm - 14mm) Blanc,ORG Blanc,1.67,Fournisseur : HOYA Visio ...,DP14L ou DP45L,https://www.france-optique.com/gravures/fournisseur=130,2025-06-13 13:26:37.423333
127,Lifestyle 3i Indoor/Outdoor/Urban 1.67 Advanced Lights Protection (11 à 14mm) Blanc,ORG Blanc,1.67,Fournisseur : HOYA Visio ...,LI_5LI ou LI_5LO ou LI_5LU,https://www.france-optique.com/gravures/fournisseur=130,2025-06-13 13:26:37.436666
128,Yuniku Progressive Eynoa 1.67 UV2.0 (11 à 16mm) Blanc/Sensity 2/Sensity Dark,ORG Blanc / PHO,1.67,Fournisseur : HOYA Visio ...,YP_5,https://www.france-optique.com/gravures/fournisseur=130,2025-06-13 13:26:37.450000
129,MyStyle V+ EyeGenius Eynoa 1.67 UV2.0 (11 à 16mm) Blanc/Sensity 2/Sensity Dark,ORG Blanc / PHO,1.67,Fournisseur : HOYA Visio ...,EG,https://www.france-optique.com/gravures/fournisseur=130,2025-06-13 13:26:37.463333
130,Lifestyle 3i Indoor/Outdoor/Urban Eynoa 1.67 UV2.0 (11 à 14mm) Blanc/Sensity 2/Sensity Dark,ORG Blanc / PHO,1.67,Fournisseur : HOYA Visio ...,LI_5I ou LI_5O ou LI_5U,https://www.france-optique.com/gravures/fournisseur=130,2025-06-13 13:26:37.476666
131,Lifestyle 3 Indoor/Outdoor/Urban 1.67 Advanced Lights Protection (11 à 14mm) Blanc,ORG Blanc,1.67,Fournisseur : HOYA Visio ...,L_5LI ou L_5LO ou L_5LU,https://www.france-optique.com/gravures/fournisseur=130,2025-06-13 13:26:37.490000
132,Balansis Eynoa 1.67 UV2.0 (11mm - 14mm) Blanc/Sensity 2/Sensity Dark/Sensity Fast,ORG Blanc / PHO,1.67,Fournisseur : HOYA Visio ...,B15 ou B45,https://www.france-optique.com/gravures/fournisseur=130,2025-06-13 13:26:37.500000
133,Yuniku Digital T5/T9/T13 Eynoa 1.67 UV2.0 Blanc/Sensity 2/Sensity Dark/Fin Polarisant,ORG Blanc / PHO / POLA,1.67,Fournisseur : HOYA Visio ...,YD5,https://www.france-optique.com/gravures/fournisseur=130,2025-06-13 13:26:37.513333
134,Yuniku Single Vision Eynoa 1.67 UV2.0 Blanc/Sensity 2/Sensity Dark/Fin Polarisant,ORG Blanc / PHO / POLA,1.67,Fournisseur : HOYA Visio ...,YS5,https://www.france-optique.com/gravures/fournisseur=130,2025-06-13 13:26:37.526666
135,Nulux iDentity V+ EyeGenius Eynoa 1.67 UV2.0 Blanc/Sensity 2/Sensity Dark,ORG Blanc/ PHO,1.67,Fournisseur : HOYA Visio ...,EG,https://www.france-optique.com/gravures/fournisseur=130,2025-06-13 13:26:37.536666
136,Balansis i 1.67 Advanced Lights Protection (11mm - 14mm) Blanc,ORG Blanc,1.67,Fournisseur : HOYA Visio ...,Bi15L ou Bi45L,https://www.france-optique.com/gravures/fournisseur=130,2025-06-13 13:26:37.550000
137,Daynamic PNX 1.53 UV2.0 (11mm - 14mm) Blanc/Sensity 2/Sensity Fast,ORG Blanc / PHO,1.53,Fournisseur : HOYA Visio ...,DP1X ou DP4X,https://www.france-optique.com/gravures/fournisseur=130,2025-06-13 13:26:37.563333
138,MySelf 1.67 Advanced Lights Protection (11 à 16mm) Blanc,ORG Blanc,1.67,Fournisseur : HOYA Visio ...,MY_5L,https://www.france-optique.com/gravures/fournisseur=130,2025-06-13 13:26:37.576666
139,MyStyle V+ Eyas 1.60 UV2.0 (11 à 16mm) Blanc/Sensity 2/Sensity Dark/Sensity Fast,ORG Blanc / PHO,1.6,Fournisseur : HOYA Visio ...,MSV _3,https://www.france-optique.com/gravures/fournisseur=130,2025-06-13 13:26:37.586666
140,MyStyle V+ PNX 1.53 UV2.0 (11 à 16mm) Blanc/Sensity 2/Sensity Fast,ORG Blanc / PHO,1.53,Fournisseur : HOYA Visio ...,MSV _X,https://www.france-optique.com/gravures/fournisseur=130,2025-06-13 13:26:37.600000
141,MyStyle V+ Organique 1.50 (11 à 16mm) Blanc/Sensity 2/Sensity Dark/Sensity Fast,ORG Blanc / PHO,1.5,Fournisseur : HOYA Visio ...,MSV _1,https://www.france-optique.com/gravures/fournisseur=130,2025-06-13 13:26:37.613333
142,LifeStyle 3i Close/Active/Allround 1.67 (11 à 14mm) Fin Polarisant,ORG POLA,1.67,Fournisseur : HOYA Visio ...,LI_5I ou LI_5O ou LI_5U,https://www.france-optique.com/gravures/fournisseur=130,2025-06-13 13:26:37.623333
143,Daynamic 1.67 (11mm - 14mm) Fin Polarisant,ORG POLA,1.67,Fournisseur : HOYA Visio ...,DP14 ou DP45,https://www.france-optique.com/gravures/fournisseur=130,2025-06-13 13:26:37.636666
144,Amplitude Plus Eyas 1.60 UV2.0 (11mm - 15mm) Blanc/Sensity 2/Sensity Dark/Sensity Fast,ORG Blanc/ PHO,1.6,Fournisseur : HOYA Visio ...,DA13 ou DA53,https://www.france-optique.com/gravures/fournisseur=130,2025-06-13 13:26:37.650000
145,Camber Freestyle,TVX,1.53,Gravures de verres de HEPHILENS,CFXA CORRIDOR,https://www.france-optique.com/fournisseur/1488-hephilens,2025-06-13 13:26:37.663333
146,Camber Freestyle,POLY,1.59,Gravures de verres de HEPHILENS,CFXA CORRIDOR,https://www.france-optique.com/fournisseur/1488-hephilens,2025-06-13 13:26:37.676666
147,Innovator Individual,TVX,1.53,Gravures de verres de HEPHILENS,IIA CORRIDOR,https://www.france-optique.com/fournisseur/1488-hephilens,2025-06-13 13:26:37.690000
148,Innovator Individual,POLY,1.59,Gravures de verres de HEPHILENS,IIA CORRIDOR,https://www.france-optique.com/fournisseur/1488-hephilens,2025-06-13 13:26:37.700000
149,Innovator Plus,TVX,1.53,Gravures de verres de HEPHILENS,IPA CORRIDOR,https://www.france-optique.com/fournisseur/1488-hephilens,2025-06-13 13:26:37.716666
150,Innovator Plus,POLY,1.59,Gravures de verres de HEPHILENS,IPA CORRIDOR,https://www.france-optique.com/fournisseur/1488-hephilens,2025-06-13 13:26:37.730000
151,Innovator,TVX,1.53,Gravures de verres de HEPHILENS,ISA CORRIDOR,https://www.france-optique.com/fournisseur/1488-hephilens,2025-06-13 13:26:37.740000
152,Innovator,POLY,1.59,Gravures de verres de HEPHILENS,ISA CORRIDOR,https://www.france-optique.com/fournisseur/1488-hephilens,2025-06-13 13:26:37.753333
153,Innovator Computer,TVX,1.53,Gravures de verres de HEPHILENS,ICA CORRIDOR,https://www.france-optique.com/fournisseur/1488-hephilens,2025-06-13 13:26:37.766666
154,Innovator Computer,POLY,1.59,Gravures de verres de HEPHILENS,ICA CORRIDOR,https://www.france-optique.com/fournisseur/1488-hephilens,2025-06-13 13:26:37.780000
155,Innovator Desktop,TVX,1.53,Gravures de verres de HEPHILENS,IDA CORRIDOR,https://www.france-optique.com/fournisseur/1488-hephilens,2025-06-13 13:26:37.793333
156,Innovator Desktop,POLY,1.59,Gravures de verres de HEPHILENS,IDA CORRIDOR,https://www.france-optique.com/fournisseur/1488-hephilens,2025-06-13 13:26:37.810000
157,Innovator Office,POLY,1.59,Gravures de verres de HEPHILENS,IOA CORRIDOR,https://www.france-optique.com/fournisseur/1488-hephilens,2025-06-13 13:26:37.820000
158,Innovator Office,TVX,1.53,Gravures de verres de HEPHILENS,IOA CORRIDOR,https://www.france-optique.com/fournisseur/1488-hephilens,2025-06-13 13:26:37.833333
159,Innovator Home,POLY,1.59,Gravures de verres de HEPHILENS,IHA CORRIDOR,https://www.france-optique.com/fournisseur/1488-hephilens,2025-06-13 13:26:37.850000
160,Innovator Home,TVX,1.53,Gravures de verres de HEPHILENS,IHA CORRIDOR,https://www.france-optique.com/fournisseur/1488-hephilens,2025-06-13 13:26:37.860000
161,Camber Computer,POLY,1.59,Gravures de verres de HEPHILENS,CCA CORRIDOR,https://www.france-optique.com/fournisseur/1488-hephilens,2025-06-13 13:26:37.873333
162,Camber Computer,TVX,1.53,Gravures de verres de HEPHILENS,CCA CORRIDOR,https://www.france-optique.com/fournisseur/1488-hephilens,2025-06-13 13:26:37.886666
163,Camber Desktop,POLY,1.59,Gravures de verres de HEPHILENS,CDA CORRIDOR,https://www.france-optique.com/fournisseur/1488-hephilens,2025-06-13 13:26:37.900000
164,Camber Desktop,TVX,1.53,Gravures de verres de HEPHILENS,CDA CORRIDOR,https://www.france-optique.com/fournisseur/1488-hephilens,2025-06-13 13:26:37.910000
165,Camber Office,POLY,1.59,Gravures de verres de HEPHILENS,COA CORRIDOR,https://www.france-optique.com/fournisseur/1488-hephilens,2025-06-13 13:26:37.916666
166,Camber Office,TVX,1.53,Gravures de verres de HEPHILENS,COA CORRIDOR,https://www.france-optique.com/fournisseur/1488-hephilens,2025-06-13 13:26:37.930000
167,Camber Home,POLY,1.59,Gravures de verres de HEPHILENS,CHA CORRIDOR,https://www.france-optique.com/fournisseur/1488-hephilens,2025-06-13 13:26:37.943333
168,Camber Home,TVX,1.53,Gravures de verres de HEPHILENS,CHA CORRIDOR,https://www.france-optique.com/fournisseur/1488-hephilens,2025-06-13 13:26:37.956666
169,Facile,POLY,1.59,Gravures de verres de HEPHILENS,FA,https://www.france-optique.com/fournisseur/1488-hephilens,2025-06-13 13:26:37.970000
170,Facile,TVX,1.53,Gravures de verres de HEPHILENS,FA,https://www.france-optique.com/fournisseur/1488-hephilens,2025-06-13 13:26:37.983333
171,ProDrive,POLY,1.59,Gravures de verres de HEPHILENS,PDA CORRIDOR,https://www.france-optique.com/fournisseur/1488-hephilens,2025-06-13 13:26:37.996666
172,ProDrive,TVX,1.53,Gravures de verres de HEPHILENS,PDA CORRIDOR,https://www.france-optique.com/fournisseur/1488-hephilens,2025-06-13 13:26:38.010000
173,Bifocal Digital,POLY,1.59,Gravures de verres de HEPHILENS,BDA,https://www.france-optique.com/fournisseur/1488-hephilens,2025-06-13 13:26:38.023333
174,Bifocal Digital,TVX,1.53,Gravures de verres de HEPHILENS,BDA,https://www.france-optique.com/fournisseur/1488-hephilens,2025-06-13 13:26:38.033333
175,Single Vision Individual,POLY,1.59,Gravures de verres de HEPHILENS,SVIA,https://www.france-optique.com/fournisseur/1488-hephilens,2025-06-13 13:26:38.050000
176,MySelf Eynoa 1.67 UV2.0 (11 à 16mm) Blanc/Sensity 2/Sensity Dark/Sensity Fast,ORG Blanc / PHO,1.67,Fournisseur : HOYA Visio ...,MY_5,https://www.france-optique.com/gravures/fournisseur=130,2025-06-13 13:26:38.060000
177,Balansis i Eynoa 1.67 UV2.0 (11mm - 14mm) Blanc/Sensity 2/Sensity Dark/Sensity Fast,ORG Blanc / PHO,1.67,Fournisseur : HOYA Visio ...,Bi15 ou Bi45,https://www.france-optique.com/gravures/fournisseur=130,2025-06-13 13:26:38.073333
178,Yuniku Progressive Eyas 1.60 UV2.0 (11 à 16mm) Blanc/Sensity 2/Sensity Dark,ORG Blanc / PHO,1.6,Fournisseur : HOYA Visio ...,YP_3,https://www.france-optique.com/gravures/fournisseur=130,2025-06-13 13:26:38.090000
179,LifeStyle 3 Close/Active/Allround 1.67 (11 à 14mm) Fin Polarisant,ORG POLA,1.67,Fournisseur : HOYA Visio ...,L_5I ou L_5O ou L_5U,https://www.france-optique.com/gravures/fournisseur=130,2025-06-13 13:26:38.103333
180,Balansis 1.67 (11mm - 14mm) Fin Polarisant,ORG POLA,1.67,Fournisseur : HOYA Visio ...,B15 ou B45,https://www.france-optique.com/gravures/fournisseur=130,2025-06-13 13:26:38.120000
181,Yuniku Digital T5/T9/T13 Eyas 1.60 UV2.0 Blanc/Sensity 2/Sensity Dark/Fin Polarisant,ORG Blanc / PHO / POLA,1.6,Fournisseur : HOYA Visio ...,YD3,https://www.france-optique.com/gravures/fournisseur=130,2025-06-13 13:26:38.133333
182,Yuniku Single Vision Eyas 1.60 UV2.0 Blanc/Sensity 2/Sensity Dark/Fin Polarisant,ORG Blanc / PHO / POLA,1.6,Fournisseur : HOYA Visio ...,YS3,https://www.france-optique.com/gravures/fournisseur=130,2025-06-13 13:26:38.143333
183,Nulux iDentity V+ EyeGenius Eyas 1.60 UV2.0 Blanc/Sensity 2/Sensity Dark,ORG Blanc/ PHO,1.6,Fournisseur : HOYA Visio ...,EG,https://www.france-optique.com/gravures/fournisseur=130,2025-06-13 13:26:38.163333
184,Sync IIIi T5/T9/T13 Eynoa 1.67UV2.0 Blanc/Sensity 2/Sensity Dark/Sensity Fast/Fin Polarisant,ORG PHO POLA,1.67,Fournisseur : HOYA Visio ...,SYi5,https://www.france-optique.com/gravures/fournisseur=130,2025-06-13 13:26:38.176666
185,Daynamic 1.60 Advanced Lights Protection (11mm - 14mm) Blanc,ORG Blanc,1.6,Fournisseur : HOYA Visio ...,DP13L ou DP43L,https://www.france-optique.com/gravures/fournisseur=130,2025-06-13 13:26:38.186666
186,Balansis i 1.60 Advanced Lights Protection (11mm - 14mm) Blanc,ORG Blanc,1.6,Fournisseur : HOYA Visio ...,Bi13L ou Bi43L,https://www.france-optique.com/gravures/fournisseur=130,2025-06-13 13:26:38.200000
187,MySelf 1.60 Advanced Lights Protection (11 à 16mm) Blanc,ORG Blanc,1.6,Fournisseur : HOYA Visio ...,MY_3L,https://www.france-optique.com/gravures/fournisseur=130,2025-06-13 13:26:38.210000
188,Lifestyle 3i Indoor/Outdoor/Urban Eyas 1.60 UV2.0 (11 à 14mm) Blanc/Sensity 2/Sensity Dark,ORG Blanc / PHO,1.6,Fournisseur : HOYA Visio ...,LI_3I ou LI_3O ou LI_3U,https://www.france-optique.com/gravures/fournisseur=130,2025-06-13 13:26:38.223333
189,Lifestyle 3 Indoor/Outdoor/Urban Eyas 1.60 UV2.0 (11 à 14mm) Blanc/Sensity 2/Sensity Dark,ORG Blanc / PHO,1.6,Fournisseur : HOYA Visio ...,L_3I ou L_3O ou L_3U,https://www.france-optique.com/gravures/fournisseur=130,2025-06-13 13:26:38.236666
190,Balansis Eyas 1.60 UV2.0 (11mm - 14mm) Blanc/Sensity 2/Sensity Dark/Sensity Fast,ORG Blanc / PHO,1.6,Fournisseur : HOYA Visio ...,B13 ou B43,https://www.france-optique.com/gravures/fournisseur=130,2025-06-13 13:26:38.250000
191,MySelf Eyas 1.60 UV2.0 (11 à 16mm) Blanc/Sensity 2/Sensity Dark/Sensity Fast,ORG Blanc / PHO,1.6,Fournisseur : HOYA Visio ...,MY_3,https://www.france-optique.com/gravures/fournisseur=130,2025-06-13 13:26:38.260000
192,Balansis i Eyas 1.60 UV2.0 (11mm - 14mm) Blanc/Sensity 2/Sensity Dark/Sensity Fast,ORG Blanc / PHO,1.6,Fournisseur : HOYA Visio ...,Bi13 ou Bi43,https://www.france-optique.com/gravures/fournisseur=130,2025-06-13 13:26:38.270000
193,Daynamic 1.60 (11mm - 14mm) Fin Polarisant,ORG POLA,1.6,Fournisseur : HOYA Visio ...,DP13 ou DP43,https://www.france-optique.com/gravures/fournisseur=130,2025-06-13 13:26:38.283333
194,Amplitude Plus PNX 1.53 UV2.0 (11mm - 15mm) Blanc/Sensity 2/Sensity Fast,ORG Blanc/ PHO,1.53,Fournisseur : HOYA Visio ...,DA1X ou DA5X,https://www.france-optique.com/gravures/fournisseur=130,2025-06-13 13:26:38.296666
195,Nulux iDentity V+ EyeGenius Organique 1.50 Blanc/Sensity 2/Sensity Dark,ORG Blanc/ PHO,1.5,Fournisseur : HOYA Visio ...,EG,https://www.france-optique.com/gravures/fournisseur=130,2025-06-13 13:26:38.310000
196,MySelf PNX 1.53 UV2.0 (11 à 16mm) Blanc/Sensity 2/Sensity Fast,ORG Blanc / PHO,1.53,Fournisseur : HOYA Visio ...,MY_X,https://www.france-optique.com/gravures/fournisseur=130,2025-06-13 13:26:38.320000
197,Balansis i PNX 1.53 UV2.0 (11mm - 14mm) Blanc/Sensity 2/Sensity Fast,ORG Blanc / PHO,1.53,Fournisseur : HOYA Visio ...,Bi1X ou Bi4X,https://www.france-optique.com/gravures/fournisseur=130,2025-06-13 13:26:38.333333
198,MyStyle V+ Eyvia 1.74 UV2.0 (11 à 16mm) Blanc,ORG Blanc,1.74,Fournisseur : HOYA Visio ...,MSV _7,https://www.france-optique.com/gravures/fournisseur=130,2025-06-13 13:26:38.346666
199,LifeStyle 3i Close/Active/Allround 1.60 (11 à 14mm) Fin Polarisant,ORG POLA,1.6,Fournisseur : HOYA Visio ...,LI_3I ou LI_3O ou LI_3U,https://www.france-optique.com/gravures/fournisseur=130,2025-06-13 13:26:38.356666
200,LifeStyle 3 Close/Active/Allround 1.60 (11 à 14mm) Fin Polarisant,ORG POLA,1.6,Fournisseur : HOYA Visio ...,L_3I ou L_3O ou L_3U,https://www.france-optique.com/gravures/fournisseur=130,2025-06-13 13:26:38.366666
201,Balansis 1.60 (11mm - 14mm) Fin Polarisant,ORG POLA,1.6,Fournisseur : HOYA Visio ...,B13 ou B43,https://www.france-optique.com/gravures/fournisseur=130,2025-06-13 13:26:38.380000
202,Sync IIIi T5/T9/T13 Eyas 1.60 UV2.0 Blanc/Sensity 2/Sensity Dark/Sensity Fast/Fin Polarisant,ORG PHO POLA,1.6,Fournisseur : HOYA Visio ...,SYi3,https://www.france-optique.com/gravures/fournisseur=130,2025-06-13 13:26:38.393333
203,Balansis i 1.50 Advanced Lights Protection (11mm - 14mm) Blanc,ORG Blanc,1.5,Fournisseur : HOYA Visio ...,Bi11L ou Bi41L,https://www.france-optique.com/gravures/fournisseur=130,2025-06-13 13:26:38.406666
204,MySelf 1.50 Advanced Lights Protection (11 à 16mm) Blanc,ORG Blanc,1.5,Fournisseur : HOYA Visio ...,MY_1L,https://www.france-optique.com/gravures/fournisseur=130,2025-06-13 13:26:38.416666
205,Single Vision Individual,TVX,1.53,Gravures de verres de HEPHILENS,SVIA,https://www.france-optique.com/fournisseur/1488-hephilens,2025-06-13 13:26:38.433333
206,Single Vision Plus,TVX,1.53,Gravures de verres de HEPHILENS,SVPA,https://www.france-optique.com/fournisseur/1488-hephilens,2025-06-13 13:26:38.446666
207,Single Vision Plus,POLY,1.59,Gravures de verres de HEPHILENS,SVPA,https://www.france-optique.com/fournisseur/1488-hephilens,2025-06-13 13:26:38.460000
208,Single Vision ProDrive,POLY,1.59,Gravures de verres de HEPHILENS,PDA,https://www.france-optique.com/fournisseur/1488-hephilens,2025-06-13 13:26:38.473333
209,Single Vision ProDrive,TVX,1.53,Gravures de verres de HEPHILENS,PDA,https://www.france-optique.com/fournisseur/1488-hephilens,2025-06-13 13:26:38.486666
210,Perception 770,POLY,1.59,Gravures de verres de HEPHILENS,PER7,https://www.france-optique.com/fournisseur/1488-hephilens,2025-06-13 13:26:38.500000
211,Myoshield,POLY,1.59,Gravures de verres de HEPHILENS,MYO,https://www.france-optique.com/fournisseur/1488-hephilens,2025-06-13 13:26:38.510000
212,Perception,POLY,1.59,Gravures de verres de HEPHILENS,PER,https://www.france-optique.com/fournisseur/1488-hephilens,2025-06-13 13:26:38.523333
213,MyStyle V+ Eynoa 1.67 UV2.0 (11 à 16mm) Blanc/Sensity 2/Sensity Dark/Sensity Fast,ORG Blanc / PHO,1.67,Fournisseur : HOYA Visio ...,MSV _5,https://www.france-optique.com/gravures/fournisseur=130,2025-06-13 13:26:38.536666
214,Lifestyle 3i Indoor/Outdoor/Urban PNX 1.53 UV2.0 (11 à 14mm) Blanc/Sensity 2,ORG Blanc / PHO,1.53,Fournisseur : HOYA Visio ...,LI_XI ou LI_XO ou LI_XU,https://www.france-optique.com/gravures/fournisseur=130,2025-06-13 13:26:38.550000
215,Lifestyle 3 Indoor/Outdoor/Urban PNX 1.53 UV2.0 (11 à 14mm) Blanc/Sensity 2,ORG Blanc / PHO,1.53,Fournisseur : HOYA Visio ...,L_XI ou L_XO ou L_XU,https://www.france-optique.com/gravures/fournisseur=130,2025-06-13 13:26:38.563333
216,Balansis PNX 1.53 UV2.0 (11mm - 14mm) Blanc/Sensity 2/Sensity Fast,ORG Blanc / PHO,1.53,Fournisseur : HOYA Visio ...,B1X ou B4X,https://www.france-optique.com/gravures/fournisseur=130,2025-06-13 13:26:38.573333
217,Amplitude Plus Organique 1.50 (11mm - 15mm) Blanc/Sensity 2/Sensity Dark/Sensity Fast,ORG Blanc/ PHO,1.5,Fournisseur : HOYA Visio ...,DA11 ou DA51,https://www.france-optique.com/gravures/fournisseur=130,2025-06-13 13:26:38.586666
218,Nulux iDentity V+ Eyvia 1.74 UV2.0 Blanc,ORG Blanc,1.74,Fournisseur : HOYA Visio ...,Ni7,https://www.france-optique.com/gravures/fournisseur=130,2025-06-13 13:26:38.600000
219,Sync IIIi T5/T9/T13 PNX 1.53 UV2.0 Blanc/Sensity 2/Sensity Fast/Polarisant,ORG Blanc/ PHO / POLA,1.53,Fournisseur : HOYA Visio ...,SYiX,https://www.france-optique.com/gravures/fournisseur=130,2025-06-13 13:26:38.613333
220,MySelf Organique 1.50 (11 à 16mm) Blanc/Sensity 2/Sensity Dark/Sensity Fast,ORG Blanc / PHO,1.5,Fournisseur : HOYA Visio ...,MY_1,https://www.france-optique.com/gravures/fournisseur=130,2025-06-13 13:26:38.623333
221,Balansis i Organique 1.50 (11mm - 14mm) Blanc/Sensity 2/Sensity Dark/Sensity Fast,ORG Blanc / PHO,1.5,Fournisseur : HOYA Visio ...,Bi11 ou Bi41,https://www.france-optique.com/gravures/fournisseur=130,2025-06-13 13:26:38.636666
222,LifeStyle 3i Close/Active/Allround 1.53 (11 à 14mm) Polarisant,ORG POLA,1.53,Fournisseur : HOYA Visio ...,LI_XI ou LI_XO ou LI_XU,https://www.france-optique.com/gravures/fournisseur=130,2025-06-13 13:26:38.646666
223,LifeStyle 3 Close/Active/Allround 1.53 (11 à 14mm) Polarisant,ORG POLA,1.53,Fournisseur : HOYA Visio ...,L_XI ou L_XO ou L_XU,https://www.france-optique.com/gravures/fournisseur=130,2025-06-13 13:26:38.660000
224,Balansis 1.53 (11mm - 14mm) Polarisant,ORG POLA,1.53,Fournisseur : HOYA Visio ...,B1X ou B4X,https://www.france-optique.com/gravures/fournisseur=130,2025-06-13 13:26:38.673333
225,Daynamic Organique 1.50 UV2.0 (11mm - 14mm) Blanc,ORG Blanc,1.5,Fournisseur : HOYA Visio ...,DP11 ou DP41,https://www.france-optique.com/gravures/fournisseur=130,2025-06-13 13:26:38.686666
226,Lifestyle 3i Indoor/Outdoor/Urban Organique 1.50 (11 à 14mm) Blanc/Sensity 2/Sensity Dark,ORG Blanc / PHO,1.5,Fournisseur : HOYA Visio ...,LI_1I ou LI_1O ou LI_1U,https://www.france-optique.com/gravures/fournisseur=130,2025-06-13 13:26:38.696666
227,Lifestyle 3 Indoor/Outdoor/Urban Organique 1.50 UV2.0 (11 à 14mm) Blanc,ORG Blanc,1.5,Fournisseur : HOYA Visio ...,L_1I ou L_1O ou L_1U,https://www.france-optique.com/gravures/fournisseur=130,2025-06-13 13:26:38.710000
228,Balansis Organique 1.50 (11mm - 14mm) Blanc/Sensity 2/Sensity Dark/Sensity Fast,ORG Blanc / PHO,1.5,Fournisseur : HOYA Visio ...,B11 ou B41,https://www.france-optique.com/gravures/fournisseur=130,2025-06-13 13:26:38.720000
229,Summit CD M 1.81,MIN Blanc,1.81,Fournisseur : HOYA Visio ...,CD6,https://www.france-optique.com/gravures/fournisseur=130,2025-06-13 13:26:38.733333
230,Amplitude Plus 1.67 (11mm-15m) Fin Polarisant,ORG POLA,1.67,Fournisseur : HOYA Visio ...,DA15 ou DA55,https://www.france-optique.com/gravures/fournisseur=130,2025-06-13 13:26:38.746666
231,Nulux iDentity V+ Eynoa 1.67 UV2.0 Blanc/Sensity 2/Sensity Dark/Sensity Fast/Fin Polarisant,ORG PHO POLA,1.67,Fournisseur : HOYA Visio ...,Ni5,https://www.france-optique.com/gravures/fournisseur=130,2025-06-13 13:26:38.760000
232,Sync IIIi T5/T9/T13 1.50 Advanced Lights Protection Blanc,ORG Blanc,1.5,Fournisseur : HOYA Visio ...,SYi1L,https://www.france-optique.com/gravures/fournisseur=130,2025-06-13 13:26:38.773333
233,Daynamic Organique 1.50 (11mm - 14mm) Blanc/Sensity 2/Sensity Dark/Sensity Fast,ORG Blanc / PHO,1.5,Fournisseur : HOYA Visio ...,DP11 ou DP41,https://www.france-optique.com/gravures/fournisseur=130,2025-06-13 13:26:38.786666
234,LifeStyle 3 Close/Active/Allround 1.50 (11 à 14mm) Polarisant,ORG POLA,1.5,Fournisseur : HOYA Visio ...,L_1I ou L_1O ou L_1U,https://www.france-optique.com/gravures/fournisseur=130,2025-06-13 13:26:38.796666
235,Daynamic 1.50 (11mm - 14mm) Polarisant,ORG POLA,1.5,Fournisseur : HOYA Visio ...,DP11 ou DP41,https://www.france-optique.com/gravures/fournisseur=130,2025-06-13 13:26:38.810000
236,Summit PRO M 1.70,MIN Blanc,1.7,Fournisseur : HOYA Visio ...,SP4,https://www.france-optique.com/gravures/fournisseur=130,2025-06-13 13:26:38.823333
237,Yuniku Work Close/Screen/Space (18 à 24mm) Eynoa 1.67 UV2.0 Blanc,ORG Blanc,1.67,Fournisseur : HOYA Visio ...,YW5,https://www.france-optique.com/gravures/fournisseur=130,2025-06-13 13:26:38.836666
238,LifeStyle 3i Close/Active/Allround 1.50 (11 à 14mm) Polarisant,ORG POLA,1.5,Fournisseur : HOYA Visio ...,LI_1I ou LI_1O ou LI_1U,https://www.france-optique.com/gravures/fournisseur=130,2025-06-13 13:26:38.846666
239,Balansis 1.50 (11mm - 14mm) Polarisant,ORG POLA,1.5,Fournisseur : HOYA Visio ...,B11 ou B41,https://www.france-optique.com/gravures/fournisseur=130,2025-06-13 13:26:38.860000
240,Amplitude Plus 1.60 (11mm-15m) Fin Polarisant,ORG POLA,1.6,Fournisseur : HOYA Visio ...,DA13 ou DA53,https://www.france-optique.com/gravures/fournisseur=130,2025-06-13 13:26:38.873333
241,Sync IIIi T5/T9/T13 Organique 1.50 Blanc/Sensity 2/Sensity Dark/Sensity Fast/Polarisant,ORG PHO POLA,1.5,Fournisseur : HOYA Visio ...,SYi1,https://www.france-optique.com/gravures/fournisseur=130,2025-06-13 13:26:38.886666
242,Sync III T5/T9/T13 Eyvia 1.74 UV2.0 Blanc,ORG Blanc,1.74,Fournisseur : HOYA Visio ...,SY7,https://www.france-optique.com/gravures/fournisseur=130,2025-06-13 13:26:38.900000
243,Yuniku Work Close/Screen/Space (18 à 24mm) Eyas 1.60 UV2.0 Blanc,ORG Blanc,1.6,Fournisseur : HOYA Visio ...,YW3,https://www.france-optique.com/gravures/fournisseur=130,2025-06-13 13:26:38.910000
244,Summit CD ou PRO M 1.60,MIN Blanc/Fotolux,1.6,Fournisseur : HOYA Visio ...,CD3 ou SP3,https://www.france-optique.com/gravures/fournisseur=130,2025-06-13 13:26:38.930000
245,Nulux iDentity V+ Eyas 1.60 UV2.0 Blanc/Sensity 2/Sensity Dark/Sensity Fast/Fin Polarisant,ORG PHO POLA,1.6,Fournisseur : HOYA Visio ...,Ni3,https://www.france-optique.com/gravures/fournisseur=130,2025-06-13 13:26:38.943333
246,Sync III T5/T9/T13 1.67 Advanced Lights Protection Blanc,ORG Blanc,1.67,Fournisseur : HOYA Visio ...,SY5L,https://www.france-optique.com/gravures/fournisseur=130,2025-06-13 13:26:38.956666
247,Yuniku Lite Progressive Eynoa 1.67 UV2.0 (11 à 14mm) Blanc/Sensity 2/Senity Dark,ORG Blanc / PHO,1.67,Fournisseur : HOYA Visio ...,YL_5,https://www.france-optique.com/gravures/fournisseur=130,2025-06-13 13:26:38.970000
248,Summit PRO M 1.52,MIN Blanc/Fotolux,1.52,Fournisseur : HOYA Visio ...,SP1,https://www.france-optique.com/gravures/fournisseur=130,2025-06-13 13:26:38.983333
249,Amplitude Plus 1.53 (11mm-15m) Polarisant,ORG POLA,1.53,Fournisseur : HOYA Visio ...,DA1X ou DA5X,https://www.france-optique.com/gravures/fournisseur=130,2025-06-13 13:26:38.996666
250,Sync III T5/T9/T13 Eynoa 1.67 UV2.0 Blanc/Sensity 2/Sensity Dark/Sensity Fast/Fin Polarisant,ORG PHO POLA,1.67,Fournisseur : HOYA Visio ...,SY5,https://www.france-optique.com/gravures/fournisseur=130,2025-06-13 13:26:39.010000
251,Yuniku Lite Progressive 1.67 (11 à 14mm) Fin Polarisant,ORG POLA,1.67,Fournisseur : HOYA Visio ...,YL_5,https://www.france-optique.com/gravures/fournisseur=130,2025-06-13 13:26:39.023333
252,Sync III T5/T9/T13 1.60 Advanced Lights Protection Blanc,ORG Blanc,1.6,Fournisseur : HOYA Visio ...,SY3L,https://www.france-optique.com/gravures/fournisseur=130,2025-06-13 13:26:39.033333
253,Yuniku Lite Progressive Eyas 1.60 UV2.0 (11 à 14mm) Blanc/Sensity 2/Sensity Dark,ORG Blanc / PHO,1.6,Fournisseur : HOYA Visio ...,YL_3,https://www.france-optique.com/gravures/fournisseur=130,2025-06-13 13:26:39.046666
254,Amplitude Plus 1.50 (11mm-15m) Polarisant,ORG POLA,1.5,Fournisseur : HOYA Visio ...,DA11 ou DA51,https://www.france-optique.com/gravures/fournisseur=130,2025-06-13 13:26:39.060000
255,Nulux iDentity V+ Organique 1.50 Blanc/Sensity 2/Sensity Dark/Sensity Fast/Polarisant,ORG PHO POLA,1.5,Fournisseur : HOYA Visio ...,Ni1,https://www.france-optique.com/gravures/fournisseur=130,2025-06-13 13:26:39.070000
256,Sync III T5/T9/T13 Eyas 1.60 UV2.0 Blanc/Sensity 2/Sensity Dark/Sensity Fast/Fin Polarisant,ORG PHO POLA,1.6,Fournisseur : HOYA Visio ...,SY3,https://www.france-optique.com/gravures/fournisseur=130,2025-06-13 13:26:39.083333
257,Yuniku Lite Progressive 1.60 (11 à 14mm) Fin Polarisant,ORG POLA,1.6,Fournisseur : HOYA Visio ...,YL_3,https://www.france-optique.com/gravures/fournisseur=130,2025-06-13 13:26:39.096666
258,Sync III T5/T9/T13 PNX 1.53 UV2.0 Blanc/Sensity 2/Sensity Fast/Polarisant,ORG PHO POLA,1.53,Fournisseur : HOYA Visio ...,SYX,https://www.france-optique.com/gravures/fournisseur=130,2025-06-13 13:26:39.110000
259,Sync III T5/T9/T13 1.50 Advanced Lights Protection Blanc,ORG Blanc,1.5,Fournisseur : HOYA Visio ...,SY1L,https://www.france-optique.com/gravures/fournisseur=130,2025-06-13 13:26:39.120000
260,Sync III T5/T9/T13 Organique 1.50 Blanc/Sensity 2/Sensity Dark/Sensity Fast/Polarisant,ORG PHO POLA,1.5,Fournisseur : HOYA Visio ...,SY1,https://www.france-optique.com/gravures/fournisseur=130,2025-06-13 13:26:39.133333
261,EnRoute Pro Progressive 1.67 UV2.0 Blanc,ORG Blanc,1.67,Fournisseur : HOYA Visio ...,RP55V,https://www.france-optique.com/gravures/fournisseur=130,2025-06-13 13:26:39.146666
262,EnRoute Pro Progressive 1.60 UV2.0 Blanc,ORG Blanc,1.6,Fournisseur : HOYA Visio ...,RP53V,https://www.france-optique.com/gravures/fournisseur=130,2025-06-13 13:26:39.160000
263,EnRoute Progressive 1.67 UV2.0 Blanc,ORG Blanc,1.67,Fournisseur : HOYA Visio ...,R55V,https://www.france-optique.com/gravures/fournisseur=130,2025-06-13 13:26:39.173333
264,EnRoute Progressive 1.60 UV2.0 Blanc,ORG Blanc,1.6,Fournisseur : HOYA Visio ...,R53V,https://www.france-optique.com/gravures/fournisseur=130,2025-06-13 13:26:39.186666
265,Maxxee Proximité 100 1.50,ORG Blanc,1.5,Fournisseur : HOYA Visio ...,L1,https://www.france-optique.com/gravures/fournisseur=130,2025-06-13 13:26:39.200000
266,Maxxee Proximité 150 1.50,ORG Blanc,1.5,Fournisseur : HOYA Visio ...,L1,https://www.france-optique.com/gravures/fournisseur=130,2025-06-13 13:26:39.213333
267,Maxxee Proximité 150 1.60,ORG Blanc,1.6,Fournisseur : HOYA Visio ...,L3,https://www.france-optique.com/gravures/fournisseur=130,2025-06-13 13:26:39.223333
268,Maxxee Multifocal FreeForm 1.74 (11-15mm),ORG Blanc,1.74,Fournisseur : HOYA Visio ...,17FF ou 57FF,https://www.france-optique.com/gravures/fournisseur=130,2025-06-13 13:26:39.236666
269,Maxxee Multifocal FreeForm 1.67 (11-15mm),ORG Blanc,1.67,Fournisseur : HOYA Visio ...,15FF ou 55FF,https://www.france-optique.com/gravures/fournisseur=130,2025-06-13 13:26:39.250000
270,Maxxee Multifocal FreeForm 1.60 (11-15mm),ORG Blanc,1.6,Fournisseur : HOYA Visio ...,13FF ou 53FF,https://www.france-optique.com/gravures/fournisseur=130,2025-06-13 13:26:39.260000
271,Maxxee Multifocal FreeForm 1.50 (11-15mm),ORG Blanc,1.5,Fournisseur : HOYA Visio ...,11FF ou 51FF,https://www.france-optique.com/gravures/fournisseur=130,2025-06-13 13:26:39.273333
272,Lifestyle 3 Indoor/Outdoor/Urban Organique 1.50 (11 à 14mm) Blanc/Sensity 2/Sensity Dark,ORG Blanc / PHO,1.5,Fournisseur : HOYA Visio ...,L_1I ou L_1O ou L_1U,https://www.france-optique.com/gravures/fournisseur=130,2025-06-13 13:26:39.283333
273,WorkStyle 3 Close/Screen/space (18 à 24mm),ORG Blanc,1.74,Fournisseur : HOYA Visio ...,WS37,https://www.france-optique.com/gravures/fournisseur=130,2025-06-13 13:26:39.296666
274,WorkStyle 3 Close/Screen/space (18 à 24mm) Eynoa 1.67 UV2.0 Blanc/Sensity 2,ORG Blanc / PHO,1.67,Fournisseur : HOYA Visio ...,WS35,https://www.france-optique.com/gravures/fournisseur=130,2025-06-13 13:26:39.306666
275,WorkStyle 3 Close/Screen/space (18 à 24mm) Eyas 1.60 UV2.0 Blanc/Sensity 2,ORG Blanc / PHO,1.6,Fournisseur : HOYA Visio ...,WS33,https://www.france-optique.com/gravures/fournisseur=130,2025-06-13 13:26:39.320000
276,WorkStyle 3 Close/Screen/space (18 à 24mm) PNX 1.53 UV2.0 Blanc/Sensity 2,ORG Blanc / PHO,1.53,Fournisseur : HOYA Visio ...,WS3X,https://www.france-optique.com/gravures/fournisseur=130,2025-06-13 13:26:39.330000
277,WorkStyle 3 Close/Screen/space (18 à 24mm) Organique 1.50 Blanc/Sensity 2,ORG Blanc/ PHO,1.5,Fournisseur : HOYA Visio ...,WS31,https://www.france-optique.com/gravures/fournisseur=130,2025-06-13 13:26:39.343333
278,WorkSmart Room 200 Eyvia 1.74 UV2.0 Blanc,ORG Blanc,1.74,Fournisseur : HOYA Visio ...,DT7,https://www.france-optique.com/gravures/fournisseur=130,2025-06-13 13:26:39.360000
279,WorkSmart Room 200 Eynoa 1.67 UV2.0 Blanc,ORG Blanc,1.67,Fournisseur : HOYA Visio ...,DT5,https://www.france-optique.com/gravures/fournisseur=130,2025-06-13 13:26:39.373333
280,WorkSmart Room 200 Eyas 1.60 UV2.0 Blanc,ORG Blanc,1.6,Fournisseur : HOYA Visio ...,DT3,https://www.france-optique.com/gravures/fournisseur=130,2025-06-13 13:26:39.383333
281,WorkSmart Room 200 PNX 1.53 UV2.0 Blanc,ORG Blanc,1.53,Fournisseur : HOYA Visio ...,DTX,https://www.france-optique.com/gravures/fournisseur=130,2025-06-13 13:26:39.396666
282,WorkSmart Room 200 Organique 1.50 Blanc,ORG Blanc,1.5,Fournisseur : HOYA Visio ...,DT1,https://www.france-optique.com/gravures/fournisseur=130,2025-06-13 13:26:39.410000
283,WorkSmart Room 400 Eyvia 1.74 UV2.0 Blanc,ORG Blanc,1.74,Fournisseur : HOYA Visio ...,DT7,https://www.france-optique.com/gravures/fournisseur=130,2025-06-13 13:26:39.423333
284,WorkSmart Room 400 Eynoa 1.67 UV2.0 Blanc,ORG Blanc,1.67,Fournisseur : HOYA Visio ...,DT5,https://www.france-optique.com/gravures/fournisseur=130,2025-06-13 13:26:39.433333
285,WorkSmart Room 400 Eyas 1.60 UV2.0 Blanc,ORG Blanc,1.6,Fournisseur : HOYA Visio ...,DT3,https://www.france-optique.com/gravures/fournisseur=130,2025-06-13 13:26:39.446666
286,WorkSmart Room 400 PNX 1.53 UV2.0 Blanc,ORG Blanc,1.53,Fournisseur : HOYA Visio ...,DTX,https://www.france-optique.com/gravures/fournisseur=130,2025-06-13 13:26:39.456666
287,WorkSmart Room 400 Organique 1.50 Blanc,ORG Blanc,1.5,Fournisseur : HOYA Visio ...,DT1,https://www.france-optique.com/gravures/fournisseur=130,2025-06-13 13:26:39.470000
288,SupeReader A Eynoa 1.67 UV2.0 Blanc,ORG Blanc,1.67,Fournisseur : HOYA Visio ...,DL5,https://www.france-optique.com/gravures/fournisseur=130,2025-06-13 13:26:39.483333
289,SupeReader A Eyas 1.60 UV2.0 Blanc,ORG Blanc,1.6,Fournisseur : HOYA Visio ...,DL3,https://www.france-optique.com/gravures/fournisseur=130,2025-06-13 13:26:39.496666
290,SupeReader A Organique 1.50 Blanc,ORG Blanc,1.5,Fournisseur : HOYA Visio ...,DL1,https://www.france-optique.com/gravures/fournisseur=130,2025-06-13 13:26:39.510000
328,LifeStyle 4 Close/Active/Allround 1.53 (11 à 16mm) Polarisant,ORG POLA,1.53,Fournisseur : HOYA Visio ...,LS_XI ou LS_XO ou LS_XU,https://www.france-optique.com/gravures/fournisseur=130,2025-06-13 13:26:39.980000
291,Intuitiv Plus Mio OR15,Organique,1.5,Produits optiques : BBGR OPTIQUE,https://si.france-optique.com/img/gravures/nasal/web_12-nas-bbgr-01.tif.jpg,https://www.france-optique.com/fournisseur/1344-bbgr-optique/gravures,2025-06-13 13:26:39.520000
292,SupeReader B Eynoa 1.67 UV2.0 Blanc,ORG Blanc,1.67,Fournisseur : HOYA Visio ...,DL5,https://www.france-optique.com/gravures/fournisseur=130,2025-06-13 13:26:39.536666
293,SupeReader B Eyas 1.60 UV2.0 Blanc,ORG Blanc,1.6,Fournisseur : HOYA Visio ...,DL3,https://www.france-optique.com/gravures/fournisseur=130,2025-06-13 13:26:39.550000
294,SupeReader B Organique 1.50 Blanc,ORG Blanc,1.5,Fournisseur : HOYA Visio ...,DL1,https://www.france-optique.com/gravures/fournisseur=130,2025-06-13 13:26:39.560000
295,Nulux iDentity V+ 1.67 Advanced Lights Protection Blanc,ORG Blanc,1.67,Fournisseur : HOYA Visio ...,Ni5L,https://www.france-optique.com/gravures/fournisseur=130,2025-06-13 13:26:39.576666
296,Nulux iDentity V+ 1.60 Advanced Lights Protection Blanc,ORG Blanc,1.6,Fournisseur : HOYA Visio ...,Ni3L,https://www.france-optique.com/gravures/fournisseur=130,2025-06-13 13:26:39.586666
297,Nulux iDentity V+ 1.50 Advanced Lights Protection Blanc,ORG Blanc,1.5,Fournisseur : HOYA Visio ...,Ni1L,https://www.france-optique.com/gravures/fournisseur=130,2025-06-13 13:26:39.600000
298,Sync IIIi T5/T9/T13 1.67 Advanced Lights Protection Blanc,ORG Blanc,1.67,Fournisseur : HOYA Visio ...,SYi5L,https://www.france-optique.com/gravures/fournisseur=130,2025-06-13 13:26:39.610000
299,Sync IIIi T5/T9/T13 1.60 Advanced Lights Protection Blanc,ORG Blanc,1.6,Fournisseur : HOYA Visio ...,SYi3L,https://www.france-optique.com/gravures/fournisseur=130,2025-06-13 13:26:39.623333
300,Daynamic Eynoa 1.67 UV2.0 (11mm - 14mm) Blanc/Sensity 2/Sensity Dark/Sensity Fast,ORG Blanc / PHO,1.67,Fournisseur : HOYA Visio ...,DP14 ou DP45,https://www.france-optique.com/gravures/fournisseur=130,2025-06-13 13:26:39.636666
301,Daynamic Eyas 1.60 UV2.0 (11mm - 14mm) Blanc/Sensity 2/Sensity Dark/Sensity Fast,ORG Blanc / PHO,1.6,Fournisseur : HOYA Visio ...,DP13 ou DP43,https://www.france-optique.com/gravures/fournisseur=130,2025-06-13 13:26:39.650000
302,Daynamic 1.50 Advanced Lights Protection (11mm - 14mm) Blanc,ORG Blanc,1.5,Fournisseur : HOYA Visio ...,DP11L ou DP41L,https://www.france-optique.com/gravures/fournisseur=130,2025-06-13 13:26:39.663333
303,Balansis 1.67 Advanced Lights Protection (11mm - 14mm) Blanc,ORG Blanc,1.67,Fournisseur : HOYA Visio ...,B15L ou B45L,https://www.france-optique.com/gravures/fournisseur=130,2025-06-13 13:26:39.680000
304,Balansis 1.60 Advanced Lights Protection (11mm - 14mm) Blanc,ORG Blanc,1.6,Fournisseur : HOYA Visio ...,B13L ou B43L,https://www.france-optique.com/gravures/fournisseur=130,2025-06-13 13:26:39.690000
305,Balansis 1.50 Advanced Lights Protection (11mm - 14mm) Blanc,ORG Blanc,1.5,Fournisseur : HOYA Visio ...,B11L ou B41L,https://www.france-optique.com/gravures/fournisseur=130,2025-06-13 13:26:39.700000
306,Lifestyle 3i Indoor/Outdoor/Urban 1.60 Advanced Lights Protection (11 à 14mm) Blanc,ORG Blanc,1.6,Fournisseur : HOYA Visio ...,LI_3LI ou LI_3LO ou LI_3LU,https://www.france-optique.com/gravures/fournisseur=130,2025-06-13 13:26:39.713333
307,Lifestyle 3i Indoor/Outdoor/Urban 1.50 Advanced Lights Protection (11 à 14mm) Blanc,ORG Blanc,1.5,Fournisseur : HOYA Visio ...,LI_1LI ou LI_1LO ou LI_1LU,https://www.france-optique.com/gravures/fournisseur=130,2025-06-13 13:26:39.726666
308,LifeStyle 4i Indoor/Outdoor/Urban Eyvia 1.74 UV2.0 (11 à 16mm) Blanc,ORG Blanc,1.74,Fournisseur : HOYA Visio ...,LSI_7I ou LSI_7O ou LSI_7U,https://www.france-optique.com/gravures/fournisseur=130,2025-06-13 13:26:39.740000
309,LifeStyle 4i Indoor/Outdoor/Urban 1.67 Advanced Lights Protection (11 à 16mm) Blanc,ORG Blanc,1.67,Fournisseur : HOYA Visio ...,LSI_5LI ou SLI_5LO ou LSI_5LU,https://www.france-optique.com/gravures/fournisseur=130,2025-06-13 13:26:39.750000
310,LifeStyle 4i Indoor/Outdoor/Urban Eynoa 1.67 UV2.0 (11 à 16mm) Blanc/Sensity 2/Sensity Dark/Sensity Fast,ORG Blanc / PHO,1.67,Fournisseur : HOYA Visio ...,LSI_5I ou LSI_5O ou LSI_5U,https://www.france-optique.com/gravures/fournisseur=130,2025-06-13 13:26:39.763333
311,LifeStyle 4i Close/Active/Allround 1.67 (11 à 16mm) Fin Polarisant,ORG POLA,1.67,Fournisseur : HOYA Visio ...,LSI_5I ou LSI_5O ou LSI_5U,https://www.france-optique.com/gravures/fournisseur=130,2025-06-13 13:26:39.776666
312,LifeStyle 4i Indoor/Outdoor/Urban 1.60 Advanced Lights Protection (11 à 16mm) Blanc,ORG Blanc,1.6,Fournisseur : HOYA Visio ...,LSI_3LI ou LSI_3LO ou LSI_3LU,https://www.france-optique.com/gravures/fournisseur=130,2025-06-13 13:26:39.786666
313,LifeStyle 4i Indoor/Outdoor/Urban Eyas 1.60 UV2.0 (11 à 16mm) Blanc/Sensity 2/Sensity Dark/Sensity Fast,ORG Blanc / PHO,1.6,Fournisseur : HOYA Visio ...,LSI_3I ou LSI_3O ou LSI_3U,https://www.france-optique.com/gravures/fournisseur=130,2025-06-13 13:26:39.803333
314,LifeStyle 4i Close/Active/Allround 1.60 (11 à 16mm) Fin Polarisant,ORG POLA,1.6,Fournisseur : HOYA Visio ...,LSI_3I ou LSI_3O ou LSI_3U,https://www.france-optique.com/gravures/fournisseur=130,2025-06-13 13:26:39.813333
315,LifeStyle 4i Indoor/Outdoor/Urban PNX 1.53 UV2.0 (11 à 16mm) Blanc/Sensity 2/Sensity Fast,ORG Blanc / PHO,1.53,Fournisseur : HOYA Visio ...,LSI_XI ou LSI_XO ou LSI_XU,https://www.france-optique.com/gravures/fournisseur=130,2025-06-13 13:26:39.826666
316,LifeStyle 4i Close/Active/Allround 1.53 (11 à 16mm) Polarisant,ORG POLA,1.53,Fournisseur : HOYA Visio ...,LSI_XI ou LSI_XO ou LSI_XU,https://www.france-optique.com/gravures/fournisseur=130,2025-06-13 13:26:39.840000
317,LifeStyle 4i Indoor/Outdoor/Urban 1.50 Advanced Lights Protection (11 à 16mm) Blanc,ORG Blanc,1.5,Fournisseur : HOYA Visio ...,LSI_1LI ou LSI_1LO ou LSI_1LU,https://www.france-optique.com/gravures/fournisseur=130,2025-06-13 13:26:39.850000
318,LifeStyle 4i Indoor/Outdoor/Urban Organique 1.50 (11 à 16mm) Blanc/Sensity 2/Sensity Dark/Sensity Fast,ORG Blanc / PHO,1.5,Fournisseur : HOYA Visio ...,LSI_1I ou LSI_1O ou LSI_1U,https://www.france-optique.com/gravures/fournisseur=130,2025-06-13 13:26:39.863333
319,LifeStyle 4i Close/Active/Allround 1.50 (11 à 16mm) Polarisant,ORG POLA,1.5,Fournisseur : HOYA Visio ...,LSI_1I ou LSI_1O ou LSI_1U,https://www.france-optique.com/gravures/fournisseur=130,2025-06-13 13:26:39.873333
320,LifeStyle 4 Indoor/Outdoor/Urban Eyvia 1.74 UV2.0 (11 à 16mm) Blanc,ORG Blanc,1.74,Fournisseur : HOYA Visio ...,LS_7I ou LS_7O ou LS_7U,https://www.france-optique.com/gravures/fournisseur=130,2025-06-13 13:26:39.886666
321,LifeStyle 4 Indoor/Outdoor/Urban 1.67 Advanced Lights Protection (11 à 16mm) Blanc,ORG Blanc,1.67,Fournisseur : HOYA Visio ...,LS_5LI ou LS_5LO ou LS_5LU,https://www.france-optique.com/gravures/fournisseur=130,2025-06-13 13:26:39.900000
322,LifeStyle 4 Indoor/Outdoor/Urban Eynoa 1.67 UV2.0 (11 à 16mm) Blanc/Sensity 2/Sensity Dark/Sensity Fast,ORG Blanc / PHO,1.67,Fournisseur : HOYA Visio ...,LS_5I ou LS_5O ou LS_5U,https://www.france-optique.com/gravures/fournisseur=130,2025-06-13 13:26:39.910000
323,LifeStyle 4 Close/Active/Allround 1.67 (11 à 16mm) Fin Polarisant,ORG POLA,1.67,Fournisseur : HOYA Visio ...,LS_5I ou LS_5O ou LS_5U,https://www.france-optique.com/gravures/fournisseur=130,2025-06-13 13:26:39.923333
324,LifeStyle 4 Indoor/Outdoor/Urban 1.60 Advanced Lights Protection (11 à 16mm) Blanc,ORG Blanc,1.6,Fournisseur : HOYA Visio ...,LS_3LI ou LS_3LO ou LS_3LU,https://www.france-optique.com/gravures/fournisseur=130,2025-06-13 13:26:39.930000
325,LifeStyle 4 Indoor/Outdoor/Urban Eyas 1.60 UV2.0 (11 à 16mm) Blanc/Sensity 2/Sensity Dark/Sensity Fast,ORG Blanc / PHO,1.6,Fournisseur : HOYA Visio ...,LS_3I ou LS_3O ou LS_3U,https://www.france-optique.com/gravures/fournisseur=130,2025-06-13 13:26:39.940000
326,LifeStyle 4 Close/Active/Allround 1.60 (11 à 16mm) Fin Polarisant,ORG POLA,1.6,Fournisseur : HOYA Visio ...,LS_3I ou LS_3O ou LS_3U,https://www.france-optique.com/gravures/fournisseur=130,2025-06-13 13:26:39.953333
327,LifeStyle 4 Indoor/Outdoor/Urban PNX 1.53 UV2.0 (11 à 16mm) Blanc/Sensity 2/Sensity Fast,ORG Blanc / PHO,1.53,Fournisseur : HOYA Visio ...,LS_XI ou LS_XO ou LS_XU,https://www.france-optique.com/gravures/fournisseur=130,2025-06-13 13:26:39.966666
329,LifeStyle 4 Indoor/Outdoor/Urban Organique 1.50 UV2.0 (11 à 16mm) Blanc,ORG Blanc,1.5,Fournisseur : HOYA Visio ...,LS_1I ou LS_1O ou LS_1U,https://www.france-optique.com/gravures/fournisseur=130,2025-06-13 13:26:39.990000
330,LifeStyle 4 Indoor/Outdoor/Urban 1.50 Advanced Lights Protection (11 à 16mm) Blanc,ORG Blanc,1.5,Fournisseur : HOYA Visio ...,LS_1LI ou LS_1LO ou LS_1LU,https://www.france-optique.com/gravures/fournisseur=130,2025-06-13 13:26:40.003333
331,LifeStyle 4 Indoor/Outdoor/Urban Organique 1.50 (11 à 16mm) Blanc/Sensity 2/Sensity Dark/Sensity Fast,ORG Blanc / PHO,1.5,Fournisseur : HOYA Visio ...,LS_1I ou LS_1O ou LS_1U,https://www.france-optique.com/gravures/fournisseur=130,2025-06-13 13:26:40.016666
332,LifeStyle 4 Close/Active/Allround 1.50 (11 à 16mm) Polarisant,ORG POLA,1.5,Fournisseur : HOYA Visio ...,LS_1I ou LS_1O ou LS_1U,https://www.france-optique.com/gravures/fournisseur=130,2025-06-13 13:26:40.026666
333,Lifestyle 3 Indoor/Outdoor/Urban Eynoa 1.67 UV2.0 (11 à 14mm) Blanc/Sensity 2/Sensity Dark,ORG Blanc / PHO,1.67,Fournisseur : HOYA Visio ...,L_5I ou L_5O ou L_5U,https://www.france-optique.com/gravures/fournisseur=130,2025-06-13 13:26:40.040000
334,Lifestyle 3 Indoor/Outdoor/Urban 1.60 Advanced Lights Protection (11 à 14mm) Blanc,ORG Blanc,1.6,Fournisseur : HOYA Visio ...,L_3LI ou L_3LO ou L_3LU,https://www.france-optique.com/gravures/fournisseur=130,2025-06-13 13:26:40.050000
335,Lifestyle 3 Indoor/Outdoor/Urban 1.50 Advanced Lights Protection (11 à 14mm) Blanc,ORG Blanc,1.5,Fournisseur : HOYA Visio ...,L_1LI ou L_1LO ou L_1LU,https://www.france-optique.com/gravures/fournisseur=130,2025-06-13 13:26:40.063333
336,WorkStyle 3 Close/Screen/space (18 à 24mm) Eynoa 1.67 Advanced Lights Protection Blanc,ORG blanc,1.67,Fournisseur : HOYA Visio ...,WS35L,https://www.france-optique.com/gravures/fournisseur=130,2025-06-13 13:26:40.076666
337,WorkStyle 3 Close/Screen/space (18 à 24mm) Eyas 1.60 Advanced Lights Protection Blanc,ORG Blanc,1.6,Fournisseur : HOYA Visio ...,WS33L,https://www.france-optique.com/gravures/fournisseur=130,2025-06-13 13:26:40.086666
338,WorkStyle 3 Close/Screen/space (18 à 24mm) 1.50 Advanced Lights Protection Blanc,ORG blanc,1.5,Fournisseur : HOYA Visio ...,WS31L,https://www.france-optique.com/gravures/fournisseur=130,2025-06-13 13:26:40.100000
339,WorkSmart Room 200 Eynoa 1.67 Advanced Lights Protection Blanc,ORG Blanc,1.67,Fournisseur : HOYA Visio ...,DT5L,https://www.france-optique.com/gravures/fournisseur=130,2025-06-13 13:26:40.113333
340,WorkSmart Room 200 Eyas 1.60 Advanced Lights Protection Blanc,ORG Blanc,1.6,Fournisseur : HOYA Visio ...,DT3L,https://www.france-optique.com/gravures/fournisseur=130,2025-06-13 13:26:40.126666
341,WorkSmart Room 200 1.50 Advanced Lights Protection Blanc,ORG Blanc,1.5,Fournisseur : HOYA Visio ...,DT1L,https://www.france-optique.com/gravures/fournisseur=130,2025-06-13 13:26:40.136666
342,WorkSmart Room 400 Eynoa 1.67 Advanced Lights Protection Blanc,ORG Blanc,1.67,Fournisseur : HOYA Visio ...,DT5L,https://www.france-optique.com/gravures/fournisseur=130,2025-06-13 13:26:40.150000
343,WorkSmart Room 400 Eyas 1.60 Advanced Lights Protection Blanc,ORG Blanc,1.6,Fournisseur : HOYA Visio ...,DT3L,https://www.france-optique.com/gravures/fournisseur=130,2025-06-13 13:26:40.166666
344,WorkSmart Room 400 1.50 Advanced Lights Protection Blanc,ORG Blanc,1.5,Fournisseur : HOYA Visio ...,DT1L,https://www.france-optique.com/gravures/fournisseur=130,2025-06-13 13:26:40.180000
345,SupeReader A Eynoa 1.67 Advanced Lights Protection Blanc,ORG Blanc,1.67,Fournisseur : HOYA Visio ...,DL5L,https://www.france-optique.com/gravures/fournisseur=130,2025-06-13 13:26:40.190000
346,SupeReader A Eyas 1.60 Advanced Lights Protection Blanc,ORG Blanc,1.6,Fournisseur : HOYA Visio ...,DL3L,https://www.france-optique.com/gravures/fournisseur=130,2025-06-13 13:26:40.203333
347,SupeReader A 1.50 Advanced Lights Protection Blanc,ORG Blanc,1.5,Fournisseur : HOYA Visio ...,DL1L,https://www.france-optique.com/gravures/fournisseur=130,2025-06-13 13:26:40.216666
348,SupeReader B Eynoa 1.67 Advanced Lights Protection Blanc,ORG Blanc,1.67,Fournisseur : HOYA Visio ...,DL5L,https://www.france-optique.com/gravures/fournisseur=130,2025-06-13 13:26:40.230000
349,SupeReader B Eyas 1.60 Advanced Lights Protection Blanc,ORG Blanc,1.6,Fournisseur : HOYA Visio ...,DL3L,https://www.france-optique.com/gravures/fournisseur=130,2025-06-13 13:26:40.240000
350,Intuitiv Plus Mio Trivex,Trivex,1.53,Produits optiques : BBGR OPTIQUE,https://si.france-optique.com/img/gravures/nasal/web_439-nas-bbgr-02.tif.jpg,https://www.france-optique.com/fournisseur/1344-bbgr-optique/gravures,2025-06-13 13:26:40.253333
351,Intuitiv Plus Mio Tilium,Polycarbonate,1.59,Produits optiques : BBGR OPTIQUE,https://si.france-optique.com/img/gravures/nasal/web_440-nas-bbgr-03.tif.jpg,https://www.france-optique.com/fournisseur/1344-bbgr-optique/gravures,2025-06-13 13:26:40.266666
352,Intuitiv Plus Mio OR16,Organique,1.6,Produits optiques : BBGR OPTIQUE,https://si.france-optique.com/img/gravures/nasal/web_441-nas-bbgr-04.tif.jpg,https://www.france-optique.com/fournisseur/1344-bbgr-optique/gravures,2025-06-13 13:26:40.276666
353,Intuitiv Plus Mio OR167,Organique,1.67,Produits optiques : BBGR OPTIQUE,https://si.france-optique.com/img/gravures/nasal/web_443-nas-bbgr-06.tif.jpg,https://www.france-optique.com/fournisseur/1344-bbgr-optique/gravures,2025-06-13 13:26:40.290000
354,Intuitiv Plus Mio OR174,Organique,1.74,Produits optiques : BBGR OPTIQUE,https://si.france-optique.com/img/gravures/nasal/web_445-nas-bbgr-08.tif.jpg,https://www.france-optique.com/fournisseur/1344-bbgr-optique/gravures,2025-06-13 13:26:40.300000
355,Intuitiv Plus OR15,Organique,1.5,Produits optiques : BBGR OPTIQUE,https://si.france-optique.com/img/gravures/nasal/web_1097-nas-bbgr-165.tif.jpg,https://www.france-optique.com/fournisseur/1344-bbgr-optique/gravures,2025-06-13 13:26:40.310000
356,Intuitiv Plus Trivex,Trivex,1.53,Produits optiques : BBGR OPTIQUE,https://si.france-optique.com/img/gravures/nasal/web_1130-nas-bbgr-194.tif.jpg,https://www.france-optique.com/fournisseur/1344-bbgr-optique/gravures,2025-06-13 13:26:40.323333
357,Intuitiv Plus Tilium,Polycarbonate,1.59,Produits optiques : BBGR OPTIQUE,https://si.france-optique.com/img/gravures/nasal/web_1129-nas-bbgr-195.tif.jpg,https://www.france-optique.com/fournisseur/1344-bbgr-optique/gravures,2025-06-13 13:26:40.336666
358,Intuitiv Plus OR16,Organique,1.6,Produits optiques : BBGR OPTIQUE,https://si.france-optique.com/img/gravures/nasal/web_1127-nas-bbgr-164.tif.jpg,https://www.france-optique.com/fournisseur/1344-bbgr-optique/gravures,2025-06-13 13:26:40.346666
359,Intuitiv Plus OR167,Organique,1.67,Produits optiques : BBGR OPTIQUE,https://si.france-optique.com/img/gravures/nasal/web_1098-nas-bbgr-166.tif.jpg,https://www.france-optique.com/fournisseur/1344-bbgr-optique/gravures,2025-06-13 13:26:40.360000
360,Intuitiv Plus OR174,Organique,1.74,Produits optiques : BBGR OPTIQUE,https://si.france-optique.com/img/gravures/nasal/web_1099-nas-bbgr-167.tif.jpg,https://www.france-optique.com/fournisseur/1344-bbgr-optique/gravures,2025-06-13 13:26:40.370000
361,Anateo Plus Mio OR15,Organique,1.5,Produits optiques : BBGR OPTIQUE,https://si.france-optique.com/img/gravures/nasal/web_454-nas-bbgr-17.tif.jpg,https://www.france-optique.com/fournisseur/1344-bbgr-optique/gravures,2025-06-13 13:26:40.383333
362,Anateo Plus Mio Trivex,Trivex,1.53,Produits optiques : BBGR OPTIQUE,https://si.france-optique.com/img/gravures/nasal/web_455-nas-bbgr-18.tif.jpg,https://www.france-optique.com/fournisseur/1344-bbgr-optique/gravures,2025-06-13 13:26:40.396666
363,Anateo Plus Mio Tilium,Polycarbonate,1.59,Produits optiques : BBGR OPTIQUE,https://si.france-optique.com/img/gravures/nasal/web_456-nas-bbgr-19.tif.jpg,https://www.france-optique.com/fournisseur/1344-bbgr-optique/gravures,2025-06-13 13:26:40.410000
364,Anateo Plus Mio OR16,Organique,1.6,Produits optiques : BBGR OPTIQUE,https://si.france-optique.com/img/gravures/nasal/web_457-nas-bbgr-20.tif.jpg,https://www.france-optique.com/fournisseur/1344-bbgr-optique/gravures,2025-06-13 13:26:40.420000
365,Anateo Plus Mio OR167,Organique,1.67,Produits optiques : BBGR OPTIQUE,https://si.france-optique.com/img/gravures/nasal/web_459-nas-bbgr-22.tif.jpg,https://www.france-optique.com/fournisseur/1344-bbgr-optique/gravures,2025-06-13 13:26:40.430000
366,Anateo Plus Mio OR174,Organique,1.74,Produits optiques : BBGR OPTIQUE,https://si.france-optique.com/img/gravures/nasal/web_460-nas-bbgr-23.tif.jpg,https://www.france-optique.com/fournisseur/1344-bbgr-optique/gravures,2025-06-13 13:26:40.443333
367,Anateo Plus OR15,Organique,1.5,Produits optiques : BBGR OPTIQUE,https://si.france-optique.com/img/gravures/nasal/web_1109-nas-bbgr-177.tif.jpg,https://www.france-optique.com/fournisseur/1344-bbgr-optique/gravures,2025-06-13 13:26:40.456666
368,Anateo Plus Trivex,Trivex,1.53,Produits optiques : BBGR OPTIQUE,https://si.france-optique.com/img/gravures/nasal/web_1110-nas-bbgr-178.tif.jpg,https://www.france-optique.com/fournisseur/1344-bbgr-optique/gravures,2025-06-13 13:26:40.470000
369,Anateo Plus Tilium,Polycarbonate,1.59,Produits optiques : BBGR OPTIQUE,https://si.france-optique.com/img/gravures/nasal/web_1111-nas-bbgr-179.tif.jpg,https://www.france-optique.com/fournisseur/1344-bbgr-optique/gravures,2025-06-13 13:26:40.480000
370,Anateo Plus OR16,Organique,1.6,Produits optiques : BBGR OPTIQUE,https://si.france-optique.com/img/gravures/nasal/web_1112-nas-bbgr-180.tif.jpg,https://www.france-optique.com/fournisseur/1344-bbgr-optique/gravures,2025-06-13 13:26:40.493333
371,Anateo Plus OR167,Organique,1.67,Produits optiques : BBGR OPTIQUE,https://si.france-optique.com/img/gravures/nasal/web_1114-nas-bbgr-182.tif.jpg,https://www.france-optique.com/fournisseur/1344-bbgr-optique/gravures,2025-06-13 13:26:40.506666
372,Anateo Plus OR174,Organique,1.74,Produits optiques : BBGR OPTIQUE,https://si.france-optique.com/img/gravures/nasal/web_1116-nas-bbgr-184.tif.jpg,https://www.france-optique.com/fournisseur/1344-bbgr-optique/gravures,2025-06-13 13:26:40.516666
373,Anateo Plus Mini OR15,Organique,1.5,Produits optiques : BBGR OPTIQUE,https://si.france-optique.com/img/gravures/nasal/web_1121-nas-bbgr-189.tif.jpg,https://www.france-optique.com/fournisseur/1344-bbgr-optique/gravures,2025-06-13 13:26:40.530000
374,Anateo Plus Mini Trivex,Trivex,1.53,Produits optiques : BBGR OPTIQUE,https://si.france-optique.com/img/gravures/nasal/web_1120-nas-bbgr-188.tif.jpg,https://www.france-optique.com/fournisseur/1344-bbgr-optique/gravures,2025-06-13 13:26:40.540000
375,Anateo Plus Mini Tilium,Polycarbonate,1.59,Produits optiques : BBGR OPTIQUE,https://si.france-optique.com/img/gravures/nasal/web_1119-nas-bbgr-187.tif.jpg,https://www.france-optique.com/fournisseur/1344-bbgr-optique/gravures,2025-06-13 13:26:40.553333
376,Anateo Plus Mini OR16,Organique,1.6,Produits optiques : BBGR OPTIQUE,https://si.france-optique.com/img/gravures/nasal/web_1118-nas-bbgr-186.tif.jpg,https://www.france-optique.com/fournisseur/1344-bbgr-optique/gravures,2025-06-13 13:26:40.566666
377,Anateo Plus Mini OR167,Organique,1.67,Produits optiques : BBGR OPTIQUE,https://si.france-optique.com/img/gravures/nasal/web_1123-nas-bbgr-191.tif.jpg,https://www.france-optique.com/fournisseur/1344-bbgr-optique/gravures,2025-06-13 13:26:40.580000
378,Impression® 2 Minéral 1.6,MIN,1.6,RODENSTOCK,40 60 / VLP*,https://www.france-optique.com/gravures/fournisseur=2069,2025-06-13 13:26:40.590000
379,Anateo Plus Mini OR174,Organique,1.74,Produits optiques : BBGR OPTIQUE,https://si.france-optique.com/img/gravures/nasal/web_1125-nas-bbgr-193.tif.jpg,https://www.france-optique.com/fournisseur/1344-bbgr-optique/gravures,2025-06-13 13:26:40.600000
380,Sirus Plus Mio OR15,Organique,1.5,Produits optiques : BBGR OPTIQUE,https://si.france-optique.com/img/gravures/nasal/web_478-nas-bbgr-41.tif.jpg,https://www.france-optique.com/fournisseur/1344-bbgr-optique/gravures,2025-06-13 13:26:40.613333
381,Sirus Plus Mio Trivex,Trivex,1.53,Produits optiques : BBGR OPTIQUE,https://si.france-optique.com/img/gravures/nasal/web_479-nas-bbgr-42.tif.jpg,https://www.france-optique.com/fournisseur/1344-bbgr-optique/gravures,2025-06-13 13:26:40.626666
382,Sirus Plus Mio Tilium,Polycarbonate,1.59,Produits optiques : BBGR OPTIQUE,https://si.france-optique.com/img/gravures/nasal/web_480-nas-bbgr-43.tif.jpg,https://www.france-optique.com/fournisseur/1344-bbgr-optique/gravures,2025-06-13 13:26:40.640000
383,Sirus Plus Mio OR16,Organique,1.6,Produits optiques : BBGR OPTIQUE,https://si.france-optique.com/img/gravures/nasal/web_492-nas-bbgr-55.tif.jpg,https://www.france-optique.com/fournisseur/1344-bbgr-optique/gravures,2025-06-13 13:26:40.650000
384,Sirus Plus Mio OR167,Organique,1.67,Produits optiques : BBGR OPTIQUE,https://si.france-optique.com/img/gravures/nasal/web_482-nas-bbgr-45.tif.jpg,https://www.france-optique.com/fournisseur/1344-bbgr-optique/gravures,2025-06-13 13:26:40.660000
385,Sirus Plus Mio OR174,Organique,1.74,Produits optiques : BBGR OPTIQUE,https://si.france-optique.com/img/gravures/nasal/web_484-nas-bbgr-47.tif.jpg,https://www.france-optique.com/fournisseur/1344-bbgr-optique/gravures,2025-06-13 13:26:40.673333
386,Sirus Plus OR15,Organique,1.5,Produits optiques : BBGR OPTIQUE,https://si.france-optique.com/img/gravures/nasal/web_485-nas-bbgr-48.tif.jpg,https://www.france-optique.com/fournisseur/1344-bbgr-optique/gravures,2025-06-13 13:26:40.686666
387,Sirus Plus Trivex,Trivex,1.53,Produits optiques : BBGR OPTIQUE,https://si.france-optique.com/img/gravures/nasal/web_486-nas-bbgr-49.tif.jpg,https://www.france-optique.com/fournisseur/1344-bbgr-optique/gravures,2025-06-13 13:26:40.696666
388,Sirus Plus Tilium,Polycarbonate,1.59,Produits optiques : BBGR OPTIQUE,https://si.france-optique.com/img/gravures/nasal/web_487-nas-bbgr-50.tif.jpg,https://www.france-optique.com/fournisseur/1344-bbgr-optique/gravures,2025-06-13 13:26:40.710000
389,Sirus Plus OR16,Organique,1.6,Produits optiques : BBGR OPTIQUE,https://si.france-optique.com/img/gravures/nasal/web_493-nas-bbgr-56.tif.jpg,https://www.france-optique.com/fournisseur/1344-bbgr-optique/gravures,2025-06-13 13:26:40.720000
390,Sirus Plus OR167,Organique,1.67,Produits optiques : BBGR OPTIQUE,https://si.france-optique.com/img/gravures/nasal/web_489-nas-bbgr-52.tif.jpg,https://www.france-optique.com/fournisseur/1344-bbgr-optique/gravures,2025-06-13 13:26:40.733333
391,Multigressiv MyView® 2 Minéral 1.6,MIN,1.6,RODENSTOCK,40 60,https://www.france-optique.com/gravures/fournisseur=2069,2025-06-13 13:26:40.746666
392,Progressiv SI Minéral 1.6,MIN,1.6,RODENSTOCK,46,https://www.france-optique.com/gravures/fournisseur=2069,2025-06-13 13:26:40.760000
393,Progressiv PureLife Minéral 1.8,MIN,1.8,RODENSTOCK,L 48,https://www.france-optique.com/gravures/fournisseur=2069,2025-06-13 13:26:40.770000
394,Progressiv PureLife Minéral 1.6,MIN,1.6,RODENSTOCK,L 46,https://www.france-optique.com/gravures/fournisseur=2069,2025-06-13 13:26:40.783333
395,Dynamic Org. 1.50,ORG,1.5,RODENSTOCK,65 50,https://www.france-optique.com/gravures/fournisseur=2069,2025-06-13 13:26:40.796666
396,Dynamic Org. 1.60,ORG,1.6,RODENSTOCK,65 60,https://www.france-optique.com/gravures/fournisseur=2069,2025-06-13 13:26:40.806666
397,Dynamic Org. 1.67,ORG,1.67,RODENSTOCK,65 67,https://www.france-optique.com/gravures/fournisseur=2069,2025-06-13 13:26:40.820000
398,Dynamic Org. 1.74,ORG,1.74,RODENSTOCK,65 74,https://www.france-optique.com/gravures/fournisseur=2069,2025-06-13 13:26:40.830000
399,Dynamic Min. 1.60,MIN,1.6,RODENSTOCK,65 60,https://www.france-optique.com/gravures/fournisseur=2069,2025-06-13 13:26:40.840000
400,Dynamic Min. 1.80,MIN,1.8,RODENSTOCK,65 80,https://www.france-optique.com/gravures/fournisseur=2069,2025-06-13 13:26:40.850000
401,Informance ELITE 1.67,ORG,1.67,RODENSTOCK,65 67,https://www.france-optique.com/gravures/fournisseur=2069,2025-06-13 13:26:40.866666
402,Informance ELITE 1.60,ORG,1.6,RODENSTOCK,65 60,https://www.france-optique.com/gravures/fournisseur=2069,2025-06-13 13:26:40.876666
403,Informance ELITE 1.50,ORG,1.5,RODENSTOCK,65 50,https://www.france-optique.com/gravures/fournisseur=2069,2025-06-13 13:26:40.886666
404,Informance HD Pro 1.67,ORG,1.67,RODENSTOCK,65 67,https://www.france-optique.com/gravures/fournisseur=2069,2025-06-13 13:26:40.900000
405,Informance HD Pro 1.60,ORG,1.6,RODENSTOCK,65 60,https://www.france-optique.com/gravures/fournisseur=2069,2025-06-13 13:26:40.910000
406,Informance HD Pro 1.50,ORG,1.5,RODENSTOCK,65 50,https://www.france-optique.com/gravures/fournisseur=2069,2025-06-13 13:26:40.920000
407,Informance ONE FREE 1.67,ORG,1.67,RODENSTOCK,65 67,https://www.france-optique.com/gravures/fournisseur=2069,2025-06-13 13:26:40.930000
408,Informance ONE FREE 1.60,ORG,1.6,RODENSTOCK,65 60,https://www.france-optique.com/gravures/fournisseur=2069,2025-06-13 13:26:40.943333
409,Informance ONE FREE 1.50,ORG,1.5,RODENSTOCK,65 50,https://www.france-optique.com/gravures/fournisseur=2069,2025-06-13 13:26:40.953333
410,Informance HD 1.67,ORG,1.67,RODENSTOCK,65 67,https://www.france-optique.com/gravures/fournisseur=2069,2025-06-13 13:26:40.966666
411,Informance HD 1.60,ORG,1.6,RODENSTOCK,65 60,https://www.france-optique.com/gravures/fournisseur=2069,2025-06-13 13:26:40.980000
412,Informance HD 1.50,ORG,1.5,RODENSTOCK,65 50,https://www.france-optique.com/gravures/fournisseur=2069,2025-06-13 13:26:40.990000
413,Informance 1.67,ORG,1.67,RODENSTOCK,65 67,https://www.france-optique.com/gravures/fournisseur=2069,2025-06-13 13:26:41.006666
414,Informance 1.60,ORG,1.6,RODENSTOCK,65 60,https://www.france-optique.com/gravures/fournisseur=2069,2025-06-13 13:26:41.020000
415,Informance 1.50,ORG,1.5,RODENSTOCK,65 50,https://www.france-optique.com/gravures/fournisseur=2069,2025-06-13 13:26:41.030000
416,Pratic (A/B),ORG,1.5,RODENSTOCK,40 5,https://www.france-optique.com/gravures/fournisseur=2069,2025-06-13 13:26:41.043333
417,Informance ONE INFINITE 1.74,ORG,1.74,RODENSTOCK,45 74,https://www.france-optique.com/gravures/fournisseur=2069,2025-06-13 13:26:41.056666
418,Informance ONE INFINITE 1.67,ORG,1.67,RODENSTOCK,45 67,https://www.france-optique.com/gravures/fournisseur=2069,2025-06-13 13:26:41.066666
419,Informance ONE INFINITE 1.60,ORG,1.6,RODENSTOCK,45 60,https://www.france-optique.com/gravures/fournisseur=2069,2025-06-13 13:26:41.080000
420,Informance ONE INFINITE 1.50,ORG,1.5,RODENSTOCK,45 50,https://www.france-optique.com/gravures/fournisseur=2069,2025-06-13 13:26:41.090000
421,Informance INFINITE 1.74,ORG,1.74,RODENSTOCK,65 74,https://www.france-optique.com/gravures/fournisseur=2069,2025-06-13 13:26:41.100000
422,Informance INFINITE 1.67,ORG,1.67,RODENSTOCK,65 67,https://www.france-optique.com/gravures/fournisseur=2069,2025-06-13 13:26:41.113333
423,Informance INFINITE 1.60,ORG,1.6,RODENSTOCK,65 60,https://www.france-optique.com/gravures/fournisseur=2069,2025-06-13 13:26:41.123333
424,Informance INFINITE 1.50,ORG,1.5,RODENSTOCK,65 50,https://www.france-optique.com/gravures/fournisseur=2069,2025-06-13 13:26:41.136666
425,Impression B.I.G. NORM Ergo 1.5 PC / Book / Room,ORG,1.5,RODENSTOCK,65 50,https://www.france-optique.com/gravures/fournisseur=2069,2025-06-13 13:26:41.150000
426,Impression B.I.G. NORM Ergo 1.6 PC / Book / Room,ORG,1.6,RODENSTOCK,65 60,https://www.france-optique.com/gravures/fournisseur=2069,2025-06-13 13:26:41.160000
427,Impression B.I.G. NORM Ergo 1.67 PC / Book / Room,ORG,1.67,RODENSTOCK,65 67,https://www.france-optique.com/gravures/fournisseur=2069,2025-06-13 13:26:41.173333
428,Impression B.I.G. NORM Ergo 1.74 PC / Book / Room,ORG,1.74,RODENSTOCK,65 74,https://www.france-optique.com/gravures/fournisseur=2069,2025-06-13 13:26:41.186666
429,Impression B.I.G. EXACT Ergo 1.5 PC / Book / Room,ORG,1.5,RODENSTOCK,65 50,https://www.france-optique.com/gravures/fournisseur=2069,2025-06-13 13:26:41.200000
430,Impression B.I.G. EXACT Ergo 1.6 PC / Book / Room,ORG,1.6,RODENSTOCK,65 60,https://www.france-optique.com/gravures/fournisseur=2069,2025-06-13 13:26:41.213333
431,Impression B.I.G. EXACT Ergo 1.67 PC / Book / Room,ORG,1.67,RODENSTOCK,65 67,https://www.france-optique.com/gravures/fournisseur=2069,2025-06-13 13:26:41.226666
432,Impression B.I.G. EXACT Ergo 1.74 PC / Book / Room,ORG,1.74,RODENSTOCK,65 74,https://www.france-optique.com/gravures/fournisseur=2069,2025-06-13 13:26:41.236666
433,Multigressiv B.I.G. NORM Ergo 1.5 PC / Book / Room,ORG,1.5,RODENSTOCK,65 50,https://www.france-optique.com/gravures/fournisseur=2069,2025-06-13 13:26:41.250000
434,Multigressiv B.I.G. NORM Ergo 1.6 PC / Book / Room,ORG,1.6,RODENSTOCK,65 60,https://www.france-optique.com/gravures/fournisseur=2069,2025-06-13 13:26:41.260000
435,Multigressiv B.I.G. NORM Ergo 1.67 PC / Book / Room,ORG,1.67,RODENSTOCK,65 67,https://www.france-optique.com/gravures/fournisseur=2069,2025-06-13 13:26:41.273333
436,Multigressiv B.I.G. NORM Ergo 1.74 PC / Book / Room,ORG,1.74,RODENSTOCK,65 74,https://www.france-optique.com/gravures/fournisseur=2069,2025-06-13 13:26:41.286666
437,Multigressiv B.I.G. EXACT Ergo 1.5 PC / Book / Room,ORG,1.5,RODENSTOCK,65 50,https://www.france-optique.com/gravures/fournisseur=2069,2025-06-13 13:26:41.296666
438,Multigressiv B.I.G. EXACT Ergo 1.6 PC / Book / Room,ORG,1.6,RODENSTOCK,65 60,https://www.france-optique.com/gravures/fournisseur=2069,2025-06-13 13:26:41.310000
439,"Premier 1,5",CR 39,1.5,Gravures de verres de ADN OPTIS,PRE5,https://www.france-optique.com/fournisseur/2399-adn-optis,2025-06-13 13:26:41.323333
440,"Premier 1,6",MR8,1.61,Gravures de verres de ADN OPTIS,PRE6,https://www.france-optique.com/fournisseur/2399-adn-optis,2025-06-13 13:26:41.333333
441,"Classic 1,5",CR 39,1.5,Gravures de verres de ADN OPTIS,CLA5,https://www.france-optique.com/fournisseur/2399-adn-optis,2025-06-13 13:26:41.343333
442,"Classic 1,6",MR8,1.61,Gravures de verres de ADN OPTIS,CLA6,https://www.france-optique.com/fournisseur/2399-adn-optis,2025-06-13 13:26:41.356666
443,"Classic 1,67",MR10,1.67,Gravures de verres de ADN OPTIS,CLA7,https://www.france-optique.com/fournisseur/2399-adn-optis,2025-06-13 13:26:41.370000
444,"Morpho 1,5",CR39,1.5,Gravures de verres de ADN OPTIS,MPH6,https://www.france-optique.com/fournisseur/2399-adn-optis,2025-06-13 13:26:41.380000
445,SupeReader B 1.50 Advanced Lights Protection Blanc,ORG Blanc,1.5,Fournisseur : HOYA Visio ...,DL1L,https://www.france-optique.com/gravures/fournisseur=130,2025-06-13 13:26:41.393333
446,K Repos 1.5,ORG,1.5,K OPTICAL,KR 1.50,https://www.france-optique.com/gravures/fournisseur=2217,2025-06-13 13:26:41.406666
447,Varilux Comfort Max Short Eye Protect System Ormix,ORG,1.6,Fournisseur : ESSILOR FR ...,https://si.france-optique.com/img/gravures/nasal/web_1542-variluxcomfort6.tif.jpg,https://www.france-optique.com/gravures/fournisseur=521,2025-06-13 13:26:41.420000
448,Sirus Plus OR174,Organique,1.74,Produits optiques : BBGR OPTIQUE,https://si.france-optique.com/img/gravures/nasal/web_491-nas-bbgr-54.tif.jpg,https://www.france-optique.com/fournisseur/1344-bbgr-optique/gravures,2025-06-13 13:26:41.430000
449,Sirus Plus Mini OR15,Organique,1.5,Produits optiques : BBGR OPTIQUE,https://si.france-optique.com/img/gravures/nasal/web_1132-nas-bbgr-198.tif.jpg,https://www.france-optique.com/fournisseur/1344-bbgr-optique/gravures,2025-06-13 13:26:41.443333
450,Sirus Plus Mini Trivex,Trivex,1.53,Produits optiques : BBGR OPTIQUE,https://si.france-optique.com/img/gravures/nasal/web_1133-nas-bbgr-199.tif.jpg,https://www.france-optique.com/fournisseur/1344-bbgr-optique/gravures,2025-06-13 13:26:41.453333
451,Sirus Plus Mini Tilium,Polycarbonate,1.59,Produits optiques : BBGR OPTIQUE,https://si.france-optique.com/img/gravures/nasal/web_1134-nas-bbgr-200.tif.jpg,https://www.france-optique.com/fournisseur/1344-bbgr-optique/gravures,2025-06-13 13:26:41.470000
452,Sirus Plus Mini OR16,Organique,1.6,Produits optiques : BBGR OPTIQUE,https://si.france-optique.com/img/gravures/nasal/web_1135-nas-bbgr-201.tif.jpg,https://www.france-optique.com/fournisseur/1344-bbgr-optique/gravures,2025-06-13 13:26:41.480000
453,Sirus Plus Mini OR167,Organique,1.67,Produits optiques : BBGR OPTIQUE,https://si.france-optique.com/img/gravures/nasal/web_1138-nas-bbgr-204.tif.jpg,https://www.france-optique.com/fournisseur/1344-bbgr-optique/gravures,2025-06-13 13:26:41.493333
454,Sirus Plus Mini OR174,Organique,1.74,Produits optiques : BBGR OPTIQUE,https://si.france-optique.com/img/gravures/nasal/web_1139-nas-bbgr-205.tif.jpg,https://www.france-optique.com/fournisseur/1344-bbgr-optique/gravures,2025-06-13 13:26:41.503333
455,Yseo i OR 15,Organique,1.5,Produits optiques : BBGR OPTIQUE,https://si.france-optique.com/img/gravures/nasal/web_494-nas-bbgr-65.tif.jpg,https://www.france-optique.com/fournisseur/1344-bbgr-optique/gravures,2025-06-13 13:26:41.516666
456,Yseo i Trivex,Trivex,1.53,Produits optiques : BBGR OPTIQUE,https://si.france-optique.com/img/gravures/nasal/web_495-nas-bbgr-66.tif.jpg,https://www.france-optique.com/fournisseur/1344-bbgr-optique/gravures,2025-06-13 13:26:41.530000
457,Yseo i Tilium,Polycarbonate,1.59,Produits optiques : BBGR OPTIQUE,https://si.france-optique.com/img/gravures/nasal/web_496-nas-bbgr-67.tif.jpg,https://www.france-optique.com/fournisseur/1344-bbgr-optique/gravures,2025-06-13 13:26:41.540000
458,Yseo i OR16,Organique,1.6,Produits optiques : BBGR OPTIQUE,https://si.france-optique.com/img/gravures/nasal/web_497-nas-bbgr-68.tif.jpg,https://www.france-optique.com/fournisseur/1344-bbgr-optique/gravures,2025-06-13 13:26:41.553333
459,Yseo i OR167,Organique,1.67,Produits optiques : BBGR OPTIQUE,https://si.france-optique.com/img/gravures/nasal/web_498-nas-bbgr-69.tif.jpg,https://www.france-optique.com/fournisseur/1344-bbgr-optique/gravures,2025-06-13 13:26:41.563333
460,Yseo 18/16/14 OR15,Organique,1.5,Produits optiques : BBGR OPTIQUE,https://si.france-optique.com/img/gravures/nasal/web_494-nas-bbgr-65.tif.jpg,https://www.france-optique.com/fournisseur/1344-bbgr-optique/gravures,2025-06-13 13:26:41.576666
461,Yseo 18/16/14 Trivex,Trivex,1.53,Produits optiques : BBGR OPTIQUE,https://si.france-optique.com/img/gravures/nasal/web_495-nas-bbgr-66.tif.jpg,https://www.france-optique.com/fournisseur/1344-bbgr-optique/gravures,2025-06-13 13:26:41.590000
462,Multigressiv B.I.G. EXACT Ergo 1.67 PC / Book / Room,ORG,1.67,RODENSTOCK,65 67,https://www.france-optique.com/gravures/fournisseur=2069,2025-06-13 13:26:41.603333
463,Multigressiv B.I.G. EXACT Ergo 1.74 PC / Book / Room,ORG,1.74,RODENSTOCK,65 74,https://www.france-optique.com/gravures/fournisseur=2069,2025-06-13 13:26:41.613333
464,Progressiv B.I.G. NORM Ergo 1.5 PC / Book / Room,ORG,1.5,RODENSTOCK,65 50,https://www.france-optique.com/gravures/fournisseur=2069,2025-06-13 13:26:41.626666
465,Progressiv B.I.G. NORM Ergo 1.6 PC / Book / Room,ORG,1.6,RODENSTOCK,16 à 22,https://www.france-optique.com/gravures/fournisseur=2069,2025-06-13 13:26:41.640000
466,Progressiv B.I.G. NORM Ergo 1.67 PC / Book / Room,ORG,1.67,RODENSTOCK,65 67,https://www.france-optique.com/gravures/fournisseur=2069,2025-06-13 13:26:41.653333
467,Progressiv B.I.G. NORM Ergo 1.74 PC / Book / Room,ORG,1.74,RODENSTOCK,65 74,https://www.france-optique.com/gravures/fournisseur=2069,2025-06-13 13:26:41.663333
468,Progressiv B.I.G. EXACT Ergo 1.5 PC / Book / Room,ORG,1.5,RODENSTOCK,65 50,https://www.france-optique.com/gravures/fournisseur=2069,2025-06-13 13:26:41.676666
469,Progressiv B.I.G. EXACT Ergo 1.6 PC / Book / Room,ORG,1.6,RODENSTOCK,65 60,https://www.france-optique.com/gravures/fournisseur=2069,2025-06-13 13:26:41.686666
470,Progressiv B.I.G. EXACT Ergo 1.67 PC / Book / Room,ORG,1.67,RODENSTOCK,65 67,https://www.france-optique.com/gravures/fournisseur=2069,2025-06-13 13:26:41.700000
471,Progressiv B.I.G. EXACT Ergo 1.74 PC / Book / Room,ORG,1.74,RODENSTOCK,65 74,https://www.france-optique.com/gravures/fournisseur=2069,2025-06-13 13:26:41.713333
472,Impression B.I.G. NORM 1.5,ORG,1.5,RODENSTOCK,65 50,https://www.france-optique.com/gravures/fournisseur=2069,2025-06-13 13:26:41.726666
473,Impression B.I.G. NORM 1.54 ColorMatic 3,ORG PHO brun/gris,1.54,RODENSTOCK,65 54,https://www.france-optique.com/gravures/fournisseur=2069,2025-06-13 13:26:41.740000
474,Impression B.I.G. NORM 1.6,ORG,1.6,RODENSTOCK,65 60,https://www.france-optique.com/gravures/fournisseur=2069,2025-06-13 13:26:41.750000
475,Impression B.I.G. NORM 1.67,ORG,1.67,RODENSTOCK,65 67,https://www.france-optique.com/gravures/fournisseur=2069,2025-06-13 13:26:41.763333
476,Impression B.I.G. NORM 1.74,ORG,1.74,RODENSTOCK,65 74,https://www.france-optique.com/gravures/fournisseur=2069,2025-06-13 13:26:41.776666
477,Impression B.I.G. NORM Sport 1.5,ORG,1.5,RODENSTOCK,65 50,https://www.france-optique.com/gravures/fournisseur=2069,2025-06-13 13:26:41.786666
478,Impression B.I.G. NORM Sport 1.6,ORG,1.6,RODENSTOCK,65 60,https://www.france-optique.com/gravures/fournisseur=2069,2025-06-13 13:26:41.800000
479,Impression B.I.G. NORM Sport 1.67,ORG,1.67,RODENSTOCK,65 67,https://www.france-optique.com/gravures/fournisseur=2069,2025-06-13 13:26:41.810000
480,Impression B.I.G. EXACT 1.5,ORG,1.5,RODENSTOCK,65 50,https://www.france-optique.com/gravures/fournisseur=2069,2025-06-13 13:26:41.823333
481,Impression B.I.G. EXACT 1.54 ColorMatic 3,ORG PHO brun/gris,1.54,RODENSTOCK,65 54,https://www.france-optique.com/gravures/fournisseur=2069,2025-06-13 13:26:41.836666
482,Impression B.I.G. EXACT 1.6,ORG,1.6,RODENSTOCK,65 60,https://www.france-optique.com/gravures/fournisseur=2069,2025-06-13 13:26:41.846666
483,Impression B.I.G. EXACT 1.67,ORG,1.67,RODENSTOCK,65 67,https://www.france-optique.com/gravures/fournisseur=2069,2025-06-13 13:26:41.860000
484,Impression B.I.G. EXACT 1.74,ORG,1.74,RODENSTOCK,65 74,https://www.france-optique.com/gravures/fournisseur=2069,2025-06-13 13:26:41.870000
485,Multigressiv B.I.G. NORM 1.5,ORG,1.5,RODENSTOCK,65 50,https://www.france-optique.com/gravures/fournisseur=2069,2025-06-13 13:26:41.883333
486,Multigressiv B.I.G. NORM 1.54 ColorMatic 3,ORG PHO brun/gris,1.54,RODENSTOCK,65 54,https://www.france-optique.com/gravures/fournisseur=2069,2025-06-13 13:26:41.896666
487,Multigressiv B.I.G. NORM 1.6,ORG,1.6,RODENSTOCK,65 60,https://www.france-optique.com/gravures/fournisseur=2069,2025-06-13 13:26:41.906666
488,Multigressiv B.I.G. NORM 1.67,ORG,1.67,RODENSTOCK,65 67,https://www.france-optique.com/gravures/fournisseur=2069,2025-06-13 13:26:41.920000
489,Multigressiv B.I.G. NORM 1.74,ORG,1.74,RODENSTOCK,65 74,https://www.france-optique.com/gravures/fournisseur=2069,2025-06-13 13:26:41.930000
490,Multigressiv B.I.G. EXACT 1.5,ORG,1.5,RODENSTOCK,65 50,https://www.france-optique.com/gravures/fournisseur=2069,2025-06-13 13:26:41.940000
491,Multigressiv B.I.G. EXACT 1.54 ColorMatic 3,ORG PHO brun/gris,1.54,RODENSTOCK,65 54,https://www.france-optique.com/gravures/fournisseur=2069,2025-06-13 13:26:41.953333
492,Multigressiv B.I.G. EXACT 1.6,ORG,1.6,RODENSTOCK,65 60,https://www.france-optique.com/gravures/fournisseur=2069,2025-06-13 13:26:41.963333
493,Multigressiv B.I.G. EXACT 1.67,ORG,1.67,RODENSTOCK,65 67,https://www.france-optique.com/gravures/fournisseur=2069,2025-06-13 13:26:41.976666
494,Multigressiv B.I.G. EXACT 1.74,ORG,1.74,RODENSTOCK,65 74,https://www.france-optique.com/gravures/fournisseur=2069,2025-06-13 13:26:41.990000
495,Progressiv B.I.G. NORM 1.5,ORG,1.5,RODENSTOCK,65 50,https://www.france-optique.com/gravures/fournisseur=2069,2025-06-13 13:26:42.000000
496,Progressiv B.I.G. NORM 1.6,ORG,1.6,RODENSTOCK,65 60,https://www.france-optique.com/gravures/fournisseur=2069,2025-06-13 13:26:42.010000
497,Progressiv B.I.G. NORM 1.67,ORG,1.67,RODENSTOCK,65 67,https://www.france-optique.com/gravures/fournisseur=2069,2025-06-13 13:26:42.023333
498,Progressiv B.I.G. NORM 1.74,ORG,1.74,RODENSTOCK,65 74,https://www.france-optique.com/gravures/fournisseur=2069,2025-06-13 13:26:42.033333
499,Progressiv Life 1.5,ORG,1.5,RODENSTOCK,65 50,https://www.france-optique.com/gravures/fournisseur=2069,2025-06-13 13:26:42.046666
500,Progressiv Life 1.6,ORG,1.6,RODENSTOCK,65 60,https://www.france-optique.com/gravures/fournisseur=2069,2025-06-13 13:26:42.056666
501,Progressiv Life 1.67,ORG,1.67,RODENSTOCK,65 67,https://www.france-optique.com/gravures/fournisseur=2069,2025-06-13 13:26:42.076666
502,Progressiv Life 1.74,ORG,1.74,RODENSTOCK,65 74,https://www.france-optique.com/gravures/fournisseur=2069,2025-06-13 13:26:42.086666
503,Informance ELITE ColorMatic 3 1.54,ORG PHO brun/gris,1.54,RODENSTOCK,65 54,https://www.france-optique.com/gravures/fournisseur=2069,2025-06-13 13:26:42.103333
504,Informance HD Pro ColorMatic 3 1.54,ORG PHO brun/gris,1.54,RODENSTOCK,65 54,https://www.france-optique.com/gravures/fournisseur=2069,2025-06-13 13:26:42.116666
505,Informance HD ColorMatic 3 1.54,ORG PHO brun/gris,1.54,RODENSTOCK,65 54,https://www.france-optique.com/gravures/fournisseur=2069,2025-06-13 13:26:42.130000
506,Informance ColorMatic 3 1.54,ORG PHO brun/gris,1.54,RODENSTOCK,65 54,https://www.france-optique.com/gravures/fournisseur=2069,2025-06-13 13:26:42.143333
507,Impression B.I.G. NORM Mono 1.5,ORG,1.5,RODENSTOCK,65 50,https://www.france-optique.com/gravures/fournisseur=2069,2025-06-13 13:26:42.156666
508,Impression B.I.G. NORM Mono 1.6,ORG,1.6,RODENSTOCK,65 60,https://www.france-optique.com/gravures/fournisseur=2069,2025-06-13 13:26:42.170000
509,Impression B.I.G. NORM Mono 1.67,ORG,1.67,RODENSTOCK,65 67,https://www.france-optique.com/gravures/fournisseur=2069,2025-06-13 13:26:42.180000
510,Impression B.I.G. NORM Mono 1.74,ORG,1.74,RODENSTOCK,65 74,https://www.france-optique.com/gravures/fournisseur=2069,2025-06-13 13:26:42.193333
511,"Morpho 1,6",MR8,1.61,Gravures de verres de ADN OPTIS,MPH6,https://www.france-optique.com/fournisseur/2399-adn-optis,2025-06-13 13:26:42.203333
512,"Morpho 1,67",MR10,1.67,Gravures de verres de ADN OPTIS,MPH7,https://www.france-optique.com/fournisseur/2399-adn-optis,2025-06-13 13:26:42.216666
513,"Sensation 1,5",CR39,1.5,Gravures de verres de ADN OPTIS,SEN5,https://www.france-optique.com/fournisseur/2399-adn-optis,2025-06-13 13:26:42.230000
514,"Sensation 1,6",MR8,1.61,Gravures de verres de ADN OPTIS,SEN6,https://www.france-optique.com/fournisseur/2399-adn-optis,2025-06-13 13:26:42.240000
515,"Sensation 1,67",MR10,1.67,Gravures de verres de ADN OPTIS,SEN7,https://www.france-optique.com/fournisseur/2399-adn-optis,2025-06-13 13:26:42.250000
516,"Bifocal 1,5",CR39,1.5,Gravures de verres de ADN OPTIS,BI5,https://www.france-optique.com/fournisseur/2399-adn-optis,2025-06-13 13:26:42.263333
517,"Bifocal 1,6",MR8,1.61,Gravures de verres de ADN OPTIS,BI6,https://www.france-optique.com/fournisseur/2399-adn-optis,2025-06-13 13:26:42.276666
518,"Bifocal 1,67",MR10,1.67,Gravures de verres de ADN OPTIS,BI7,https://www.france-optique.com/fournisseur/2399-adn-optis,2025-06-13 13:26:42.290000
519,Proximit,CR39,1.5,Gravures de verres de ADN OPTIS,PRX5,https://www.france-optique.com/fournisseur/2399-adn-optis,2025-06-13 13:26:42.300000
520,Proximit,MR8,1.61,Gravures de verres de ADN OPTIS,PRX6,https://www.france-optique.com/fournisseur/2399-adn-optis,2025-06-13 13:26:42.313333
521,Proximit,MR10,1.67,Gravures de verres de ADN OPTIS,PRX7,https://www.france-optique.com/fournisseur/2399-adn-optis,2025-06-13 13:26:42.323333
522,D,ORG,1.5,Gravures de verres de ADN OPTIS,DET5,https://www.france-optique.com/fournisseur/2399-adn-optis,2025-06-13 13:26:42.336666
523,D,MR8,1.61,Gravures de verres de ADN OPTIS,DET6,https://www.france-optique.com/fournisseur/2399-adn-optis,2025-06-13 13:26:42.346666
524,D,MR10,1.67,Gravures de verres de ADN OPTIS,DET7,https://www.france-optique.com/fournisseur/2399-adn-optis,2025-06-13 13:26:42.360000
525,"Bifocal 1,74",MR174,1.74,Gravures de verres de ADN OPTIS,B14,https://www.france-optique.com/fournisseur/2399-adn-optis,2025-06-13 13:26:42.376666
526,"Morpho 1,74",MR174,1.74,Gravures de verres de ADN OPTIS,MPH4,https://www.france-optique.com/fournisseur/2399-adn-optis,2025-06-13 13:26:42.390000
527,"Sensation 1,74",MR174,1.74,Gravures de verres de ADN OPTIS,SEN4,https://www.france-optique.com/fournisseur/2399-adn-optis,2025-06-13 13:26:42.403333
528,K Repos 1.5 BLUE/KUT SE,ORG,1.5,K OPTICAL,KR 1.50 BK,https://www.france-optique.com/gravures/fournisseur=2217,2025-06-13 13:26:42.416666
529,K Repos 1.5 Kromatic Brun et Gris,ORG PHO,1.5,K OPTICAL,KR 1.50 K,https://www.france-optique.com/gravures/fournisseur=2217,2025-06-13 13:26:42.430000
530,K Repos 1.5 Kromatic BLUE/KUT SE Brun et Gris,ORG PHO,1.5,K OPTICAL,KR 1.50 KB,https://www.france-optique.com/gravures/fournisseur=2217,2025-06-13 13:26:42.440000
531,"K Repos 1.5 Polarisant Brun, Gris et Gris-Vert",ORG POLA,1.5,K OPTICAL,KR 1.50 POL,https://www.france-optique.com/gravures/fournisseur=2217,2025-06-13 13:26:42.453333
532,"K Repos 1.5 Polarisant Dégradé Brun, Gris et Gris-Vert",ORG POLA,1.5,K OPTICAL,KR 1.50 POL,https://www.france-optique.com/gravures/fournisseur=2217,2025-06-13 13:26:42.466666
533,"K Repos 1.5 Transitions 8 Brun, Gris et Vert",ORG TRANS,1.5,K OPTICAL,KR 1.50 T8,https://www.france-optique.com/gravures/fournisseur=2217,2025-06-13 13:26:42.480000
534,K Repos 1.5 Transitions Gen S Style,ORG TRANS,1.5,K OPTICAL,KR 1.50 TS,https://www.france-optique.com/gravures/fournisseur=2217,2025-06-13 13:26:42.496666
535,K Repos 1.5 Transitions Xtractive Brun et Gris,ORG TRANS,1.5,K OPTICAL,KR 1.50 XT,https://www.france-optique.com/gravures/fournisseur=2217,2025-06-13 13:26:42.513333
536,K Repos Trivex,TVX,1.53,K OPTICAL,KR 1.53,https://www.france-optique.com/gravures/fournisseur=2217,2025-06-13 13:26:42.530000
537,K Repos Trivex BLUE/KUT SE,TVX,1.53,K OPTICAL,KR 1.53 BK,https://www.france-optique.com/gravures/fournisseur=2217,2025-06-13 13:26:42.543333
538,K Repos Trivex Polarisant Brun et Gris,TVX POLA,1.53,K OPTICAL,KR 1.53 POL,https://www.france-optique.com/gravures/fournisseur=2217,2025-06-13 13:26:42.556666
539,K Repos Trivex Transitions 8 Brun et Gris,TVX TRANS,1.53,K OPTICAL,KR 1.53 T8,https://www.france-optique.com/gravures/fournisseur=2217,2025-06-13 13:26:42.570000
540,K Repos Trivex Transitions Xtractive Gris,TVX TRANS,1.53,K OPTICAL,KR 1.53 XT,https://www.france-optique.com/gravures/fournisseur=2217,2025-06-13 13:26:42.586666
541,K Repos Polycarbonate,POLY,1.59,K OPTICAL,KR PC,https://www.france-optique.com/gravures/fournisseur=2217,2025-06-13 13:26:42.600000
542,K Repos Polycarbonate BLUE/KUT SE,POLY,1.59,K OPTICAL,KR PC BK,https://www.france-optique.com/gravures/fournisseur=2217,2025-06-13 13:26:42.616666
543,K Repos Polycarbonate Kromatic BLUE/KUT SE Brun et Gris,POLY PHO,1.59,K OPTICAL,KR PC KB,https://www.france-optique.com/gravures/fournisseur=2217,2025-06-13 13:26:42.630000
544,"K Repos Polycarbonate Polarisant Brun, Gris et Gris-Vert",POLY POLA,1.59,K OPTICAL,KR PC POL,https://www.france-optique.com/gravures/fournisseur=2217,2025-06-13 13:26:42.643333
545,"K Repos Polycarbonate Transitions 8 Brun, Gris et Vert",POLY TRANS,1.59,K OPTICAL,KR PC T8,https://www.france-optique.com/gravures/fournisseur=2217,2025-06-13 13:26:42.656666
546,K Repos Polycarbonate Transitions Xtractive Gris,POLY TRANS,1.59,K OPTICAL,KR PC XT,https://www.france-optique.com/gravures/fournisseur=2217,2025-06-13 13:26:42.673333
547,K Platinium Polycarbonate Transitions Xtractive Gris,POLY TRANS,1.59,K OPTICAL,K+ PC XT,https://www.france-optique.com/gravures/fournisseur=2217,2025-06-13 13:26:42.686666
548,Kléra HD Platinium 1.5,ORG,1.5,K OPTICAL,KHD 1.50,https://www.france-optique.com/gravures/fournisseur=2217,2025-06-13 13:26:42.700000
549,Kléra 1.67 Transitions Xtractive Brun et Gris,ORG TRANS,1.67,K OPTICAL,K 1.67 XT,https://www.france-optique.com/gravures/fournisseur=2217,2025-06-13 13:26:42.713333
550,Kléra Polycarbonate Kromatic BLUE/KUT SE,POLY PHO,1.59,K OPTICAL,K PC KB,https://www.france-optique.com/gravures/fournisseur=2217,2025-06-13 13:26:42.726666
551,Kléra HD Platinium 1.5 BLUE/KUT SE,ORG,1.5,K OPTICAL,KHD 1.50 BK,https://www.france-optique.com/gravures/fournisseur=2217,2025-06-13 13:26:42.740000
552,Kléra Plus Evo 1.6,ORG,1.6,K OPTICAL,K+ 1.60,https://www.france-optique.com/gravures/fournisseur=2217,2025-06-13 13:26:42.753333
553,"Kléra Polycarbonate Transitions 8 Brun, Gris et Vert",POLY TRANS,1.59,K OPTICAL,K PC T8,https://www.france-optique.com/gravures/fournisseur=2217,2025-06-13 13:26:42.770000
554,Kléra 1.74,ORG,1.74,K OPTICAL,K 1.74,https://www.france-optique.com/gravures/fournisseur=2217,2025-06-13 13:26:42.780000
555,Kléra HD Platinium 1.5 Kromatic Brun et Gris,ORG PHO.,1.5,K OPTICAL,KHD 1.50 K,https://www.france-optique.com/gravures/fournisseur=2217,2025-06-13 13:26:42.793333
556,Kléra Plus Evo 1.6 BLUE/KUT SE,ORG,1.6,K OPTICAL,K+ 1.60 BK,https://www.france-optique.com/gravures/fournisseur=2217,2025-06-13 13:26:42.806666
557,Kléra 1.74 BLUE/KUT SE,ORG,1.74,K OPTICAL,K 1.74 BK,https://www.france-optique.com/gravures/fournisseur=2217,2025-06-13 13:26:42.816666
558,Kéolys 1.5,ORG,1.5,K OPTICAL,Ky,https://www.france-optique.com/gravures/fournisseur=2217,2025-06-13 13:26:42.830000
559,K Repos 1.6,ORG,1.6,K OPTICAL,KR 1.60,https://www.france-optique.com/gravures/fournisseur=2217,2025-06-13 13:26:42.840000
560,Varilux Comfort Max Short Eye Protect System Orma,ORG,1.5,Fournisseur : ESSILOR FR ...,https://si.france-optique.com/img/gravures/nasal/web_1661-variluxcomfort.tif.jpg,https://www.france-optique.com/gravures/fournisseur=521,2025-06-13 13:26:42.853333
561,Varilux Comfort Max Short Eye Protect System Stylis,ORG,1.67,Fournisseur : ESSILOR FR ...,https://si.france-optique.com/img/gravures/nasal/web_1543-variluxcomfort67.tif.jpg,https://www.france-optique.com/gravures/fournisseur=521,2025-06-13 13:26:42.863333
562,Varilux S 4D Stylis Eye Protect System et Stylis Transitions,ORG,1.67,Fournisseur : ESSILOR FR ...,https://si.france-optique.com/img/gravures/nasal/web_616-nas-essilor-12.tif.jpg,https://www.france-optique.com/gravures/fournisseur=521,2025-06-13 13:26:42.876666
563,Varilux S 4D Ormix Eye Protect System et Ormix Transitions,ORG,1.6,Fournisseur : ESSILOR FR ...,https://si.france-optique.com/img/gravures/nasal/web_617-nas-essilor-13.tif.jpg,https://www.france-optique.com/gravures/fournisseur=521,2025-06-13 13:26:42.890000
564,Varilux S 4D Airwear Eye Protect System et Airwear Transitions,ORG,1.59,Fournisseur : ESSILOR FR ...,https://si.france-optique.com/img/gravures/nasal/web_618-nas-essilor-14.tif.jpg,https://www.france-optique.com/gravures/fournisseur=521,2025-06-13 13:26:42.900000
565,Varilux S 4D Orma Eye Protect System et Orma Transitions,ORG,1.5,Fournisseur : ESSILOR FR ...,https://si.france-optique.com/img/gravures/nasal/web_2037-619-nas-essilor-15.tif.jpg,https://www.france-optique.com/gravures/fournisseur=521,2025-06-13 13:26:42.913333
566,Varilux S 2 Stylis Eye Protect System et Stylis Transitions,ORG,1.67,Fournisseur : ESSILOR FR ...,https://si.france-optique.com/img/gravures/nasal/web_616-nas-essilor-12.tif.jpg,https://www.france-optique.com/gravures/fournisseur=521,2025-06-13 13:26:42.926666
567,Varilux S 2 Ormix Eye Protect System et Ormix Transitions,ORG,1.6,Fournisseur : ESSILOR FR ...,https://si.france-optique.com/img/gravures/nasal/web_617-nas-essilor-13.tif.jpg,https://www.france-optique.com/gravures/fournisseur=521,2025-06-13 13:26:42.946666
568,Varilux S 2 Airwear Eye Protect System et Airwear Transitions,ORG,1.59,Fournisseur : ESSILOR FR ...,https://si.france-optique.com/img/gravures/nasal/web_618-nas-essilor-14.tif.jpg,https://www.france-optique.com/gravures/fournisseur=521,2025-06-13 13:26:42.960000
569,Varilux S 2 Orma Eye Protect System et Orma Transitions,ORG,1.5,Fournisseur : ESSILOR FR ...,https://si.france-optique.com/img/gravures/nasal/web_2037-619-nas-essilor-15.tif.jpg,https://www.france-optique.com/gravures/fournisseur=521,2025-06-13 13:26:42.970000
570,Varilux S design Stylis Eye Protect System et Stylis Transitions,ORG,1.67,Fournisseur : ESSILOR FR ...,https://si.france-optique.com/img/gravures/nasal/web_616-nas-essilor-12.tif.jpg,https://www.france-optique.com/gravures/fournisseur=521,2025-06-13 13:26:42.983333
571,Varilux S design Ormix Eye Protect System et Ormix Transitions,ORG,1.6,Fournisseur : ESSILOR FR ...,https://si.france-optique.com/img/gravures/nasal/web_617-nas-essilor-13.tif.jpg,https://www.france-optique.com/gravures/fournisseur=521,2025-06-13 13:26:42.993333
572,Varilux S design Airwear Eye Protect System et Airwear Transitions,ORG,1.59,Fournisseur : ESSILOR FR ...,https://si.france-optique.com/img/gravures/nasal/web_618-nas-essilor-14.tif.jpg,https://www.france-optique.com/gravures/fournisseur=521,2025-06-13 13:26:43.006666
573,Varilux S design Orma Eye Protect System et Orma Transitions,ORG,1.5,Fournisseur : ESSILOR FR ...,https://si.france-optique.com/img/gravures/nasal/web_2037-619-nas-essilor-15.tif.jpg,https://www.france-optique.com/gravures/fournisseur=521,2025-06-13 13:26:43.016666
574,Varilux S design short Stylis Eye Protect System et Stylis Transitions,ORG,1.67,Fournisseur : ESSILOR FR ...,https://si.france-optique.com/img/gravures/nasal/web_616-nas-essilor-12.tif.jpg,https://www.france-optique.com/gravures/fournisseur=521,2025-06-13 13:26:43.030000
575,Varilux S design short Ormix Eye Protect System et Ormix Transitions,ORG,1.6,Fournisseur : ESSILOR FR ...,https://si.france-optique.com/img/gravures/nasal/web_617-nas-essilor-13.tif.jpg,https://www.france-optique.com/gravures/fournisseur=521,2025-06-13 13:26:43.043333
576,Varilux S design short Airwear Eye Protect System et Airwear Transitions,ORG,1.59,Fournisseur : ESSILOR FR ...,https://si.france-optique.com/img/gravures/nasal/web_618-nas-essilor-14.tif.jpg,https://www.france-optique.com/gravures/fournisseur=521,2025-06-13 13:26:43.056666
577,Varilux S design short Orma Eye Protect System et Orma Transitions,ORG,1.5,Fournisseur : ESSILOR FR ...,https://si.france-optique.com/img/gravures/nasal/web_2037-619-nas-essilor-15.tif.jpg,https://www.france-optique.com/gravures/fournisseur=521,2025-06-13 13:26:43.066666
578,Varilux E 2 Lineis Eye Protect System,ORG,1.74,Fournisseur : ESSILOR FR ...,https://si.france-optique.com/img/gravures/nasal/web_623-nas-essilor-16.tif.jpg,https://www.france-optique.com/gravures/fournisseur=521,2025-06-13 13:26:43.080000
579,Varilux E 2 Stylis Eye Protect System,ORG,1.67,Fournisseur : ESSILOR FR ...,https://si.france-optique.com/img/gravures/nasal/web_624-nas-essilor-17.tif.jpg,https://www.france-optique.com/gravures/fournisseur=521,2025-06-13 13:26:43.090000
580,Varilux E 2 Ormix Eye Protect System,ORG,1.6,Fournisseur : ESSILOR FR ...,https://si.france-optique.com/img/gravures/nasal/web_625-nas-essilor-18.tif.jpg,https://www.france-optique.com/gravures/fournisseur=521,2025-06-13 13:26:43.103333
581,Varilux E 2 Airwear Eye Protect System,ORG,1.59,Fournisseur : ESSILOR FR ...,https://si.france-optique.com/img/gravures/nasal/web_626-nas-essilor-19.tif.jpg,https://www.france-optique.com/gravures/fournisseur=521,2025-06-13 13:26:43.116666
582,Varilux E 2 Orma Eye Protect System,ORG,1.5,Fournisseur : ESSILOR FR ...,https://si.france-optique.com/img/gravures/nasal/web_2034-627-nas-essilor-20.tif.jpg,https://www.france-optique.com/gravures/fournisseur=521,2025-06-13 13:26:43.126666
583,Varilux E design Lineis Eye Protect System et Lineis Transitions,ORG,1.74,Fournisseur : ESSILOR FR ...,https://si.france-optique.com/img/gravures/nasal/web_623-nas-essilor-16.tif.jpg,https://www.france-optique.com/gravures/fournisseur=521,2025-06-13 13:26:43.140000
584,Varilux E design Stylis Eye Protect System et Stylis Transitions,ORG,1.67,Fournisseur : ESSILOR FR ...,https://si.france-optique.com/img/gravures/nasal/web_624-nas-essilor-17.tif.jpg,https://www.france-optique.com/gravures/fournisseur=521,2025-06-13 13:26:43.153333
585,Varilux E design Ormix Eye Protect System et Ormix Transitions,ORG,1.6,Fournisseur : ESSILOR FR ...,https://si.france-optique.com/img/gravures/nasal/web_625-nas-essilor-18.tif.jpg,https://www.france-optique.com/gravures/fournisseur=521,2025-06-13 13:26:43.163333
586,Varilux E design Airwear Eye Protect System et Airwear Transitions,ORG,1.59,Fournisseur : ESSILOR FR ...,https://si.france-optique.com/img/gravures/nasal/web_626-nas-essilor-19.tif.jpg,https://www.france-optique.com/gravures/fournisseur=521,2025-06-13 13:26:43.176666
587,Varilux E design Orma Eye Protect System et Orma Transitions,ORG,1.5,Fournisseur : ESSILOR FR ...,https://si.france-optique.com/img/gravures/nasal/web_2034-627-nas-essilor-20.tif.jpg,https://www.france-optique.com/gravures/fournisseur=521,2025-06-13 13:26:43.190000
588,Varilux E design Short Lineis Eye Protect System et Lineis Transitions,ORG,1.74,Fournisseur : ESSILOR FR ...,https://si.france-optique.com/img/gravures/nasal/web_623-nas-essilor-16.tif.jpg,https://www.france-optique.com/gravures/fournisseur=521,2025-06-13 13:26:43.200000
589,Varilux E design short Stylis Eye Protect System et Stylis Transitions,ORG,1.67,Fournisseur : ESSILOR FR ...,https://si.france-optique.com/img/gravures/nasal/web_624-nas-essilor-17.tif.jpg,https://www.france-optique.com/gravures/fournisseur=521,2025-06-13 13:26:43.210000
590,Varilux E design short Ormix Eye Protect System et Ormix Transitions,ORG,1.6,Fournisseur : ESSILOR FR ...,https://si.france-optique.com/img/gravures/nasal/web_625-nas-essilor-18.tif.jpg,https://www.france-optique.com/gravures/fournisseur=521,2025-06-13 13:26:43.220000
591,Varilux E design short Airwear Eye Protect System et Airwear Transitions,ORG,1.59,Fournisseur : ESSILOR FR ...,https://si.france-optique.com/img/gravures/nasal/web_626-nas-essilor-19.tif.jpg,https://www.france-optique.com/gravures/fournisseur=521,2025-06-13 13:26:43.230000
592,Varilux E design short Orma Eye Protect System et Orma Transitions,ORG,1.5,Fournisseur : ESSILOR FR ...,https://si.france-optique.com/img/gravures/nasal/web_2034-627-nas-essilor-20.tif.jpg,https://www.france-optique.com/gravures/fournisseur=521,2025-06-13 13:26:43.243333
593,Varilux Physio 3D Near Stylis Eye Protect System et Stylis Transitions,ORG,1.67,Fournisseur : ESSILOR FR ...,https://si.france-optique.com/img/gravures/nasal/web_633-nas-essilor-26.tif.jpg,https://www.france-optique.com/gravures/fournisseur=521,2025-06-13 13:26:43.253333
594,Varilux Physio 3D Near Ormix Eye Protect System et Ormix Transitions,ORG,1.6,Fournisseur : ESSILOR FR ...,https://si.france-optique.com/img/gravures/nasal/web_634-nas-essilor-27.tif.jpg,https://www.france-optique.com/gravures/fournisseur=521,2025-06-13 13:26:43.263333
595,Varilux Physio 3D Near Airwear Eye Protect System et Airwear Transitions,ORG,1.59,Fournisseur : ESSILOR FR ...,https://si.france-optique.com/img/gravures/nasal/web_635-nas-essilor-28.tif.jpg,https://www.france-optique.com/gravures/fournisseur=521,2025-06-13 13:26:43.273333
596,Varilux Physio 3D Near Orma Eye Protect System et Orma Transitions,ORG,1.5,Fournisseur : ESSILOR FR ...,https://si.france-optique.com/img/gravures/nasal/web_2035-636-nas-essilor-29.tif.jpg,https://www.france-optique.com/gravures/fournisseur=521,2025-06-13 13:26:43.290000
597,Varilux Physio 3D Balanced Stylis Eye Protect System et Stylis Transitions,ORG,1.67,Fournisseur : ESSILOR FR ...,https://si.france-optique.com/img/gravures/nasal/web_633-nas-essilor-26.tif.jpg,https://www.france-optique.com/gravures/fournisseur=521,2025-06-13 13:26:43.300000
598,Varilux Physio 3D Balanced Ormix Eye Protect System et Ormix Transitions,ORG,1.6,Fournisseur : ESSILOR FR ...,https://si.france-optique.com/img/gravures/nasal/web_634-nas-essilor-27.tif.jpg,https://www.france-optique.com/gravures/fournisseur=521,2025-06-13 13:26:43.313333
599,Varilux Physio 3D Balanced Airwear Eye Protect System et Airwear Transitions,ORG,1.59,Fournisseur : ESSILOR FR ...,https://si.france-optique.com/img/gravures/nasal/web_635-nas-essilor-28.tif.jpg,https://www.france-optique.com/gravures/fournisseur=521,2025-06-13 13:26:43.326666
600,Yseo 18/16/14 Tilium,Polycarbonate,1.59,Produits optiques : BBGR OPTIQUE,https://si.france-optique.com/img/gravures/nasal/web_496-nas-bbgr-67.tif.jpg,https://www.france-optique.com/fournisseur/1344-bbgr-optique/gravures,2025-06-13 13:26:43.340000
601,Yseo 18/16/14 OR16,Organique,1.6,Produits optiques : BBGR OPTIQUE,https://si.france-optique.com/img/gravures/nasal/web_497-nas-bbgr-68.tif.jpg,https://www.france-optique.com/fournisseur/1344-bbgr-optique/gravures,2025-06-13 13:26:43.350000
602,Yseo 18/16/14 OR167,Organique,1.67,Produits optiques : BBGR OPTIQUE,https://si.france-optique.com/img/gravures/nasal/web_1370-498-nas-bbgr-New.tif.jpg,https://www.france-optique.com/fournisseur/1344-bbgr-optique/gravures,2025-06-13 13:26:43.363333
603,Evolis DS OR15,Organique,1.5,Produits optiques : BBGR OPTIQUE,https://si.france-optique.com/img/gravures/nasal/web_531-nas-bbgr-94.tif.jpg,https://www.france-optique.com/fournisseur/1344-bbgr-optique/gravures,2025-06-13 13:26:43.376666
604,Evolis DS Tilium,Polycarbonate,1.59,Produits optiques : BBGR OPTIQUE,https://si.france-optique.com/img/gravures/nasal/web_526-nas-bbgr-89.tif.jpg,https://www.france-optique.com/fournisseur/1344-bbgr-optique/gravures,2025-06-13 13:26:43.386666
605,Evolis DS OR16,Organique,1.6,Produits optiques : BBGR OPTIQUE,https://si.france-optique.com/img/gravures/nasal/web_527-nas-bbgr-90.tif.jpg,https://www.france-optique.com/fournisseur/1344-bbgr-optique/gravures,2025-06-13 13:26:43.400000
606,Evolis DS OR167,Organique,1.67,Produits optiques : BBGR OPTIQUE,https://si.france-optique.com/img/gravures/nasal/web_528-nas-bbgr-91.tif.jpg,https://www.france-optique.com/fournisseur/1344-bbgr-optique/gravures,2025-06-13 13:26:43.410000
607,Quadro OR15,Organique,1.5,Produits optiques : BBGR OPTIQUE,https://si.france-optique.com/img/gravures/nasal/web_545-nas-bbgr-108.tif.jpg,https://www.france-optique.com/fournisseur/1344-bbgr-optique/gravures,2025-06-13 13:26:43.420000
608,Quadro Trivex,Trivex,1.53,Produits optiques : BBGR OPTIQUE,https://si.france-optique.com/img/gravures/nasal/web_546-nas-bbgr-109.tif.jpg,https://www.france-optique.com/fournisseur/1344-bbgr-optique/gravures,2025-06-13 13:26:43.433333
609,Quadro Tilium,Polycarbonate,1.59,Produits optiques : BBGR OPTIQUE,https://si.france-optique.com/img/gravures/nasal/web_547-nas-bbgr-110.tif.jpg,https://www.france-optique.com/fournisseur/1344-bbgr-optique/gravures,2025-06-13 13:26:43.443333
610,Quadro OR16,Organique,1.6,Produits optiques : BBGR OPTIQUE,https://si.france-optique.com/img/gravures/nasal/web_548-nas-bbgr-111.tif.jpg,https://www.france-optique.com/fournisseur/1344-bbgr-optique/gravures,2025-06-13 13:26:43.456666
611,Quadro OR167,Organique,1.67,Produits optiques : BBGR OPTIQUE,https://si.france-optique.com/img/gravures/nasal/web_551-nas-bbgr-114.tif.jpg,https://www.france-optique.com/fournisseur/1344-bbgr-optique/gravures,2025-06-13 13:26:43.470000
612,Quadro Mini OR15,Organique,1.5,Produits optiques : BBGR OPTIQUE,https://si.france-optique.com/img/gravures/nasal/web_545-nas-bbgr-108.tif.jpg,https://www.france-optique.com/fournisseur/1344-bbgr-optique/gravures,2025-06-13 13:26:43.493333
613,Quadro Mini Trivex,Trivex,1.53,Produits optiques : BBGR OPTIQUE,https://si.france-optique.com/img/gravures/nasal/web_546-nas-bbgr-109.tif.jpg,https://www.france-optique.com/fournisseur/1344-bbgr-optique/gravures,2025-06-13 13:26:43.506666
614,Quadro Mini Tilium,Polycarbonate,1.59,Produits optiques : BBGR OPTIQUE,https://si.france-optique.com/img/gravures/nasal/web_547-nas-bbgr-110.tif.jpg,https://www.france-optique.com/fournisseur/1344-bbgr-optique/gravures,2025-06-13 13:26:43.520000
615,Quadro Mini OR16,Organique,1.6,Produits optiques : BBGR OPTIQUE,https://si.france-optique.com/img/gravures/nasal/web_548-nas-bbgr-111.tif.jpg,https://www.france-optique.com/fournisseur/1344-bbgr-optique/gravures,2025-06-13 13:26:43.533333
616,Quadro Mini OR167,Organique,1.67,Produits optiques : BBGR OPTIQUE,https://si.france-optique.com/img/gravures/nasal/web_551-nas-bbgr-114.tif.jpg,https://www.france-optique.com/fournisseur/1344-bbgr-optique/gravures,2025-06-13 13:26:43.546666
617,Aptive OR15,Organique,1.5,Produits optiques : BBGR OPTIQUE,https://si.france-optique.com/img/gravures/nasal/web_563-nas-bbgr-126.tif.jpg,https://www.france-optique.com/fournisseur/1344-bbgr-optique/gravures,2025-06-13 13:26:43.560000
618,Proximit,MR174,1.74,Gravures de verres de ADN OPTIS,PRX4,https://www.france-optique.com/fournisseur/2399-adn-optis,2025-06-13 13:26:43.573333
619,D,MR174,1.74,Gravures de verres de ADN OPTIS,DET4,https://www.france-optique.com/fournisseur/2399-adn-optis,2025-06-13 13:26:43.586666
620,"Premier 1,67",MR10,1.67,Gravures de verres de ADN OPTIS,PRE7,https://www.france-optique.com/fournisseur/2399-adn-optis,2025-06-13 13:26:43.596666
621,Kléra HD Platinium 1.6,ORG,1.6,K OPTICAL,KHD 1.60,https://www.france-optique.com/gravures/fournisseur=2217,2025-06-13 13:26:43.610000
622,Kléra Sport 1.6,ORG,1.6,K OPTICAL,KSP 1.60,https://www.france-optique.com/gravures/fournisseur=2217,2025-06-13 13:26:43.626666
623,Kléra Plus Evo 1.6 Kromatic Brun et Gris,ORG PHO.,1.6,K OPTICAL,K+ 1.60 K,https://www.france-optique.com/gravures/fournisseur=2217,2025-06-13 13:26:43.640000
624,Kéolys 1.5 BLUE/KUT SE,ORG,1.5,K OPTICAL,Ky BK,https://www.france-optique.com/gravures/fournisseur=2217,2025-06-13 13:26:43.653333
625,K Platinium 1.6,ORG,1.6,K OPTICAL,K+ 1.60,https://www.france-optique.com/gravures/fournisseur=2217,2025-06-13 13:26:43.666666
626,K Repos 1.6 BLUE/KUT SE,ORG,1.6,K OPTICAL,KR 1.60 BK,https://www.france-optique.com/gravures/fournisseur=2217,2025-06-13 13:26:43.680000
627,K Sport 1.6,ORG,1.6,K OPTICAL,KS 1.60,https://www.france-optique.com/gravures/fournisseur=2217,2025-06-13 13:26:43.693333
628,Kléra HD Platinium 1.5 Kromatic BLUEKUT SE Brun et Gris,ORG PHO,1.5,K OPTICAL,KHD 1.50 KB,https://www.france-optique.com/gravures/fournisseur=2217,2025-06-13 13:26:43.710000
629,"Kléra HD Platinium 1.5 Polarisant Brun, Gris et Gris-Vert",ORG POLA.,1.5,K OPTICAL,KHD 1.50 POL,https://www.france-optique.com/gravures/fournisseur=2217,2025-06-13 13:26:43.723333
630,Kléra HD Platinium 1.6 BLUE/KUT SE,ORG,1.6,K OPTICAL,KHD 1.60 BK,https://www.france-optique.com/gravures/fournisseur=2217,2025-06-13 13:26:43.736666
631,Kléra Sport 1.6 BLUE/KUT SE,ORG,1.6,K OPTICAL,KSP 1.60 BK,https://www.france-optique.com/gravures/fournisseur=2217,2025-06-13 13:26:43.750000
632,Kéolys 1.5 Kromatic Brun et Gris,ORG PHO.,1.5,K OPTICAL,Ky K,https://www.france-optique.com/gravures/fournisseur=2217,2025-06-13 13:26:43.760000
633,K Platinium 1.6 BLUE/KUT SE,ORG,1.6,K OPTICAL,K+ 1.60 BK,https://www.france-optique.com/gravures/fournisseur=2217,2025-06-13 13:26:43.773333
634,K Repos 1.6 Kromatic Brun et Gris,ORG PHO,1.6,K OPTICAL,KR 1.60 K,https://www.france-optique.com/gravures/fournisseur=2217,2025-06-13 13:26:43.786666
635,K Sport 1.6 BLUE/KUT SE,ORG,1.6,K OPTICAL,KS 1.60 BK,https://www.france-optique.com/gravures/fournisseur=2217,2025-06-13 13:26:43.796666
636,Kléra Plus Evo 1.6 Kromatic BLUE/KUT SE Brun et Gris,ORG PHO,1.6,K OPTICAL,K+ 1.60 KB,https://www.france-optique.com/gravures/fournisseur=2217,2025-06-13 13:26:43.810000
637,"Kléra HD Platinium 1.5 Polarisant Dégradé Brun, Gris et Gris-Vert",ORG POLA.,1.5,K OPTICAL,KHD 1.50 POL,https://www.france-optique.com/gravures/fournisseur=2217,2025-06-13 13:26:43.826666
638,Kléra HD Platinium 1.6 Kromatic Brun et Gris,ORG PHO.,1.6,K OPTICAL,KHD 1.60 K,https://www.france-optique.com/gravures/fournisseur=2217,2025-06-13 13:26:43.840000
639,Kléra Sport 1.6 Kromatic Brun et Gris,ORG PHO.,1.6,K OPTICAL,KSP 1.60 K,https://www.france-optique.com/gravures/fournisseur=2217,2025-06-13 13:26:43.850000
640,"Kléra Plus Evo 1.6 Transitions 8 Brun, Gris et Vert",ORG TRANS,1.6,K OPTICAL,K+ 1.60 T8,https://www.france-optique.com/gravures/fournisseur=2217,2025-06-13 13:26:43.866666
641,"Kéolys 1.5 Transitions 8 Brun, Gris et Vert",ORG TRANS,1.5,K OPTICAL,Ky T8,https://www.france-optique.com/gravures/fournisseur=2217,2025-06-13 13:26:43.880000
642,K Platinium 1.6 Kromatic Brun et Gris,ORG PHO,1.6,K OPTICAL,K+ 1.60 K,https://www.france-optique.com/gravures/fournisseur=2217,2025-06-13 13:26:43.893333
643,K Sport 1.6 Kromatic Brun et Gris,ORG PHO,1.6,K OPTICAL,KS 1.60 K,https://www.france-optique.com/gravures/fournisseur=2217,2025-06-13 13:26:43.913333
644,K Repos 1.6 Kromatic BLUE/KUT SE Brun et Gris,ORG PHO,1.6,K OPTICAL,KR 1.60 KB,https://www.france-optique.com/gravures/fournisseur=2217,2025-06-13 13:26:43.926666
645,"Kléra HD Platinium 1.5 Transitions 8 Brun, Gris et Vert",ORG TRANS,1.5,K OPTICAL,KHD 1.50 T8,https://www.france-optique.com/gravures/fournisseur=2217,2025-06-13 13:26:43.940000
646,Klassika 1.5,ORG,1.5,K OPTICAL,KK,https://www.france-optique.com/gravures/fournisseur=2217,2025-06-13 13:26:43.946666
647,"K Repos 1.6 Transitions 8 Brun, Gris et Vert",ORG TRANS,1.6,K OPTICAL,KR 1.60 T8,https://www.france-optique.com/gravures/fournisseur=2217,2025-06-13 13:26:43.960000
648,Kléra HD Platinium 1.6 Kromatic BLUEKUT SE Brun et Gris,ORG PHO,1.6,K OPTICAL,KHD 1.60 KB,https://www.france-optique.com/gravures/fournisseur=2217,2025-06-13 13:26:43.970000
649,Kléra Sport 1.6 Kromatic BLUE/KUT SE Brun et Gris,ORG PHO,1.6,K OPTICAL,KSP 1.60 KB,https://www.france-optique.com/gravures/fournisseur=2217,2025-06-13 13:26:43.983333
650,Kléra Plus Evo 1.6 Transitions Gen S Style,ORG TRANS,1.6,K OPTICAL,K+ 1.60 TS,https://www.france-optique.com/gravures/fournisseur=2217,2025-06-13 13:26:43.996666
651,K Platinium 1.6 Kromatic BLUE/KUT SE Brun et Gris,ORG PHO,1.6,K OPTICAL,K+ 1.60 KB,https://www.france-optique.com/gravures/fournisseur=2217,2025-06-13 13:26:44.010000
652,K Sport 1.6 Kromatic BLUE/KUT SE Brun et Gris,ORG PHO,1.6,K OPTICAL,KS 1.60 KB,https://www.france-optique.com/gravures/fournisseur=2217,2025-06-13 13:26:44.023333
653,Kléra HD Platinium 1.6 Polarisant Brun et Gris,ORG POLA.,1.6,K OPTICAL,KHD 1.60 POL,https://www.france-optique.com/gravures/fournisseur=2217,2025-06-13 13:26:44.036666
654,Kléra Sport 1.6 Polarisant Brun et Gris,ORG POLA.,1.6,K OPTICAL,KSP 1.60 POL,https://www.france-optique.com/gravures/fournisseur=2217,2025-06-13 13:26:44.050000
655,Kléra Plus Evo 1.6 Transitions Xtractive Brun et Gris,ORG TRANS,1.6,K OPTICAL,K+ 1.60 XT,https://www.france-optique.com/gravures/fournisseur=2217,2025-06-13 13:26:44.063333
656,Klassika 1.5 BLUE/KUT SE,ORG,1.5,K OPTICAL,KK BK,https://www.france-optique.com/gravures/fournisseur=2217,2025-06-13 13:26:44.073333
657,K Platinium 1.6 Polarisant Brun et Gris,ORG POLA,1.6,K OPTICAL,K+ 1.60 POL,https://www.france-optique.com/gravures/fournisseur=2217,2025-06-13 13:26:44.090000
658,K Repos 1.6 Transitions Xtractive Brun et Gris,ORG TRANS,1.6,K OPTICAL,KR 1.60 XT,https://www.france-optique.com/gravures/fournisseur=2217,2025-06-13 13:26:44.100000
659,K Sport 1.6 Polarisant Brun et Gris,ORG POLA,1.6,K OPTICAL,KS 1.60 POL,https://www.france-optique.com/gravures/fournisseur=2217,2025-06-13 13:26:44.116666
660,Kléra HD Platinium 1.5 Transitions 8 Style,ORG TRANS,1.5,K OPTICAL,KHD 1.50 TS,https://www.france-optique.com/gravures/fournisseur=2217,2025-06-13 13:26:44.130000
661,"Kléra HD Platinium 1.5 Transitions Xtractive Brun, Gris",ORG TRANS,1.5,K OPTICAL,KHD 1.50 XT,https://www.france-optique.com/gravures/fournisseur=2217,2025-06-13 13:26:44.143333
662,"Kléra HD Platinium 1.6 Transitions8 Brun, Gris et Vert",ORG TRANS,1.6,K OPTICAL,KHD 1.60 T8,https://www.france-optique.com/gravures/fournisseur=2217,2025-06-13 13:26:44.156666
663,"Kléra Sport 1.6 Transitions 8 Brun, Gris et Vert",ORG TRANS,1.6,K OPTICAL,KSP 1.60 T8,https://www.france-optique.com/gravures/fournisseur=2217,2025-06-13 13:26:44.170000
664,Kléra Plus Evo 1.6 Polarisant Brun et Gris,ORG POLA.,1.6,K OPTICAL,K+ 1.60 POL,https://www.france-optique.com/gravures/fournisseur=2217,2025-06-13 13:26:44.183333
665,Klassika 1.5 Kromatic Brun et Gris,ORG PHO.,1.5,K OPTICAL,KK K,https://www.france-optique.com/gravures/fournisseur=2217,2025-06-13 13:26:44.196666
666,"K Platinium 1.6 Transitions 8 Brun, Gris et Vert",ORG TRANS,1.6,K OPTICAL,K+ 1.60 T8,https://www.france-optique.com/gravures/fournisseur=2217,2025-06-13 13:26:44.210000
667,"K Sport 1.6 Transitions 8 Brun, Gris et Vert",ORG TRANS,1.6,K OPTICAL,KS 1.60 T8,https://www.france-optique.com/gravures/fournisseur=2217,2025-06-13 13:26:44.223333
668,"K Repos 1.6 Polarisant Brun, Gris",ORG POLA,1.6,K OPTICAL,KR 1.60 POL,https://www.france-optique.com/gravures/fournisseur=2217,2025-06-13 13:26:44.240000
669,Kléra Plus Evo 1.67,ORG,1.67,K OPTICAL,K+ 1.67,https://www.france-optique.com/gravures/fournisseur=2217,2025-06-13 13:26:44.250000
670,K Desk 1.5,ORG,1.5,K OPTICAL,D 1.5,https://www.france-optique.com/gravures/fournisseur=2217,2025-06-13 13:26:44.263333
671,Kléra HD Platinium 1.6 Transitions 8 Style,ORG TRANS,1.6,K OPTICAL,KHD 1.60 TS,https://www.france-optique.com/gravures/fournisseur=2217,2025-06-13 13:26:44.273333
672,Kléra Sport 1.6 Transitions Style,ORG TRANS,1.6,K OPTICAL,KSP 1.60 TS,https://www.france-optique.com/gravures/fournisseur=2217,2025-06-13 13:26:44.286666
673,K Platinium 1.6 Transitions 8 Style,ORG TRANS,1.6,K OPTICAL,K+ 1.60 TS,https://www.france-optique.com/gravures/fournisseur=2217,2025-06-13 13:26:44.300000
674,"K Repos 1.6 Polarisant Dégradé Brun, Gris",ORG POLA,1.6,K OPTICAL,KR 1.60 POL,https://www.france-optique.com/gravures/fournisseur=2217,2025-06-13 13:26:44.313333
675,K Sport 1.6 Transitions 8 Style,ORG TRANS,1.6,K OPTICAL,KS 1.60 TS,https://www.france-optique.com/gravures/fournisseur=2217,2025-06-13 13:26:44.326666
676,Kléra HD Platinium 1.6 Transitions Xtractive Brun et Gris,ORG TRANS,1.6,K OPTICAL,KHD 1.60 XT,https://www.france-optique.com/gravures/fournisseur=2217,2025-06-13 13:26:44.350000
677,Kléra Sport 1.6 Transitions Xtractive Brun et Gris,ORG TRANS,1.6,K OPTICAL,KSP 1.60 XT,https://www.france-optique.com/gravures/fournisseur=2217,2025-06-13 13:26:44.360000
678,Kléra Plus Evo 1.67 BLUE/KUT SE,ORG,1.67,K OPTICAL,K+ 1.67 BK,https://www.france-optique.com/gravures/fournisseur=2217,2025-06-13 13:26:44.373333
679,Varilux Physio 3D Balanced Orma Eye Protect System et Orma Transitions,ORG,1.5,Fournisseur : ESSILOR FR ...,https://si.france-optique.com/img/gravures/nasal/web_2035-636-nas-essilor-29.tif.jpg,https://www.france-optique.com/gravures/fournisseur=521,2025-06-13 13:26:44.386666
680,Varilux Physio 3D Far Stylis Eye Protect System et Stylis Transitions,ORG,1.67,Fournisseur : ESSILOR FR ...,https://si.france-optique.com/img/gravures/nasal/web_633-nas-essilor-26.tif.jpg,https://www.france-optique.com/gravures/fournisseur=521,2025-06-13 13:26:44.400000
681,Varilux Physio 3D Far Ormix Eye Protect System et Ormix Transitions,ORG,1.6,Fournisseur : ESSILOR FR ...,https://si.france-optique.com/img/gravures/nasal/web_634-nas-essilor-27.tif.jpg,https://www.france-optique.com/gravures/fournisseur=521,2025-06-13 13:26:44.413333
682,Varilux Physio 3D Far Airwear Eye Protect System et Airwear Transitions,ORG,1.59,Fournisseur : ESSILOR FR ...,https://si.france-optique.com/img/gravures/nasal/web_635-nas-essilor-28.tif.jpg,https://www.france-optique.com/gravures/fournisseur=521,2025-06-13 13:26:44.423333
683,Varilux Physio 3D Far Orma Eye Protect System et Orma Transitions,ORG,1.5,Fournisseur : ESSILOR FR ...,https://si.france-optique.com/img/gravures/nasal/web_2035-636-nas-essilor-29.tif.jpg,https://www.france-optique.com/gravures/fournisseur=521,2025-06-13 13:26:44.436666
684,Varilux Physio 3.0 Fit Stylis Eye Protect System et Stylis Transitions,ORG,1.67,Fournisseur : ESSILOR FR ...,https://si.france-optique.com/img/gravures/nasal/web_637-nas-essilor-30.tif.jpg,https://www.france-optique.com/gravures/fournisseur=521,2025-06-13 13:26:44.450000
685,Varilux Physio 3.0 Fit Ormix Eye Protect System et Ormix Transitions,ORG,1.6,Fournisseur : ESSILOR FR ...,https://si.france-optique.com/img/gravures/nasal/web_638-nas-essilor-31.tif.jpg,https://www.france-optique.com/gravures/fournisseur=521,2025-06-13 13:26:44.460000
686,Varilux Physio 3.0 Fit Airwear Eye Protect System et Airwear Transitions,ORG,1.59,Fournisseur : ESSILOR FR ...,https://si.france-optique.com/img/gravures/nasal/web_639-nas-essilor-32.tif.jpg,https://www.france-optique.com/gravures/fournisseur=521,2025-06-13 13:26:44.470000
687,Varilux Physio 3.0 Fit Orma Eye Protect System et Orma Transitions,ORG,1.5,Fournisseur : ESSILOR FR ...,https://si.france-optique.com/img/gravures/nasal/web_2036-640-nas-essilor-33.tif.jpg,https://www.france-optique.com/gravures/fournisseur=521,2025-06-13 13:26:44.483333
688,Varilux Physio 3.0 Stylis Eye Protect System et Stylis Transitions,ORG,1.67,Fournisseur : ESSILOR FR ...,https://si.france-optique.com/img/gravures/nasal/web_637-nas-essilor-30.tif.jpg,https://www.france-optique.com/gravures/fournisseur=521,2025-06-13 13:26:44.493333
689,Varilux Physio 3.0 Ormix Eye Protect System et Ormix Transitions,ORG,1.6,Fournisseur : ESSILOR FR ...,https://si.france-optique.com/img/gravures/nasal/web_638-nas-essilor-31.tif.jpg,https://www.france-optique.com/gravures/fournisseur=521,2025-06-13 13:26:44.506666
690,Varilux Physio 3.0 Airwear Eye Protect System et Airwear Transitions,ORG,1.59,Fournisseur : ESSILOR FR ...,https://si.france-optique.com/img/gravures/nasal/web_639-nas-essilor-32.tif.jpg,https://www.france-optique.com/gravures/fournisseur=521,2025-06-13 13:26:44.516666
691,Varilux Physio 3.0 Orma Eye Protect System et Orma Transitions,ORG,1.5,Fournisseur : ESSILOR FR ...,https://si.france-optique.com/img/gravures/nasal/web_2036-640-nas-essilor-33.tif.jpg,https://www.france-optique.com/gravures/fournisseur=521,2025-06-13 13:26:44.530000
692,Varilux Physio 3.0 Short Stylis Eye Protect System et Stylis Transitions,ORG,1.67,Fournisseur : ESSILOR FR ...,https://si.france-optique.com/img/gravures/nasal/web_637-nas-essilor-30.tif.jpg,https://www.france-optique.com/gravures/fournisseur=521,2025-06-13 13:26:44.540000
693,Varilux Physio 3.0 Short Ormix Eye Protect System et Ormix Transitions,ORG,1.6,Fournisseur : ESSILOR FR ...,https://si.france-optique.com/img/gravures/nasal/web_638-nas-essilor-31.tif.jpg,https://www.france-optique.com/gravures/fournisseur=521,2025-06-13 13:26:44.550000
694,Varilux Physio 3.0 Short Airwear Eye Protect System et Airwear Transitions,ORG,1.59,Fournisseur : ESSILOR FR ...,https://si.france-optique.com/img/gravures/nasal/web_639-nas-essilor-32.tif.jpg,https://www.france-optique.com/gravures/fournisseur=521,2025-06-13 13:26:44.563333
695,Varilux Physio 3.0 Short Orma Eye Protect System et Orma Transitions,ORG,1.5,Fournisseur : ESSILOR FR ...,https://si.france-optique.com/img/gravures/nasal/web_2036-640-nas-essilor-33.tif.jpg,https://www.france-optique.com/gravures/fournisseur=521,2025-06-13 13:26:44.576666
696,Varilux Comfort 3.0 Fit Stylis Eye Protect System et Stylis Transitions,ORG,1.67,Fournisseur : ESSILOR FR ...,https://si.france-optique.com/img/gravures/nasal/web_662-nas-essilor-50.tif.jpg,https://www.france-optique.com/gravures/fournisseur=521,2025-06-13 13:26:44.586666
697,Varilux Comfort 3.0 Fit Ormix Eye Protect System et Ormix Transitions,ORG,1.6,Fournisseur : ESSILOR FR ...,https://si.france-optique.com/img/gravures/nasal/web_659-nas-essilor-47.tif.jpg,https://www.france-optique.com/gravures/fournisseur=521,2025-06-13 13:26:44.603333
698,Varilux Comfort 3.0 Fit Airwear Eye Protect System et Airwear Transitions,ORG,1.59,Fournisseur : ESSILOR FR ...,https://si.france-optique.com/img/gravures/nasal/web_660-nas-essilor-48.tif.jpg,https://www.france-optique.com/gravures/fournisseur=521,2025-06-13 13:26:44.616666
699,Varilux Comfort 3.0 Fit Orma Eye Protect System et Orma Transitions,ORG,1.5,Fournisseur : ESSILOR FR ...,https://si.france-optique.com/img/gravures/nasal/web_2029-661-nas-essilor-49.tif.jpg,https://www.france-optique.com/gravures/fournisseur=521,2025-06-13 13:26:44.630000
700,Varilux Comfort 3.0 Stylis Eye Protect System et Stylis Transitions,ORG,1.67,Fournisseur : ESSILOR FR ...,https://si.france-optique.com/img/gravures/nasal/web_662-nas-essilor-50.tif.jpg,https://www.france-optique.com/gravures/fournisseur=521,2025-06-13 13:26:44.643333
701,Varilux Comfort 3.0 Ormix Eye Protect System et Ormix Transitions,ORG,1.6,Fournisseur : ESSILOR FR ...,https://si.france-optique.com/img/gravures/nasal/web_659-nas-essilor-47.tif.jpg,https://www.france-optique.com/gravures/fournisseur=521,2025-06-13 13:26:44.656666
702,Varilux Comfort 3.0 Airwear Eye Protect System et Airwear Transitions,ORG,1.59,Fournisseur : ESSILOR FR ...,https://si.france-optique.com/img/gravures/nasal/web_660-nas-essilor-48.tif.jpg,https://www.france-optique.com/gravures/fournisseur=521,2025-06-13 13:26:44.666666
703,Varilux Comfort 3.0 Orma Eye Protect System et Orma Transitions,ORG,1.5,Fournisseur : ESSILOR FR ...,https://si.france-optique.com/img/gravures/nasal/web_2029-661-nas-essilor-49.tif.jpg,https://www.france-optique.com/gravures/fournisseur=521,2025-06-13 13:26:44.676666
704,Varilux Comfort 3.0 Short Stylis Eye Protect System et Stylis Transitions,ORG,1.67,Fournisseur : ESSILOR FR ...,https://si.france-optique.com/img/gravures/nasal/web_662-nas-essilor-50.tif.jpg,https://www.france-optique.com/gravures/fournisseur=521,2025-06-13 13:26:44.690000
705,Varilux Comfort 3.0 Short Ormix Eye Protect System et Ormix Transitions,ORG,1.6,Fournisseur : ESSILOR FR ...,https://si.france-optique.com/img/gravures/nasal/web_659-nas-essilor-47.tif.jpg,https://www.france-optique.com/gravures/fournisseur=521,2025-06-13 13:26:44.700000
706,Varilux Comfort 3.0 Short Airwear Eye Protect System et Airwear Transitions,ORG,1.59,Fournisseur : ESSILOR FR ...,https://si.france-optique.com/img/gravures/nasal/web_660-nas-essilor-48.tif.jpg,https://www.france-optique.com/gravures/fournisseur=521,2025-06-13 13:26:44.713333
707,Varilux Comfort 3.0 Short Orma Eye Protect System et Orma Transitions,ORG,1.5,Fournisseur : ESSILOR FR ...,https://si.france-optique.com/img/gravures/nasal/web_2029-661-nas-essilor-49.tif.jpg,https://www.france-optique.com/gravures/fournisseur=521,2025-06-13 13:26:44.726666
708,Varilux Digitime Near Stylis Eye Protect System,ORG,1.67,Fournisseur : ESSILOR FR ...,https://si.france-optique.com/img/gravures/nasal/web_667-nas-essilor-55.tif.jpg,https://www.france-optique.com/gravures/fournisseur=521,2025-06-13 13:26:44.740000
709,Varilux Digitime Near Stylis Blanc,ORG,1.67,Fournisseur : ESSILOR FR ...,https://si.france-optique.com/img/gravures/nasal/web_667-nas-essilor-55.tif.jpg,https://www.france-optique.com/gravures/fournisseur=521,2025-06-13 13:26:44.750000
710,Varilux Digitime Near Ormix Eye Protect System,ORG,1.6,Fournisseur : ESSILOR FR ...,https://si.france-optique.com/img/gravures/nasal/web_668-nas-essilor-56.tif.jpg,https://www.france-optique.com/gravures/fournisseur=521,2025-06-13 13:26:44.763333
711,Varilux Digitime Near Ormix Blanc,ORG,1.6,Fournisseur : ESSILOR FR ...,https://si.france-optique.com/img/gravures/nasal/web_668-nas-essilor-56.tif.jpg,https://www.france-optique.com/gravures/fournisseur=521,2025-06-13 13:26:44.776666
712,Varilux Digitime Near Airwear Eye Protect System,ORG,1.59,Fournisseur : ESSILOR FR ...,https://si.france-optique.com/img/gravures/nasal/web_669-nas-essilor-57.tif.jpg,https://www.france-optique.com/gravures/fournisseur=521,2025-06-13 13:26:44.790000
713,Varilux Digitime Near Airwear Blanc,ORG,1.59,Fournisseur : ESSILOR FR ...,https://si.france-optique.com/img/gravures/nasal/web_669-nas-essilor-57.tif.jpg,https://www.france-optique.com/gravures/fournisseur=521,2025-06-13 13:26:44.800000
714,Varilux Digitime Near Orma Eye Protect System,ORG,1.5,Fournisseur : ESSILOR FR ...,https://si.france-optique.com/img/gravures/nasal/web_2031-670-nas-essilor-58.tif.jpg,https://www.france-optique.com/gravures/fournisseur=521,2025-06-13 13:26:44.813333
715,Varilux Digitime Near Orma Blanc,ORG,1.5,Fournisseur : ESSILOR FR ...,https://si.france-optique.com/img/gravures/nasal/web_2031-670-nas-essilor-58.tif.jpg,https://www.france-optique.com/gravures/fournisseur=521,2025-06-13 13:26:44.826666
716,Varilux Digitime Near Fit Stylis Eye Protect System,ORG,1.67,Fournisseur : ESSILOR FR ...,https://si.france-optique.com/img/gravures/nasal/web_667-nas-essilor-55.tif.jpg,https://www.france-optique.com/gravures/fournisseur=521,2025-06-13 13:26:44.836666
717,Varilux Digitime Near Fit Stylis Blanc,ORG,1.67,Fournisseur : ESSILOR FR ...,https://si.france-optique.com/img/gravures/nasal/web_667-nas-essilor-55.tif.jpg,https://www.france-optique.com/gravures/fournisseur=521,2025-06-13 13:26:44.850000
718,Varilux Digitime Near Fit Ormix Eye Protect System,ORG,1.6,Fournisseur : ESSILOR FR ...,https://si.france-optique.com/img/gravures/nasal/web_668-nas-essilor-56.tif.jpg,https://www.france-optique.com/gravures/fournisseur=521,2025-06-13 13:26:44.860000
719,Varilux Digitime Near Fit Ormix Blanc,ORG,1.6,Fournisseur : ESSILOR FR ...,https://si.france-optique.com/img/gravures/nasal/web_668-nas-essilor-56.tif.jpg,https://www.france-optique.com/gravures/fournisseur=521,2025-06-13 13:26:44.873333
720,Varilux Digitime Near Fit Airwear Eye Protect System,ORG,1.59,Fournisseur : ESSILOR FR ...,https://si.france-optique.com/img/gravures/nasal/web_669-nas-essilor-57.tif.jpg,https://www.france-optique.com/gravures/fournisseur=521,2025-06-13 13:26:44.886666
721,Varilux Digitime Near Fit Airwear Blanc,ORG,1.59,Fournisseur : ESSILOR FR ...,https://si.france-optique.com/img/gravures/nasal/web_669-nas-essilor-57.tif.jpg,https://www.france-optique.com/gravures/fournisseur=521,2025-06-13 13:26:44.900000
722,Varilux Digitime Near Fit Orma Eye Protect System,ORG,1.5,Fournisseur : ESSILOR FR ...,https://si.france-optique.com/img/gravures/nasal/web_2031-670-nas-essilor-58.tif.jpg,https://www.france-optique.com/gravures/fournisseur=521,2025-06-13 13:26:44.916666
723,Varilux Digitime Near Fit Orma Blanc,ORG,1.5,Fournisseur : ESSILOR FR ...,https://si.france-optique.com/img/gravures/nasal/web_2031-670-nas-essilor-58.tif.jpg,https://www.france-optique.com/gravures/fournisseur=521,2025-06-13 13:26:44.930000
724,Varilux Digitime Mid Stylis Eye Protect System,ORG,1.67,Fournisseur : ESSILOR FR ...,https://si.france-optique.com/img/gravures/nasal/web_674-nas-essilor-59.tif.jpg,https://www.france-optique.com/gravures/fournisseur=521,2025-06-13 13:26:44.940000
725,Varilux Digitime Mid Stylis Blanc,ORG,1.67,Fournisseur : ESSILOR FR ...,https://si.france-optique.com/img/gravures/nasal/web_674-nas-essilor-59.tif.jpg,https://www.france-optique.com/gravures/fournisseur=521,2025-06-13 13:26:44.960000
726,Varilux Digitime Mid Ormix Eye Protect System,ORG,1.6,Fournisseur : ESSILOR FR ...,https://si.france-optique.com/img/gravures/nasal/web_675-nas-essilor-60.tif.jpg,https://www.france-optique.com/gravures/fournisseur=521,2025-06-13 13:26:44.976666
727,Varilux Digitime Mid Ormix Blanc,ORG,1.6,Fournisseur : ESSILOR FR ...,https://si.france-optique.com/img/gravures/nasal/web_675-nas-essilor-60.tif.jpg,https://www.france-optique.com/gravures/fournisseur=521,2025-06-13 13:26:44.990000
728,Varilux Digitime Mid Airwear Eye Protect System,ORG,1.59,Fournisseur : ESSILOR FR ...,https://si.france-optique.com/img/gravures/nasal/web_676-nas-essilor-61.tif.jpg,https://www.france-optique.com/gravures/fournisseur=521,2025-06-13 13:26:45.000000
729,Varilux Digitime Mid Airwear Blanc,ORG,1.59,Fournisseur : ESSILOR FR ...,https://si.france-optique.com/img/gravures/nasal/web_676-nas-essilor-61.tif.jpg,https://www.france-optique.com/gravures/fournisseur=521,2025-06-13 13:26:45.013333
730,Varilux Digitime Mid Orma Eye Protect System,ORG,1.5,Fournisseur : ESSILOR FR ...,https://si.france-optique.com/img/gravures/nasal/web_2030-677-nas-essilor-62.tif.jpg,https://www.france-optique.com/gravures/fournisseur=521,2025-06-13 13:26:45.030000
731,Varilux Digitime Mid Orma Blanc,ORG,1.5,Fournisseur : ESSILOR FR ...,https://si.france-optique.com/img/gravures/nasal/web_2030-677-nas-essilor-62.tif.jpg,https://www.france-optique.com/gravures/fournisseur=521,2025-06-13 13:26:45.043333
732,Varilux Digitime Mid Fit Stylis Eye Protect System,ORG,1.67,Fournisseur : ESSILOR FR ...,https://si.france-optique.com/img/gravures/nasal/web_674-nas-essilor-59.tif.jpg,https://www.france-optique.com/gravures/fournisseur=521,2025-06-13 13:26:45.053333
733,Varilux Digitime Mid Fit Stylis Blanc,ORG,1.67,Fournisseur : ESSILOR FR ...,https://si.france-optique.com/img/gravures/nasal/web_674-nas-essilor-59.tif.jpg,https://www.france-optique.com/gravures/fournisseur=521,2025-06-13 13:26:45.066666
734,Varilux Digitime Mid Fit Ormix Eye Protect System,ORG,1.6,Fournisseur : ESSILOR FR ...,https://si.france-optique.com/img/gravures/nasal/web_675-nas-essilor-60.tif.jpg,https://www.france-optique.com/gravures/fournisseur=521,2025-06-13 13:26:45.080000
735,Varilux Digitime Mid Fit Ormix Blanc,ORG,1.6,Fournisseur : ESSILOR FR ...,https://si.france-optique.com/img/gravures/nasal/web_675-nas-essilor-60.tif.jpg,https://www.france-optique.com/gravures/fournisseur=521,2025-06-13 13:26:45.090000
736,Varilux Digitime Mid Fit Airwear Eye Protect System,ORG,1.59,Fournisseur : ESSILOR FR ...,https://si.france-optique.com/img/gravures/nasal/web_676-nas-essilor-61.tif.jpg,https://www.france-optique.com/gravures/fournisseur=521,2025-06-13 13:26:45.103333
737,Varilux Digitime Mid Fit Airwear Blanc,ORG,1.59,Fournisseur : ESSILOR FR ...,https://si.france-optique.com/img/gravures/nasal/web_676-nas-essilor-61.tif.jpg,https://www.france-optique.com/gravures/fournisseur=521,2025-06-13 13:26:45.113333
738,Amplitude Plus Eynoa 1.67 (11mm - 15mm) Advanced Lights Protection Blanc,ORG Blanc,1.67,Fournisseur : HOYA Visio ...,DA15L ou DA55L,https://www.france-optique.com/gravures/fournisseur=130,2025-06-13 13:26:45.130000
739,Amplitude Plus Eyas 1.60 (11mm - 15mm) Advanced Lights Protection Blanc,ORG Blanc,1.6,Fournisseur : HOYA Visio ...,DA13L ou DA53L,https://www.france-optique.com/gravures/fournisseur=130,2025-06-13 13:26:45.140000
740,Amplitude Plus Organique 1.50 (11mm - 15mm)Advanced Lights Protection Blanc,ORG Blanc,1.5,Fournisseur : HOYA Visio ...,DA11L ou DA51L,https://www.france-optique.com/gravures/fournisseur=130,2025-06-13 13:26:45.153333
741,Aptive Tilium,Polycarbonate,1.59,Produits optiques : BBGR OPTIQUE,https://si.france-optique.com/img/gravures/nasal/web_553-nas-bbgr-116.tif.jpg,https://www.france-optique.com/fournisseur/1344-bbgr-optique/gravures,2025-06-13 13:26:45.166666
742,Aptive OR16,Organique,1.6,Produits optiques : BBGR OPTIQUE,https://si.france-optique.com/img/gravures/nasal/web_554-nas-bbgr-117.tif.jpg,https://www.france-optique.com/fournisseur/1344-bbgr-optique/gravures,2025-06-13 13:26:45.180000
743,Aptive OR167,Organique,1.67,Produits optiques : BBGR OPTIQUE,https://si.france-optique.com/img/gravures/nasal/web_557-nas-bbgr-120.tif.jpg,https://www.france-optique.com/fournisseur/1344-bbgr-optique/gravures,2025-06-13 13:26:45.190000
744,Aptive Mini OR15,Organique,1.5,Produits optiques : BBGR OPTIQUE,https://si.france-optique.com/img/gravures/nasal/web_560-nas-bbgr-123.tif.jpg,https://www.france-optique.com/fournisseur/1344-bbgr-optique/gravures,2025-06-13 13:26:45.200000
745,Aptive Mini OR16,Organique,1.6,Produits optiques : BBGR OPTIQUE,https://si.france-optique.com/img/gravures/nasal/web_558-nas-bbgr-121.tif.jpg,https://www.france-optique.com/fournisseur/1344-bbgr-optique/gravures,2025-06-13 13:26:45.210000
746,Evolis M16,MIN,1.604,Produits optiques : BBGR OPTIQUE,https://si.france-optique.com/img/gravures/nasal/web_531-nas-bbgr-94.tif.jpg,https://www.france-optique.com/fournisseur/1344-bbgr-optique/gravures,2025-06-13 13:26:45.223333
747,Myofocal,MIN,1.807,Produits optiques : BBGR OPTIQUE,https://si.france-optique.com/img/gravures/nasal/web_940-nas-bbgr-159.tif.jpg,https://www.france-optique.com/fournisseur/1344-bbgr-optique/gravures,2025-06-13 13:26:45.236666
748,EasyWork mi-distance OR15,Organique,1.5,Produits optiques : BBGR OPTIQUE,https://si.france-optique.com/img/gravures/nasal/web_564-nas-bbgr-127.tif.jpg,https://www.france-optique.com/fournisseur/1344-bbgr-optique/gravures,2025-06-13 13:26:45.250000
749,EasyWork mi-distance OR16,Organique,1.6,Produits optiques : BBGR OPTIQUE,https://si.france-optique.com/img/gravures/nasal/web_565-nas-bbgr-128.tif.jpg,https://www.france-optique.com/fournisseur/1344-bbgr-optique/gravures,2025-06-13 13:26:45.263333
750,EasyWork progressif OR15,Organique,1.5,Produits optiques : BBGR OPTIQUE,https://si.france-optique.com/img/gravures/nasal/web_767-nas-optic2000-18.tif.jpg,https://www.france-optique.com/fournisseur/1344-bbgr-optique/gravures,2025-06-13 13:26:45.273333
751,EasyWork progressif OR16,Organique,1.6,Produits optiques : BBGR OPTIQUE,https://si.france-optique.com/img/gravures/nasal/web_938-nas-bbgr-157.tif.jpg,https://www.france-optique.com/fournisseur/1344-bbgr-optique/gravures,2025-06-13 13:26:45.290000
752,EasyWork progressif OR167,Organique,1.67,Produits optiques : BBGR OPTIQUE,https://si.france-optique.com/img/gravures/nasal/web_939-nas-bbgr-158.tif.jpg,https://www.france-optique.com/fournisseur/1344-bbgr-optique/gravures,2025-06-13 13:26:45.300000
753,Pulseo 03 OR15,Organique,1.5,Produits optiques : BBGR OPTIQUE,https://si.france-optique.com/img/gravures/nasal/web_577-nas-bbgr-130.tif.jpg,https://www.france-optique.com/fournisseur/1344-bbgr-optique/gravures,2025-06-13 13:26:45.310000
754,Pulseo 06 OR15,Organique,1.5,Produits optiques : BBGR OPTIQUE,https://si.france-optique.com/img/gravures/nasal/web_577-nas-bbgr-130.tif.jpg,https://www.france-optique.com/fournisseur/1344-bbgr-optique/gravures,2025-06-13 13:26:45.323333
755,K Desk 1.5 BLUE/KUT SE,ORG,1.5,K OPTICAL,D 1.5 BK,https://www.france-optique.com/gravures/fournisseur=2217,2025-06-13 13:26:45.333333
756,K Platinium 1.6 Transitions Xtractive Brun et Gris,ORG TRANS,1.6,K OPTICAL,K+ 1.60 XT,https://www.france-optique.com/gravures/fournisseur=2217,2025-06-13 13:26:45.346666
757,K Sport 1.6 Transitions Xtractive Brun et Gris,ORG TRANS,1.6,K OPTICAL,KS 1.60 XT,https://www.france-optique.com/gravures/fournisseur=2217,2025-06-13 13:26:45.360000
758,Kléra HD Platinium Trivex,TVX,1.53,K OPTICAL,KHD 1.53,https://www.france-optique.com/gravures/fournisseur=2217,2025-06-13 13:26:45.373333
759,Kléra HD Platinium 1.67,ORG,1.67,K OPTICAL,KHD 1.67,https://www.france-optique.com/gravures/fournisseur=2217,2025-06-13 13:26:45.386666
760,Kléra Sport 1.67,ORG,1.67,K OPTICAL,KSP 1.67,https://www.france-optique.com/gravures/fournisseur=2217,2025-06-13 13:26:45.400000
761,Kléra Plus Evo 1.67 Kromatic Brun et Gris,ORG PHO.,1.67,K OPTICAL,K+ 1.67 K,https://www.france-optique.com/gravures/fournisseur=2217,2025-06-13 13:26:45.410000
762,K Desk 1.5 Kromatic Brun et Gris,ORG PHO.,1.5,K OPTICAL,D 1.5 K,https://www.france-optique.com/gravures/fournisseur=2217,2025-06-13 13:26:45.423333
763,K Platinium 1.67,ORG,1.67,K OPTICAL,K+ 1.67,https://www.france-optique.com/gravures/fournisseur=2217,2025-06-13 13:26:45.436666
764,Pulseo 09 OR15,Organique,1.5,Produits optiques : BBGR OPTIQUE,https://si.france-optique.com/img/gravures/nasal/web_577-nas-bbgr-130.tif.jpg,https://www.france-optique.com/fournisseur/1344-bbgr-optique/gravures,2025-06-13 13:26:45.450000
765,Pulseo 03 OR16,Organique,1.6,Produits optiques : BBGR OPTIQUE,https://si.france-optique.com/img/gravures/nasal/web_578-nas-bbgr-131.tif.jpg,https://www.france-optique.com/fournisseur/1344-bbgr-optique/gravures,2025-06-13 13:26:45.460000
766,Pulseo 06 OR16,Organique,1.6,Produits optiques : BBGR OPTIQUE,https://si.france-optique.com/img/gravures/nasal/web_578-nas-bbgr-131.tif.jpg,https://www.france-optique.com/fournisseur/1344-bbgr-optique/gravures,2025-06-13 13:26:45.470000
767,Pulseo 09 OR16,Organique,1.6,Produits optiques : BBGR OPTIQUE,https://si.france-optique.com/img/gravures/nasal/web_578-nas-bbgr-131.tif.jpg,https://www.france-optique.com/fournisseur/1344-bbgr-optique/gravures,2025-06-13 13:26:45.483333
768,Pulseo 03 OR167,Organique,1.67,Produits optiques : BBGR OPTIQUE,https://si.france-optique.com/img/gravures/nasal/web_580-nas-bbgr-133.tif.jpg,https://www.france-optique.com/fournisseur/1344-bbgr-optique/gravures,2025-06-13 13:26:45.496666
769,Pulseo 06 OR167,Organique,1.67,Produits optiques : BBGR OPTIQUE,https://si.france-optique.com/img/gravures/nasal/web_580-nas-bbgr-133.tif.jpg,https://www.france-optique.com/fournisseur/1344-bbgr-optique/gravures,2025-06-13 13:26:45.506666
770,Pulseo 09 OR167,Organique,1.67,Produits optiques : BBGR OPTIQUE,https://si.france-optique.com/img/gravures/nasal/web_580-nas-bbgr-133.tif.jpg,https://www.france-optique.com/fournisseur/1344-bbgr-optique/gravures,2025-06-13 13:26:45.520000
771,Pulseo 03 OR174,Organique,1.74,Produits optiques : BBGR OPTIQUE,https://si.france-optique.com/img/gravures/nasal/web_582-nas-bbgr-135.tif.jpg,https://www.france-optique.com/fournisseur/1344-bbgr-optique/gravures,2025-06-13 13:26:45.530000
772,Pulseo 06 OR174,Organique,1.74,Produits optiques : BBGR OPTIQUE,https://si.france-optique.com/img/gravures/nasal/web_582-nas-bbgr-135.tif.jpg,https://www.france-optique.com/fournisseur/1344-bbgr-optique/gravures,2025-06-13 13:26:45.543333
773,Pulseo 09 OR174,Organique,1.74,Produits optiques : BBGR OPTIQUE,https://si.france-optique.com/img/gravures/nasal/web_582-nas-bbgr-135.tif.jpg,https://www.france-optique.com/fournisseur/1344-bbgr-optique/gravures,2025-06-13 13:26:45.553333
774,Aspheo OR15,Organique,1.5,Produits optiques : BBGR OPTIQUE,https://si.france-optique.com/img/gravures/nasal/web_567-nas-nikon-38.tif.jpg,https://www.france-optique.com/fournisseur/1344-bbgr-optique/gravures,2025-06-13 13:26:45.566666
775,Aspheo Tilium,Polycarbonate,1.59,Produits optiques : BBGR OPTIQUE,https://si.france-optique.com/img/gravures/nasal/web_568-nas-nikon-39.tif.jpg,https://www.france-optique.com/fournisseur/1344-bbgr-optique/gravures,2025-06-13 13:26:45.576666
776,Aspheo OR16,Organique,1.6,Produits optiques : BBGR OPTIQUE,https://si.france-optique.com/img/gravures/nasal/web_569-nas-nikon-40.tif.jpg,https://www.france-optique.com/fournisseur/1344-bbgr-optique/gravures,2025-06-13 13:26:45.590000
777,Aspheo OR167,Organique,1.67,Produits optiques : BBGR OPTIQUE,https://si.france-optique.com/img/gravures/nasal/web_570-nas-nikon-41.tif.jpg,https://www.france-optique.com/fournisseur/1344-bbgr-optique/gravures,2025-06-13 13:26:45.600000
778,Impression B.I.G. EXACT Mono 1.5,ORG,1.5,RODENSTOCK,65 50,https://www.france-optique.com/gravures/fournisseur=2069,2025-06-13 13:26:45.610000
779,Aspheo OR174,Organique,1.74,Produits optiques : BBGR OPTIQUE,https://si.france-optique.com/img/gravures/nasal/web_571-nas-nikon-42.tif.jpg,https://www.france-optique.com/fournisseur/1344-bbgr-optique/gravures,2025-06-13 13:26:45.620000
780,Aspheo PdM OR15,Organique,1.5,Produits optiques : BBGR OPTIQUE,https://si.france-optique.com/img/gravures/nasal/web_572-nas-nikon-43.tif.jpg,https://www.france-optique.com/fournisseur/1344-bbgr-optique/gravures,2025-06-13 13:26:45.633333
781,Aspheo PdM Tilium,Polycarbonate,1.59,Produits optiques : BBGR OPTIQUE,https://si.france-optique.com/img/gravures/nasal/web_573-nas-nikon-44.tif.jpg,https://www.france-optique.com/fournisseur/1344-bbgr-optique/gravures,2025-06-13 13:26:45.646666
782,Aspheo PdM OR16,Organique,1.6,Produits optiques : BBGR OPTIQUE,https://si.france-optique.com/img/gravures/nasal/web_574-nas-nikon-45.tif.jpg,https://www.france-optique.com/fournisseur/1344-bbgr-optique/gravures,2025-06-13 13:26:45.656666
783,Aspheo PdM OR167,Organique,1.67,Produits optiques : BBGR OPTIQUE,https://si.france-optique.com/img/gravures/nasal/web_575-nas-nikon-46.tif.jpg,https://www.france-optique.com/fournisseur/1344-bbgr-optique/gravures,2025-06-13 13:26:45.666666
784,Aspheo PdM OR174,Organique,1.74,Produits optiques : BBGR OPTIQUE,https://si.france-optique.com/img/gravures/nasal/web_576-nas-nikon-47.tif.jpg,https://www.france-optique.com/fournisseur/1344-bbgr-optique/gravures,2025-06-13 13:26:45.676666
785,Progressif OR15,ORG,1.5,Produits optiques : BBGR OPTIQUE,https://si.france-optique.com/img/gravures/nasal/web_1197-Engraving Classe A BBGR PROGRESSIF 15 Nasal.tif.jpg,https://www.france-optique.com/fournisseur/1344-bbgr-optique/gravures,2025-06-13 13:26:45.690000
786,Progressif OR16,ORG,1.6,Produits optiques : BBGR OPTIQUE,https://si.france-optique.com/img/gravures/nasal/web_1199-Engraving Classe A BBGR PROGRESSIF 16 Nasal.tif.jpg,https://www.france-optique.com/fournisseur/1344-bbgr-optique/gravures,2025-06-13 13:26:45.700000
787,Progressif OR167,ORG,1.67,Produits optiques : BBGR OPTIQUE,https://si.france-optique.com/img/gravures/nasal/web_1206-Engraving Classe A BBGR PROGRESSIF 167 Nasal.tif.jpg,https://www.france-optique.com/fournisseur/1344-bbgr-optique/gravures,2025-06-13 13:26:45.713333
788,Progressif OR174,ORG,1.74,Produits optiques : BBGR OPTIQUE,https://si.france-optique.com/img/gravures/nasal/web_1208-Engraving Classe A BBGR PROGRESSIF 174 Nasal.tif.jpg,https://www.france-optique.com/fournisseur/1344-bbgr-optique/gravures,2025-06-13 13:26:45.723333
789,Progressif Forte Puissance OR15,ORG,1.5,Produits optiques : BBGR OPTIQUE,https://si.france-optique.com/img/gravures/nasal/web_1211-BBGR PROGRESSIF 15 Forte Puissance Nasal.tif.jpg,https://www.france-optique.com/fournisseur/1344-bbgr-optique/gravures,2025-06-13 13:26:45.736666
790,Progressif Forte Puissance OR174,ORG,1.74,Produits optiques : BBGR OPTIQUE,https://si.france-optique.com/img/gravures/nasal/web_1210-BBGR PROGRESSIF 174 Forte Puissance Nasal.tif.jpg,https://www.france-optique.com/fournisseur/1344-bbgr-optique/gravures,2025-06-13 13:26:45.750000
791,Mi-distance OR15,ORG,1.5,Produits optiques : BBGR OPTIQUE,https://si.france-optique.com/img/gravures/nasal/web_1203-Engraving Classe A BBGR MIDISTANCE 15 Nasal.tif.jpg,https://www.france-optique.com/fournisseur/1344-bbgr-optique/gravures,2025-06-13 13:26:45.763333
792,Mi-distance OR16,ORG,1.6,Produits optiques : BBGR OPTIQUE,https://si.france-optique.com/img/gravures/nasal/web_1204-Engraving Classe A BBGR MIDISTANCE 16 Nasal.tif.jpg,https://www.france-optique.com/fournisseur/1344-bbgr-optique/gravures,2025-06-13 13:26:45.773333
793,K Sport 1.67,ORG,1.67,K OPTICAL,KS 1.67,https://www.france-optique.com/gravures/fournisseur=2217,2025-06-13 13:26:45.786666
794,Varilux Digitime Mid Fit Orma Eye Protect System,ORG,1.5,Fournisseur : ESSILOR FR ...,https://si.france-optique.com/img/gravures/nasal/web_2030-677-nas-essilor-62.tif.jpg,https://www.france-optique.com/gravures/fournisseur=521,2025-06-13 13:26:45.800000
795,Impression B.I.G. EXACT Mono 1.6,ORG,1.6,RODENSTOCK,65 60,https://www.france-optique.com/gravures/fournisseur=2069,2025-06-13 13:26:45.810000
796,Impression B.I.G. EXACT Mono 1.67,ORG,1.67,RODENSTOCK,65 67,https://www.france-optique.com/gravures/fournisseur=2069,2025-06-13 13:26:45.820000
797,Impression B.I.G. EXACT Mono 1.74,ORG,1.74,RODENSTOCK,65 74,https://www.france-optique.com/gravures/fournisseur=2069,2025-06-13 13:26:45.836666
798,Impression B.I.G. NORM Mono Plus 1.5,ORG,1.5,RODENSTOCK,65 50,https://www.france-optique.com/gravures/fournisseur=2069,2025-06-13 13:26:45.850000
799,Impression B.I.G. NORM Mono Plus 1.6,ORG,1.6,RODENSTOCK,65 60,https://www.france-optique.com/gravures/fournisseur=2069,2025-06-13 13:26:45.860000
800,Impression B.I.G. NORM Mono Plus 1.67,ORG,1.67,RODENSTOCK,65 67,https://www.france-optique.com/gravures/fournisseur=2069,2025-06-13 13:26:45.873333
801,Impression B.I.G. NORM Mono Plus 1.74,ORG,1.74,RODENSTOCK,65 74,https://www.france-optique.com/gravures/fournisseur=2069,2025-06-13 13:26:45.883333
802,Impression B.I.G. EXACT Mono Plus 1.5,ORG,1.5,RODENSTOCK,65 50,https://www.france-optique.com/gravures/fournisseur=2069,2025-06-13 13:26:45.893333
803,Impression B.I.G. EXACT Mono Plus 1.6,ORG,1.6,RODENSTOCK,65 60,https://www.france-optique.com/gravures/fournisseur=2069,2025-06-13 13:26:45.906666
804,Impression B.I.G. EXACT Mono Plus 1.67,ORG,1.67,RODENSTOCK,65 67,https://www.france-optique.com/gravures/fournisseur=2069,2025-06-13 13:26:45.920000
805,Impression B.I.G. EXACT Mono Plus 1.74,ORG,1.74,RODENSTOCK,65 74,https://www.france-optique.com/gravures/fournisseur=2069,2025-06-13 13:26:45.933333
806,Multigressiv B.I.G. NORM Mono 1.5,ORG,1.5,RODENSTOCK,65 50,https://www.france-optique.com/gravures/fournisseur=2069,2025-06-13 13:26:45.943333
807,Multigressiv B.I.G. NORM Mono 1.6,ORG,1.6,RODENSTOCK,65 60,https://www.france-optique.com/gravures/fournisseur=2069,2025-06-13 13:26:45.956666
808,Multigressiv B.I.G. NORM Mono 1.67,ORG,1.67,RODENSTOCK,65 67,https://www.france-optique.com/gravures/fournisseur=2069,2025-06-13 13:26:45.960000
809,Multigressiv B.I.G. NORM Mono 1.74,ORG,1.74,RODENSTOCK,65 74,https://www.france-optique.com/gravures/fournisseur=2069,2025-06-13 13:26:45.973333
810,Multigressiv B.I.G. EXACT Mono 1.5,ORG,1.5,RODENSTOCK,65 50,https://www.france-optique.com/gravures/fournisseur=2069,2025-06-13 13:26:45.983333
811,Multigressiv B.I.G. EXACT Mono 1.6,ORG,1.6,RODENSTOCK,65 60,https://www.france-optique.com/gravures/fournisseur=2069,2025-06-13 13:26:45.993333
812,Multigressiv B.I.G. EXACT Mono 1.67,ORG,1.67,RODENSTOCK,65 67,https://www.france-optique.com/gravures/fournisseur=2069,2025-06-13 13:26:46.006666
813,Multigressiv B.I.G. EXACT Mono 1.74,ORG,1.74,RODENSTOCK,65 74,https://www.france-optique.com/gravures/fournisseur=2069,2025-06-13 13:26:46.016666
814,Multigressiv B.I.G. NORM Mono Plus 1.5,ORG,1.5,RODENSTOCK,65 50,https://www.france-optique.com/gravures/fournisseur=2069,2025-06-13 13:26:46.030000
815,Multigressiv B.I.G. NORM Mono Plus 1.6,ORG,1.6,RODENSTOCK,65 60,https://www.france-optique.com/gravures/fournisseur=2069,2025-06-13 13:26:46.043333
816,Multigressiv B.I.G. NORM Mono Plus 1.67,ORG,1.67,RODENSTOCK,65 67,https://www.france-optique.com/gravures/fournisseur=2069,2025-06-13 13:26:46.056666
817,Multigressiv B.I.G. NORM Mono Plus 1.74,ORG,1.74,RODENSTOCK,65 74,https://www.france-optique.com/gravures/fournisseur=2069,2025-06-13 13:26:46.076666
818,Multigressiv B.I.G. EXACT Mono Plus 1.5,ORG,1.5,RODENSTOCK,65 50,https://www.france-optique.com/gravures/fournisseur=2069,2025-06-13 13:26:46.086666
819,Multigressiv B.I.G. EXACT Mono Plus 1.6,ORg,1.6,RODENSTOCK,65 60,https://www.france-optique.com/gravures/fournisseur=2069,2025-06-13 13:26:46.100000
820,Multigressiv B.I.G. EXACT Mono Plus 1.67,ORG,1.67,RODENSTOCK,65 67,https://www.france-optique.com/gravures/fournisseur=2069,2025-06-13 13:26:46.113333
821,Multigressiv B.I.G. EXACT Mono Plus 1.74,ORG,1.74,RODENSTOCK,65 74,https://www.france-optique.com/gravures/fournisseur=2069,2025-06-13 13:26:46.126666
822,Cosmolit B.I.G. NORM Mono 1.5,ORG,1.5,RODENSTOCK,65 50,https://www.france-optique.com/gravures/fournisseur=2069,2025-06-13 13:26:46.136666
823,Cosmolit B.I.G. NORM Mono 1.6,ORG,1.6,RODENSTOCK,65 60,https://www.france-optique.com/gravures/fournisseur=2069,2025-06-13 13:26:46.150000
824,Cosmolit B.I.G. NORM Mono 1.67,ORG,1.67,RODENSTOCK,65 67,https://www.france-optique.com/gravures/fournisseur=2069,2025-06-13 13:26:46.160000
825,Cosmolit B.I.G. NORM Mono 1.74,ORG,1.74,RODENSTOCK,65 74,https://www.france-optique.com/gravures/fournisseur=2069,2025-06-13 13:26:46.170000
826,Cosmolit B.I.G. EXACT Mono 1.5,ORG,1.5,RODENSTOCK,65 50,https://www.france-optique.com/gravures/fournisseur=2069,2025-06-13 13:26:46.183333
827,Cosmolit B.I.G. EXACT Mono 1.6,ORG,1.6,RODENSTOCK,65 60,https://www.france-optique.com/gravures/fournisseur=2069,2025-06-13 13:26:46.196666
828,Cosmolit B.I.G. EXACT Mono 1.67,ORG,1.67,RODENSTOCK,65 67,https://www.france-optique.com/gravures/fournisseur=2069,2025-06-13 13:26:46.206666
829,Cosmolit B.I.G. EXACT Mono 1.74,ORG,1.74,RODENSTOCK,65 74,https://www.france-optique.com/gravures/fournisseur=2069,2025-06-13 13:26:46.220000
830,Informance ONE INFINITE ColorMatic 3 1.54,ORG,1.54,RODENSTOCK,45 54,https://www.france-optique.com/gravures/fournisseur=2069,2025-06-13 13:26:46.233333
831,Informance ONE FREE ColorMatic 3 1.54,ORG,1.54,RODENSTOCK,45 54,https://www.france-optique.com/gravures/fournisseur=2069,2025-06-13 13:26:46.246666
832,Cosmolit B.I.G. NORM Mono Plus 1.5,ORG,1.5,RODENSTOCK,65 50,https://www.france-optique.com/gravures/fournisseur=2069,2025-06-13 13:26:46.256666
833,Cosmolit B.I.G. NORM Mono Plus 1.6,ORG,1.6,RODENSTOCK,65 60,https://www.france-optique.com/gravures/fournisseur=2069,2025-06-13 13:26:46.266666
834,Cosmolit B.I.G. NORM Mono Plus 1.67,ORG,1.67,RODENSTOCK,65 67,https://www.france-optique.com/gravures/fournisseur=2069,2025-06-13 13:26:46.280000
835,Cosmolit B.I.G. NORM Mono Plus 1.74,ORG,1.74,RODENSTOCK,65 74,https://www.france-optique.com/gravures/fournisseur=2069,2025-06-13 13:26:46.290000
836,Cosmolit B.I.G. EXACT Mono Plus 1.5,ORG,1.5,RODENSTOCK,65 50,https://www.france-optique.com/gravures/fournisseur=2069,2025-06-13 13:26:46.303333
837,Cosmolit B.I.G. EXACT Mono Plus 1.6,ORG,1.6,RODENSTOCK,65 60,https://www.france-optique.com/gravures/fournisseur=2069,2025-06-13 13:26:46.316666
838,Cosmolit B.I.G. EXACT Mono Plus 1.67,ORG,1.67,RODENSTOCK,65 67,https://www.france-optique.com/gravures/fournisseur=2069,2025-06-13 13:26:46.326666
839,Cosmolit B.I.G. EXACT Mono Plus 1.74,ORG,1.74,RODENSTOCK,65 74,https://www.france-optique.com/gravures/fournisseur=2069,2025-06-13 13:26:46.340000
840,Impression B.I.G. NORM Mono Sport 1.5,ORG,1.5,RODENSTOCK,65 50,https://www.france-optique.com/gravures/fournisseur=2069,2025-06-13 13:26:46.350000
841,Impression B.I.G. NORM Mono Sport 1.6,ORG,1.6,RODENSTOCK,65 60,https://www.france-optique.com/gravures/fournisseur=2069,2025-06-13 13:26:46.363333
842,Impression B.I.G. NORM Mono Sport 1.67,ORG,1.67,RODENSTOCK,65 67,https://www.france-optique.com/gravures/fournisseur=2069,2025-06-13 13:26:46.376666
843,Impression B.I.G. EXACT Mono Sport 1.5,ORG,1.5,RODENSTOCK,65 50,https://www.france-optique.com/gravures/fournisseur=2069,2025-06-13 13:26:46.390000
844,Impression B.I.G. EXACT Mono Sport 1.6,ORG,1.6,RODENSTOCK,65 60,https://www.france-optique.com/gravures/fournisseur=2069,2025-06-13 13:26:46.400000
845,"SEIKO PRIME Xceed 1,74 IP+ Bl.",ORG,1.74,SEIKO OPTICAL FRANCE,https://si.france-optique.com/img/gravures/nasal/web_267-nas-seiko-01.tif.jpg,https://www.france-optique.com/gravures/fournisseur=1407,2025-06-13 13:26:46.413333
846,"VARIOVID® Cat.4 Blanc, ESM, Transitions®, Transitions® XTRActive™, Polarisant",ORG,1.5,,https://si.france-optique.com/img/gravures/nasal/web_1824-nas-leica-V4L.tif.jpg,https://www.france-optique.com/gravures/fournisseur=2532,2025-06-13 13:26:46.426666
847,"VARIOVID® Cat.4 Blanc, ESM, Transitions®, Transitions® XTRActive™, Polarisant",ORG,1.6,,https://si.france-optique.com/img/gravures/nasal/web_1824-nas-leica-V4L.tif.jpg,https://www.france-optique.com/gravures/fournisseur=2532,2025-06-13 13:26:46.436666
848,"VARIOVID® Cat.4 Blanc, ESM, Transitions®, Transitions® XTRActive™, Polarisant",ORG,1.67,,https://si.france-optique.com/img/gravures/nasal/web_1824-nas-leica-V4L.tif.jpg,https://www.france-optique.com/gravures/fournisseur=2532,2025-06-13 13:26:46.450000
849,VARIOVID® Cat.4,ORG,1.74,,https://si.france-optique.com/img/gravures/nasal/web_1824-nas-leica-V4L.tif.jpg,https://www.france-optique.com/gravures/fournisseur=2532,2025-06-13 13:26:46.463333
850,"VARIOVID® Cat.3 Blanc, ESM, Transitions®, Transitions® XTRActive™, Polarisant",ORG,1.5,,https://si.france-optique.com/img/gravures/nasal/web_1823-nas-leica-V3L.tif.jpg,https://www.france-optique.com/gravures/fournisseur=2532,2025-06-13 13:26:46.476666
851,"VARIOVID® Cat.3 Blanc, ESM, Transitions®, Transitions® XTRActive™, Polarisant",ORG,1.6,,https://si.france-optique.com/img/gravures/nasal/web_1823-nas-leica-V3L.tif.jpg,https://www.france-optique.com/gravures/fournisseur=2532,2025-06-13 13:26:46.486666
852,"VARIOVID® Cat.3 Blanc, ESM, Transitions®, Transitions® XTRActive™, Polarisant",ORG,1.67,,https://si.france-optique.com/img/gravures/nasal/web_1823-nas-leica-V3L.tif.jpg,https://www.france-optique.com/gravures/fournisseur=2532,2025-06-13 13:26:46.496666
853,VARIOVID® Cat.3,ORG,1.74,,https://si.france-optique.com/img/gravures/nasal/web_1823-nas-leica-V3L.tif.jpg,https://www.france-optique.com/gravures/fournisseur=2532,2025-06-13 13:26:46.510000
854,"VARIOVID® Cat.2 Blanc, ESM, Transitions®, Transitions® XTRActive™, Polarisant",ORG,1.5,,https://si.france-optique.com/img/gravures/nasal/web_1822-nas-leica-V2L.tif.jpg,https://www.france-optique.com/gravures/fournisseur=2532,2025-06-13 13:26:46.520000
855,"VARIOVID® Cat.2 Blanc, ESM, Transitions®, Transitions® XTRActive™, Polarisant",ORG,1.6,,https://si.france-optique.com/img/gravures/nasal/web_1822-nas-leica-V2L.tif.jpg,https://www.france-optique.com/gravures/fournisseur=2532,2025-06-13 13:26:46.533333
856,"VARIOVID® Cat.2 Blanc, ESM, Transitions®, Transitions® XTRActive™, Polarisant",ORG,1.67,,https://si.france-optique.com/img/gravures/nasal/web_1822-nas-leica-V2L.tif.jpg,https://www.france-optique.com/gravures/fournisseur=2532,2025-06-13 13:26:46.543333
857,VARIOVID® Cat.2,ORG,1.74,,https://si.france-optique.com/img/gravures/nasal/web_1822-nas-leica-V2L.tif.jpg,https://www.france-optique.com/gravures/fournisseur=2532,2025-06-13 13:26:46.560000
858,"VARIOVID® Cat.1 Blanc, ESM, Transitions®, Transitions® XTRActive™, Polarisant",ORG,1.5,,https://si.france-optique.com/img/gravures/nasal/web_1821-nas-leica-V1L.tif.jpg,https://www.france-optique.com/gravures/fournisseur=2532,2025-06-13 13:26:46.570000
859,"VARIOVID® Cat.1 Blanc, ESM, Transitions®, Transitions® XTRActive™, Polarisant",ORG,1.6,,https://si.france-optique.com/img/gravures/nasal/web_1821-nas-leica-V1L.tif.jpg,https://www.france-optique.com/gravures/fournisseur=2532,2025-06-13 13:26:46.580000
860,"VARIOVID® Cat.1 Blanc, ESM, Transitions®, Transitions® XTRActive™, Polarisant",ORG,1.67,,https://si.france-optique.com/img/gravures/nasal/web_1821-nas-leica-V1L.tif.jpg,https://www.france-optique.com/gravures/fournisseur=2532,2025-06-13 13:26:46.593333
861,VARIOVID® Cat.1,ORG,1.74,,https://si.france-optique.com/img/gravures/nasal/web_1821-nas-leica-V1L.tif.jpg,https://www.france-optique.com/gravures/fournisseur=2532,2025-06-13 13:26:46.606666
938,Impression B.I.G. EXACT Sensitive Mono Sport,ORG,1.6,RODENSTOCK,65 60,https://www.france-optique.com/gravures/fournisseur=2069,2025-06-13 13:26:47.546666
862,"MONOVID® Asph Cat.1 Blanc, ESM, Transitions®, Transitions® XTRActive™, Polarisant",ORG,1.5,,https://si.france-optique.com/img/gravures/nasal/web_1817-nas-leica-M1L.tif.jpg,https://www.france-optique.com/gravures/fournisseur=2532,2025-06-13 13:26:46.620000
863,"MONOVID® Asph Cat.1 Blanc, ESM, Transitions®, Transitions® XTRActive™, Polarisant",ORG,1.6,,https://si.france-optique.com/img/gravures/nasal/web_1817-nas-leica-M1L.tif.jpg,https://www.france-optique.com/gravures/fournisseur=2532,2025-06-13 13:26:46.633333
864,"MONOVID® Asph Cat.1 Blanc, ESM, Transitions®, Transitions® XTRActive™, Polarisant",ORG,1.67,,https://si.france-optique.com/img/gravures/nasal/web_1817-nas-leica-M1L.tif.jpg,https://www.france-optique.com/gravures/fournisseur=2532,2025-06-13 13:26:46.643333
865,MONOVID® Asph Cat.1,ORG,1.74,,https://si.france-optique.com/img/gravures/nasal/web_1817-nas-leica-M1L.tif.jpg,https://www.france-optique.com/gravures/fournisseur=2532,2025-06-13 13:26:46.656666
866,"MONOVID® DIGITAL Cat.4 Blanc, ESM, Transitions®, Transitions® XTRActive™, Polarisant",ORG,1.5,,https://si.france-optique.com/img/gravures/nasal/web_1820-nas-leica-MD4L.tif.jpg,https://www.france-optique.com/gravures/fournisseur=2532,2025-06-13 13:26:46.670000
867,"MONOVID® DIGITAL Cat.4 Blanc, ESM, Transitions®, Transitions® XTRActive™, Polarisant",ORG,1.6,,https://si.france-optique.com/img/gravures/nasal/web_1820-nas-leica-MD4L.tif.jpg,https://www.france-optique.com/gravures/fournisseur=2532,2025-06-13 13:26:46.680000
868,"MONOVID® DIGITAL Cat.4 Blanc, ESM, Transitions®, Transitions® XTRActive™, Polarisant",ORG,1.67,,https://si.france-optique.com/img/gravures/nasal/web_1820-nas-leica-MD4L.tif.jpg,https://www.france-optique.com/gravures/fournisseur=2532,2025-06-13 13:26:46.690000
869,MONOVID® DIGITAL Cat.4,ORG,1.74,,https://si.france-optique.com/img/gravures/nasal/web_1820-nas-leica-MD4L.tif.jpg,https://www.france-optique.com/gravures/fournisseur=2532,2025-06-13 13:26:46.703333
870,"MONOVID® DIGITAL Cat.1 Blanc, ESM, Transitions®, Transitions® XTRActive™, Polarisant",ORG,1.5,,https://si.france-optique.com/img/gravures/nasal/web_1819-nas-leica-MD1L.tif.jpg,https://www.france-optique.com/gravures/fournisseur=2532,2025-06-13 13:26:46.716666
871,"MONOVID® DIGITAL Cat.1 Blanc, ESM, Transitions®, Transitions® XTRActive™, Polarisant",ORG,1.6,,https://si.france-optique.com/img/gravures/nasal/web_1819-nas-leica-MD1L.tif.jpg,https://www.france-optique.com/gravures/fournisseur=2532,2025-06-13 13:26:46.726666
872,"MONOVID® DIGITAL Cat.1 Blanc, ESM, Transitions®, Transitions® XTRActive™, Polarisant",ORG,1.67,,https://si.france-optique.com/img/gravures/nasal/web_1819-nas-leica-MD1L.tif.jpg,https://www.france-optique.com/gravures/fournisseur=2532,2025-06-13 13:26:46.740000
873,MONOVID® DIGITAL Cat.1,ORG,1.74,,https://si.france-optique.com/img/gravures/nasal/web_1819-nas-leica-MD1L.tif.jpg,https://www.france-optique.com/gravures/fournisseur=2532,2025-06-13 13:26:46.750000
874,"MONOVID® Cat.3 Blanc, ESM, Transitions®, Transitions® XTRActive™, Polarisant",ORG,1.5,,https://si.france-optique.com/img/gravures/nasal/web_1818-nas-leica-M3L.tif.jpg,https://www.france-optique.com/gravures/fournisseur=2532,2025-06-13 13:26:46.763333
875,"MONOVID® Cat.3 Blanc, ESM, Transitions®, Transitions® XTRActive™, Polarisant",ORG,1.6,,https://si.france-optique.com/img/gravures/nasal/web_1818-nas-leica-M3L.tif.jpg,https://www.france-optique.com/gravures/fournisseur=2532,2025-06-13 13:26:46.776666
876,"MONOVID® Cat.3 Blanc, ESM, Transitions®, Transitions® XTRActive™, Polarisant",ORG,1.67,,https://si.france-optique.com/img/gravures/nasal/web_1818-nas-leica-M3L.tif.jpg,https://www.france-optique.com/gravures/fournisseur=2532,2025-06-13 13:26:46.786666
877,MONOVID® Cat.3,ORG,1.74,,https://si.france-optique.com/img/gravures/nasal/web_1818-nas-leica-M3L.tif.jpg,https://www.france-optique.com/gravures/fournisseur=2532,2025-06-13 13:26:46.803333
878,"MONOVID® Cat.1 Blanc, ESM, Transitions®, Transitions® XTRActive™, Polarisant",ORG,1.5,,https://si.france-optique.com/img/gravures/nasal/web_1817-nas-leica-M1L.tif.jpg,https://www.france-optique.com/gravures/fournisseur=2532,2025-06-13 13:26:46.813333
879,"MONOVID® Cat.1 Blanc, ESM, Transitions®, Transitions® XTRActive™, Polarisant",ORG,1.6,,https://si.france-optique.com/img/gravures/nasal/web_1817-nas-leica-M1L.tif.jpg,https://www.france-optique.com/gravures/fournisseur=2532,2025-06-13 13:26:46.826666
880,Progressif Forte Puissance OR167,ORG,1.67,Produits optiques : BBGR OPTIQUE,https://si.france-optique.com/img/gravures/nasal/web_1557-BBGRPROGRESSIFfortepuissance167Nasal.tif.jpg,https://www.france-optique.com/fournisseur/1344-bbgr-optique/gravures,2025-06-13 13:26:46.843333
881,Pulseo PdM 03 OR15,ORG,1.5,Produits optiques : BBGR OPTIQUE,https://si.france-optique.com/img/gravures/nasal/web_1857-Pulseo-Pdm-5.tif.jpg,https://www.france-optique.com/fournisseur/1344-bbgr-optique/gravures,2025-06-13 13:26:46.856666
882,Pulseo PdM 06 OR15,ORG,1.5,Produits optiques : BBGR OPTIQUE,https://si.france-optique.com/img/gravures/nasal/web_1857-Pulseo-Pdm-5.tif.jpg,https://www.france-optique.com/fournisseur/1344-bbgr-optique/gravures,2025-06-13 13:26:46.866666
883,Pulseo PdM 09 OR15,ORG,1.5,Produits optiques : BBGR OPTIQUE,https://si.france-optique.com/img/gravures/nasal/web_1857-Pulseo-Pdm-5.tif.jpg,https://www.france-optique.com/fournisseur/1344-bbgr-optique/gravures,2025-06-13 13:26:46.880000
884,Pulseo PdM 03 OR16,ORG,1.6,Produits optiques : BBGR OPTIQUE,https://si.france-optique.com/img/gravures/nasal/web_1858-Pulseo-Pdm-6.tif.jpg,https://www.france-optique.com/fournisseur/1344-bbgr-optique/gravures,2025-06-13 13:26:46.890000
885,Pulseo PdM 06 OR16,ORG,1.6,Produits optiques : BBGR OPTIQUE,https://si.france-optique.com/img/gravures/nasal/web_1858-Pulseo-Pdm-6.tif.jpg,https://www.france-optique.com/fournisseur/1344-bbgr-optique/gravures,2025-06-13 13:26:46.900000
886,Pulseo PdM 09 OR16,ORG,1.6,Produits optiques : BBGR OPTIQUE,https://si.france-optique.com/img/gravures/nasal/web_1858-Pulseo-Pdm-6.tif.jpg,https://www.france-optique.com/fournisseur/1344-bbgr-optique/gravures,2025-06-13 13:26:46.910000
887,Pulseo PdM 03 OR167,ORG,1.67,Produits optiques : BBGR OPTIQUE,https://si.france-optique.com/img/gravures/nasal/web_1859-Pulseo-Pdm-67.tif.jpg,https://www.france-optique.com/fournisseur/1344-bbgr-optique/gravures,2025-06-13 13:26:46.923333
888,Pulseo PdM 06 OR167,ORG,1.67,Produits optiques : BBGR OPTIQUE,https://si.france-optique.com/img/gravures/nasal/web_1859-Pulseo-Pdm-67.tif.jpg,https://www.france-optique.com/fournisseur/1344-bbgr-optique/gravures,2025-06-13 13:26:46.940000
889,Pulseo PdM 09 OR167,ORG,1.67,Produits optiques : BBGR OPTIQUE,https://si.france-optique.com/img/gravures/nasal/web_1859-Pulseo-Pdm-67.tif.jpg,https://www.france-optique.com/fournisseur/1344-bbgr-optique/gravures,2025-06-13 13:26:46.950000
890,Pulseo PdM 03 OR174,ORG,1.74,Produits optiques : BBGR OPTIQUE,https://si.france-optique.com/img/gravures/nasal/web_1860-Pulseo-Pdm-74.tif.jpg,https://www.france-optique.com/fournisseur/1344-bbgr-optique/gravures,2025-06-13 13:26:46.960000
891,Pulseo PdM 06 OR174,ORG,1.74,Produits optiques : BBGR OPTIQUE,https://si.france-optique.com/img/gravures/nasal/web_1860-Pulseo-Pdm-74.tif.jpg,https://www.france-optique.com/fournisseur/1344-bbgr-optique/gravures,2025-06-13 13:26:46.973333
892,Pulseo PdM 09 OR174,ORG,1.74,Produits optiques : BBGR OPTIQUE,https://si.france-optique.com/img/gravures/nasal/web_1860-Pulseo-Pdm-74.tif.jpg,https://www.france-optique.com/fournisseur/1344-bbgr-optique/gravures,2025-06-13 13:26:46.983333
893,"SEIKO PRIME Xceed / FR 1,67 IP+ Bl. /Sens./PolarT.",ORG,1.67,SEIKO OPTICAL FRANCE,https://si.france-optique.com/img/gravures/nasal/web_268-nas-seiko-02.tif.jpg,https://www.france-optique.com/gravures/fournisseur=1407,2025-06-13 13:26:46.996666
894,"SEIKO PRIME Xceed / FR 1,60 IP+ Bl./Sens./PolarT.",ORG,1.6,SEIKO OPTICAL FRANCE,https://si.france-optique.com/img/gravures/nasal/web_270-nas-seiko-04.tif.jpg,https://www.france-optique.com/gravures/fournisseur=1407,2025-06-13 13:26:47.006666
895,"SEIKO PRIME Xceed / FR 1,50 Bl./Sens./Pola.",ORG,1.5,SEIKO OPTICAL FRANCE,https://si.france-optique.com/img/gravures/nasal/web_271-nas-seiko-05.tif.jpg,https://www.france-optique.com/gravures/fournisseur=1407,2025-06-13 13:26:47.020000
896,"SEIKO PRIME X 1,74 IP+ Bl.",ORG,1.74,SEIKO OPTICAL FRANCE,https://si.france-optique.com/img/gravures/nasal/web_267-nas-seiko-01.tif.jpg,https://www.france-optique.com/gravures/fournisseur=1407,2025-06-13 13:26:47.033333
897,"SEIKO PRIME X / FR 1,67 IP+ Bl./Sens./PolarT.",ORG,1.67,SEIKO OPTICAL FRANCE,https://si.france-optique.com/img/gravures/nasal/web_268-nas-seiko-02.tif.jpg,https://www.france-optique.com/gravures/fournisseur=1407,2025-06-13 13:26:47.046666
898,"SEIKO PRIME X / FR 1,60 IP+ Bl./Sens./PolarT.",ORG,1.6,SEIKO OPTICAL FRANCE,https://si.france-optique.com/img/gravures/nasal/web_270-nas-seiko-04.tif.jpg,https://www.france-optique.com/gravures/fournisseur=1407,2025-06-13 13:26:47.056666
899,"SEIKO PRIME X / FR 1,50 Bl./Sens./Pola.",ORG,1.5,SEIKO OPTICAL FRANCE,https://si.france-optique.com/img/gravures/nasal/web_271-nas-seiko-05.tif.jpg,https://www.france-optique.com/gravures/fournisseur=1407,2025-06-13 13:26:47.070000
900,"SEIKO SUPERIOR Xcel 1,74 IP+ Bl.",ORG,1.74,SEIKO OPTICAL FRANCE,https://si.france-optique.com/img/gravures/nasal/web_267-nas-seiko-01.tif.jpg,https://www.france-optique.com/gravures/fournisseur=1407,2025-06-13 13:26:47.083333
901,"SEIKO SUPERIOR Xcel 1,67 IP+ Bl./Sens./PolarT.",ORG,1.67,SEIKO OPTICAL FRANCE,https://si.france-optique.com/img/gravures/nasal/web_268-nas-seiko-02.tif.jpg,https://www.france-optique.com/gravures/fournisseur=1407,2025-06-13 13:26:47.096666
902,"SEIKO SUPERIOR Xcel 1,60 IP+ Bl./Sens./PolarT.",ORG,1.6,SEIKO OPTICAL FRANCE,https://si.france-optique.com/img/gravures/nasal/web_270-nas-seiko-04.tif.jpg,https://www.france-optique.com/gravures/fournisseur=1407,2025-06-13 13:26:47.106666
903,"SEIKO SUPERIOR Xcel 1,50 Bl./Sens./Pola.",ORG,1.5,SEIKO OPTICAL FRANCE,https://si.france-optique.com/img/gravures/nasal/web_271-nas-seiko-05.tif.jpg,https://www.france-optique.com/gravures/fournisseur=1407,2025-06-13 13:26:47.120000
904,"SEIKO SUPERIOR 1,74 IP+ Bl.",ORG,1.74,SEIKO OPTICAL FRANCE,https://si.france-optique.com/img/gravures/nasal/web_267-nas-seiko-01.tif.jpg,https://www.france-optique.com/gravures/fournisseur=1407,2025-06-13 13:26:47.130000
905,"SEIKO SUPERIOR 1,67 IP+ Bl./PolarT.",ORG,1.67,SEIKO OPTICAL FRANCE,https://si.france-optique.com/img/gravures/nasal/web_268-nas-seiko-02.tif.jpg,https://www.france-optique.com/gravures/fournisseur=1407,2025-06-13 13:26:47.143333
906,"SEIKO SUPERIOR 1,60 IP+ Bl./PolarT.",ORG,1.6,SEIKO OPTICAL FRANCE,https://si.france-optique.com/img/gravures/nasal/web_270-nas-seiko-04.tif.jpg,https://www.france-optique.com/gravures/fournisseur=1407,2025-06-13 13:26:47.153333
907,"SEIKO SUPERIOR 1,50 Bl./Pola.",ORG,1.5,SEIKO OPTICAL FRANCE,https://si.france-optique.com/img/gravures/nasal/web_271-nas-seiko-05.tif.jpg,https://www.france-optique.com/gravures/fournisseur=1407,2025-06-13 13:26:47.166666
908,"SEIKO EMBLEM XtraWide 1,74 IP+ Bl.",ORG,1.74,SEIKO OPTICAL FRANCE,https://si.france-optique.com/img/gravures/nasal/web_267-nas-seiko-01.tif.jpg,https://www.france-optique.com/gravures/fournisseur=1407,2025-06-13 13:26:47.180000
909,"SEIKO EMBLEM XtraWide / FR 1,67 IP+ Bl./Sens./ PolarT.",ORG,1.67,SEIKO OPTICAL FRANCE,https://si.france-optique.com/img/gravures/nasal/web_268-nas-seiko-02.tif.jpg,https://www.france-optique.com/gravures/fournisseur=1407,2025-06-13 13:26:47.193333
910,"SEIKO EMBLEM XtraWide / FR 1,60 IP+ Bl./Sens./ PolarT.",ORG,1.6,SEIKO OPTICAL FRANCE,https://si.france-optique.com/img/gravures/nasal/web_270-nas-seiko-04.tif.jpg,https://www.france-optique.com/gravures/fournisseur=1407,2025-06-13 13:26:47.203333
911,"SEIKO EMBLEM XtraWide/ FR 1,50 Bl./Sens./Pola.",ORG,1.5,SEIKO OPTICAL FRANCE,https://si.france-optique.com/img/gravures/nasal/web_271-nas-seiko-05.tif.jpg,https://www.france-optique.com/gravures/fournisseur=1407,2025-06-13 13:26:47.213333
912,"SEIKO SYNERGY Xtra 1,74 IP+ Bl.",ORG,1.74,SEIKO OPTICAL FRANCE,https://si.france-optique.com/img/gravures/nasal/web_267-nas-seiko-01.tif.jpg,https://www.france-optique.com/gravures/fournisseur=1407,2025-06-13 13:26:47.226666
913,Impression B.I.G. EXACT Mono Sport 1.67,ORg,1.67,RODENSTOCK,65 67,https://www.france-optique.com/gravures/fournisseur=2069,2025-06-13 13:26:47.240000
914,"""Impression B.I.G. EXACT Sensitive Active/ Allround L/ Allround M/ Allround V/ Allround S/ Expert/ Individual/ Road""",ORG,1.5,RODENSTOCK,65 50,https://www.france-optique.com/gravures/fournisseur=2069,2025-06-13 13:26:47.250000
915,"""Impression B.I.G. EXACT Sensitive Active/ Allround L/ Allround M/ Allround V/ Allround S/ Expert/ Individual/ Road""",ORG,1.54,RODENSTOCK,65 54,https://www.france-optique.com/gravures/fournisseur=2069,2025-06-13 13:26:47.260000
916,"""Impression B.I.G. EXACT Sensitive Active/ Allround L/ Allround M/ Allround V/ Allround S/ Expert/ Individual/ Road""",ORG,1.6,RODENSTOCK,65 60,https://www.france-optique.com/gravures/fournisseur=2069,2025-06-13 13:26:47.270000
917,"""Impression B.I.G. EXACT Sensitive Active/ Allround L/ Allround M/ Allround V/ Allround S/ Expert/ Individual/ Road""",ORG,1.67,RODENSTOCK,65 67,https://www.france-optique.com/gravures/fournisseur=2069,2025-06-13 13:26:47.283333
918,"""Impression B.I.G. EXACT Sensitive Active/ Allround L/ Allround M/ Allround V/ Allround S/ Expert/ Individual/ Road""",ORG,1.74,RODENSTOCK,65 74,https://www.france-optique.com/gravures/fournisseur=2069,2025-06-13 13:26:47.293333
919,Impression B.I.G. EXACT Sensitive Ergo Book / PC / Room,OG,1.5,RODENSTOCK,65 50,https://www.france-optique.com/gravures/fournisseur=2069,2025-06-13 13:26:47.306666
920,Impression B.I.G. EXACT Sensitive Ergo Book / PC / Room,ORG,1.54,RODENSTOCK,65 54,https://www.france-optique.com/gravures/fournisseur=2069,2025-06-13 13:26:47.320000
921,Impression B.I.G. EXACT Sensitive Ergo Book / PC / Room,ORG,1.6,RODENSTOCK,65 60,https://www.france-optique.com/gravures/fournisseur=2069,2025-06-13 13:26:47.333333
922,Impression B.I.G. EXACT Sensitive Ergo Book / PC / Room,ORG,1.67,RODENSTOCK,65 67,https://www.france-optique.com/gravures/fournisseur=2069,2025-06-13 13:26:47.346666
923,Impression B.I.G. EXACT Sensitive Ergo Book / PC / Room,ORG,1.74,RODENSTOCK,65 74,https://www.france-optique.com/gravures/fournisseur=2069,2025-06-13 13:26:47.356666
924,Impression B.I.G. EXACT Sensitive Mono + + 0.5 / + 0.8 / + 1.1,ORG,1.5,RODENSTOCK,65 50,https://www.france-optique.com/gravures/fournisseur=2069,2025-06-13 13:26:47.370000
925,Impression B.I.G. EXACT Sensitive Mono + + 0.5 / + 0.8 / + 1.1,ORG,1.54,RODENSTOCK,65 54,https://www.france-optique.com/gravures/fournisseur=2069,2025-06-13 13:26:47.383333
926,Impression B.I.G. EXACT Sensitive Mono + + 0.5 / + 0.8 / + 1.1,ORG,1.6,RODENSTOCK,65 60,https://www.france-optique.com/gravures/fournisseur=2069,2025-06-13 13:26:47.396666
927,Impression B.I.G. EXACT Sensitive Mono + + 0.5 / + 0.8 / + 1.1,ORG,1.67,RODENSTOCK,65 67,https://www.france-optique.com/gravures/fournisseur=2069,2025-06-13 13:26:47.406666
928,Impression B.I.G. EXACT Sensitive Mono + + 0.5 / + 0.8 / + 1.1,ORG,1.74,RODENSTOCK,65 74,https://www.france-optique.com/gravures/fournisseur=2069,2025-06-13 13:26:47.420000
929,Impression B.I.G. EXACT Sensitive Mono,ORG,1.5,RODENSTOCK,65 50,https://www.france-optique.com/gravures/fournisseur=2069,2025-06-13 13:26:47.430000
930,Impression B.I.G. EXACT Sensitive Mono,ORG,1.54,RODENSTOCK,65 54,https://www.france-optique.com/gravures/fournisseur=2069,2025-06-13 13:26:47.446666
931,Impression B.I.G. EXACT Sensitive Mono,ORG,1.6,RODENSTOCK,65 60,https://www.france-optique.com/gravures/fournisseur=2069,2025-06-13 13:26:47.456666
932,Impression B.I.G. EXACT Sensitive Mono,ORG,1.67,RODENSTOCK,65 67,https://www.france-optique.com/gravures/fournisseur=2069,2025-06-13 13:26:47.470000
933,Impression B.I.G. EXACT Sensitive Mono,ORG,1.74,RODENSTOCK,65 74,https://www.france-optique.com/gravures/fournisseur=2069,2025-06-13 13:26:47.480000
934,Impression B.I.G. EXACT Sensitive Sport,ORG,1.5,RODENSTOCK,65 50,https://www.france-optique.com/gravures/fournisseur=2069,2025-06-13 13:26:47.493333
935,Impression B.I.G. EXACT Sensitive Sport,ORG,1.6,RODENSTOCK,65 60,https://www.france-optique.com/gravures/fournisseur=2069,2025-06-13 13:26:47.506666
936,Impression B.I.G. EXACT Sensitive Sport,ORG,1.67,RODENSTOCK,65 67,https://www.france-optique.com/gravures/fournisseur=2069,2025-06-13 13:26:47.516666
937,Impression B.I.G. EXACT Sensitive Mono Sport,ORG,1.5,RODENSTOCK,65 50,https://www.france-optique.com/gravures/fournisseur=2069,2025-06-13 13:26:47.530000
939,Impression B.I.G. EXACT Sensitive Mono Sport,ORG,1.67,RODENSTOCK,65 67,https://www.france-optique.com/gravures/fournisseur=2069,2025-06-13 13:26:47.556666
940,MyCon ou MyCon2,ORG,1.5,RODENSTOCK,None,https://www.france-optique.com/gravures/fournisseur=2069,2025-06-13 13:26:47.570000
941,MyCon ou MyCon2,ORG,1.6,RODENSTOCK,None,https://www.france-optique.com/gravures/fournisseur=2069,2025-06-13 13:26:47.580000
942,MyCon ou MyCon2,ORG,1.67,RODENSTOCK,None,https://www.france-optique.com/gravures/fournisseur=2069,2025-06-13 13:26:47.593333
943,MyCon ou MyCon2,ORG,1.74,RODENSTOCK,None,https://www.france-optique.com/gravures/fournisseur=2069,2025-06-13 13:26:47.603333
944,Kléra HD Platinium 1.67 BLUE/KUT SE,ORG,1.67,K OPTICAL,KHD 1.67 BK,https://www.france-optique.com/gravures/fournisseur=2217,2025-06-13 13:26:47.620000
945,Kléra Sport 1.67 BLUE/KUT SE,ORG,1.67,K OPTICAL,KSP 1.67 BK,https://www.france-optique.com/gravures/fournisseur=2217,2025-06-13 13:26:47.630000
946,K Platinium 1.67 BLUE/KUT SE,ORG,1.67,K OPTICAL,K+ 1.67 BK,https://www.france-optique.com/gravures/fournisseur=2217,2025-06-13 13:26:47.643333
947,K Repos 1.67,ORG,1.67,K OPTICAL,KR 1.67,https://www.france-optique.com/gravures/fournisseur=2217,2025-06-13 13:26:47.656666
948,K Sport 1.67 BLUE/KUT SE,ORG,1.67,K OPTICAL,KS 1.67 BK,https://www.france-optique.com/gravures/fournisseur=2217,2025-06-13 13:26:47.670000
949,Kléra HD Platinium Trivex BLUE/KUT SE,TVX,1.53,K OPTICAL,KHD 1.53 BK,https://www.france-optique.com/gravures/fournisseur=2217,2025-06-13 13:26:47.683333
950,Kléra Plus Evo 1.67 Kromatic BLUE/KUT SE Brun et Gris,ORG PHO,1.67,K OPTICAL,K+ 1.67 KB,https://www.france-optique.com/gravures/fournisseur=2217,2025-06-13 13:26:47.700000
951,K Desk 1.5 Kromatic BLUE/KUT SE Brun et Gris,ORG PHO,1.5,K OPTICAL,D 1.5 KB,https://www.france-optique.com/gravures/fournisseur=2217,2025-06-13 13:26:47.710000
952,Kléra HD Platinium Trivex Polarisant Brun et Gris,TVX POLA.,1.53,K OPTICAL,KHD 1.53 POL,https://www.france-optique.com/gravures/fournisseur=2217,2025-06-13 13:26:47.726666
953,Kléra HD Platinium 1.67 Kromatic Brun et Gris,ORG PHO.,1.67,K OPTICAL,KHD 1.67 K,https://www.france-optique.com/gravures/fournisseur=2217,2025-06-13 13:26:47.740000
954,Kléra Sport 1.67 Kromatic Brun et Gris,ORG PHO.,1.67,K OPTICAL,KSP 1.67 K,https://www.france-optique.com/gravures/fournisseur=2217,2025-06-13 13:26:47.763333
955,"Kléra Plus Evo 1.67 Transitions 8 Brun, Gris et Vert",ORG TRANS,1.67,K OPTICAL,K+ 1.67 T8,https://www.france-optique.com/gravures/fournisseur=2217,2025-06-13 13:26:47.780000
956,K Office 1.5,ORG,1.5,K OPTICAL,O 1.5,https://www.france-optique.com/gravures/fournisseur=2217,2025-06-13 13:26:47.790000
957,K Platinium 1.67 Kromatic Brun et Gris,ORG PHO,1.67,K OPTICAL,K+ 1.67 K,https://www.france-optique.com/gravures/fournisseur=2217,2025-06-13 13:26:47.803333
958,K Repos 1.67 BLUE/KUT SE,ORG,1.67,K OPTICAL,KR 1.67 BK,https://www.france-optique.com/gravures/fournisseur=2217,2025-06-13 13:26:47.816666
959,K Sport 1.67 Kromatic Brun et Gris,ORG PHO,1.67,K OPTICAL,KS 1.67 K,https://www.france-optique.com/gravures/fournisseur=2217,2025-06-13 13:26:47.830000
960,Kléra HD Platinium Trivex Transitions 8 Brun et Gris,TVX TRANS,1.53,K OPTICAL,KHD 1.53 T8,https://www.france-optique.com/gravures/fournisseur=2217,2025-06-13 13:26:47.843333
961,Kléra Plus Evo 1.67 Transitions Xtractive Brun et Gris,ORG TRANS,1.67,K OPTICAL,K+ 1.67 XT,https://www.france-optique.com/gravures/fournisseur=2217,2025-06-13 13:26:47.856666
962,K Office 1.5 BLUE/KUT SE,ORG,1.5,K OPTICAL,O 1.5 BK,https://www.france-optique.com/gravures/fournisseur=2217,2025-06-13 13:26:47.870000
963,K Repos 1.67 Kromatic Brun et Gris,ORG PHO,1.67,K OPTICAL,KR 1.67 K,https://www.france-optique.com/gravures/fournisseur=2217,2025-06-13 13:26:47.883333
964,Kléra HD Platinium 1.67 Kromatic BLUEKUT SE Brun et Gris,ORG PHO,1.67,K OPTICAL,KHD 1.67 KB,https://www.france-optique.com/gravures/fournisseur=2217,2025-06-13 13:26:47.896666
965,Kléra Sport 1.67 Kromatic BLUE/KUT SE Brun et Gris,ORG PHO,1.67,K OPTICAL,KSP 1.67 KB,https://www.france-optique.com/gravures/fournisseur=2217,2025-06-13 13:26:47.910000
966,K Platinium 1.67 Kromatic BLUE/KUT SE Brun et Gris,ORG PHO,1.67,K OPTICAL,K+ 1.67 KB,https://www.france-optique.com/gravures/fournisseur=2217,2025-06-13 13:26:47.923333
967,K Sport 1.67 Kromatic BLUE/KUT SE Brun et Gris,ORG PHO,1.67,K OPTICAL,KS 1.67 KB,https://www.france-optique.com/gravures/fournisseur=2217,2025-06-13 13:26:47.936666
968,Kléra HD Platinium Trivex Transitions Xtractive Gris,TVX TRANS,1.53,K OPTICAL,KHD 1.53 XT,https://www.france-optique.com/gravures/fournisseur=2217,2025-06-13 13:26:47.950000
969,Kléra HD Platinium 1.67 Polarisant Brun et Gris,ORG POLA.,1.67,K OPTICAL,KHD 1.67 POL,https://www.france-optique.com/gravures/fournisseur=2217,2025-06-13 13:26:47.963333
970,Kléra Sport 1.67 Polarisant Brun et Gris,ORG POLA.,1.67,K OPTICAL,KSP 1.67 POL,https://www.france-optique.com/gravures/fournisseur=2217,2025-06-13 13:26:47.976666
971,K Office 1.5 Kromatic Brun et Gris,ORG PHO.,1.5,K OPTICAL,O 1.5 K,https://www.france-optique.com/gravures/fournisseur=2217,2025-06-13 13:26:47.993333
972,K Platinium 1.67 Polarisant Brun et Gris,ORG POLA,1.67,K OPTICAL,K+ 1.67 POL,https://www.france-optique.com/gravures/fournisseur=2217,2025-06-13 13:26:48.006666
973,K Sport 1.67 Polarisant Brun et Gris,ORG POLA,1.67,K OPTICAL,KS 1.67 POL,https://www.france-optique.com/gravures/fournisseur=2217,2025-06-13 13:26:48.020000
974,Kléra Plus Evo 1.67 Transitions 8 Style,ORG TRANS,1.67,K OPTICAL,K+ 1.67 TS,https://www.france-optique.com/gravures/fournisseur=2217,2025-06-13 13:26:48.036666
975,K Repos 1.67 Kromatic BLUE/KUT SE Brun et Gris,ORG PHO,1.67,K OPTICAL,KR 1.67 KB,https://www.france-optique.com/gravures/fournisseur=2217,2025-06-13 13:26:48.046666
976,Varilux Digitime Mid Fit Orma Blanc,ORG,1.5,Fournisseur : ESSILOR FR ...,https://si.france-optique.com/img/gravures/nasal/web_2030-677-nas-essilor-62.tif.jpg,https://www.france-optique.com/gravures/fournisseur=521,2025-06-13 13:26:48.060000
977,Varilux Digitime Room Stylis Eye Protect System,ORG,1.67,Fournisseur : ESSILOR FR ...,https://si.france-optique.com/img/gravures/nasal/web_678-nas-essilor-63.tif.jpg,https://www.france-optique.com/gravures/fournisseur=521,2025-06-13 13:26:48.073333
978,Varilux Digitime Room Stylis Blanc,ORG,1.67,Fournisseur : ESSILOR FR ...,https://si.france-optique.com/img/gravures/nasal/web_678-nas-essilor-63.tif.jpg,https://www.france-optique.com/gravures/fournisseur=521,2025-06-13 13:26:48.083333
979,Varilux Digitime Room Ormix Eye Protect System,ORG,1.6,Fournisseur : ESSILOR FR ...,https://si.france-optique.com/img/gravures/nasal/web_679-nas-essilor-64.tif.jpg,https://www.france-optique.com/gravures/fournisseur=521,2025-06-13 13:26:48.093333
980,Varilux Digitime Room Ormix Blanc,ORG,1.6,Fournisseur : ESSILOR FR ...,https://si.france-optique.com/img/gravures/nasal/web_679-nas-essilor-64.tif.jpg,https://www.france-optique.com/gravures/fournisseur=521,2025-06-13 13:26:48.106666
981,Varilux Digitime Room Airwear Eye Protect System,ORG,1.59,Fournisseur : ESSILOR FR ...,https://si.france-optique.com/img/gravures/nasal/web_680-nas-essilor-65.tif.jpg,https://www.france-optique.com/gravures/fournisseur=521,2025-06-13 13:26:48.116666
982,Varilux Digitime Room Airwear Blanc,ORG,1.59,Fournisseur : ESSILOR FR ...,https://si.france-optique.com/img/gravures/nasal/web_680-nas-essilor-65.tif.jpg,https://www.france-optique.com/gravures/fournisseur=521,2025-06-13 13:26:48.126666
983,Varilux Digitime Room Orma Eye Protect System,ORG,1.5,Fournisseur : ESSILOR FR ...,https://si.france-optique.com/img/gravures/nasal/web_2032-681-nas-essilor-66.tif.jpg,https://www.france-optique.com/gravures/fournisseur=521,2025-06-13 13:26:48.140000
984,Varilux Digitime Room Orma Blanc,ORG,1.5,Fournisseur : ESSILOR FR ...,https://si.france-optique.com/img/gravures/nasal/web_2032-681-nas-essilor-66.tif.jpg,https://www.france-optique.com/gravures/fournisseur=521,2025-06-13 13:26:48.150000
985,Varilux Digitime Room Fit Stylis Eye Protect System,ORG,1.67,Fournisseur : ESSILOR FR ...,https://si.france-optique.com/img/gravures/nasal/web_678-nas-essilor-63.tif.jpg,https://www.france-optique.com/gravures/fournisseur=521,2025-06-13 13:26:48.163333
986,Varilux Digitime Room Fit Stylis Blanc,ORG,1.67,Fournisseur : ESSILOR FR ...,https://si.france-optique.com/img/gravures/nasal/web_678-nas-essilor-63.tif.jpg,https://www.france-optique.com/gravures/fournisseur=521,2025-06-13 13:26:48.180000
987,Varilux Digitime Room Fit Ormix Eye Protect System,ORG,1.6,Fournisseur : ESSILOR FR ...,https://si.france-optique.com/img/gravures/nasal/web_679-nas-essilor-64.tif.jpg,https://www.france-optique.com/gravures/fournisseur=521,2025-06-13 13:26:48.193333
988,Varilux Digitime Room Fit Ormix Blanc,ORG,1.6,Fournisseur : ESSILOR FR ...,https://si.france-optique.com/img/gravures/nasal/web_679-nas-essilor-64.tif.jpg,https://www.france-optique.com/gravures/fournisseur=521,2025-06-13 13:26:48.203333
989,Varilux Digitime Room Fit Airwear Eye Protect System,ORG,1.59,Fournisseur : ESSILOR FR ...,https://si.france-optique.com/img/gravures/nasal/web_680-nas-essilor-65.tif.jpg,https://www.france-optique.com/gravures/fournisseur=521,2025-06-13 13:26:48.216666
990,Varilux Digitime Room Fit Airwear Blanc,ORG,1.59,Fournisseur : ESSILOR FR ...,https://si.france-optique.com/img/gravures/nasal/web_680-nas-essilor-65.tif.jpg,https://www.france-optique.com/gravures/fournisseur=521,2025-06-13 13:26:48.230000
991,Varilux Digitime Room Fit Orma Eye Protect System,ORG,1.5,Fournisseur : ESSILOR FR ...,https://si.france-optique.com/img/gravures/nasal/web_2032-681-nas-essilor-66.tif.jpg,https://www.france-optique.com/gravures/fournisseur=521,2025-06-13 13:26:48.240000
992,Varilux Digitime Room Fit Orma Blanc,ORG,1.5,Fournisseur : ESSILOR FR ...,https://si.france-optique.com/img/gravures/nasal/web_2032-681-nas-essilor-66.tif.jpg,https://www.france-optique.com/gravures/fournisseur=521,2025-06-13 13:26:48.253333
993,Varilux Sport,ORG,1.59,Fournisseur : ESSILOR FR ...,https://si.france-optique.com/img/gravures/nasal/web_683-nas-essilor-68.tif.jpg,https://www.france-optique.com/gravures/fournisseur=521,2025-06-13 13:26:48.266666
994,Varilux Road Pilot II Orma ( variation 0.75 ),ORG,1.5,Fournisseur : ESSILOR FR ...,https://si.france-optique.com/img/gravures/nasal/web_1298-nas-essilor-19%20new.tif.jpg,https://www.france-optique.com/gravures/fournisseur=521,2025-06-13 13:26:48.280000
995,Essilor Amatsi Xtra Fit Stylis et Stylis Transitions,ORG,1.67,Fournisseur : ESSILOR FR ...,https://si.france-optique.com/img/gravures/nasal/web_688-nas-essilor-71.tif.jpg,https://www.france-optique.com/gravures/fournisseur=521,2025-06-13 13:26:48.290000
996,Essilor Amatsi Xtra Fit Ormix et Ormix Transitions,ORG,1.6,Fournisseur : ESSILOR FR ...,https://si.france-optique.com/img/gravures/nasal/web_689-nas-essilor-72.tif.jpg,https://www.france-optique.com/gravures/fournisseur=521,2025-06-13 13:26:48.303333
997,Essilor Amatsi Xtra Fit Airwear et Airwear Transitions,ORG,1.59,Fournisseur : ESSILOR FR ...,https://si.france-optique.com/img/gravures/nasal/web_690-nas-essilor-73.tif.jpg,https://www.france-optique.com/gravures/fournisseur=521,2025-06-13 13:26:48.316666
998,Essilor Amatsi Xtra Fit Orma et Orma Transitions,ORG,1.5,Fournisseur : ESSILOR FR ...,https://si.france-optique.com/img/gravures/nasal/web_2020-690-nas-essilor-74.tif.jpg,https://www.france-optique.com/gravures/fournisseur=521,2025-06-13 13:26:48.326666
999,Essilor Amatsi Xtra Stylis et Stylis Transitions,ORG,1.67,Fournisseur : ESSILOR FR ...,https://si.france-optique.com/img/gravures/nasal/web_693-nas-essilor-76.tif.jpg,https://www.france-optique.com/gravures/fournisseur=521,2025-06-13 13:26:48.336666
1000,Essilor Amatsi Xtra Ormix et Ormix Transitions,ORG,1.6,Fournisseur : ESSILOR FR ...,https://si.france-optique.com/img/gravures/nasal/web_694-nas-essilor-77.tif.jpg,https://www.france-optique.com/gravures/fournisseur=521,2025-06-13 13:26:48.350000
1001,Essilor Amatsi Xtra Airwear et Airwear Transitions,ORG,1.59,Fournisseur : ESSILOR FR ...,https://si.france-optique.com/img/gravures/nasal/web_695-nas-essilor-78.tif.jpg,https://www.france-optique.com/gravures/fournisseur=521,2025-06-13 13:26:48.360000
1002,Essilor Amatsi Xtra Orma et Orma Transitions,ORG,1.5,Fournisseur : ESSILOR FR ...,https://si.france-optique.com/img/gravures/nasal/web_2013-692-nas-essilor-75.tif.jpg,https://www.france-optique.com/gravures/fournisseur=521,2025-06-13 13:26:48.370000
1003,Essilor Amatsi Xtra Short Stylis,ORG,1.67,Fournisseur : ESSILOR FR ...,https://si.france-optique.com/img/gravures/nasal/web_697-nas-essilor-80.tif.jpg,https://www.france-optique.com/gravures/fournisseur=521,2025-06-13 13:26:48.380000
1004,Essilor Amatsi Xtra Short Ormix,ORG,1.6,Fournisseur : ESSILOR FR ...,https://si.france-optique.com/img/gravures/nasal/web_698-nas-essilor-81.tif.jpg,https://www.france-optique.com/gravures/fournisseur=521,2025-06-13 13:26:48.396666
1005,"MONOVID® Cat.1 Blanc, ESM, Transitions®, Transitions® XTRActive™, Polarisant",ORG,1.67,,https://si.france-optique.com/img/gravures/nasal/web_1817-nas-leica-M1L.tif.jpg,https://www.france-optique.com/gravures/fournisseur=2532,2025-06-13 13:26:48.406666
1006,MONOVID® Cat.1,ORG,1.74,,https://si.france-optique.com/img/gravures/nasal/web_1817-nas-leica-M1L.tif.jpg,https://www.france-optique.com/gravures/fournisseur=2532,2025-06-13 13:26:48.420000
1007,"DIGIVID® Cat.3 Blanc, ESM, Transitions®, Transitions® XTRActive™, Polarisant",ORG,1.5,,https://si.france-optique.com/img/gravures/nasal/web_1816-nas-leica-D3L.tif.jpg,https://www.france-optique.com/gravures/fournisseur=2532,2025-06-13 13:26:48.430000
1008,"DIGIVID® Cat.3 Blanc, ESM, Transitions®, Transitions® XTRActive™, Polarisant",ORG,1.6,,https://si.france-optique.com/img/gravures/nasal/web_1816-nas-leica-D3L.tif.jpg,https://www.france-optique.com/gravures/fournisseur=2532,2025-06-13 13:26:48.440000
1009,"DIGIVID® Cat.3 Blanc, ESM, Transitions®, Transitions® XTRActive™, Polarisant",ORG,1.67,,https://si.france-optique.com/img/gravures/nasal/web_1816-nas-leica-D3L.tif.jpg,https://www.france-optique.com/gravures/fournisseur=2532,2025-06-13 13:26:48.453333
1010,DIGIVID® Cat.3,ORG,1.74,,https://si.france-optique.com/img/gravures/nasal/web_1816-nas-leica-D3L.tif.jpg,https://www.france-optique.com/gravures/fournisseur=2532,2025-06-13 13:26:48.466666
1011,"DIGIVID® Cat.1 Blanc, ESM, Transitions®, Transitions® XTRActive™, Polarisant",ORG,1.5,,https://si.france-optique.com/img/gravures/nasal/web_1815-nas-leica-D1L.tif.jpg,https://www.france-optique.com/gravures/fournisseur=2532,2025-06-13 13:26:48.476666
1012,"DIGIVID® Cat.1 Blanc, ESM, Transitions®, Transitions® XTRActive™, Polarisant",ORG,1.6,,https://si.france-optique.com/img/gravures/nasal/web_1815-nas-leica-D1L.tif.jpg,https://www.france-optique.com/gravures/fournisseur=2532,2025-06-13 13:26:48.490000
1013,"DIGIVID® Cat.1 Blanc, ESM, Transitions®, Transitions® XTRActive™, Polarisant",ORG,1.67,,https://si.france-optique.com/img/gravures/nasal/web_1815-nas-leica-D1L.tif.jpg,https://www.france-optique.com/gravures/fournisseur=2532,2025-06-13 13:26:48.500000
1014,DIGIVID® Cat.1,ORG,1.74,,https://si.france-optique.com/img/gravures/nasal/web_1815-nas-leica-D1L.tif.jpg,https://www.france-optique.com/gravures/fournisseur=2532,2025-06-13 13:26:48.513333
1015,"SEIKO SYNERGY Xtra / FR 1,67 IP+ Bl./Sens./PolarT.",ORG,1.67,SEIKO OPTICAL FRANCE,https://si.france-optique.com/img/gravures/nasal/web_268-nas-seiko-02.tif.jpg,https://www.france-optique.com/gravures/fournisseur=1407,2025-06-13 13:26:48.523333
1016,"SEIKO SYNERGY Xtra / FR 1,60 IP+ Bl./Sens./PolarT.",ORG,1.6,SEIKO OPTICAL FRANCE,https://si.france-optique.com/img/gravures/nasal/web_270-nas-seiko-04.tif.jpg,https://www.france-optique.com/gravures/fournisseur=1407,2025-06-13 13:26:48.536666
1017,"SEIKO SYNERGY Xtra / FR 1,50 Bl./Sens./Pola.",ORG,1.5,SEIKO OPTICAL FRANCE,https://si.france-optique.com/img/gravures/nasal/web_271-nas-seiko-05.tif.jpg,https://www.france-optique.com/gravures/fournisseur=1407,2025-06-13 13:26:48.550000
1018,SEIKO INDOOR 200 1.74 IP+ Bl.,ORG,1.74,SEIKO OPTICAL FRANCE,https://si.france-optique.com/img/gravures/nasal/web_267-nas-seiko-01.tif.jpg,https://www.france-optique.com/gravures/fournisseur=1407,2025-06-13 13:26:48.560000
1019,SEIKO INDOOR 200 / FR 1.67 IP+ Bl.,ORG,1.67,SEIKO OPTICAL FRANCE,https://si.france-optique.com/img/gravures/nasal/web_268-nas-seiko-02.tif.jpg,https://www.france-optique.com/gravures/fournisseur=1407,2025-06-13 13:26:48.573333
1020,SEIKO INDOOR 200 / FR 1.60 IP+ Bl.,ORG,1.6,SEIKO OPTICAL FRANCE,https://si.france-optique.com/img/gravures/nasal/web_270-nas-seiko-04.tif.jpg,https://www.france-optique.com/gravures/fournisseur=1407,2025-06-13 13:26:48.583333
1021,SEIKO INDOOR 200 / FR 1.50 Bl.,ORG,1.5,SEIKO OPTICAL FRANCE,https://si.france-optique.com/img/gravures/nasal/web_271-nas-seiko-05.tif.jpg,https://www.france-optique.com/gravures/fournisseur=1407,2025-06-13 13:26:48.593333
1022,SEIKO INDOOR 100 1.74 IP+ Bl.,ORG,1.74,SEIKO OPTICAL FRANCE,https://si.france-optique.com/img/gravures/nasal/web_267-nas-seiko-01.tif.jpg,https://www.france-optique.com/gravures/fournisseur=1407,2025-06-13 13:26:48.603333
1023,SEIKO INDOOR 100 / FR 1.67 IP+ Bl.,ORG,1.67,SEIKO OPTICAL FRANCE,https://si.france-optique.com/img/gravures/nasal/web_268-nas-seiko-02.tif.jpg,https://www.france-optique.com/gravures/fournisseur=1407,2025-06-13 13:26:48.616666
1024,SEIKO INDOOR 100 / FR 1.60 IP+ Bl.,ORG,1.6,SEIKO OPTICAL FRANCE,https://si.france-optique.com/img/gravures/nasal/web_270-nas-seiko-04.tif.jpg,https://www.france-optique.com/gravures/fournisseur=1407,2025-06-13 13:26:48.626666
1025,SEIKO INDOOR 100 / FR 1.50 Bl.,ORG,1.5,SEIKO OPTICAL FRANCE,https://si.france-optique.com/img/gravures/nasal/web_271-nas-seiko-05.tif.jpg,https://www.france-optique.com/gravures/fournisseur=1407,2025-06-13 13:26:48.640000
1026,SEIKO INDOOR PC 1.74 IP+ Bl.,ORG,1.74,SEIKO OPTICAL FRANCE,https://si.france-optique.com/img/gravures/nasal/web_267-nas-seiko-01.tif.jpg,https://www.france-optique.com/gravures/fournisseur=1407,2025-06-13 13:26:48.650000
1027,SEIKO INDOOR PC / FR 1.67 IP+ Bl.,ORG,1.67,SEIKO OPTICAL FRANCE,https://si.france-optique.com/img/gravures/nasal/web_268-nas-seiko-02.tif.jpg,https://www.france-optique.com/gravures/fournisseur=1407,2025-06-13 13:26:48.663333
1028,SEIKO INDOOR PC / FR 1.60 IP+ Bl.,ORG,1.6,SEIKO OPTICAL FRANCE,https://si.france-optique.com/img/gravures/nasal/web_270-nas-seiko-04.tif.jpg,https://www.france-optique.com/gravures/fournisseur=1407,2025-06-13 13:26:48.676666
1029,SEIKO INDOOR PC / FR 1.50 Bl.,ORG,1.5,SEIKO OPTICAL FRANCE,https://si.france-optique.com/img/gravures/nasal/web_271-nas-seiko-05.tif.jpg,https://www.france-optique.com/gravures/fournisseur=1407,2025-06-13 13:26:48.686666
1030,"SEIKO VISION X / FR 1,67 IP+ Bl./Sens.",ORG,1.67,SEIKO OPTICAL FRANCE,https://si.france-optique.com/img/gravures/nasal/web_268-nas-seiko-02.tif.jpg,https://www.france-optique.com/gravures/fournisseur=1407,2025-06-13 13:26:48.700000
1031,"SEIKO VISION X / FR 1,60 IP+ Bl./Sens./PolarT.",ORG,1.6,SEIKO OPTICAL FRANCE,https://si.france-optique.com/img/gravures/nasal/web_270-nas-seiko-04.tif.jpg,https://www.france-optique.com/gravures/fournisseur=1407,2025-06-13 13:26:48.710000
1032,"SEIKO VISION X / FR 1,50 Bl./Sens./Pola.",ORG,1.5,SEIKO OPTICAL FRANCE,https://si.france-optique.com/img/gravures/nasal/web_271-nas-seiko-05.tif.jpg,https://www.france-optique.com/gravures/fournisseur=1407,2025-06-13 13:26:48.723333
1033,"SEIKO WING 1,67 IP+ Bl.",ORG,1.67,SEIKO OPTICAL FRANCE,https://si.france-optique.com/img/gravures/nasal/web_288-nas-seiko-20.tif.jpg,https://www.france-optique.com/gravures/fournisseur=1407,2025-06-13 13:26:48.736666
1034,"SEIKO WING 1,60 IP+ Bl.",ORG,1.6,SEIKO OPTICAL FRANCE,https://si.france-optique.com/img/gravures/nasal/web_289-nas-seiko-21.tif.jpg,https://www.france-optique.com/gravures/fournisseur=1407,2025-06-13 13:26:48.746666
1035,"CLASSE A 1,74 Bl.",ORG,1.74,SEIKO OPTICAL FRANCE,C,https://www.france-optique.com/gravures/fournisseur=1407,2025-06-13 13:26:48.760000
1036,"CLASSE A 1,67 Bl.",ORG,1.67,SEIKO OPTICAL FRANCE,67,https://www.france-optique.com/gravures/fournisseur=1407,2025-06-13 13:26:48.770000
1037,"CLASSE A 1,60 Bl.",ORG,1.6,SEIKO OPTICAL FRANCE,6,https://www.france-optique.com/gravures/fournisseur=1407,2025-06-13 13:26:48.783333
1038,"CLASSE A 1,50 Bl.",ORG,1.5,SEIKO OPTICAL FRANCE,5,https://www.france-optique.com/gravures/fournisseur=1407,2025-06-13 13:26:48.800000
1039,"SEIKO DRIVE X 1,67 IP+ Bl./Sens./PolarT.",ORG,1.67,SEIKO OPTICAL FRANCE,https://si.france-optique.com/img/gravures/nasal/web_268-nas-seiko-02.tif.jpg,https://www.france-optique.com/gravures/fournisseur=1407,2025-06-13 13:26:48.810000
1040,"SEIKO DRIVE X 1,60 IP+ Bl./Sens./PolarT.",ORG,1.6,SEIKO OPTICAL FRANCE,https://si.france-optique.com/img/gravures/nasal/web_270-nas-seiko-04.tif.jpg,https://www.france-optique.com/gravures/fournisseur=1407,2025-06-13 13:26:48.823333
1041,"SEIKO DRIVE X 1,50 Bl./Sens./Pola.",ORG,1.5,SEIKO OPTICAL FRANCE,https://si.france-optique.com/img/gravures/nasal/web_271-nas-seiko-05.tif.jpg,https://www.france-optique.com/gravures/fournisseur=1407,2025-06-13 13:26:48.833333
1042,"SEIKO CURVED X 1,67 IP+ Bl./Sens./PolarT.",ORG,1.67,SEIKO OPTICAL FRANCE,https://si.france-optique.com/img/gravures/nasal/web_1356-web_268-nas-seiko-02.tif.jpg,https://www.france-optique.com/gravures/fournisseur=1407,2025-06-13 13:26:48.846666
1043,"SEIKO CURVED X 1,60 IP+ Bl./Sens./PolarT.",ORG,1.6,SEIKO OPTICAL FRANCE,https://si.france-optique.com/img/gravures/nasal/web_1357-web_270-nas-seiko-04.tif.jpg,https://www.france-optique.com/gravures/fournisseur=1407,2025-06-13 13:26:48.856666
1044,"SEIKO CURVED X 1,50 Bl./Sens./Pola.",ORG,1.5,SEIKO OPTICAL FRANCE,https://si.france-optique.com/img/gravures/nasal/web_1358-web_271-nas-seiko-05.tif.jpg,https://www.france-optique.com/gravures/fournisseur=1407,2025-06-13 13:26:48.870000
1045,"SEIKO COMPUTER Xtra 1,67 IP+ Bl.",ORG,1.67,SEIKO OPTICAL FRANCE,https://si.france-optique.com/img/gravures/nasal/web_268-nas-seiko-02.tif.jpg,https://www.france-optique.com/gravures/fournisseur=1407,2025-06-13 13:26:48.880000
1046,"SEIKO COMPUTER Xtra 1,60 IP+ Bl.",ORG,1.6,SEIKO OPTICAL FRANCE,https://si.france-optique.com/img/gravures/nasal/web_270-nas-seiko-04.tif.jpg,https://www.france-optique.com/gravures/fournisseur=1407,2025-06-13 13:26:48.890000
1047,"SEIKO COMPUTER Xtra 1,50 Bl.",ORG,1.5,SEIKO OPTICAL FRANCE,https://si.france-optique.com/img/gravures/nasal/web_270-nas-seiko-04.tif.jpg,https://www.france-optique.com/gravures/fournisseur=1407,2025-06-13 13:26:48.903333
1048,"SEIKO DRIVE 1,67 IP+ Bl./Sens./PolarT.",ORG,1.67,SEIKO OPTICAL FRANCE,https://si.france-optique.com/img/gravures/nasal/web_268-nas-seiko-02.tif.jpg,https://www.france-optique.com/gravures/fournisseur=1407,2025-06-13 13:26:48.913333
1049,"SEIKO DRIVE 1,60 IP+ Bl./Sens./PolarT.",ORG,1.6,SEIKO OPTICAL FRANCE,https://si.france-optique.com/img/gravures/nasal/web_270-nas-seiko-04.tif.jpg,https://www.france-optique.com/gravures/fournisseur=1407,2025-06-13 13:26:48.926666
1050,"SEIKO DRIVE 1,50 Bl./Sens./Pola.",ORG,1.5,SEIKO OPTICAL FRANCE,https://si.france-optique.com/img/gravures/nasal/web_271-nas-seiko-05.tif.jpg,https://www.france-optique.com/gravures/fournisseur=1407,2025-06-13 13:26:48.936666
1051,"SEIKO CURVED 1,67 IP+ Bl./Sens./PolarT.",ORG,1.67,SEIKO OPTICAL FRANCE,https://si.france-optique.com/img/gravures/nasal/web_268-nas-seiko-02.tif.jpg,https://www.france-optique.com/gravures/fournisseur=1407,2025-06-13 13:26:48.950000
1052,"SEIKO CURVED 1,60 IP+ Bl./Sens./PolarT.",ORG,1.6,SEIKO OPTICAL FRANCE,https://si.france-optique.com/img/gravures/nasal/web_270-nas-seiko-04.tif.jpg,https://www.france-optique.com/gravures/fournisseur=1407,2025-06-13 13:26:48.960000
1053,"SEIKO CURVED 1,50 Bl./Sens./Pola.",ORG,1.5,SEIKO OPTICAL FRANCE,https://si.france-optique.com/img/gravures/nasal/web_271-nas-seiko-05.tif.jpg,https://www.france-optique.com/gravures/fournisseur=1407,2025-06-13 13:26:48.976666
1054,"SEIKO I XCEED 1,74 IP+ Bl.",ORG,1.74,SEIKO OPTICAL FRANCE,https://si.france-optique.com/img/gravures/nasal/web_267-nas-seiko-01.tif.jpg,https://www.france-optique.com/gravures/fournisseur=1407,2025-06-13 13:26:48.990000
1055,"SEIKO I XCEED / FR 1,67 IP+ Bl./Sens./PolarT.",ORG,1.67,SEIKO OPTICAL FRANCE,https://si.france-optique.com/img/gravures/nasal/web_268-nas-seiko-02.tif.jpg,https://www.france-optique.com/gravures/fournisseur=1407,2025-06-13 13:26:49.000000
1056,"SEIKO I XCEED / FR 1,60 IP+ Bl./Sens./PolarT.",ORG,1.6,SEIKO OPTICAL FRANCE,https://si.france-optique.com/img/gravures/nasal/web_270-nas-seiko-04.tif.jpg,https://www.france-optique.com/gravures/fournisseur=1407,2025-06-13 13:26:49.010000
1057,"SEIKO I XCEED / FR 1,50 Bl./Sens./Pola.",ORG,1.5,SEIKO OPTICAL FRANCE,https://si.france-optique.com/img/gravures/nasal/web_271-nas-seiko-05.tif.jpg,https://www.france-optique.com/gravures/fournisseur=1407,2025-06-13 13:26:49.023333
1058,"SEIKO INDI-SV 1,74 IP+ Bl.",ORG,1.74,SEIKO OPTICAL FRANCE,https://si.france-optique.com/img/gravures/nasal/web_267-nas-seiko-01.tif.jpg,https://www.france-optique.com/gravures/fournisseur=1407,2025-06-13 13:26:49.033333
1059,"SEIKO INDI-SV / FR 1,67 IP+ Bl./Sens./PolarT.",ORG,1.67,SEIKO OPTICAL FRANCE,https://si.france-optique.com/img/gravures/nasal/web_268-nas-seiko-02.tif.jpg,https://www.france-optique.com/gravures/fournisseur=1407,2025-06-13 13:26:49.043333
1060,"SEIKO INDI-SV / FR 1,60 IP+ Bl./Sens./PolarT.",ORG,1.6,SEIKO OPTICAL FRANCE,https://si.france-optique.com/img/gravures/nasal/web_270-nas-seiko-04.tif.jpg,https://www.france-optique.com/gravures/fournisseur=1407,2025-06-13 13:26:49.056666
1061,"SEIKO INDI-SV / FR 1,50 Bl./Sens./Pola.",ORG,1.5,SEIKO OPTICAL FRANCE,https://si.france-optique.com/img/gravures/nasal/web_271-nas-seiko-05.tif.jpg,https://www.france-optique.com/gravures/fournisseur=1407,2025-06-13 13:26:49.066666
1062,"SEIKO SMARTZOOM XCEED 1,74 IP+ Bl.",ORG,1.74,SEIKO OPTICAL FRANCE,https://si.france-optique.com/img/gravures/nasal/web_267-nas-seiko-01.tif.jpg,https://www.france-optique.com/gravures/fournisseur=1407,2025-06-13 13:26:49.080000
1063,"SEIKO SMARTZOOM XCEED / FR 1,67 IP+ Bl./Sens./ PolarT.",ORG,1.67,SEIKO OPTICAL FRANCE,https://si.france-optique.com/img/gravures/nasal/web_268-nas-seiko-02.tif.jpg,https://www.france-optique.com/gravures/fournisseur=1407,2025-06-13 13:26:49.090000
1064,"SEIKO SMARTZOOM XCEED / FR 1,60 IP+ Bl./Sens./ PolarT.",ORG,1.6,SEIKO OPTICAL FRANCE,https://si.france-optique.com/img/gravures/nasal/web_270-nas-seiko-04.tif.jpg,https://www.france-optique.com/gravures/fournisseur=1407,2025-06-13 13:26:49.103333
1065,"SEIKO SMARTZOOM XCEED / FR 1,50 Bl./Sens./Pola.",ORG,1.5,SEIKO OPTICAL FRANCE,https://si.france-optique.com/img/gravures/nasal/web_271-nas-seiko-05.tif.jpg,https://www.france-optique.com/gravures/fournisseur=1407,2025-06-13 13:26:49.116666
1066,"SEIKO SMARTZOOM 1,74 IP+ Bl.",ORG,1.74,SEIKO OPTICAL FRANCE,https://si.france-optique.com/img/gravures/nasal/web_267-nas-seiko-01.tif.jpg,https://www.france-optique.com/gravures/fournisseur=1407,2025-06-13 13:26:49.130000
1067,"SEIKO SMARTZOOM/ FR 1,67 IP+ Bl./Sens./PolarT.",ORG,1.67,SEIKO OPTICAL FRANCE,https://si.france-optique.com/img/gravures/nasal/web_268-nas-seiko-02.tif.jpg,https://www.france-optique.com/gravures/fournisseur=1407,2025-06-13 13:26:49.140000
1068,"SEIKO SMARTZOOM/ FR 1,60 IP+ Bl./Sens./PolarT.",ORG,1.6,SEIKO OPTICAL FRANCE,https://si.france-optique.com/img/gravures/nasal/web_270-nas-seiko-04.tif.jpg,https://www.france-optique.com/gravures/fournisseur=1407,2025-06-13 13:26:49.153333
1069,"SEIKO SMARTZOOM / FR 1,50 Bl./Sens./Pola.",ORG,1.5,SEIKO OPTICAL FRANCE,https://si.france-optique.com/img/gravures/nasal/web_271-nas-seiko-05.tif.jpg,https://www.france-optique.com/gravures/fournisseur=1407,2025-06-13 13:26:49.170000
1070,"SEIKO A-Zone 1,74 IP+ Bl.",ORG,1.74,SEIKO OPTICAL FRANCE,https://si.france-optique.com/img/gravures/nasal/web_273-nas-seiko-06.tif.jpg,https://www.france-optique.com/gravures/fournisseur=1407,2025-06-13 13:26:49.183333
1071,"SEIKO A-Zone 1,67 IP+ Bl./Sens.",ORG,1.67,SEIKO OPTICAL FRANCE,https://si.france-optique.com/img/gravures/nasal/web_277-nas-seiko-09.tif.jpg,https://www.france-optique.com/gravures/fournisseur=1407,2025-06-13 13:26:49.193333
1072,"SEIKO A-Zone 1,60 IP+ Bl./Sens.",ORG,1.6,SEIKO OPTICAL FRANCE,https://si.france-optique.com/img/gravures/nasal/web_282-nas-seiko-14.tif.jpg,https://www.france-optique.com/gravures/fournisseur=1407,2025-06-13 13:26:49.206666
1073,"SEIKO AZ HD 1,74 IP+ Bl.",ORG,1.74,SEIKO OPTICAL FRANCE,https://si.france-optique.com/img/gravures/nasal/web_274-nas-seiko-07.tif.jpg,https://www.france-optique.com/gravures/fournisseur=1407,2025-06-13 13:26:49.220000
1074,"SEIKO AZ HD / FR 1,67 IP+ Bl./Sens.",ORG,1.67,SEIKO OPTICAL FRANCE,https://si.france-optique.com/img/gravures/nasal/web_278-nas-seiko-10.tif.jpg,https://www.france-optique.com/gravures/fournisseur=1407,2025-06-13 13:26:49.230000
1075,"SEIKO AZ HD / FR 1,60 IP+ Bl./Sens.",ORG,1.6,SEIKO OPTICAL FRANCE,https://si.france-optique.com/img/gravures/nasal/web_283-nas-seiko-15.tif.jpg,https://www.france-optique.com/gravures/fournisseur=1407,2025-06-13 13:26:49.240000
1076,"SEIKO AS HD 1,74 IP+ Bl.",ORG,1.74,SEIKO OPTICAL FRANCE,https://si.france-optique.com/img/gravures/nasal/web_275-nas-seiko-08.tif.jpg,https://www.france-optique.com/gravures/fournisseur=1407,2025-06-13 13:26:49.253333
1077,"SEIKO AS HD / FR 1,67 IP+ Bl./Sens.",ORG,1.67,SEIKO OPTICAL FRANCE,https://si.france-optique.com/img/gravures/nasal/web_279-nas-seiko-11.tif.jpg,https://www.france-optique.com/gravures/fournisseur=1407,2025-06-13 13:26:49.263333
1078,"SEIKO AS HD / FR 1,60 IP+ Bl./Sens.",ORG,1.6,SEIKO OPTICAL FRANCE,https://si.france-optique.com/img/gravures/nasal/web_284-nas-seiko-16.tif.jpg,https://www.france-optique.com/gravures/fournisseur=1407,2025-06-13 13:26:49.276666
1079,"SEIKO HD / FR 1,67 IP+ Bl./Sens./PolarT.",ORG,1.67,SEIKO OPTICAL FRANCE,https://si.france-optique.com/img/gravures/nasal/web_280-nas-seiko-12.tif.jpg,https://www.france-optique.com/gravures/fournisseur=1407,2025-06-13 13:26:49.286666
1080,"SEIKO HD / FR 1,60 IP+ Bl./Sens./PolarT.",ORG,1.6,SEIKO OPTICAL FRANCE,https://si.france-optique.com/img/gravures/nasal/web_285-nas-seiko-17.tif.jpg,https://www.france-optique.com/gravures/fournisseur=1407,2025-06-13 13:26:49.296666
1081,"SEIKO HD / FR 1,50 Bl./Sens./Pola.",ORG,1.5,SEIKO OPTICAL FRANCE,https://si.france-optique.com/img/gravures/nasal/web_286-nas-seiko-18.tif.jpg,https://www.france-optique.com/gravures/fournisseur=1407,2025-06-13 13:26:49.310000
1082,"SEIKO Kids HD 1,53 IP+ Bl.",TVX,1.53,SEIKO OPTICAL FRANCE,https://si.france-optique.com/img/gravures/nasal/web_287-nas-seiko-19.tif.jpg,https://www.france-optique.com/gravures/fournisseur=1407,2025-06-13 13:26:49.320000
1083,"SEIKO BRILLIANCE Xceed 1,74 IP+ Bl.",ORG,1.74,SEIKO OPTICAL FRANCE,https://si.france-optique.com/img/gravures/nasal/web_267-nas-seiko-01.tif.jpg,https://www.france-optique.com/gravures/fournisseur=1407,2025-06-13 13:26:49.333333
1084,"SEIKO BRILLIANCE Xceed 1,67 IP+ Bl./Sens./PolarT.",ORG,1.67,SEIKO OPTICAL FRANCE,https://si.france-optique.com/img/gravures/nasal/web_268-nas-seiko-02.tif.jpg,https://www.france-optique.com/gravures/fournisseur=1407,2025-06-13 13:26:49.346666
1085,"SEIKO BRILLIANCE Xceed 1,60 IP+ Bl./Sens./PolarT.",ORG,1.6,SEIKO OPTICAL FRANCE,https://si.france-optique.com/img/gravures/nasal/web_270-nas-seiko-04.tif.jpg,https://www.france-optique.com/gravures/fournisseur=1407,2025-06-13 13:26:49.356666
1086,Essilor Amatsi Xtra Short Airwear,ORG,1.59,Fournisseur : ESSILOR FR ...,https://si.france-optique.com/img/gravures/nasal/web_699-nas-essilor-82.tif.jpg,https://www.france-optique.com/gravures/fournisseur=521,2025-06-13 13:26:49.370000
1087,Essilor Amatsi Xtra Short Orma,ORG,1.5,Fournisseur : ESSILOR FR ...,https://si.france-optique.com/img/gravures/nasal/web_2014-696-nas-essilor-79.tif.jpg,https://www.france-optique.com/gravures/fournisseur=521,2025-06-13 13:26:49.383333
1088,Essilor Amatsi Stylis et Stylis Transitions,ORG,1.67,Fournisseur : ESSILOR FR ...,https://si.france-optique.com/img/gravures/nasal/web_700-nas-essilor-83.tif.jpg,https://www.france-optique.com/gravures/fournisseur=521,2025-06-13 13:26:49.396666
1089,Essilor Amatsi Ormix et Ormix Transitions,ORG,1.6,Fournisseur : ESSILOR FR ...,https://si.france-optique.com/img/gravures/nasal/web_701-nas-essilor-84.tif.jpg,https://www.france-optique.com/gravures/fournisseur=521,2025-06-13 13:26:49.410000
1090,Essilor Amatsi Airwear et Airwear Transitions,ORG,1.59,Fournisseur : ESSILOR FR ...,https://si.france-optique.com/img/gravures/nasal/web_702-nas-essilor-85.tif.jpg,https://www.france-optique.com/gravures/fournisseur=521,2025-06-13 13:26:49.420000
1091,Essilor Amatsi Orma et Orma Transitions,ORG,1.5,Fournisseur : ESSILOR FR ...,https://si.france-optique.com/img/gravures/nasal/web_2015-703-nas-essilor-86.tif.jpg,https://www.france-optique.com/gravures/fournisseur=521,2025-06-13 13:26:49.433333
1092,Essilor Amatsi Short Stylis,ORG,1.67,Fournisseur : ESSILOR FR ...,https://si.france-optique.com/img/gravures/nasal/web_704-nas-essilor-87.tif.jpg,https://www.france-optique.com/gravures/fournisseur=521,2025-06-13 13:26:49.446666
1093,Essilor Amatsi Short Ormix,ORG,1.6,Fournisseur : ESSILOR FR ...,https://si.france-optique.com/img/gravures/nasal/web_705-nas-essilor-88.tif.jpg,https://www.france-optique.com/gravures/fournisseur=521,2025-06-13 13:26:49.460000
1094,Essilor Amatsi Short Airwear,ORG,1.59,Fournisseur : ESSILOR FR ...,https://si.france-optique.com/img/gravures/nasal/web_706-nas-essilor-89.tif.jpg,https://www.france-optique.com/gravures/fournisseur=521,2025-06-13 13:26:49.473333
1165,K Repos 1.67 Transitions Xtractive Brun et Gris,ORG TRANS,1.67,K OPTICAL,KR 1.67 XT,https://www.france-optique.com/gravures/fournisseur=2217,2025-06-13 13:26:50.403333
1095,Essilor Amatsi Short Orma,ORG,1.5,Fournisseur : ESSILOR FR ...,https://si.france-optique.com/img/gravures/nasal/web_2016-707-nas-essilor-90.tif.jpg,https://www.france-optique.com/gravures/fournisseur=521,2025-06-13 13:26:49.486666
1096,Essilor Prelude Ormix,ORG,1.6,Fournisseur : ESSILOR FR ...,https://si.france-optique.com/img/gravures/nasal/web_708-nas-essilor-91.tif.jpg,https://www.france-optique.com/gravures/fournisseur=521,2025-06-13 13:26:49.500000
1097,Essilor Prelude Airwear,ORG,1.59,Fournisseur : ESSILOR FR ...,https://si.france-optique.com/img/gravures/nasal/web_709-nas-essilor-92.tif.jpg,https://www.france-optique.com/gravures/fournisseur=521,2025-06-13 13:26:49.513333
1098,Essilor Prelude Orma et Orma transitions,ORG,1.5,Fournisseur : ESSILOR FR ...,https://si.france-optique.com/img/gravures/nasal/web_2017-710-nas-essilor-93.tif.jpg,https://www.france-optique.com/gravures/fournisseur=521,2025-06-13 13:26:49.526666
1099,Essilor Prelude Short Ormix,ORG,1.6,Fournisseur : ESSILOR FR ...,https://si.france-optique.com/img/gravures/nasal/web_711-nas-essilor-94.tif.jpg,https://www.france-optique.com/gravures/fournisseur=521,2025-06-13 13:26:49.540000
1100,Essilor Prelude Short Orma et Orma Transitions,ORG,1.5,Fournisseur : ESSILOR FR ...,https://si.france-optique.com/img/gravures/nasal/web_2018-712-nas-essilor-95.tif.jpg,https://www.france-optique.com/gravures/fournisseur=521,2025-06-13 13:26:49.550000
1101,Essilor Inizio Stylis et Stylis Transitions,ORG,1.67,Fournisseur : ESSILOR FR ...,https://si.france-optique.com/img/gravures/nasal/web_1631-Inizio-Stylis.tif.jpg,https://www.france-optique.com/gravures/fournisseur=521,2025-06-13 13:26:49.563333
1102,Essilor Inizio Ormix et Ormix Transitions,ORG,1.6,Fournisseur : ESSILOR FR ...,https://si.france-optique.com/img/gravures/nasal/web_1630-Inizio-Ormix.tif.jpg,https://www.france-optique.com/gravures/fournisseur=521,2025-06-13 13:26:49.576666
1103,Essilor Inizio Airwear et Airwear Transitions,ORG,1.59,Fournisseur : ESSILOR FR ...,https://si.france-optique.com/img/gravures/nasal/web_1628-Inizio-airwear.tif.jpg,https://www.france-optique.com/gravures/fournisseur=521,2025-06-13 13:26:49.590000
1104,Essilor Inizio Orma et Orma Transitions,ORG,1.5,Fournisseur : ESSILOR FR ...,https://si.france-optique.com/img/gravures/nasal/web_2021-Inizio-Orma.tif.jpg,https://www.france-optique.com/gravures/fournisseur=521,2025-06-13 13:26:49.603333
1105,Essilor Inizio short Stylis et Stylis Transitions,ORG,1.67,Fournisseur : ESSILOR FR ...,https://si.france-optique.com/img/gravures/nasal/web_1634-Inizioshort-stylis.tif.jpg,https://www.france-optique.com/gravures/fournisseur=521,2025-06-13 13:26:49.616666
1106,Essilor Inizio short Ormix et Ormix Transitions,ORG,1.6,Fournisseur : ESSILOR FR ...,https://si.france-optique.com/img/gravures/nasal/web_1635-Inizioshort-Ormix.tif.jpg,https://www.france-optique.com/gravures/fournisseur=521,2025-06-13 13:26:49.630000
1107,Essilor Inizio short Airwear et Airwear Transitions,ORG,1.59,Fournisseur : ESSILOR FR ...,https://si.france-optique.com/img/gravures/nasal/web_1632-Inizioshort-airwear.tif.jpg,https://www.france-optique.com/gravures/fournisseur=521,2025-06-13 13:26:49.640000
1108,Essilor Inizio short Orma et Orma Transitions,ORG,1.5,Fournisseur : ESSILOR FR ...,https://si.france-optique.com/img/gravures/nasal/web_2022-Inizioshort-Orma.tif.jpg,https://www.france-optique.com/gravures/fournisseur=521,2025-06-13 13:26:49.653333
1109,Essilor Inizio Ormix Sunmax,ORG,1.6,Fournisseur : ESSILOR FR ...,https://si.france-optique.com/img/gravures/nasal/web_1635-Inizioshort-Ormix.tif.jpg,https://www.france-optique.com/gravures/fournisseur=521,2025-06-13 13:26:49.666666
1110,Essilor Inizio Ormix Sunmax base 7,ORG,1.6,Fournisseur : ESSILOR FR ...,https://si.france-optique.com/img/gravures/nasal/web_1635-Inizioshort-Ormix.tif.jpg,https://www.france-optique.com/gravures/fournisseur=521,2025-06-13 13:26:49.683333
1111,Varilux Ormix Sunmax,ORG,1.6,Fournisseur : ESSILOR FR ...,https://si.france-optique.com/img/gravures/nasal/web_726-nas-essilor-106.tif.jpg,https://www.france-optique.com/gravures/fournisseur=521,2025-06-13 13:26:49.696666
1112,Varilux Ormix Sunmax base 7,ORG,1.6,Fournisseur : ESSILOR FR ...,https://si.france-optique.com/img/gravures/nasal/web_726-nas-essilor-106.tif.jpg,https://www.france-optique.com/gravures/fournisseur=521,2025-06-13 13:26:49.710000
1113,Eyezen BOOST 0.4 Lineis Eye Protect System et Lineis Transitions,ORG,1.74,Fournisseur : ESSILOR FR ...,https://si.france-optique.com/img/gravures/nasal/web_732-nas-essilor-111.tif.jpg,https://www.france-optique.com/gravures/fournisseur=521,2025-06-13 13:26:49.723333
1114,Eyezen BOOST 0.4 Lineis,ORG,1.74,Fournisseur : ESSILOR FR ...,https://si.france-optique.com/img/gravures/nasal/web_732-nas-essilor-111.tif.jpg,https://www.france-optique.com/gravures/fournisseur=521,2025-06-13 13:26:49.736666
1115,Eyezen BOOST 0.4 Stylis,ORG,1.67,Fournisseur : ESSILOR FR ...,https://si.france-optique.com/img/gravures/nasal/web_736-nas-essilor-115.tif.jpg,https://www.france-optique.com/gravures/fournisseur=521,2025-06-13 13:26:49.750000
1116,Eyezen BOOST 0.4 Ormix Eye Protect System et Ormix Transitions,ORG,1.6,Fournisseur : ESSILOR FR ...,https://si.france-optique.com/img/gravures/nasal/web_733-nas-essilor-112.tif.jpg,https://www.france-optique.com/gravures/fournisseur=521,2025-06-13 13:26:49.763333
1117,Eyezen BOOST 0.4 Ormix,ORG,1.6,Fournisseur : ESSILOR FR ...,https://si.france-optique.com/img/gravures/nasal/web_733-nas-essilor-112.tif.jpg,https://www.france-optique.com/gravures/fournisseur=521,2025-06-13 13:26:49.776666
1118,Eyezen BOOST 0.4 Airwear Eye Protect System et Airwear Transitions,ORG,1.59,Fournisseur : ESSILOR FR ...,https://si.france-optique.com/img/gravures/nasal/web_734-nas-essilor-113.tif.jpg,https://www.france-optique.com/gravures/fournisseur=521,2025-06-13 13:26:49.790000
1119,Eyezen BOOST 0.4 Airwear,ORG,1.59,Fournisseur : ESSILOR FR ...,https://si.france-optique.com/img/gravures/nasal/web_734-nas-essilor-113.tif.jpg,https://www.france-optique.com/gravures/fournisseur=521,2025-06-13 13:26:49.803333
1120,Eyezen BOOST 0.4 Orma Eye Protect System et Orma Transitions,ORG,1.5,Fournisseur : ESSILOR FR ...,https://si.france-optique.com/img/gravures/nasal/web_735-nas-essilor-114.tif.jpg,https://www.france-optique.com/gravures/fournisseur=521,2025-06-13 13:26:49.816666
1121,Eyezen BOOST 0.4 Orma,ORG,1.5,Fournisseur : ESSILOR FR ...,https://si.france-optique.com/img/gravures/nasal/web_735-nas-essilor-114.tif.jpg,https://www.france-optique.com/gravures/fournisseur=521,2025-06-13 13:26:49.830000
1122,Eyezen BOOST 0.4 Fit Lineis,ORG,1.74,Fournisseur : ESSILOR FR ...,https://si.france-optique.com/img/gravures/nasal/web_732-nas-essilor-111.tif.jpg,https://www.france-optique.com/gravures/fournisseur=521,2025-06-13 13:26:49.846666
1123,Eyezen BOOST 0.4 Fit Stylis Eye Protect System et Stylis Transitions,ORG,1.67,Fournisseur : ESSILOR FR ...,https://si.france-optique.com/img/gravures/nasal/web_736-nas-essilor-115.tif.jpg,https://www.france-optique.com/gravures/fournisseur=521,2025-06-13 13:26:49.856666
1124,Eyezen BOOST 0.4 Fit Stylis,ORG,1.67,Fournisseur : ESSILOR FR ...,https://si.france-optique.com/img/gravures/nasal/web_736-nas-essilor-115.tif.jpg,https://www.france-optique.com/gravures/fournisseur=521,2025-06-13 13:26:49.870000
1125,Eyezen BOOST 0.4 Fit Ormix Eye Protect System et Ormix Transitions,ORG,1.6,Fournisseur : ESSILOR FR ...,https://si.france-optique.com/img/gravures/nasal/web_733-nas-essilor-112.tif.jpg,https://www.france-optique.com/gravures/fournisseur=521,2025-06-13 13:26:49.880000
1126,Eyezen BOOST 0.4 Fit Ormix,ORG,1.6,Fournisseur : ESSILOR FR ...,https://si.france-optique.com/img/gravures/nasal/web_733-nas-essilor-112.tif.jpg,https://www.france-optique.com/gravures/fournisseur=521,2025-06-13 13:26:49.893333
1127,Eyezen BOOST 0.4 Fit Airwear Eye Protect System et Airwear Transitions,ORG,1.59,Fournisseur : ESSILOR FR ...,https://si.france-optique.com/img/gravures/nasal/web_734-nas-essilor-113.tif.jpg,https://www.france-optique.com/gravures/fournisseur=521,2025-06-13 13:26:49.906666
1128,Eyezen BOOST 0.4 Fit Airwear,ORG,1.59,Fournisseur : ESSILOR FR ...,https://si.france-optique.com/img/gravures/nasal/web_734-nas-essilor-113.tif.jpg,https://www.france-optique.com/gravures/fournisseur=521,2025-06-13 13:26:49.920000
1129,Eyezen BOOST 0.4 Fit Orma Eye Protect System et Orma Transitions,ORG,1.5,Fournisseur : ESSILOR FR ...,https://si.france-optique.com/img/gravures/nasal/web_735-nas-essilor-114.tif.jpg,https://www.france-optique.com/gravures/fournisseur=521,2025-06-13 13:26:49.930000
1130,Eyezen BOOST 0.4 Fit Orma,ORG,1.5,Fournisseur : ESSILOR FR ...,https://si.france-optique.com/img/gravures/nasal/web_735-nas-essilor-114.tif.jpg,https://www.france-optique.com/gravures/fournisseur=521,2025-06-13 13:26:49.943333
1131,Eyezen BOOST 0.6 Lineis Eye Protect System et Lineis Transitions,ORG,1.74,Fournisseur : ESSILOR FR ...,https://si.france-optique.com/img/gravures/nasal/web_740-nas-essilor-116.tif.jpg,https://www.france-optique.com/gravures/fournisseur=521,2025-06-13 13:26:49.956666
1132,Eyezen BOOST 0.6 Lineis,ORG,1.74,Fournisseur : ESSILOR FR ...,https://si.france-optique.com/img/gravures/nasal/web_740-nas-essilor-116.tif.jpg,https://www.france-optique.com/gravures/fournisseur=521,2025-06-13 13:26:49.976666
1133,Eyezen BOOST 0.6 Stylis Eye Protect System et Stylis Transitions,ORG,1.67,Fournisseur : ESSILOR FR ...,https://si.france-optique.com/img/gravures/nasal/web_741-nas-essilor-117.tif.jpg,https://www.france-optique.com/gravures/fournisseur=521,2025-06-13 13:26:49.990000
1134,Eyezen BOOST 0.6 Stylis,ORG,1.67,Fournisseur : ESSILOR FR ...,https://si.france-optique.com/img/gravures/nasal/web_741-nas-essilor-117.tif.jpg,https://www.france-optique.com/gravures/fournisseur=521,2025-06-13 13:26:50.003333
1135,Eyezen BOOST 0.6 Ormix Eye Protect System et Ormix Transitions,ORG,1.6,Fournisseur : ESSILOR FR ...,https://si.france-optique.com/img/gravures/nasal/web_744-nas-essilor-120.tif.jpg,https://www.france-optique.com/gravures/fournisseur=521,2025-06-13 13:26:50.020000
1136,Eyezen BOOST 0.6 Ormix,ORG,1.6,Fournisseur : ESSILOR FR ...,https://si.france-optique.com/img/gravures/nasal/web_744-nas-essilor-120.tif.jpg,https://www.france-optique.com/gravures/fournisseur=521,2025-06-13 13:26:50.033333
1137,Eyezen BOOST 0.6 Airwear Eye Protect System et Airwear Transitions,ORG,1.59,Fournisseur : ESSILOR FR ...,https://si.france-optique.com/img/gravures/nasal/web_743-nas-essilor-119.tif.jpg,https://www.france-optique.com/gravures/fournisseur=521,2025-06-13 13:26:50.050000
1138,Eyezen BOOST 0.6 Airwear,ORG,1.59,Fournisseur : ESSILOR FR ...,https://si.france-optique.com/img/gravures/nasal/web_743-nas-essilor-119.tif.jpg,https://www.france-optique.com/gravures/fournisseur=521,2025-06-13 13:26:50.060000
1139,Eyezen BOOST 0.6 Orma Eye Protect System et Orma Transitions,ORG,1.5,Fournisseur : ESSILOR FR ...,https://si.france-optique.com/img/gravures/nasal/web_742-nas-essilor-118.tif.jpg,https://www.france-optique.com/gravures/fournisseur=521,2025-06-13 13:26:50.073333
1140,Eyezen BOOST 0.6 Orma,ORG,1.5,Fournisseur : ESSILOR FR ...,https://si.france-optique.com/img/gravures/nasal/web_742-nas-essilor-118.tif.jpg,https://www.france-optique.com/gravures/fournisseur=521,2025-06-13 13:26:50.086666
1141,Eyezen BOOST 0.6 Fit Lineis Eye Protect System et Lineis Transitions,ORG,1.74,Fournisseur : ESSILOR FR ...,https://si.france-optique.com/img/gravures/nasal/web_740-nas-essilor-116.tif.jpg,https://www.france-optique.com/gravures/fournisseur=521,2025-06-13 13:26:50.100000
1142,Eyezen BOOST 0.6 Fit Lineis,ORG,1.74,Fournisseur : ESSILOR FR ...,https://si.france-optique.com/img/gravures/nasal/web_740-nas-essilor-116.tif.jpg,https://www.france-optique.com/gravures/fournisseur=521,2025-06-13 13:26:50.110000
1143,Eyezen BOOST 0.6 Fit Stylis Eye Protect System et Stylis Transitions,ORG,1.67,Fournisseur : ESSILOR FR ...,https://si.france-optique.com/img/gravures/nasal/web_741-nas-essilor-117.tif.jpg,https://www.france-optique.com/gravures/fournisseur=521,2025-06-13 13:26:50.123333
1144,Eyezen BOOST 0.6 Fit Stylis,ORG,1.67,Fournisseur : ESSILOR FR ...,https://si.france-optique.com/img/gravures/nasal/web_741-nas-essilor-117.tif.jpg,https://www.france-optique.com/gravures/fournisseur=521,2025-06-13 13:26:50.133333
1166,Kléra HD Platinium 1.67 Transitions 8 Style,ORG TRANS,1.67,K OPTICAL,KHD 1.67 TS,https://www.france-optique.com/gravures/fournisseur=2217,2025-06-13 13:26:50.413333
1145,Eyezen BOOST 0.6 Fit Ormix Eye Protect System et Ormix Transitions,ORG,1.6,Fournisseur : ESSILOR FR ...,https://si.france-optique.com/img/gravures/nasal/web_744-nas-essilor-120.tif.jpg,https://www.france-optique.com/gravures/fournisseur=521,2025-06-13 13:26:50.146666
1146,Eyezen BOOST 0.6 Fit Ormix,ORG,1.6,Fournisseur : ESSILOR FR ...,https://si.france-optique.com/img/gravures/nasal/web_744-nas-essilor-120.tif.jpg,https://www.france-optique.com/gravures/fournisseur=521,2025-06-13 13:26:50.160000
1147,Eyezen BOOST 0.6 Fit Airwear Eye Protect System et Airwear Transitions,ORG,1.59,Fournisseur : ESSILOR FR ...,https://si.france-optique.com/img/gravures/nasal/web_743-nas-essilor-119.tif.jpg,https://www.france-optique.com/gravures/fournisseur=521,2025-06-13 13:26:50.170000
1148,Eyezen BOOST 0.6 Fit Airwear,ORG,1.59,Fournisseur : ESSILOR FR ...,https://si.france-optique.com/img/gravures/nasal/web_743-nas-essilor-119.tif.jpg,https://www.france-optique.com/gravures/fournisseur=521,2025-06-13 13:26:50.180000
1149,Eyezen BOOST 0.6 Fit Orma Eye Protect System et Orma Transitions,ORG,1.5,Fournisseur : ESSILOR FR ...,https://si.france-optique.com/img/gravures/nasal/web_742-nas-essilor-118.tif.jpg,https://www.france-optique.com/gravures/fournisseur=521,2025-06-13 13:26:50.193333
1150,Eyezen BOOST 0.6 Fit Orma,ORG,1.5,Fournisseur : ESSILOR FR ...,https://si.france-optique.com/img/gravures/nasal/web_742-nas-essilor-118.tif.jpg,https://www.france-optique.com/gravures/fournisseur=521,2025-06-13 13:26:50.203333
1151,Eyezen BOOST 0.85 Lineis Eye Protect System et Lineis Transitions,ORG,1.74,Fournisseur : ESSILOR FR ...,https://si.france-optique.com/img/gravures/nasal/web_745-nas-essilor-121.tif.jpg,https://www.france-optique.com/gravures/fournisseur=521,2025-06-13 13:26:50.216666
1152,Eyezen BOOST 0.85 Lineis,ORG,1.74,Fournisseur : ESSILOR FR ...,https://si.france-optique.com/img/gravures/nasal/web_745-nas-essilor-121.tif.jpg,https://www.france-optique.com/gravures/fournisseur=521,2025-06-13 13:26:50.230000
1153,Eyezen BOOST 0.85 Stylis Eye Protect System et Stylis Transitions,ORG,1.67,Fournisseur : ESSILOR FR ...,https://si.france-optique.com/img/gravures/nasal/web_749-nas-essilor-125.tif.jpg,https://www.france-optique.com/gravures/fournisseur=521,2025-06-13 13:26:50.240000
1154,Eyezen BOOST 0.85 Stylis,ORG,1.67,Fournisseur : ESSILOR FR ...,https://si.france-optique.com/img/gravures/nasal/web_749-nas-essilor-125.tif.jpg,https://www.france-optique.com/gravures/fournisseur=521,2025-06-13 13:26:50.253333
1155,Eyezen BOOST 0.85 Ormix Eye Protect System et Ormix Transitions,ORG,1.6,Fournisseur : ESSILOR FR ...,https://si.france-optique.com/img/gravures/nasal/web_746-nas-essilor-122.tif.jpg,https://www.france-optique.com/gravures/fournisseur=521,2025-06-13 13:26:50.266666
1156,"Kléra HD Platinium 1.67 Transitions 8 Brun, Gris et Vert",ORG TRANS,1.67,K OPTICAL,KHD 1.67 T8,https://www.france-optique.com/gravures/fournisseur=2217,2025-06-13 13:26:50.280000
1157,"Kléra Sport 1.67 Transitions 8 Brun, Gris et Vert",ORG TRANS,1.67,K OPTICAL,KSP 1.67 T8,https://www.france-optique.com/gravures/fournisseur=2217,2025-06-13 13:26:50.293333
1158,Kléra Plus Evo 1.67 Polarisant Brun et Gris,ORG POLA.,1.67,K OPTICAL,K+ 1.67 POL,https://www.france-optique.com/gravures/fournisseur=2217,2025-06-13 13:26:50.310000
1159,"K Platinium 1.67 Transitions 8 Brun, Gris et Vert",ORG TRANS,1.67,K OPTICAL,K+ 1.67 T8,https://www.france-optique.com/gravures/fournisseur=2217,2025-06-13 13:26:50.323333
1160,"K Repos 1.67 Transitions 8 Brun, Gris et Vert",ORG TRANS,1.67,K OPTICAL,KR 1.67 T8,https://www.france-optique.com/gravures/fournisseur=2217,2025-06-13 13:26:50.336666
1161,"K Sport 1.67 Transitions 8 Brun, Gris et Vert",ORG TRANS,1.67,K OPTICAL,KS 1.67 T8,https://www.france-optique.com/gravures/fournisseur=2217,2025-06-13 13:26:50.350000
1162,K Office 1.5 Kromatic BLUE/KUT SE Brun et Gris,ORG PHO,1.5,K OPTICAL,O 1.5 KB,https://www.france-optique.com/gravures/fournisseur=2217,2025-06-13 13:26:50.363333
1163,Kléra Plus Evo 1.74,ORG,1.74,K OPTICAL,K+ 1.74,https://www.france-optique.com/gravures/fournisseur=2217,2025-06-13 13:26:50.376666
1164,K Room 1.5,ORG,1.5,K OPTICAL,R 1.5,https://www.france-optique.com/gravures/fournisseur=2217,2025-06-13 13:26:50.390000
1167,Kléra Sport 1.67 Transitions Style,ORG TRANS,1.67,K OPTICAL,KSP 1.67 TS,https://www.france-optique.com/gravures/fournisseur=2217,2025-06-13 13:26:50.430000
1168,K Platinium 1.67 Transitions Style,ORG TRANS,1.67,K OPTICAL,K+ 1.67 TS,https://www.france-optique.com/gravures/fournisseur=2217,2025-06-13 13:26:50.443333
1169,K Sport 1.67 Transitions 8 Style,ORG TRANS,1.67,K OPTICAL,KS 1.67 TS,https://www.france-optique.com/gravures/fournisseur=2217,2025-06-13 13:26:50.460000
1170,Kléra HD Platinium Polycarbonate,POLY,1.59,K OPTICAL,KHD PC,https://www.france-optique.com/gravures/fournisseur=2217,2025-06-13 13:26:50.473333
1171,Kléra HD Platinium 1.67 Transitions Xtractive Brun et Gris,ORG TRANS,1.67,K OPTICAL,KHD 1.67 XT,https://www.france-optique.com/gravures/fournisseur=2217,2025-06-13 13:26:50.486666
1172,Kléra Sport 1.67 Transitions Xtractive Brun et Gris,ORG TRANS,1.67,K OPTICAL,KSP 1.67 XT,https://www.france-optique.com/gravures/fournisseur=2217,2025-06-13 13:26:50.500000
1173,Kléra Plus Evo 1.74 BLUE/KUT SE,ORG,1.74,K OPTICAL,K+ 1.74 BK,https://www.france-optique.com/gravures/fournisseur=2217,2025-06-13 13:26:50.513333
1174,K Room 1.5 BLUE/KUT SE,ORG,1.5,K OPTICAL,R 1.5 BK,https://www.france-optique.com/gravures/fournisseur=2217,2025-06-13 13:26:50.523333
1175,K Platinium 1.67 Transitions Xtractive Brun et Gris,ORG TRANS,1.67,K OPTICAL,K+ 1.67 XT,https://www.france-optique.com/gravures/fournisseur=2217,2025-06-13 13:26:50.536666
1176,K Sport 1.67 Transitions Xtractive Brun et Gris,ORG TRANS,1.67,K OPTICAL,KS 1.67 XT,https://www.france-optique.com/gravures/fournisseur=2217,2025-06-13 13:26:50.550000
1177,"K Repos 1.67 Polarisant Brun, Gris",ORG POLA,1.67,K OPTICAL,KR 1.67 POL,https://www.france-optique.com/gravures/fournisseur=2217,2025-06-13 13:26:50.566666
1178,Kléra HD Platinium Polycarbonate BLUE/KUT SE,POLY,1.59,K OPTICAL,KHD PC BK,https://www.france-optique.com/gravures/fournisseur=2217,2025-06-13 13:26:50.580000
1179,Kléra HD Platinium 1.74,ORG,1.74,K OPTICAL,KHD 1.74,https://www.france-optique.com/gravures/fournisseur=2217,2025-06-13 13:26:50.593333
1180,Kléra Sport 1.74,ORG,1.74,K OPTICAL,KSP 1.74,https://www.france-optique.com/gravures/fournisseur=2217,2025-06-13 13:26:50.603333
1181,K Room 1.5 Kromatic Brun et Gris,ORG PHO.,1.5,K OPTICAL,R 1.5 K,https://www.france-optique.com/gravures/fournisseur=2217,2025-06-13 13:26:50.616666
1182,K Platinium 1.74,ORG,1.74,K OPTICAL,K+ 1.74,https://www.france-optique.com/gravures/fournisseur=2217,2025-06-13 13:26:50.630000
1183,K Sport 1.74,ORG,1.74,K OPTICAL,KS 1.74,https://www.france-optique.com/gravures/fournisseur=2217,2025-06-13 13:26:50.640000
1184,Kléra Plus Evo 1.74 Kromatic BLUE/KUT SE Brun et Gris,ORG PHO,1.74,K OPTICAL,K+ 1.74 KB,https://www.france-optique.com/gravures/fournisseur=2217,2025-06-13 13:26:50.653333
1185,K Repos 1.74,ORG,1.74,K OPTICAL,KR 1.74,https://www.france-optique.com/gravures/fournisseur=2217,2025-06-13 13:26:50.663333
1186,Kléra HD Platinium 1.74 BLUE/KUT SE,ORG,1.74,K OPTICAL,KHD 1.74 BK,https://www.france-optique.com/gravures/fournisseur=2217,2025-06-13 13:26:50.676666
1187,Kléra Sport 1.74 BLUE/KUT SE,ORG,1.74,K OPTICAL,KSP 1.74 BK,https://www.france-optique.com/gravures/fournisseur=2217,2025-06-13 13:26:50.686666
1188,Kléra Plus Evo 1.74 Transitions 8 Brun et Gris,ORG TRANS,1.74,K OPTICAL,K+ 1.74 T8,https://www.france-optique.com/gravures/fournisseur=2217,2025-06-13 13:26:50.700000
1189,K Platinium 1.74 BLUE/KUT SE,ORG,1.74,K OPTICAL,K+ 1.74 BK,https://www.france-optique.com/gravures/fournisseur=2217,2025-06-13 13:26:50.710000
1190,K Sport 1.74 BLUE/KUT SE,ORG,1.74,K OPTICAL,KS 1.74 BK,https://www.france-optique.com/gravures/fournisseur=2217,2025-06-13 13:26:50.723333
1191,Kléra HD Platinium Polycarbonate Kromatic BLUE/KUT SE,POLY,1.59,K OPTICAL,KHD PC KB,https://www.france-optique.com/gravures/fournisseur=2217,2025-06-13 13:26:50.736666
1192,K Room 1.5 Kromatic BLUE/KUT SE Brun et Gris,ORG PHO,1.5,K OPTICAL,R 1.5 KB,https://www.france-optique.com/gravures/fournisseur=2217,2025-06-13 13:26:50.750000
1193,K Repos 1.74 BLUE/KUT SE,ORG,1.74,K OPTICAL,KR 1.74 BK,https://www.france-optique.com/gravures/fournisseur=2217,2025-06-13 13:26:50.760000
1194,"Kléra HD Platinium Polycarbonate Polarisant Brun, Gris et Gris-Vert",POLY POLA.,1.59,K OPTICAL,KHD PC POL,https://www.france-optique.com/gravures/fournisseur=2217,2025-06-13 13:26:50.776666
1195,K Platinium 1.5,ORG,1.5,K OPTICAL,K+ 1.50,https://www.france-optique.com/gravures/fournisseur=2217,2025-06-13 13:26:50.786666
1196,Kléra HD Platinium 1.74 Kromatic BLUEKUT SE Brun et Gris,ORG PHO,1.74,K OPTICAL,KHD 1.74 KB,https://www.france-optique.com/gravures/fournisseur=2217,2025-06-13 13:26:50.800000
1197,Kléra Sport 1.74 Kromatic BLUE/KUT SE Brun et Gris,ORG PHO,1.74,K OPTICAL,KSP 1.74 KB,https://www.france-optique.com/gravures/fournisseur=2217,2025-06-13 13:26:50.813333
1198,K Platinium 1.74 Kromatic BLUE/KUT SE Brun et Gris,ORG PHO,1.74,K OPTICAL,K+ 1.74 KB,https://www.france-optique.com/gravures/fournisseur=2217,2025-06-13 13:26:50.826666
1199,K Repos 1.74 Kromatic BLUE/KUT SE Brun et Gris,ORG PHO,1.74,K OPTICAL,KR 1.74 KB,https://www.france-optique.com/gravures/fournisseur=2217,2025-06-13 13:26:50.840000
1200,K Sport 1.74 Kromatic BLUE/KUT SE Brun et Gris,ORG PHO,1.74,K OPTICAL,KS 1.74 KB,https://www.france-optique.com/gravures/fournisseur=2217,2025-06-13 13:26:50.850000
1201,"Kléra HD Platinium Polycarbonate Transitions 8 Brun, Gris et Vert",POLY TRANS,1.59,K OPTICAL,KHD PC T8,https://www.france-optique.com/gravures/fournisseur=2217,2025-06-13 13:26:50.866666
1202,Kléra HD Platinium 1.74 Transitions8 Brun et Gris,ORG TRANS,1.74,K OPTICAL,KHD 1.74 T8,https://www.france-optique.com/gravures/fournisseur=2217,2025-06-13 13:26:50.880000
1203,Kléra Sport 1.74 Transitions 8 Brun et Gris,ORG TRANS,1.74,K OPTICAL,KSP 1.74 T8,https://www.france-optique.com/gravures/fournisseur=2217,2025-06-13 13:26:50.890000
1204,K Platinium 1.5 BLUE/KUT SE,ORG,1.5,K OPTICAL,K+ 1.50 BK,https://www.france-optique.com/gravures/fournisseur=2217,2025-06-13 13:26:50.903333
1205,K Platinium 1.74 Transitions 8 Brun et Gris,ORG TRANS,1.74,K OPTICAL,K+ 1.74 T8,https://www.france-optique.com/gravures/fournisseur=2217,2025-06-13 13:26:50.916666
1206,K Sport 1.74 Transitions 8 Brun et Gris,ORG TRANS,1.74,K OPTICAL,KS 1.74 T8,https://www.france-optique.com/gravures/fournisseur=2217,2025-06-13 13:26:50.930000
1207,K Repos 1.74 Transitions 8 Brun et Gris,ORG TRANS,1.74,K OPTICAL,KR 1.74 T8,https://www.france-optique.com/gravures/fournisseur=2217,2025-06-13 13:26:50.940000
1208,K Platinium 1.5 Kromatic Brun et Gris,ORG PHO,1.5,K OPTICAL,K+ 1.50 K,https://www.france-optique.com/gravures/fournisseur=2217,2025-06-13 13:26:50.953333
1209,Kléra HD Platinium Polycarbonate Transitions 8 Style,POLY TRANS,1.59,K OPTICAL,KHD PC TS,https://www.france-optique.com/gravures/fournisseur=2217,2025-06-13 13:26:50.970000
1210,Kléra HD Platinium Polycarbonate Transitions Xtractive Gris,POLY TRANS,1.59,K OPTICAL,KHD PC XT,https://www.france-optique.com/gravures/fournisseur=2217,2025-06-13 13:26:50.980000
1211,K Platinium 1.5 Kromatic BLUE/KUT SE Brun et Gris,ORG PHO,1.5,K OPTICAL,K+ 1.50 KB,https://www.france-optique.com/gravures/fournisseur=2217,2025-06-13 13:26:50.990000
1212,K Sport 1.5,ORG,1.5,K OPTICAL,KS 1.50,https://www.france-optique.com/gravures/fournisseur=2217,2025-06-13 13:26:51.000000
1213,K Sport 1.5 BLUE/KUT SE,ORG,1.5,K OPTICAL,KS 1.50 BK,https://www.france-optique.com/gravures/fournisseur=2217,2025-06-13 13:26:51.010000
1214,"SEIKO BRILLIANCE Xceed 1,50 IP+ Bl./Sens.",ORG,1.5,SEIKO OPTICAL FRANCE,https://si.france-optique.com/img/gravures/nasal/web_271-nas-seiko-05.tif.jpg,https://www.france-optique.com/gravures/fournisseur=1407,2025-06-13 13:26:51.023333
1215,"SEIKO BRILLIANCE X 1,74 IP+ Bl.",ORG,1.74,SEIKO OPTICAL FRANCE,https://si.france-optique.com/img/gravures/nasal/web_267-nas-seiko-01.tif.jpg,https://www.france-optique.com/gravures/fournisseur=1407,2025-06-13 13:26:51.033333
1216,"SEIKO BRILLIANCE X 1,67 IP+ Bl./Sens./PolarT.",ORG,1.67,SEIKO OPTICAL FRANCE,https://si.france-optique.com/img/gravures/nasal/web_268-nas-seiko-02.tif.jpg,https://www.france-optique.com/gravures/fournisseur=1407,2025-06-13 13:26:51.046666
1217,"SEIKO BRILLIANCE X 1,60 IP+ Bl./Sens./PolarT.",ORG,1.6,SEIKO OPTICAL FRANCE,https://si.france-optique.com/img/gravures/nasal/web_270-nas-seiko-04.tif.jpg,https://www.france-optique.com/gravures/fournisseur=1407,2025-06-13 13:26:51.056666
1218,"SEIKO BRILLIANCE X 1,50 IP+ Bl./Sens.",ORG,1.5,SEIKO OPTICAL FRANCE,https://si.france-optique.com/img/gravures/nasal/web_271-nas-seiko-05.tif.jpg,https://www.france-optique.com/gravures/fournisseur=1407,2025-06-13 13:26:51.070000
1219,"SEIKO SYNERGY Xtra Xceed 1,67 IP+ Bl./Sens./PolarT.",ORG,1.67,SEIKO OPTICAL FRANCE,https://si.france-optique.com/img/gravures/nasal/web_268-nas-seiko-02.tif.jpg,https://www.france-optique.com/gravures/fournisseur=1407,2025-06-13 13:26:51.080000
1220,"SEIKO SYNERGY Xtra Xceed1,60 IP+ Bl./Sens./PolarT.",ORG,1.6,SEIKO OPTICAL FRANCE,https://si.france-optique.com/img/gravures/nasal/web_270-nas-seiko-04.tif.jpg,https://www.france-optique.com/gravures/fournisseur=1407,2025-06-13 13:26:51.093333
1221,"SEIKO SYNERGY Xtra Xceed 1,50 Bl./Sens./Pola.",ORG,1.5,SEIKO OPTICAL FRANCE,https://si.france-optique.com/img/gravures/nasal/web_271-nas-seiko-05.tif.jpg,https://www.france-optique.com/gravures/fournisseur=1407,2025-06-13 13:26:51.106666
1222,K Sport 1.5 Kromatic Brun et Gris,ORG PHO,1.5,K OPTICAL,KS 1.50 K,https://www.france-optique.com/gravures/fournisseur=2217,2025-06-13 13:26:51.120000
1223,K Sport 1.5 Kromatic BLUE/KUT SE Brun et Gris,ORG PHO,1.5,K OPTICAL,KS 1.50 KB,https://www.france-optique.com/gravures/fournisseur=2217,2025-06-13 13:26:51.133333
1224,"K Sport 1.5 Polarisant Brun, Gris et Gris-Vert",ORG POLA,1.5,K OPTICAL,KS 1.50 POL,https://www.france-optique.com/gravures/fournisseur=2217,2025-06-13 13:26:51.143333
1225,"K Sport 1.5 Polarisant Dégradé Brun, Gris et Gris-Vert",ORG POLA,1.5,K OPTICAL,KS 1.50 POL,https://www.france-optique.com/gravures/fournisseur=2217,2025-06-13 13:26:51.156666
1226,"K Sport 1.5 Transitions 8 Brun, Gris et Vert",ORG TRANS,1.5,K OPTICAL,KS 1.50 T8,https://www.france-optique.com/gravures/fournisseur=2217,2025-06-13 13:26:51.170000
1227,K Sport 1.5 Transitions 8 Style,ORG TRANS,1.5,K OPTICAL,KS 1.50 TS,https://www.france-optique.com/gravures/fournisseur=2217,2025-06-13 13:26:51.183333
1228,K Sport 1.5 Transitions Xtractive Brun et Gris,ORG TRANS,1.5,K OPTICAL,KS 1.50 XT,https://www.france-optique.com/gravures/fournisseur=2217,2025-06-13 13:26:51.196666
1229,K Sport Trivex,TVX,1.53,K OPTICAL,KS 1.53,https://www.france-optique.com/gravures/fournisseur=2217,2025-06-13 13:26:51.206666
1230,K Sport Trivex BLUE/KUT SE,TVX,1.53,K OPTICAL,KS 1.53 BK,https://www.france-optique.com/gravures/fournisseur=2217,2025-06-13 13:26:51.220000
1231,"Autograph Intelligence™ 13 1,5",ORG,1.5,SHAMIR FRANCE,AI13,https://www.france-optique.com/gravures/fournisseur=2397,2025-06-13 13:26:51.233333
1232,"Autograph Intelligence™ 15 1,6",ORG,1.6,SHAMIR FRANCE,AI1516,https://www.france-optique.com/gravures/fournisseur=2397,2025-06-13 13:26:51.246666
1233,"Autograph Intelligence™ 18 1,67",ORG,1.67,SHAMIR FRANCE,AI18 67,https://www.france-optique.com/gravures/fournisseur=2397,2025-06-13 13:26:51.256666
1234,"InoTime® FULL FIT 1,6",ORG,1.6,SHAMIR FRANCE,i2F 16,https://www.france-optique.com/gravures/fournisseur=2397,2025-06-13 13:26:51.270000
1235,"InoTime® PRO 18 1,6",ORG,1.6,SHAMIR FRANCE,iP8 16,https://www.france-optique.com/gravures/fournisseur=2397,2025-06-13 13:26:51.283333
1236,"InoTime® Attitude III® Fashion 15 & 18 1,6",ORG,1.6,SHAMIR FRANCE,https://si.france-optique.com/img/gravures/nasal/web_157-nas-shamir-12.tif.jpg,https://www.france-optique.com/gravures/fournisseur=2397,2025-06-13 13:26:51.296666
1237,"Spectrum 2.0 16 & 19 1,5",ORG,1.5,SHAMIR FRANCE,S26 / S29 15,https://www.france-optique.com/gravures/fournisseur=2397,2025-06-13 13:26:51.310000
1238,"InoTime® Attitude III® SV 1,6",ORG,1.6,SHAMIR FRANCE,AT3 16,https://www.france-optique.com/gravures/fournisseur=2397,2025-06-13 13:26:51.320000
1239,"Autograph Intelligence™ 13 1,5 Transitions®",ORG,1.5,SHAMIR FRANCE,AI13T,https://www.france-optique.com/gravures/fournisseur=2397,2025-06-13 13:26:51.336666
1240,"Autograph Intelligence™ 18 1,67 Transitions®",ORG,1.67,SHAMIR FRANCE,AI18 T67,https://www.france-optique.com/gravures/fournisseur=2397,2025-06-13 13:26:51.350000
1241,"InoTime® FULL FIT 1,6 Transitions®",ORG,1.6,SHAMIR FRANCE,i2F T6,https://www.france-optique.com/gravures/fournisseur=2397,2025-06-13 13:26:51.366666
1242,"InoTime® PRO 18 1,6 Transitions®",ORG,1.6,SHAMIR FRANCE,iP8 T6,https://www.france-optique.com/gravures/fournisseur=2397,2025-06-13 13:26:51.380000
1243,"InoTime® Attitude III® Fashion 15 & 18 1,6 Transitions®",ORG,1.6,SHAMIR FRANCE,https://si.france-optique.com/img/gravures/nasal/web_158-nas-shamir-13.tif.jpg,https://www.france-optique.com/gravures/fournisseur=2397,2025-06-13 13:26:51.393333
1244,"Spectrum 2.0 16 & 19 1,5 Blue Zero",ORG,1.5,SHAMIR FRANCE,S26 / S29 BZ,https://www.france-optique.com/gravures/fournisseur=2397,2025-06-13 13:26:51.406666
1245,"InoTime® Attitude III® SV 1,6 Transitions®",ORG,1.6,SHAMIR FRANCE,AT3 T6,https://www.france-optique.com/gravures/fournisseur=2397,2025-06-13 13:26:51.423333
1246,"Autograph Intelligence™1,67 Polarisant",ORG,1.67,SHAMIR FRANCE,AIPZ67,https://www.france-optique.com/gravures/fournisseur=2397,2025-06-13 13:26:51.440000
1247,"Autograph Intelligence™ 13 1,5 Polarisant",ORG,1.5,SHAMIR FRANCE,AI13PZ,https://www.france-optique.com/gravures/fournisseur=2397,2025-06-13 13:26:51.453333
1248,"Autograph Intelligence™ 15 1,6 Transitions®",ORG,1.6,SHAMIR FRANCE,AI15 T6,https://www.france-optique.com/gravures/fournisseur=2397,2025-06-13 13:26:51.466666
1249,"Autograph Intelligence™ 18 1,67 Blue Zero",ORG,1.67,SHAMIR FRANCE,AI18 BZ67,https://www.france-optique.com/gravures/fournisseur=2397,2025-06-13 13:26:51.480000
1250,"InoTime® FULL FIT 1,6 Polarized",ORG,1.6,SHAMIR FRANCE,i2F PZ6,https://www.france-optique.com/gravures/fournisseur=2397,2025-06-13 13:26:51.490000
1251,"InoTime® PRO 18 1,6 Polarized",ORG,1.6,SHAMIR FRANCE,iP8 PZ6,https://www.france-optique.com/gravures/fournisseur=2397,2025-06-13 13:26:51.503333
1252,"InoTime® Attitude III® Fashion 15 & 18 1,6 Polarized",ORG,1.6,SHAMIR FRANCE,https://si.france-optique.com/img/gravures/nasal/web_194-nas-shamir-47.tif.jpg,https://www.france-optique.com/gravures/fournisseur=2397,2025-06-13 13:26:51.516666
1253,"Spectrum 2.0 16 & 19 1,5 Transitions®",ORG,1.5,SHAMIR FRANCE,S26 / S29 TR,https://www.france-optique.com/gravures/fournisseur=2397,2025-06-13 13:26:51.530000
1254,"InoTime® Attitude III® SV 1,6 Polarized",ORG,1.6,SHAMIR FRANCE,AT3 PZ6,https://www.france-optique.com/gravures/fournisseur=2397,2025-06-13 13:26:51.543333
1255,"Autograph Intelligence™ 13 1,5 Blue Zero",ORG,1.5,SHAMIR FRANCE,AI13BZ,https://www.france-optique.com/gravures/fournisseur=2397,2025-06-13 13:26:51.556666
1256,"Autograph Intelligence™ 15 1,6 Polarisant",ORG,1.6,SHAMIR FRANCE,AI15 PZ6,https://www.france-optique.com/gravures/fournisseur=2397,2025-06-13 13:26:51.570000
1257,"Autograph Intelligence™ 18 1,67 Polarisant",ORG,1.67,SHAMIR FRANCE,AI18 PZ67,https://www.france-optique.com/gravures/fournisseur=2397,2025-06-13 13:26:51.583333
1258,"InoTime® FULL FIT 1,67",ORG,1.67,SHAMIR FRANCE,i2F 67,https://www.france-optique.com/gravures/fournisseur=2397,2025-06-13 13:26:51.593333
1259,"InoTime® PRO 18 1,67",ORG,1.67,SHAMIR FRANCE,iP8 67,https://www.france-optique.com/gravures/fournisseur=2397,2025-06-13 13:26:51.606666
1260,"InoTime® Attitude III® Fashion 15 & 18 1,67",ORG,1.67,SHAMIR FRANCE,https://si.france-optique.com/img/gravures/nasal/web_159-nas-shamir-14.tif.jpg,https://www.france-optique.com/gravures/fournisseur=2397,2025-06-13 13:26:51.620000
1261,"Spectrum 2.0 16 & 19 1,5 Polarisant",ORG,1.5,SHAMIR FRANCE,S26 / S29 PZ,https://www.france-optique.com/gravures/fournisseur=2397,2025-06-13 13:26:51.633333
1262,"InoTime® Attitude III® SV 1,67",ORG,1.67,SHAMIR FRANCE,AT3 67,https://www.france-optique.com/gravures/fournisseur=2397,2025-06-13 13:26:51.643333
1263,Autograph Intelligence™ 13 Poly,POLY,1.59,SHAMIR FRANCE,AI13 P,https://www.france-optique.com/gravures/fournisseur=2397,2025-06-13 13:26:51.656666
1264,"Autograph Intelligence™ 15 1,6 Blue Zero",ORG,1.6,SHAMIR FRANCE,AI15 BZ6,https://www.france-optique.com/gravures/fournisseur=2397,2025-06-13 13:26:51.670000
1265,"InoTime® FULL FIT 1,67 Transitions®",ORG,1.67,SHAMIR FRANCE,i2F T67,https://www.france-optique.com/gravures/fournisseur=2397,2025-06-13 13:26:51.686666
1266,"InoTime® PRO 18 1,67 Transitions®",ORG,1.67,SHAMIR FRANCE,iP8 T67,https://www.france-optique.com/gravures/fournisseur=2397,2025-06-13 13:26:51.700000
1267,"InoTime® Attitude III® Fashion 15 & 18 1,67 Transitions®",ORG,1.67,SHAMIR FRANCE,https://si.france-optique.com/img/gravures/nasal/web_160-nas-shamir-15.tif.jpg,https://www.france-optique.com/gravures/fournisseur=2397,2025-06-13 13:26:51.710000
1268,Spectrum 2.0 16 & 19 Poly,POLY,1.59,SHAMIR FRANCE,S26 / S29 PC,https://www.france-optique.com/gravures/fournisseur=2397,2025-06-13 13:26:51.723333
1269,"InoTime® Attitude III® SV 1,67 Transitions®",ORG,1.67,SHAMIR FRANCE,AT3 T67,https://www.france-optique.com/gravures/fournisseur=2397,2025-06-13 13:26:51.736666
1270,Spectrum 2.0 16 & 19 Poly Color,POLY,1.59,SHAMIR FRANCE,S26 / S29 PCC,https://www.france-optique.com/gravures/fournisseur=2397,2025-06-13 13:26:51.750000
1271,"Spectrum 2.0 16 & 19 1,6 (MR8)",ORG,1.6,SHAMIR FRANCE,S26 / S29 16,https://www.france-optique.com/gravures/fournisseur=2397,2025-06-13 13:26:51.763333
1272,"Spectrum 2.0 16 & 19 1,6 (MR8) Blue Zero",ORG,1.6,SHAMIR FRANCE,S26 / S29 BZ6,https://www.france-optique.com/gravures/fournisseur=2397,2025-06-13 13:26:51.776666
1273,"Spectrum 2.0 16 & 19 1,6 (MR8) Transitions®",ORG,1.6,SHAMIR FRANCE,S26 / S29 T6,https://www.france-optique.com/gravures/fournisseur=2397,2025-06-13 13:26:51.790000
1274,"Spectrum 2.0 16 & 19 1,6 (MR8) Polarisant",ORG,1.6,SHAMIR FRANCE,S26 / S29 PZ6,https://www.france-optique.com/gravures/fournisseur=2397,2025-06-13 13:26:51.803333
1275,"Spectrum 2.0 16 & 19 1,67 (MR10)",ORG,1.67,SHAMIR FRANCE,S26 / S29 67,https://www.france-optique.com/gravures/fournisseur=2397,2025-06-13 13:26:51.816666
1276,"Spectrum 2.0 16 & 19 1,67 (MR10) Blue Zero",ORG,1.67,SHAMIR FRANCE,S26 / S29 BZ67,https://www.france-optique.com/gravures/fournisseur=2397,2025-06-13 13:26:51.830000
1277,"Spectrum 2.0 16 & 19 1,67 (MR10) Transitions®",ORG,1.67,SHAMIR FRANCE,S26 / S29 T67,https://www.france-optique.com/gravures/fournisseur=2397,2025-06-13 13:26:51.843333
1278,"Spectrum 2.0 16 & 19 1,74",ORG,1.74,SHAMIR FRANCE,S26 / S29 74,https://www.france-optique.com/gravures/fournisseur=2397,2025-06-13 13:26:51.856666
1279,"Autograph Intelligence™ 18 1,74",ORG,1.74,SHAMIR FRANCE,AI18 74,https://www.france-optique.com/gravures/fournisseur=2397,2025-06-13 13:26:51.870000
1280,"InoTime® Attitude III® Sport 1,6",ORG,1.6,SHAMIR FRANCE,https://si.france-optique.com/img/gravures/nasal/web_209-nas-shamir-62.tif.jpg,https://www.france-optique.com/gravures/fournisseur=2397,2025-06-13 13:26:51.883333
1281,"InoTime® Attitude III® Sport 1,6 Transitions®",ORG,1.6,SHAMIR FRANCE,https://si.france-optique.com/img/gravures/nasal/web_210-nas-shamir-63.tif.jpg,https://www.france-optique.com/gravures/fournisseur=2397,2025-06-13 13:26:51.893333
1282,"InoTime® Attitude III® Sport 1,67",ORG,1.67,SHAMIR FRANCE,https://si.france-optique.com/img/gravures/nasal/web_213-nas-shamir-66.tif.jpg,https://www.france-optique.com/gravures/fournisseur=2397,2025-06-13 13:26:51.906666
1283,"InoTime® Attitude III® Sport 1,67 Transitions®",ORG,1.67,SHAMIR FRANCE,https://si.france-optique.com/img/gravures/nasal/web_214-nas-shamir-67.tif.jpg,https://www.france-optique.com/gravures/fournisseur=2397,2025-06-13 13:26:51.920000
1284,"Autograph Plus 14 - 16 - 18 1,5",ORG,1.5,SHAMIR FRANCE,+14/+16/+18 15,https://www.france-optique.com/gravures/fournisseur=2397,2025-06-13 13:26:51.936666
1285,"Autograph Plus 14 - 16 - 18 1,5 Blue Zero",ORG,1.5,SHAMIR FRANCE,+14/+16/+18 BZ,https://www.france-optique.com/gravures/fournisseur=2397,2025-06-13 13:26:51.950000
1286,"Autograph Plus 14 - 16 - 18 1,5 Transitions®",ORG,1.5,SHAMIR FRANCE,+14/+16/+18 TR,https://www.france-optique.com/gravures/fournisseur=2397,2025-06-13 13:26:51.963333
1287,"Autograph Plus 14 - 16 - 18 1,5 Polarisant",ORG,1.5,SHAMIR FRANCE,+14/+16/+18 PZ,https://www.france-optique.com/gravures/fournisseur=2397,2025-06-13 13:26:51.976666
1288,Autograph Plus 14 - 16 - 18 Poly,POLY,1.59,SHAMIR FRANCE,+14/+16/+18 PC,https://www.france-optique.com/gravures/fournisseur=2397,2025-06-13 13:26:51.980000
1289,Autograph Plus 14 - 16 - 18 Poly Color,POLY,1.59,SHAMIR FRANCE,+14/+16/+18 PCC,https://www.france-optique.com/gravures/fournisseur=2397,2025-06-13 13:26:51.993333
1290,Autograph Plus 14 - 16 - 18 Poly Polarisant,POLY,1.59,SHAMIR FRANCE,+14/+16/+18 PPZ,https://www.france-optique.com/gravures/fournisseur=2397,2025-06-13 13:26:52.006666
1291,"Autograph Plus 14 - 16 - 18 1,6 (MR8)",ORG,1.6,SHAMIR FRANCE,+14/+16/+18 16,https://www.france-optique.com/gravures/fournisseur=2397,2025-06-13 13:26:52.020000
1292,"Autograph Plus 14 - 16 - 18 1,6 (MR8) Blue Zero",ORG,1.6,SHAMIR FRANCE,+14/+16/+18 BZ6,https://www.france-optique.com/gravures/fournisseur=2397,2025-06-13 13:26:52.033333
1293,ABSOLU URBAIN 1.5 blanc / X400 / Xblue / Transitions® GenS™ / Transitions® XTRActive® / Pola / Pol Dégradé / Pola DRW™,ORG,1.5,MEGA OPTIC,ABU,https://www.france-optique.com/gravures/fournisseur=644,2025-06-13 13:26:52.046666
1294,"Autograph Plus 14 - 16 - 18 1,6 (MR8) Transitions®",ORG,1.6,SHAMIR FRANCE,+14/+16/+18 T6,https://www.france-optique.com/gravures/fournisseur=2397,2025-06-13 13:26:52.060000
1295,"Autograph Plus 14 - 16 - 18 1,6 (MR8) Polarisant",ORG,1.6,SHAMIR FRANCE,+14/+16/+18 PZ6,https://www.france-optique.com/gravures/fournisseur=2397,2025-06-13 13:26:52.073333
1296,"Autograph Plus 14 - 16 - 18 1,67 (MR10)",ORG,1.67,SHAMIR FRANCE,+14/+16/+18 67,https://www.france-optique.com/gravures/fournisseur=2397,2025-06-13 13:26:52.086666
1297,"Autograph Plus 14 - 16 - 18 1,67 (MR10) Blue Zero",ORG,1.67,SHAMIR FRANCE,+14/+16/+18 BZ67,https://www.france-optique.com/gravures/fournisseur=2397,2025-06-13 13:26:52.100000
1298,"Autograph Plus 14 - 16 - 18 1,67 (MR10) Transitions®",ORG,1.67,SHAMIR FRANCE,+14/+16/+18 T67,https://www.france-optique.com/gravures/fournisseur=2397,2025-06-13 13:26:52.113333
1299,"Autograph Plus 14 - 16 - 18 1,74",ORG,1.74,SHAMIR FRANCE,+14/+16/+18 74,https://www.france-optique.com/gravures/fournisseur=2397,2025-06-13 13:26:52.130000
1300,Spectrum 2.0 16 &19 Poly,POLY,1.59,SHAMIR FRANCE,S26 / S29 PC,https://www.france-optique.com/gravures/fournisseur=2397,2025-06-13 13:26:52.143333
1301,"Regular HD 16 & 19 1,5",ORG,1.5,SHAMIR FRANCE,Rd6 / Rd9 15,https://www.france-optique.com/gravures/fournisseur=2397,2025-06-13 13:26:52.156666
1302,"Regular HD 16 & 19 1,5 Transitions®",ORG,1.5,SHAMIR FRANCE,Rd6 / Rd9 TR,https://www.france-optique.com/gravures/fournisseur=2397,2025-06-13 13:26:52.170000
1303,Regular HD 16 & 19 Photovision,ORG,1.56,SHAMIR FRANCE,Rd6 / Rd9 P56,https://www.france-optique.com/gravures/fournisseur=2397,2025-06-13 13:26:52.183333
1304,Regular HD 16 & 19 Poly,POLY,1.59,SHAMIR FRANCE,Rd6 / Rd9 PC,https://www.france-optique.com/gravures/fournisseur=2397,2025-06-13 13:26:52.196666
1305,"Regular HD 16 & 19 1,6 (MR8)",ORG,1.6,SHAMIR FRANCE,Rd6 / Rd9 16,https://www.france-optique.com/gravures/fournisseur=2397,2025-06-13 13:26:52.210000
1306,"Regular HD 16 & 19 1,6 (MR8) Blue Zero",ORG,1.6,SHAMIR FRANCE,Rd6 / Rd9 BZ6,https://www.france-optique.com/gravures/fournisseur=2397,2025-06-13 13:26:52.223333
1307,"Regular HD 16 & 19 1,6 (MR8) Transition®",ORG,1.6,SHAMIR FRANCE,Rd6 / Rd9 16,https://www.france-optique.com/gravures/fournisseur=2397,2025-06-13 13:26:52.236666
1308,"Regular HD 16 & 19 1,67 (MR10)",ORG,1.67,SHAMIR FRANCE,Rd6 / Rd9 67,https://www.france-optique.com/gravures/fournisseur=2397,2025-06-13 13:26:52.250000
1309,"Regular HD 16 & 19 1,67 (MR10) Blue Zero",ORG,1.67,SHAMIR FRANCE,Rd6 / Rd9 BZ67,https://www.france-optique.com/gravures/fournisseur=2397,2025-06-13 13:26:52.263333
1310,"Regular HD 16 & 19 1,67 (MR10) Transitions®",ORG,1.67,SHAMIR FRANCE,Rd6 / Rd9 T67,https://www.france-optique.com/gravures/fournisseur=2397,2025-06-13 13:26:52.276666
1311,"First HD 16 & 19 1,5",ORG,1.5,SHAMIR FRANCE,Fd6 / Fd9 15,https://www.france-optique.com/gravures/fournisseur=2397,2025-06-13 13:26:52.290000
1312,"First HD 16 & 19 1,5 Transitions®",ORG,1.5,SHAMIR FRANCE,Fd6 / Fd9 TR,https://www.france-optique.com/gravures/fournisseur=2397,2025-06-13 13:26:52.303333
1313,First HD 16 & 19 Photovision,ORG,1.56,SHAMIR FRANCE,Fd6 / Fd9 P56,https://www.france-optique.com/gravures/fournisseur=2397,2025-06-13 13:26:52.316666
1314,First HD 16 & 19 Poly,POLY,1.59,SHAMIR FRANCE,Fd6 / Fd9 PC,https://www.france-optique.com/gravures/fournisseur=2397,2025-06-13 13:26:52.330000
1315,"First HD 16 & 19 1,6 (MR8)",ORG,1.6,SHAMIR FRANCE,Fd6 / Fd9 16,https://www.france-optique.com/gravures/fournisseur=2397,2025-06-13 13:26:52.343333
1316,"Attitude III Sport 18 1,5",ORG,1.5,SHAMIR FRANCE,https://si.france-optique.com/img/gravures/nasal/web_185-nas-shamir-38.tif.jpg,https://www.france-optique.com/gravures/fournisseur=2397,2025-06-13 13:26:52.356666
1317,"Attitude III Sport 18 1,5 Transitions®",ORG,1.5,SHAMIR FRANCE,https://si.france-optique.com/img/gravures/nasal/web_186-nas-shamir-39.tif.jpg,https://www.france-optique.com/gravures/fournisseur=2397,2025-06-13 13:26:52.370000
1318,"Attitude III Sport 18 1,5 Polarized",ORG,1.5,SHAMIR FRANCE,https://si.france-optique.com/img/gravures/nasal/web_188-nas-shamir-41.tif.jpg,https://www.france-optique.com/gravures/fournisseur=2397,2025-06-13 13:26:52.380000
1319,"Attitude III Sport 18 1,6",ORG,1.6,SHAMIR FRANCE,https://si.france-optique.com/img/gravures/nasal/web_157-nas-shamir-12.tif.jpg,https://www.france-optique.com/gravures/fournisseur=2397,2025-06-13 13:26:52.393333
1320,"Attitude III Sport 18 1,6 Transitions®",ORG,1.6,SHAMIR FRANCE,https://si.france-optique.com/img/gravures/nasal/web_158-nas-shamir-13.tif.jpg,https://www.france-optique.com/gravures/fournisseur=2397,2025-06-13 13:26:52.403333
1321,"Attitude III Fashion 15 & 18 1,67",ORG,1.67,SHAMIR FRANCE,https://si.france-optique.com/img/gravures/nasal/web_213-nas-shamir-66.tif.jpg,https://www.france-optique.com/gravures/fournisseur=2397,2025-06-13 13:26:52.416666
1322,"Attitude III Fashion 15 & 18 1,67 Transitions®",ORG,1.67,SHAMIR FRANCE,https://si.france-optique.com/img/gravures/nasal/web_214-nas-shamir-67.tif.jpg,https://www.france-optique.com/gravures/fournisseur=2397,2025-06-13 13:26:52.426666
1323,Attitude III Fashion 15 & 18 Poly,POLY,1.59,SHAMIR FRANCE,https://si.france-optique.com/img/gravures/nasal/web_217-nas-shamir-70.tif.jpg,https://www.france-optique.com/gravures/fournisseur=2397,2025-06-13 13:26:52.440000
1324,Attitude III Fashion 15 & 18 Poly Transitions®,POLY,1.59,SHAMIR FRANCE,https://si.france-optique.com/img/gravures/nasal/web_218-nas-shamir-71.tif.jpg,https://www.france-optique.com/gravures/fournisseur=2397,2025-06-13 13:26:52.453333
1325,Attitude III Fashion 15 & 18 Poly Polarized,POLY,1.59,SHAMIR FRANCE,https://si.france-optique.com/img/gravures/nasal/web_222-nas-shamir-75.tif.jpg,https://www.france-optique.com/gravures/fournisseur=2397,2025-06-13 13:26:52.466666
1326,Attitude III Fashion 15 & 18 Poly Color,POLY,1.59,SHAMIR FRANCE,https://si.france-optique.com/img/gravures/nasal/web_223-nas-shamir-76.tif.jpg,https://www.france-optique.com/gravures/fournisseur=2397,2025-06-13 13:26:52.476666
1327,Attitude III Fashion 15 & 18 NXT Varia Color / Varia Polar / Polar / Color Mirror / Color,NXT,1.53,SHAMIR FRANCE,https://si.france-optique.com/img/gravures/nasal/web_221-nas-shamir-74.tif.jpg,https://www.france-optique.com/gravures/fournisseur=2397,2025-06-13 13:26:52.490000
1328,"InoTime® SV 1,6",ORG,1.6,SHAMIR FRANCE,FF 16,https://www.france-optique.com/gravures/fournisseur=2397,2025-06-13 13:26:52.503333
1329,"InoTime® SV 1,6 Transitions®",ORG,1.6,SHAMIR FRANCE,FF T6,https://www.france-optique.com/gravures/fournisseur=2397,2025-06-13 13:26:52.516666
1330,"InoTime® SV 1,67",ORG,1.67,SHAMIR FRANCE,FF 67,https://www.france-optique.com/gravures/fournisseur=2397,2025-06-13 13:26:52.533333
1331,"InoTime® SV 1,67 Transitions®",ORG,1.67,SHAMIR FRANCE,FF T67,https://www.france-optique.com/gravures/fournisseur=2397,2025-06-13 13:26:52.546666
1332,ABSOLU URBAIN TVX® 1.53 blanc / Transitions® GenS™ / Transitions® XTRActive® / Pola,TVX,1.53,MEGA OPTIC,ABU,https://www.france-optique.com/gravures/fournisseur=644,2025-06-13 13:26:52.560000
1333,ABSOLU URBAIN 1.59 blanc / Transitions® GenS™ / Transitions® XTRActive® / Pola / Pola DRW™,POLY,1.59,MEGA OPTIC,ABU,https://www.france-optique.com/gravures/fournisseur=644,2025-06-13 13:26:52.576666
1334,ABSOLU URBAIN 1.6 blanc / Xblue / Transitions® GenS™ / Transitions® XTRActive® / Pola,MR8,1.6,MEGA OPTIC,ABU,https://www.france-optique.com/gravures/fournisseur=644,2025-06-13 13:26:52.590000
1335,ABSOLU URBAIN 1.67 blanc / Xblue / Transitions® GenS™ / Transitions® XTRActive® / Pola,ORG,1.67,MEGA OPTIC,ABU,https://www.france-optique.com/gravures/fournisseur=644,2025-06-13 13:26:52.603333
1336,ABSOLU URBAIN 1.74 blanc / Xblue / Transitions® GenS™,ORG,1.74,MEGA OPTIC,ABU,https://www.france-optique.com/gravures/fournisseur=644,2025-06-13 13:26:52.616666
1337,ABSOLU SCRIPT 1.5 blanc / X400 / Xblue / Transitions® GenS™ / Transitions® XTRActive® / Pola / Pola Dégradé / Pola DRW™,ORG,1.5,MEGA OPTIC,ABS,https://www.france-optique.com/gravures/fournisseur=644,2025-06-13 13:26:52.630000
1338,ABSOLU SCRIPT TVX® 1.53 blanc / Transitions® GenS™ / Transitions® XTRActive® / Pola,TVX,1.53,MEGA OPTIC,ABS,https://www.france-optique.com/gravures/fournisseur=644,2025-06-13 13:26:52.640000
1339,ABSOLU SCRIPT 1.59 blanc /Transitions® GenS™ / Transitions® XTRActive® / Pola / Pola DRW™,POLY,1.59,MEGA OPTIC,ABS,https://www.france-optique.com/gravures/fournisseur=644,2025-06-13 13:26:52.653333
1340,ABSOLU SCRIPT 1.6 blanc / Xblue / Transitions® GenS™ / Transitions® XTRActive® / Pola,MR8,1.6,MEGA OPTIC,ABS,https://www.france-optique.com/gravures/fournisseur=644,2025-06-13 13:26:52.666666
1341,ABSOLU SCRIPT 1.67 blanc / Xblue / Transitions® GenS™ / Transitions® XTRActive® / Pola,ORG,1.67,MEGA OPTIC,ABS,https://www.france-optique.com/gravures/fournisseur=644,2025-06-13 13:26:52.676666
1342,ABSOLU SCRIPT 1.74 blanc / Xblue / Transitions® GenS™,ORG,1.74,MEGA OPTIC,ABS,https://www.france-optique.com/gravures/fournisseur=644,2025-06-13 13:26:52.690000
1343,ABSOLU EVASION 1.5 blanc / X400 / Xblue / Transitions® GenS™ / Transitions® XTRActive® / Pola / Pola Dégradé / Pola DRW™,ORG,1.5,MEGA OPTIC,ABE,https://www.france-optique.com/gravures/fournisseur=644,2025-06-13 13:26:52.703333
1344,ABSOLU EVASION TVX® 1.53 blanc / Transitions® GenS™ / Transitions® XTRActive® / Pola,TVX,1.53,MEGA OPTIC,ABE,https://www.france-optique.com/gravures/fournisseur=644,2025-06-13 13:26:52.716666
1345,ABSOLU EVASION 1.59 blanc / Transitions® GenS™ / Transitions® XTRActive® / Pola / Pola DRW™,POLY,1.59,MEGA OPTIC,ABE,https://www.france-optique.com/gravures/fournisseur=644,2025-06-13 13:26:52.726666
1346,ABSOLU EVASION 1.6 blanc / Xblue / Transitions® GenS™ / Transitions® XTRActive® / Pola,ORG,1.6,MEGA OPTIC,ABE,https://www.france-optique.com/gravures/fournisseur=644,2025-06-13 13:26:52.740000
1347,ABSOLU EVASION 1.67 blanc / Xblue / Transitions® GenS™ / Transitions® XTRActive® / Pola,ORG,1.67,MEGA OPTIC,ABE,https://www.france-optique.com/gravures/fournisseur=644,2025-06-13 13:26:52.750000
1348,ABSOLU EVASION 1.74 blanc / Xblue / Transitions® GenS™,ORG,1.74,MEGA OPTIC,ABE,https://www.france-optique.com/gravures/fournisseur=644,2025-06-13 13:26:52.766666
1349,ATRIA 1.5 blanc / X400 / Xblue / Transitions® GenS™ / Transitions® XTRActive® / Pola / Pola Dégradé / Pola DRW™,ORG,1.5,MEGA OPTIC,IA,https://www.france-optique.com/gravures/fournisseur=644,2025-06-13 13:26:52.780000
1350,ATRIA TVX® 1.53 blanc / Trans® GenS™ / Trans® XTRActive® / Pola,TVX,1.53,MEGA OPTIC,IA,https://www.france-optique.com/gravures/fournisseur=644,2025-06-13 13:26:52.793333
1351,ATRIA 1.59 blanc / Transitions® GenS™ / Transitions® XTRActive® / Pola / Pola DRW™,POLY,1.59,MEGA OPTIC,IA,https://www.france-optique.com/gravures/fournisseur=644,2025-06-13 13:26:52.806666
1352,ATRIA 1.6 blanc / Xblue / Transitions® GenS™ / Transitions® XTRActive® / Pola,MR8,1.6,MEGA OPTIC,IA,https://www.france-optique.com/gravures/fournisseur=644,2025-06-13 13:26:52.823333
1353,ATRIA 1.67 blanc / Xblue / Transitions® GenS™ / Transitions® XTRActive® / Pola,ORG,1.67,MEGA OPTIC,IA,https://www.france-optique.com/gravures/fournisseur=644,2025-06-13 13:26:52.836666
1354,ATRIA 1.74 blanc / Xblue / Transitions® GenS™,ORG,1.74,MEGA OPTIC,IA,https://www.france-optique.com/gravures/fournisseur=644,2025-06-13 13:26:52.850000
1355,3D Fit 1.5 blanc / X400 / Xblue / Trans® GenS™ / Trans® XTRActive® / Trans® XTRActive® Pola / Pola / Pola Dégradé / Pola DRW™,ORG,1.5,MEGA OPTIC,3DFIT,https://www.france-optique.com/gravures/fournisseur=644,2025-06-13 13:26:52.863333
1356,3D Fit TVX® 1.53 blanc / Trans® GenS™ / Transitions® XTRActive® / Pola,TVX,1.53,MEGA OPTIC,3DFIT,https://www.france-optique.com/gravures/fournisseur=644,2025-06-13 13:26:52.876666
1357,3D Fit 1.59 blanc / Trans® GenS™ / Transitions® XTRActive® / Pola / Pola DRW™,POLY,1.59,MEGA OPTIC,3DFIT,https://www.france-optique.com/gravures/fournisseur=644,2025-06-13 13:26:52.893333
1358,3D Fit 1.6 blanc / Xblue / Trans® GenS™ / Trans® XTRActive® / Trans® XTRActive® Pola / Pola,ORG,1.6,MEGA OPTIC,3DFIT,https://www.france-optique.com/gravures/fournisseur=644,2025-06-13 13:26:52.906666
1359,3D Fit 1.67 blanc / Xblue / Trans® GenS™ / Trans® XTRActive® / Trans® XTRActive® Pola / Pola,ORG,1.67,MEGA OPTIC,3DFIT,https://www.france-optique.com/gravures/fournisseur=644,2025-06-13 13:26:52.920000
1360,3D Fit 1.74 blanc/Xblue/Trans™,ORG,1.74,MEGA OPTIC,3DFIT,https://www.france-optique.com/gravures/fournisseur=644,2025-06-13 13:26:52.930000
1361,3D Full Tech 1.5 blanc / X400 / Xblue / Trans® GenS™ / Trans® XTRActive® / Trans® XTRActive® Pola / Pola / Pola Dégradé / Pola DRW™,ORG,1.5,MEGA OPTIC,3DFT,https://www.france-optique.com/gravures/fournisseur=644,2025-06-13 13:26:52.943333
1362,3D Full Tech TVX® 1.53 blanc / Trans® GenS™ / Trans® XTRActive® / Pola,TVX,1.53,MEGA OPTIC,3DFT,https://www.france-optique.com/gravures/fournisseur=644,2025-06-13 13:26:52.956666
1363,3D Full Tech 1.59 blanc / Trans® GenS™ / Trans® XTRActive® / Pola / Pola DRW™,POLY,1.59,MEGA OPTIC,3DFT,https://www.france-optique.com/gravures/fournisseur=644,2025-06-13 13:26:52.970000
1364,3D Full Tech 1.6 blanc / Xblue / Trans® GenS™ / Trans® XTRActive® / Trans® XTRActive® Pola / Pola,MR8,1.6,MEGA OPTIC,3DFT,https://www.france-optique.com/gravures/fournisseur=644,2025-06-13 13:26:52.993333
1365,K Sport Trivex Polarisant Brun et Gris,TVX POLA,1.53,K OPTICAL,KS 1.53 POL,https://www.france-optique.com/gravures/fournisseur=2217,2025-06-13 13:26:53.006666
1366,Eyezen BOOST 0.85 Ormix,ORG,1.6,Fournisseur : ESSILOR FR ...,https://si.france-optique.com/img/gravures/nasal/web_746-nas-essilor-122.tif.jpg,https://www.france-optique.com/gravures/fournisseur=521,2025-06-13 13:26:53.020000
1367,3D Full Tech 1.67 blanc / Xblue / Trans® GenS™ / Trans® XTRActive® / Trans® XTRActive® Pola / Pola,ORG,1.67,MEGA OPTIC,3DFT,https://www.france-optique.com/gravures/fournisseur=644,2025-06-13 13:26:53.033333
1368,3D Full Tech 1.74 blanc/Xblue/Trans™,ORG,1.74,MEGA OPTIC,3DFT,https://www.france-optique.com/gravures/fournisseur=644,2025-06-13 13:26:53.046666
1369,VIPHD 1.5 blanc / X400 / Xblue / Transitions® GenS™ / Transitions® XTRActive® / Pola / Pola Dégradé / Pola DRW™,ORG,1.5,MEGA OPTIC,VI,https://www.france-optique.com/gravures/fournisseur=644,2025-06-13 13:26:53.056666
1370,VIPHD TVX® 1.53 blanc / Transitions® GenS™ / Transitions® XTRActive® / Pola,TVX,1.53,MEGA OPTIC,VI,https://www.france-optique.com/gravures/fournisseur=644,2025-06-13 13:26:53.070000
1371,VIPHD 1.59 blanc / Transitions® GenS™ / Transitions® XTRActive® / Pola / Pola DRW™,POLY,1.59,MEGA OPTIC,VI,https://www.france-optique.com/gravures/fournisseur=644,2025-06-13 13:26:53.083333
1372,VIPHD 1.6 blanc / Xblue / Transitions® GenS™ / Transitions® XTRActive® / Pola,MR8,1.6,MEGA OPTIC,VI,https://www.france-optique.com/gravures/fournisseur=644,2025-06-13 13:26:53.096666
1373,VIPHD 1.67 blanc / Xblue / Transitions® GenS™ / Transitions® XTRActive® / Pola,ORG,1.67,MEGA OPTIC,VI,https://www.france-optique.com/gravures/fournisseur=644,2025-06-13 13:26:53.110000
1374,VIPHD 1.74 blanc / Xblue / Transitions® GenS™,ORG,1.74,MEGA OPTIC,VI,https://www.france-optique.com/gravures/fournisseur=644,2025-06-13 13:26:53.123333
1375,AGILAHD 1.5 blanc,ORG,1.5,MEGA OPTIC,AG/AGm,https://www.france-optique.com/gravures/fournisseur=644,2025-06-13 13:26:53.136666
1376,AGILAHD 1.6 blanc,ORG,1.6,MEGA OPTIC,AG/AGm,https://www.france-optique.com/gravures/fournisseur=644,2025-06-13 13:26:53.150000
1377,PRISMAHD 1.5 blanc / Xblue / Transitions® GenS™ / Pola,ORG,1.5,MEGA OPTIC,PR/PRm,https://www.france-optique.com/gravures/fournisseur=644,2025-06-13 13:26:53.166666
1378,PRISMAHD 1.59 blanc / Transitions® GenS™,POLY,1.59,MEGA OPTIC,PR/PRm,https://www.france-optique.com/gravures/fournisseur=644,2025-06-13 13:26:53.183333
1379,PRISMAHD 1.6 blanc / Xblue / Transitions® GenS™ / Pola,MR8,1.6,MEGA OPTIC,PR/PRm,https://www.france-optique.com/gravures/fournisseur=644,2025-06-13 13:26:53.196666
1380,PRISMAHD 1.67 blanc / Xblue / Transitions® GenS™ / Pola,ORG,1.67,MEGA OPTIC,PR/PRm,https://www.france-optique.com/gravures/fournisseur=644,2025-06-13 13:26:53.210000
1381,PRISMAHD 1.74 blanc / Xblue,ORG,1.74,MEGA OPTIC,PR/PRm,https://www.france-optique.com/gravures/fournisseur=644,2025-06-13 13:26:53.220000
1382,PSEHD 1.5 blanc / Xblue / Transitions® GenS™ / Pola,ORG,1.5,MEGA OPTIC,PS/PSm,https://www.france-optique.com/gravures/fournisseur=644,2025-06-13 13:26:53.233333
1383,PSEHD 1.59 blanc,POLY,1.59,MEGA OPTIC,PS/PSm,https://www.france-optique.com/gravures/fournisseur=644,2025-06-13 13:26:53.246666
1384,PSEHD 1.6 blanc / Xblue / Transitions® GenS™ / Pola,MR8,1.6,MEGA OPTIC,PS/PSm,https://www.france-optique.com/gravures/fournisseur=644,2025-06-13 13:26:53.260000
1385,PSEHD 1.67 blanc / Xblue,ORG,1.67,MEGA OPTIC,PS/PSm,https://www.france-optique.com/gravures/fournisseur=644,2025-06-13 13:26:53.273333
1386,POWER DESK 1.5 blanc/X400/Xblue/Trans™/Trans™ XTRActive® NG,ORG,1.5,MEGA OPTIC,PW,https://www.france-optique.com/gravures/fournisseur=644,2025-06-13 13:26:53.286666
1387,POWER DESK TVX® 1.53 blanc/Xblue//Trans™/Trans™ XTRActive® NG,TVX,1.53,MEGA OPTIC,PW,https://www.france-optique.com/gravures/fournisseur=644,2025-06-13 13:26:53.300000
1388,POWER DESK 1.59 blanc/Trans™/Trans™ XTRActive® NG,POLY,1.59,MEGA OPTIC,PW,https://www.france-optique.com/gravures/fournisseur=644,2025-06-13 13:26:53.313333
1389,POWER DESK 1.6 blanc/X400/Xblue/Trans™/Trans™ XTRActive® NG,MR8,1.6,MEGA OPTIC,PW,https://www.france-optique.com/gravures/fournisseur=644,2025-06-13 13:26:53.326666
1390,POWER DESK 1.67 blanc/Xblue/Trans™/Trans™ XTRActive® NG,ORG,1.67,MEGA OPTIC,PW,https://www.france-optique.com/gravures/fournisseur=644,2025-06-13 13:26:53.340000
1391,POWER DESK 1.74 blanc/Xblue/Trans™,ORG,1.74,MEGA OPTIC,PW,https://www.france-optique.com/gravures/fournisseur=644,2025-06-13 13:26:53.353333
1392,E-TOUCH 1.5 blanc / Xblue / Trans® GenS™ / Trans® XTRActive®,ORG,1.5,MEGA OPTIC,ET,https://www.france-optique.com/gravures/fournisseur=644,2025-06-13 13:26:53.366666
1393,E-TOUCH 1.6 blanc / Xblue / Trans® GenS™ / Trans® XTRActive®,MR8,1.6,MEGA OPTIC,ET,https://www.france-optique.com/gravures/fournisseur=644,2025-06-13 13:26:53.380000
1394,E-TOUCH 1.67 blanc / Xblue / Trans® GenS™ / Trans® XTRActive®,ORG,1.67,MEGA OPTIC,ET,https://www.france-optique.com/gravures/fournisseur=644,2025-06-13 13:26:53.390000
1395,€SPRIX MD 1.5 AR,ORG,1.5,MEGA OPTIC,ESPmdF ESPmdA ESPmdM,https://www.france-optique.com/gravures/fournisseur=644,2025-06-13 13:26:53.403333
1396,€SPRIX MD 1.6 AR,MR8,1.6,MEGA OPTIC,ESPmdF ESPmdA ESPmdM,https://www.france-optique.com/gravures/fournisseur=644,2025-06-13 13:26:53.413333
1397,€SPRIX MD 1.67 AR,ORG,1.67,MEGA OPTIC,ESPmdF ESPmdA ESPmdM,https://www.france-optique.com/gravures/fournisseur=644,2025-06-13 13:26:53.423333
1398,€SPRIX MD 1.74 AR,ORG,1.74,MEGA OPTIC,ESPmdF ESPmdA ESPmdM,https://www.france-optique.com/gravures/fournisseur=644,2025-06-13 13:26:53.436666
1399,€SPRIX PROG & Mini 1.5 AR,ORG,1.5,MEGA OPTIC,ESP/ESPm,https://www.france-optique.com/gravures/fournisseur=644,2025-06-13 13:26:53.450000
1400,€SPRIX PROG & Min 1.59 AR,POLY,1.59,MEGA OPTIC,ESP/ESPm,https://www.france-optique.com/gravures/fournisseur=644,2025-06-13 13:26:53.460000
1401,€SPRIX PROG & Min 1.6 AR,MR8,1.6,MEGA OPTIC,ESP/ESPm,https://www.france-optique.com/gravures/fournisseur=644,2025-06-13 13:26:53.473333
1402,€SPRIX PROG & Min 1.67 AR,ORG,1.67,MEGA OPTIC,ESP/ESPm,https://www.france-optique.com/gravures/fournisseur=644,2025-06-13 13:26:53.483333
1403,€SPRIX PROG & Min 1.74 AR,ORG,1.74,MEGA OPTIC,ESP/ESPm,https://www.france-optique.com/gravures/fournisseur=644,2025-06-13 13:26:53.493333
1404,IDEO 1.5 blanc / XBlue,ORG,1.5,MEGA OPTIC,ID,https://www.france-optique.com/gravures/fournisseur=644,2025-06-13 13:26:53.506666
1405,IDEO 1.6 blanc / XBlue,MR8,1.6,MEGA OPTIC,ID,https://www.france-optique.com/gravures/fournisseur=644,2025-06-13 13:26:53.516666
1406,Eyezen BOOST 0.85 Airwear Eye Protect System et Airwear Transitions,ORG,1.59,Fournisseur : ESSILOR FR ...,https://si.france-optique.com/img/gravures/nasal/web_747-nas-essilor-123.tif.jpg,https://www.france-optique.com/gravures/fournisseur=521,2025-06-13 13:26:53.530000
1407,Eyezen BOOST 0.85 Airwear,ORG,1.59,Fournisseur : ESSILOR FR ...,https://si.france-optique.com/img/gravures/nasal/web_747-nas-essilor-123.tif.jpg,https://www.france-optique.com/gravures/fournisseur=521,2025-06-13 13:26:53.540000
1408,Eyezen BOOST 0.85 Orma Eye Protect System et Orma Transitions,ORG,1.5,Fournisseur : ESSILOR FR ...,https://si.france-optique.com/img/gravures/nasal/web_748-nas-essilor-124.tif.jpg,https://www.france-optique.com/gravures/fournisseur=521,2025-06-13 13:26:53.553333
1409,Eyezen BOOST 0.85 Orma,ORG,1.5,Fournisseur : ESSILOR FR ...,https://si.france-optique.com/img/gravures/nasal/web_748-nas-essilor-124.tif.jpg,https://www.france-optique.com/gravures/fournisseur=521,2025-06-13 13:26:53.563333
1410,Eyezen BOOST 0.85 Fit Lineis Eye Protect System,ORG,1.74,Fournisseur : ESSILOR FR ...,https://si.france-optique.com/img/gravures/nasal/web_745-nas-essilor-121.tif.jpg,https://www.france-optique.com/gravures/fournisseur=521,2025-06-13 13:26:53.580000
1411,Eyezen BOOST 0.85 Fit Lineis,ORG,1.74,Fournisseur : ESSILOR FR ...,https://si.france-optique.com/img/gravures/nasal/web_745-nas-essilor-121.tif.jpg,https://www.france-optique.com/gravures/fournisseur=521,2025-06-13 13:26:53.590000
1412,Eyezen BOOST 0.85 Fit Stylis Eye Protect System et Stylis Transitions,ORG,1.67,Fournisseur : ESSILOR FR ...,https://si.france-optique.com/img/gravures/nasal/web_749-nas-essilor-125.tif.jpg,https://www.france-optique.com/gravures/fournisseur=521,2025-06-13 13:26:53.600000
1413,Eyezen BOOST 0.85 Fit Stylis,ORG,1.67,Fournisseur : ESSILOR FR ...,https://si.france-optique.com/img/gravures/nasal/web_749-nas-essilor-125.tif.jpg,https://www.france-optique.com/gravures/fournisseur=521,2025-06-13 13:26:53.613333
1414,Eyezen BOOST 0.85 Fit Ormix Eye Protect System et Ormix Transitions,ORG,1.6,Fournisseur : ESSILOR FR ...,https://si.france-optique.com/img/gravures/nasal/web_746-nas-essilor-122.tif.jpg,https://www.france-optique.com/gravures/fournisseur=521,2025-06-13 13:26:53.623333
1415,Eyezen BOOST 0.85 Fit Ormix,ORG,1.6,Fournisseur : ESSILOR FR ...,https://si.france-optique.com/img/gravures/nasal/web_746-nas-essilor-122.tif.jpg,https://www.france-optique.com/gravures/fournisseur=521,2025-06-13 13:26:53.633333
1416,Eyezen BOOST 0.85 Fit Airwear Eye Protect System et Airwear Transitions,ORG,1.59,Fournisseur : ESSILOR FR ...,https://si.france-optique.com/img/gravures/nasal/web_747-nas-essilor-123.tif.jpg,https://www.france-optique.com/gravures/fournisseur=521,2025-06-13 13:26:53.650000
1417,Eyezen BOOST 0.85 Fit Airwear,ORG,1.59,Fournisseur : ESSILOR FR ...,https://si.france-optique.com/img/gravures/nasal/web_747-nas-essilor-123.tif.jpg,https://www.france-optique.com/gravures/fournisseur=521,2025-06-13 13:26:53.660000
1418,Eyezen BOOST 0.85 Fit Orma Eye Protect System et Orma Transitions,ORG,1.5,Fournisseur : ESSILOR FR ...,https://si.france-optique.com/img/gravures/nasal/web_748-nas-essilor-124.tif.jpg,https://www.france-optique.com/gravures/fournisseur=521,2025-06-13 13:26:53.670000
1419,Eyezen BOOST 0.85 Fit Orma,ORG,1.5,Fournisseur : ESSILOR FR ...,https://si.france-optique.com/img/gravures/nasal/web_748-nas-essilor-124.tif.jpg,https://www.france-optique.com/gravures/fournisseur=521,2025-06-13 13:26:53.683333
1420,Eyezen Start Stylis,ORG,1.67,Fournisseur : ESSILOR FR ...,https://si.france-optique.com/img/gravures/nasal/web_833-grav-essilor-19-01.tif.jpg,https://www.france-optique.com/gravures/fournisseur=521,2025-06-13 13:26:53.696666
1421,Eyezen Start Airwear,ORG,1.59,Fournisseur : ESSILOR FR ...,https://si.france-optique.com/img/gravures/nasal/web_835-grav-essilor-19-03.tif.jpg,https://www.france-optique.com/gravures/fournisseur=521,2025-06-13 13:26:53.710000
1422,Eyezen Start Fit Stylis,ORG,1.67,Fournisseur : ESSILOR FR ...,https://si.france-optique.com/img/gravures/nasal/web_833-grav-essilor-19-01.tif.jpg,https://www.france-optique.com/gravures/fournisseur=521,2025-06-13 13:26:53.723333
1423,Eyezen BOOST 1.1 Fit Airwear Eye Protect System et Airwear Transitions,ORG,1.59,Fournisseur : ESSILOR FR ...,https://si.france-optique.com/img/gravures/nasal/web_1179-nas-essilor-11.tif.jpg,https://www.france-optique.com/gravures/fournisseur=521,2025-06-13 13:26:53.733333
1424,Eyezen Start Fit Airwear,ORG,1.59,Fournisseur : ESSILOR FR ...,https://si.france-optique.com/img/gravures/nasal/web_835-grav-essilor-19-03.tif.jpg,https://www.france-optique.com/gravures/fournisseur=521,2025-06-13 13:26:53.746666
1425,Eyezen Start Fit Orma,ORG,1.5,Fournisseur : ESSILOR FR ...,https://si.france-optique.com/img/gravures/nasal/web_836-grav-essilor-19-04.tif.jpg,https://www.france-optique.com/gravures/fournisseur=521,2025-06-13 13:26:53.760000
1426,Eyezen BOOST 1.1 Lineis Eye Protect System et Lineis Transitions,ORG,1.74,Fournisseur : ESSILOR FR ...,https://si.france-optique.com/img/gravures/nasal/web_1177-nas-essilor-9.tif.jpg,https://www.france-optique.com/gravures/fournisseur=521,2025-06-13 13:26:53.773333
1427,Eyezen BOOST 1.1 Lineis,ORG,1.74,Fournisseur : ESSILOR FR ...,https://si.france-optique.com/img/gravures/nasal/web_1177-nas-essilor-9.tif.jpg,https://www.france-optique.com/gravures/fournisseur=521,2025-06-13 13:26:53.783333
1428,Eyezen BOOST 1.1 Stylis Eye Protect System et Lineis Transitions,ORG,1.67,Fournisseur : ESSILOR FR ...,https://si.france-optique.com/img/gravures/nasal/web_1175-nas-essilor-7.tif.jpg,https://www.france-optique.com/gravures/fournisseur=521,2025-06-13 13:26:53.796666
1429,Eyezen BOOST 1.1 Stylis,ORG,1.67,Fournisseur : ESSILOR FR ...,https://si.france-optique.com/img/gravures/nasal/web_1175-nas-essilor-7.tif.jpg,https://www.france-optique.com/gravures/fournisseur=521,2025-06-13 13:26:53.806666
1430,Eyezen BOOST 1.1 Ormix Eye Protect System et Lineis Transitions,ORG,1.6,Fournisseur : ESSILOR FR ...,https://si.france-optique.com/img/gravures/nasal/web_1176-nas-essilor-8.tif.jpg,https://www.france-optique.com/gravures/fournisseur=521,2025-06-13 13:26:53.820000
1431,Eyezen BOOST 1.1 Ormix,ORG,1.6,Fournisseur : ESSILOR FR ...,https://si.france-optique.com/img/gravures/nasal/web_1176-nas-essilor-8.tif.jpg,https://www.france-optique.com/gravures/fournisseur=521,2025-06-13 13:26:53.830000
1432,Eyezen BOOST 1.1 Airwear Eye Protect System et Lineis Transitions,ORG,1.59,Fournisseur : ESSILOR FR ...,https://si.france-optique.com/img/gravures/nasal/web_1179-nas-essilor-11.tif.jpg,https://www.france-optique.com/gravures/fournisseur=521,2025-06-13 13:26:53.843333
1433,Eyezen BOOST 1.1 Airwear,ORG,1.59,Fournisseur : ESSILOR FR ...,https://si.france-optique.com/img/gravures/nasal/web_1179-nas-essilor-11.tif.jpg,https://www.france-optique.com/gravures/fournisseur=521,2025-06-13 13:26:53.856666
1434,Eyezen BOOST 1.1 Orma Eye Protect System et Lineis Transitions,ORG,1.5,Fournisseur : ESSILOR FR ...,https://si.france-optique.com/img/gravures/nasal/web_1178-nas-essilor-10.tif.jpg,https://www.france-optique.com/gravures/fournisseur=521,2025-06-13 13:26:53.866666
1435,K Sport Trivex Transitions Xtractive Gris,TVX TRANS,1.53,K OPTICAL,KS 1.53 XT,https://www.france-optique.com/gravures/fournisseur=2217,2025-06-13 13:26:53.880000
1436,Kléra Plus Evo 1.5 Kromatic BLUE/KUT SE Brun et Gris,ORG PHO,1.5,K OPTICAL,K+ 1.50 KB,https://www.france-optique.com/gravures/fournisseur=2217,2025-06-13 13:26:53.890000
1437,"Kléra Plus Evo 1.5 Polarisant Brun, Gris et Gris-Vert",ORG POLA.,1.5,K OPTICAL,K+ 1.50 POL,https://www.france-optique.com/gravures/fournisseur=2217,2025-06-13 13:26:53.903333
1438,"Kléra Plus Evo 1.5 Polarisant Dégradé Brun, Gris et Gris-Vert",ORG POLA.,1.5,K OPTICAL,K+ 1.50 POL,https://www.france-optique.com/gravures/fournisseur=2217,2025-06-13 13:26:53.916666
1439,"Kléra Plus Evo 1.5 Transitions 8 Brun, Gris et Vert",ORG TRANS,1.5,K OPTICAL,K+ 1.50 T8,https://www.france-optique.com/gravures/fournisseur=2217,2025-06-13 13:26:53.930000
1440,Kléra Plus Evo 1.5 Transitions 8 Style,ORG TRANS,1.5,K OPTICAL,K+ 1.50 TS,https://www.france-optique.com/gravures/fournisseur=2217,2025-06-13 13:26:53.943333
1441,Kléra Plus Evo 1.5 Transitions Xtractive Brun et Gris,ORG TRANS,1.5,K OPTICAL,K+ 1.50 XT,https://www.france-optique.com/gravures/fournisseur=2217,2025-06-13 13:26:53.956666
1442,Kléra Sport 1.5,ORG,1.5,K OPTICAL,KSP 1.50,https://www.france-optique.com/gravures/fournisseur=2217,2025-06-13 13:26:53.966666
1443,Kléra Sport 1.5 BLUE/KUT SE,ORG,1.5,K OPTICAL,KSP 1.50 BK,https://www.france-optique.com/gravures/fournisseur=2217,2025-06-13 13:26:53.980000
1444,"Kléra Sport 1.5 Polarisant Dégradé Brun, Gris et Gris-Vert",ORG POLA.,1.5,K OPTICAL,KSP 1.50 POL,https://www.france-optique.com/gravures/fournisseur=2217,2025-06-13 13:26:53.993333
1445,"Kléra Sport 1.5 Polarisant Brun, Gris et Gris-Vert",ORG POLA.,1.5,K OPTICAL,KSP 1.50 POL,https://www.france-optique.com/gravures/fournisseur=2217,2025-06-13 13:26:54.006666
1446,"Kléra Sport 1.5 Transitions 8 Brun, Gris et Vert",ORG TRANS,1.5,K OPTICAL,KSP 1.50 T8,https://www.france-optique.com/gravures/fournisseur=2217,2025-06-13 13:26:54.020000
1447,Kléra Sport 1.5 Transitions Style,ORG TRANS,1.5,K OPTICAL,KSP 1.50 TS,https://www.france-optique.com/gravures/fournisseur=2217,2025-06-13 13:26:54.033333
1448,Kléra Sport 1.5 Transitions Xtractive Brun et Gris,ORG TRANS,1.5,K OPTICAL,KSP 1.50 XT,https://www.france-optique.com/gravures/fournisseur=2217,2025-06-13 13:26:54.046666
1449,Kléra Sport Trivex,TVX,1.53,K OPTICAL,KSP 1.53,https://www.france-optique.com/gravures/fournisseur=2217,2025-06-13 13:26:54.060000
1450,Kléra Sport Trivex BLUE/KUT SE,TVX,1.53,K OPTICAL,KSP 1.53 BK,https://www.france-optique.com/gravures/fournisseur=2217,2025-06-13 13:26:54.073333
1451,Kléra Sport Trivex Polarisant Brun et Gris,TVX POLA.,1.53,K OPTICAL,KSP 1.53 POL,https://www.france-optique.com/gravures/fournisseur=2217,2025-06-13 13:26:54.086666
1452,"Kléra 1.5 Polarisant Brun, Gris et Gris-Vert",ORG POLA.,1.5,K OPTICAL,K 1.50 POL,https://www.france-optique.com/gravures/fournisseur=2217,2025-06-13 13:26:54.100000
1453,"Kléra 1.5 Polarisant Dégradé Brun, Gris et Gris-Vert",ORG POLA.,1.5,K OPTICAL,K 1.50 POL,https://www.france-optique.com/gravures/fournisseur=2217,2025-06-13 13:26:54.113333
1454,"Kléra 1.5 Transitions 8 Brun, Gris et Vert",ORG TRANS,1.5,K OPTICAL,K 1.50 T8,https://www.france-optique.com/gravures/fournisseur=2217,2025-06-13 13:26:54.130000
1455,"Klassika 1.5 Polarisant Brun, Gris et Gris-Vert",ORG POLA.,1.5,K OPTICAL,KK POL,https://www.france-optique.com/gravures/fournisseur=2217,2025-06-13 13:26:54.143333
1456,"Klassika 1.5 Polarisant Dégradé Brun, Gris et Gris-Vert",ORG POLA.,1.5,K OPTICAL,KK POL,https://www.france-optique.com/gravures/fournisseur=2217,2025-06-13 13:26:54.160000
1457,Klassika Polycarbonate,POLY,1.59,K OPTICAL,KK PC,https://www.france-optique.com/gravures/fournisseur=2217,2025-06-13 13:26:54.170000
1458,"K Desk 1.5 Transitions 8 Brun, Gris et Vert",ORG TRANS,1.5,K OPTICAL,D 1.5 T8,https://www.france-optique.com/gravures/fournisseur=2217,2025-06-13 13:26:54.186666
1459,K Desk Polycarbonate,POLY,1.59,K OPTICAL,D 1.59,https://www.france-optique.com/gravures/fournisseur=2217,2025-06-13 13:26:54.200000
1460,K Desk Polycarbonate BLUE/KUT SE,POLY,1.59,K OPTICAL,D 1.59 BK,https://www.france-optique.com/gravures/fournisseur=2217,2025-06-13 13:26:54.210000
1461,"K Desk Polycarbonate Transitions 8 Brun , Gris et Vert",POLY TRANS,1.59,K OPTICAL,D 1.59 T8,https://www.france-optique.com/gravures/fournisseur=2217,2025-06-13 13:26:54.223333
1462,K Desk 1.6,ORG,1.6,K OPTICAL,D 1.6,https://www.france-optique.com/gravures/fournisseur=2217,2025-06-13 13:26:54.236666
1463,"Kéolys 1.5 Polarisant Dégradé Gris, Brun, et Gris vert",ORG POLA,1.5,K OPTICAL,Ky POL,https://www.france-optique.com/gravures/fournisseur=2217,2025-06-13 13:26:54.250000
1464,"Kéolys 1.5 Polarisant Gris, Brun, et Gris vert",ORG POLA,1.5,K OPTICAL,Ky POL,https://www.france-optique.com/gravures/fournisseur=2217,2025-06-13 13:26:54.266666
1465,IDEO 1.67 blanc / XBlue,ORG,1.67,MEGA OPTIC,ID,https://www.france-optique.com/gravures/fournisseur=644,2025-06-13 13:26:54.280000
1466,IDEO 1.74 blanc / XBlue,ORG,1.74,MEGA OPTIC,ID,https://www.france-optique.com/gravures/fournisseur=644,2025-06-13 13:26:54.290000
1467,MOVILENS 1.5 blanc / XBlue,ORG,1.5,MEGA OPTIC,MO,https://www.france-optique.com/gravures/fournisseur=644,2025-06-13 13:26:54.303333
1468,MOVILENS 1.6 blanc / XBlue,MR8,1.6,MEGA OPTIC,MO,https://www.france-optique.com/gravures/fournisseur=644,2025-06-13 13:26:54.313333
1469,MOVILENS 1.67 blanc / XBlue,ORG,1.67,MEGA OPTIC,MO,https://www.france-optique.com/gravures/fournisseur=644,2025-06-13 13:26:54.326666
1470,MOVILENS 1.74 blanc / XBlue,ORG,1.74,MEGA OPTIC,MO,https://www.france-optique.com/gravures/fournisseur=644,2025-06-13 13:26:54.340000
1471,OFFICEHD 1.5 blanc / X400 / Xblue,ORG,1.5,MEGA OPTIC,OF,https://www.france-optique.com/gravures/fournisseur=644,2025-06-13 13:26:54.353333
1472,OFFICEHD TVX® 1.53 blanc,TVX,1.53,MEGA OPTIC,OF,https://www.france-optique.com/gravures/fournisseur=644,2025-06-13 13:26:54.366666
1473,OFFICEHD 1.59 blanc,POLY,1.59,MEGA OPTIC,OF,https://www.france-optique.com/gravures/fournisseur=644,2025-06-13 13:26:54.380000
1474,OFFICEHD 1.6 blanc / Xblue,MR8,1.6,MEGA OPTIC,OF,https://www.france-optique.com/gravures/fournisseur=644,2025-06-13 13:26:54.393333
1475,OFFICEHD 1.67 blanc / Xblue,ORG,1.67,MEGA OPTIC,OF,https://www.france-optique.com/gravures/fournisseur=644,2025-06-13 13:26:54.406666
1476,OFFICEHD 1.74 blanc / Xblue,ORG,1.74,MEGA OPTIC,OF,https://www.france-optique.com/gravures/fournisseur=644,2025-06-13 13:26:54.416666
1477,STRESS-LESS 1.5 blanc / X400 / Xblue / Transitions® GenS™ / Transitions® XTRActive® / Pola / Pola DRW™,ORG,1.5,MEGA OPTIC,SL,https://www.france-optique.com/gravures/fournisseur=644,2025-06-13 13:26:54.430000
1478,STRESS-LESS TVX® 1.53 blanc / Transitions® GenS™ / Transitions® XTRActive® / Pola,TVX,1.53,MEGA OPTIC,SL,https://www.france-optique.com/gravures/fournisseur=644,2025-06-13 13:26:54.443333
1479,STRESS-LESS 1.59 blanc / Transitions® GenS™ / Transitions® XTRActive® / Pola / Pola DRW™,POLY,1.59,MEGA OPTIC,SL,https://www.france-optique.com/gravures/fournisseur=644,2025-06-13 13:26:54.456666
1480,STRESS-LESS 1.6 blanc / Xblue / Transitions® GenS™ / Transitions® XTRActive® / Pola,MR8,1.6,MEGA OPTIC,SL,https://www.france-optique.com/gravures/fournisseur=644,2025-06-13 13:26:54.470000
1481,STRESS-LESS 1.67 blanc / Xblue / Transitions® GenS™ / Transitions® XTRActive® / Pola,ORG,1.67,MEGA OPTIC,SL,https://www.france-optique.com/gravures/fournisseur=644,2025-06-13 13:26:54.486666
1482,STRESS-LESS 1.74 blanc / Xblue / Transitions® GenS™,ORG,1.74,MEGA OPTIC,SL,https://www.france-optique.com/gravures/fournisseur=644,2025-06-13 13:26:54.500000
1483,OrgaINDIVIDUAL 1.5 blanc / X400 / Xblue / Transitions® GenS™ / Transitions® XTRActive® / Pola / Pola Dégradé / Pola DRW™,ORG,1.5,MEGA OPTIC,OI,https://www.france-optique.com/gravures/fournisseur=644,2025-06-13 13:26:54.513333
1484,OrgaINDIVIDUAL TVX® 1.53 blanc / Transitions® GenS™ / Transitions® XTRActive® / Pola,TVX,1.53,MEGA OPTIC,OI,https://www.france-optique.com/gravures/fournisseur=644,2025-06-13 13:26:54.530000
1485,OrgaINDIVIDUAL 1.59 blanc / Transitions® GenS™ / Transitions® XTRActive® / Pola / Pola DRW™,POLY,1.59,MEGA OPTIC,OI,https://www.france-optique.com/gravures/fournisseur=644,2025-06-13 13:26:54.540000
1486,OrgaINDIVIDUAL 1.6 blanc / Xblue / Transitions® GenS™ / Transitions® XTRActive® / Pola,MR8,1.6,MEGA OPTIC,OI,https://www.france-optique.com/gravures/fournisseur=644,2025-06-13 13:26:54.556666
1487,OrgaINDIVIDUAL 1.67 blanc / Xblue / Transitions® GenS™ / Transitions® XTRActive® / Pola,ORG,1.67,MEGA OPTIC,OI,https://www.france-optique.com/gravures/fournisseur=644,2025-06-13 13:26:54.573333
1488,OrgaINDIVIDUAL 1.74 blanc / Xblue / Transitions® GenS™,ORG,1.74,MEGA OPTIC,OI,https://www.france-optique.com/gravures/fournisseur=644,2025-06-13 13:26:54.586666
1489,VIPSPORT 1.5 blanc / Transitions® GenS™ / Transitions® XTRActive® / Pola / Pola DRW™,ORG,1.5,MEGA OPTIC,VS,https://www.france-optique.com/gravures/fournisseur=644,2025-06-13 13:26:54.600000
1490,VIPSPORT TVX® 1.53 blanc / Transitions® GenS™ / Transitions® XTRActive® / Pola,TVX,1.53,MEGA OPTIC,VS,https://www.france-optique.com/gravures/fournisseur=644,2025-06-13 13:26:54.613333
1491,VIPSPORT 1.59 blanc / Transitions® GenS™ / Transitions® XTRActive® / Pola / Pola DRW™,POLY,1.59,MEGA OPTIC,VS,https://www.france-optique.com/gravures/fournisseur=644,2025-06-13 13:26:54.626666
1492,"K Office 1.5 Transitions 8 Brun, Gris et Vert",ORG TRANS,1.5,K OPTICAL,O 1.5 T8,https://www.france-optique.com/gravures/fournisseur=2217,2025-06-13 13:26:54.640000
1493,K Office Polycarbonate,POLY,1.59,K OPTICAL,O 1.59,https://www.france-optique.com/gravures/fournisseur=2217,2025-06-13 13:26:54.653333
1494,"K Room 1.5 Transitions 8 Brun, Gris et Vert",ORG TRANS,1.5,K OPTICAL,R 1.5 T8,https://www.france-optique.com/gravures/fournisseur=2217,2025-06-13 13:26:54.666666
1495,K Room Polycarbonate,POLY,1.59,K OPTICAL,R 1.59,https://www.france-optique.com/gravures/fournisseur=2217,2025-06-13 13:26:54.680000
1496,K Office Polycarbonate BLUE/KUT SE,POLY,1.59,K OPTICAL,O 1.59 BK,https://www.france-optique.com/gravures/fournisseur=2217,2025-06-13 13:26:54.693333
1497,"K Platinium 1.5 Polarisant Dégradé Brun, Gris et Gris-Vert",ORG POLA,1.5,K OPTICAL,K+ 1.50 POL,https://www.france-optique.com/gravures/fournisseur=2217,2025-06-13 13:26:54.706666
1498,Kéolys Polycarbonate,POLY,1.59,K OPTICAL,Ky PC,https://www.france-optique.com/gravures/fournisseur=2217,2025-06-13 13:26:54.720000
1499,K Room Polycarbonate BLUE/KUT SE,POLY,1.59,K OPTICAL,R 1.59 BK,https://www.france-optique.com/gravures/fournisseur=2217,2025-06-13 13:26:54.730000
1500,"K Platinium 1.5 Transitions 8 Brun, Gris et Vert",ORG TRANS,1.5,K OPTICAL,K+ 1.50 T8,https://www.france-optique.com/gravures/fournisseur=2217,2025-06-13 13:26:54.743333
1501,Kléra 1.5 Transitions 8 Style,ORG TRANS,1.5,K OPTICAL,K 1.50 TS,https://www.france-optique.com/gravures/fournisseur=2217,2025-06-13 13:26:54.756666
1502,K Office Polycarbonate Kromatic BLUE/KUT SE Brun et Gris,POLY PHO,1.59,K OPTICAL,O 1.59 KB,https://www.france-optique.com/gravures/fournisseur=2217,2025-06-13 13:26:54.770000
1503,K Room Polycarbonate Kromatic BLUE/KUT SE Brun et Gris,POLY PHO,1.59,K OPTICAL,R 1.59 KB,https://www.france-optique.com/gravures/fournisseur=2217,2025-06-13 13:26:54.786666
1504,K Desk Polycarbonate Kromatic BLUE/KUT SE Brun et Gris,POLY PHO,1.59,K OPTICAL,D 1.59 KB,https://www.france-optique.com/gravures/fournisseur=2217,2025-06-13 13:26:54.796666
1505,"K Platinium 1.5 Polarisant Brun, Gris et Gris-Vert",ORG POLA,1.5,K OPTICAL,K+ 1.50 POL,https://www.france-optique.com/gravures/fournisseur=2217,2025-06-13 13:26:54.813333
1506,K Platinium 1.5 Transitions 8 Style,ORG TRANS,1.5,K OPTICAL,K+ 1.50 TS,https://www.france-optique.com/gravures/fournisseur=2217,2025-06-13 13:26:54.826666
1507,Kéolys Polycarbonate BLUE/KUT SE,POLY,1.59,K OPTICAL,Ky PC BK,https://www.france-optique.com/gravures/fournisseur=2217,2025-06-13 13:26:54.840000
1508,Klassika Polycarbonate BLUE/KUT SE,POLY,1.59,K OPTICAL,KK PC BK,https://www.france-optique.com/gravures/fournisseur=2217,2025-06-13 13:26:54.853333
1509,Kléra 1.5 Transitions Xtractive Brun et Gris,ORG TRANS,1.5,K OPTICAL,K 1.50 XT,https://www.france-optique.com/gravures/fournisseur=2217,2025-06-13 13:26:54.866666
1510,Klassika 1.6,ORG,1.6,K OPTICAL,KK 1.6,https://www.france-optique.com/gravures/fournisseur=2217,2025-06-13 13:26:54.880000
1511,"Kéolys Polycarbonate Transitions 8 Brun, Gris et Vert",POLY TRANS,1.59,K OPTICAL,Ky PC T8,https://www.france-optique.com/gravures/fournisseur=2217,2025-06-13 13:26:54.896666
1512,"K Office Polycarbonate Transitions 8 Brun, Gris et Vert",POLY TRANS,1.59,K OPTICAL,O 1.59 T8,https://www.france-optique.com/gravures/fournisseur=2217,2025-06-13 13:26:54.910000
1513,"K Room Polycarbonate Transitions 8 Brun, Gris et Vert",POLY TRANS,1.59,K OPTICAL,R 1.59 T8,https://www.france-optique.com/gravures/fournisseur=2217,2025-06-13 13:26:54.923333
1514,K Platinium 1.5 Transitions Xtractive Brun et Gris,ORG TRANS,1.5,K OPTICAL,K+ 1.50 XT,https://www.france-optique.com/gravures/fournisseur=2217,2025-06-13 13:26:54.933333
1515,Kéolys 1.6,ORG,1.6,K OPTICAL,Ky 16,https://www.france-optique.com/gravures/fournisseur=2217,2025-06-13 13:26:54.946666
1516,Klassika 1.6 BLUE/KUT SE,ORG,1.6,K OPTICAL,KK 1.6 BK,https://www.france-optique.com/gravures/fournisseur=2217,2025-06-13 13:26:54.960000
1517,K Office 1.6,ORG,1.6,K OPTICAL,O 1.6,https://www.france-optique.com/gravures/fournisseur=2217,2025-06-13 13:26:54.970000
1518,K Room 1.6,ORG,1.6,K OPTICAL,R 1.6,https://www.france-optique.com/gravures/fournisseur=2217,2025-06-13 13:26:54.983333
1519,Kéolys 1.6 BLUE/KUT SE,ORG,1.6,K OPTICAL,Ky 16 BK,https://www.france-optique.com/gravures/fournisseur=2217,2025-06-13 13:26:54.993333
1520,Klassika 1.6 Kromatic Brun et Gris,ORG PHO.,1.6,K OPTICAL,KK 1.6 K,https://www.france-optique.com/gravures/fournisseur=2217,2025-06-13 13:26:55.006666
1521,K Desk 1.6 BLUE/KUT SE,ORG,1.6,K OPTICAL,D 1.6 BK,https://www.france-optique.com/gravures/fournisseur=2217,2025-06-13 13:26:55.016666
1522,Kléra Plus Evo Trivex,TVX,1.53,K OPTICAL,K+ 1.53,https://www.france-optique.com/gravures/fournisseur=2217,2025-06-13 13:26:55.030000
1523,K Office 1.6 BLUE/KUT SE,ORG,1.6,K OPTICAL,O 1.6 BK,https://www.france-optique.com/gravures/fournisseur=2217,2025-06-13 13:26:55.040000
1524,K Room 1.6 BLUE/KUT SE,ORG,1.6,K OPTICAL,R 1.6 BK,https://www.france-optique.com/gravures/fournisseur=2217,2025-06-13 13:26:55.050000
1525,Kléra 1.6,ORG,1.6,K OPTICAL,K 1.60,https://www.france-optique.com/gravures/fournisseur=2217,2025-06-13 13:26:55.063333
1526,Kéolys 1.6 Kromatic Brun et Gris,ORG PHO.,1.6,K OPTICAL,Ky 16 K,https://www.france-optique.com/gravures/fournisseur=2217,2025-06-13 13:26:55.076666
1527,K Desk 1.6 Kromatic Brun et Gris,ORG PHO.,1.6,K OPTICAL,D 1.6 K,https://www.france-optique.com/gravures/fournisseur=2217,2025-06-13 13:26:55.086666
1528,"Klassika 1.6 Polarisant Brun, Gris et Gris-Vert",ORG POLA,1.6,K OPTICAL,KK 1.6 POL,https://www.france-optique.com/gravures/fournisseur=2217,2025-06-13 13:26:55.103333
1529,K Office 1.6 Kromatic Brun et Gris,ORG PHO.,1.6,K OPTICAL,O 1.6 K,https://www.france-optique.com/gravures/fournisseur=2217,2025-06-13 13:26:55.113333
1530,K Room 1.6 Kromatic Brun et Gris,ORG PHO,1.6,K OPTICAL,R 1.6 K,https://www.france-optique.com/gravures/fournisseur=2217,2025-06-13 13:26:55.130000
1531,K Platinium Trivex,TVX,1.53,K OPTICAL,K+ 1.53,https://www.france-optique.com/gravures/fournisseur=2217,2025-06-13 13:26:55.140000
1532,K Office 1.6 Kromatic BLUE/KUT SE Brun et Gris,ORG PHO,1.6,K OPTICAL,O 1.6 KB,https://www.france-optique.com/gravures/fournisseur=2217,2025-06-13 13:26:55.153333
1533,K Room 1.6 Kromatic BLUE/KUT SE Brun et Gris,ORG PHO,1.6,K OPTICAL,R 1.6 KB,https://www.france-optique.com/gravures/fournisseur=2217,2025-06-13 13:26:55.166666
1534,K Desk 1.6 Kromatic BLUE/KUT SE Brun et Gris,ORG PHO,1.6,K OPTICAL,D 1.6 KB,https://www.france-optique.com/gravures/fournisseur=2217,2025-06-13 13:26:55.176666
1535,K Platinium Trivex BLUE/KUT SE,TVX,1.53,K OPTICAL,K+ 1.53 BK,https://www.france-optique.com/gravures/fournisseur=2217,2025-06-13 13:26:55.186666
1536,Kléra 1.6 BLUE/KUT SE,ORG,1.6,K OPTICAL,K 1.60 BK,https://www.france-optique.com/gravures/fournisseur=2217,2025-06-13 13:26:55.200000
1537,"Kéolys 1.6 Transitions 8 Brun, Gris et Vert",ORG TRANS,1.6,K OPTICAL,Ky 16 T8,https://www.france-optique.com/gravures/fournisseur=2217,2025-06-13 13:26:55.213333
1538,Klassika 1.67,ORG,1.67,K OPTICAL,KK 1.67,https://www.france-optique.com/gravures/fournisseur=2217,2025-06-13 13:26:55.223333
1539,Eyezen BOOST 1.1 Orma,ORG,1.5,Fournisseur : ESSILOR FR ...,https://si.france-optique.com/img/gravures/nasal/web_1178-nas-essilor-10.tif.jpg,https://www.france-optique.com/gravures/fournisseur=521,2025-06-13 13:26:55.233333
1540,Eyezen BOOST 1.1 Fit Lineis Eye Protect System et Lineis Transitions,ORG,1.74,Fournisseur : ESSILOR FR ...,https://si.france-optique.com/img/gravures/nasal/web_1177-nas-essilor-9.tif.jpg,https://www.france-optique.com/gravures/fournisseur=521,2025-06-13 13:26:55.246666
1541,Eyezen BOOST 1.1 Fit Lineis,ORG,1.74,Fournisseur : ESSILOR FR ...,https://si.france-optique.com/img/gravures/nasal/web_1177-nas-essilor-9.tif.jpg,https://www.france-optique.com/gravures/fournisseur=521,2025-06-13 13:26:55.256666
1542,Eyezen BOOST 1.1 Fit Stylis Eye Protect System et Stylis Transitions,ORG,1.67,Fournisseur : ESSILOR FR ...,https://si.france-optique.com/img/gravures/nasal/web_1175-nas-essilor-7.tif.jpg,https://www.france-optique.com/gravures/fournisseur=521,2025-06-13 13:26:55.270000
1543,Eyezen BOOST 1.1 Fit Stylis,ORG,1.67,Fournisseur : ESSILOR FR ...,https://si.france-optique.com/img/gravures/nasal/web_1175-nas-essilor-7.tif.jpg,https://www.france-optique.com/gravures/fournisseur=521,2025-06-13 13:26:55.280000
1544,Eyezen BOOST 1.1 Fit Ormix Eye Protect System et Ormix Transitions,ORG,1.6,Fournisseur : ESSILOR FR ...,https://si.france-optique.com/img/gravures/nasal/web_1176-nas-essilor-8.tif.jpg,https://www.france-optique.com/gravures/fournisseur=521,2025-06-13 13:26:55.290000
1545,Eyezen BOOST 1.1 Fit Ormix,ORG,1.6,Fournisseur : ESSILOR FR ...,https://si.france-optique.com/img/gravures/nasal/web_1176-nas-essilor-8.tif.jpg,https://www.france-optique.com/gravures/fournisseur=521,2025-06-13 13:26:55.303333
1546,Eyezen BOOST 1.1 Fit Airwear,ORG,1.59,Fournisseur : ESSILOR FR ...,https://si.france-optique.com/img/gravures/nasal/web_1179-nas-essilor-11.tif.jpg,https://www.france-optique.com/gravures/fournisseur=521,2025-06-13 13:26:55.313333
1547,Eyezen BOOST 1.1 Fit Orma Eye Protect System et Orma Transitions,ORG,1.5,Fournisseur : ESSILOR FR ...,https://si.france-optique.com/img/gravures/nasal/web_1178-nas-essilor-10.tif.jpg,https://www.france-optique.com/gravures/fournisseur=521,2025-06-13 13:26:55.323333
1548,Eyezen BOOST 1.1 Fit Orma,ORG,1.5,Fournisseur : ESSILOR FR ...,https://si.france-optique.com/img/gravures/nasal/web_1178-nas-essilor-10.tif.jpg,https://www.france-optique.com/gravures/fournisseur=521,2025-06-13 13:26:55.336666
1549,Essidrive Orma et Orma Transitions,ORG,1.5,Fournisseur : ESSILOR FR ...,https://si.france-optique.com/img/gravures/nasal/web_2012-Essidrive.tif.jpg,https://www.france-optique.com/gravures/fournisseur=521,2025-06-13 13:26:55.350000
1550,Eyezen BOOST 0.4 Fit Lineis Eye Protect System et Lineis Transitions,ORG,1.74,Fournisseur : ESSILOR FR ...,https://si.france-optique.com/img/gravures/nasal/web_732-nas-essilor-111.tif.jpg,https://www.france-optique.com/gravures/fournisseur=521,2025-06-13 13:26:55.360000
1551,Varilux Comfort 18,ORG,1.8,Fournisseur : ESSILOR FR ...,https://si.france-optique.com/img/gravures/nasal/web_1173-nas-essilor-5.tif.jpg,https://www.france-optique.com/gravures/fournisseur=521,2025-06-13 13:26:55.373333
1552,Varilux Comfort 16 et 16 Isorapid,ORG,1.6,Fournisseur : ESSILOR FR ...,https://si.france-optique.com/img/gravures/nasal/web_1174-nas-essilor-6.tif.jpg,https://www.france-optique.com/gravures/fournisseur=521,2025-06-13 13:26:55.386666
1553,Varilux Road Pilot II Orma (variation 1.25),ORG,1.5,Fournisseur : ESSILOR FR ...,https://si.france-optique.com/img/gravures/nasal/web_1192-nas-essilor-19.tif.jpg,https://www.france-optique.com/gravures/fournisseur=521,2025-06-13 13:26:55.400000
1554,Eyezen Start Stylis Eye Protect System et Stylis Transitions,ORG,1.67,Fournisseur : ESSILOR FR ...,https://si.france-optique.com/img/gravures/nasal/web_833-grav-essilor-19-01.tif.jpg,https://www.france-optique.com/gravures/fournisseur=521,2025-06-13 13:26:55.413333
1555,Eyezen Start Ormix Eye Protect System et Ormix Transitions,ORG,1.6,Fournisseur : ESSILOR FR ...,https://si.france-optique.com/img/gravures/nasal/web_834-grav-essilor-19-02.tif.jpg,https://www.france-optique.com/gravures/fournisseur=521,2025-06-13 13:26:55.426666
1556,Eyezen Start Ormix,ORG,1.6,Fournisseur : ESSILOR FR ...,https://si.france-optique.com/img/gravures/nasal/web_834-grav-essilor-19-02.tif.jpg,https://www.france-optique.com/gravures/fournisseur=521,2025-06-13 13:26:55.440000
1557,Eyezen Start Airwear Eye Protect System et Airwear Transitions,ORG,1.59,Fournisseur : ESSILOR FR ...,https://si.france-optique.com/img/gravures/nasal/web_835-grav-essilor-19-03.tif.jpg,https://www.france-optique.com/gravures/fournisseur=521,2025-06-13 13:26:55.450000
1558,Eyezen Start Orma Eye Protect System et Orma Transitions,ORG,1.5,Fournisseur : ESSILOR FR ...,https://si.france-optique.com/img/gravures/nasal/web_836-grav-essilor-19-04.tif.jpg,https://www.france-optique.com/gravures/fournisseur=521,2025-06-13 13:26:55.463333
1559,Eyezen Start Orma,ORG,1.5,Fournisseur : ESSILOR FR ...,https://si.france-optique.com/img/gravures/nasal/web_836-grav-essilor-19-04.tif.jpg,https://www.france-optique.com/gravures/fournisseur=521,2025-06-13 13:26:55.473333
1560,Eyezen Start Fit Stylis Eye Protect System et Stylis Transitions,ORG,1.67,Fournisseur : ESSILOR FR ...,https://si.france-optique.com/img/gravures/nasal/web_833-grav-essilor-19-01.tif.jpg,https://www.france-optique.com/gravures/fournisseur=521,2025-06-13 13:26:55.486666
1561,Eyezen Start Fit Ormix Eye Protect System et Ormix Transitions,ORG,1.6,Fournisseur : ESSILOR FR ...,https://si.france-optique.com/img/gravures/nasal/web_834-grav-essilor-19-02.tif.jpg,https://www.france-optique.com/gravures/fournisseur=521,2025-06-13 13:26:55.500000
1562,Eyezen Start Fit Ormix,ORG,1.6,Fournisseur : ESSILOR FR ...,https://si.france-optique.com/img/gravures/nasal/web_834-grav-essilor-19-02.tif.jpg,https://www.france-optique.com/gravures/fournisseur=521,2025-06-13 13:26:55.513333
1563,Eyezen Start Fit Airwear Eye Protect System et Airwear Transitions,ORG,1.59,Fournisseur : ESSILOR FR ...,https://si.france-optique.com/img/gravures/nasal/web_835-grav-essilor-19-03.tif.jpg,https://www.france-optique.com/gravures/fournisseur=521,2025-06-13 13:26:55.523333
1564,Eyezen Start Fit Orma Eye Protect System et Orma Transitions,ORG,1.5,Fournisseur : ESSILOR FR ...,https://si.france-optique.com/img/gravures/nasal/web_836-grav-essilor-19-04.tif.jpg,https://www.france-optique.com/gravures/fournisseur=521,2025-06-13 13:26:55.536666
1565,Essilor Symphony Orma et Orma Transitions,ORG,1.5,Fournisseur : ESSILOR FR ...,https://si.france-optique.com/img/gravures/nasal/web_1286-nas-essilor-symphony-1.tif.jpg,https://www.france-optique.com/gravures/fournisseur=521,2025-06-13 13:26:55.550000
1566,Essilor Symphony Fit Orma et Orma Transitions,ORG,1.5,Fournisseur : ESSILOR FR ...,https://si.france-optique.com/img/gravures/nasal/web_1287-nas-essilor-symphony-2.tif.jpg,https://www.france-optique.com/gravures/fournisseur=521,2025-06-13 13:26:55.560000
1567,Essilor Symphony Short Orma et Orma Transitions,ORG,1.5,Fournisseur : ESSILOR FR ...,https://si.france-optique.com/img/gravures/nasal/web_1288-nas-essilor-symphony-3.tif.jpg,https://www.france-optique.com/gravures/fournisseur=521,2025-06-13 13:26:55.573333
1568,Essilor Symphony Airwear et Airwear Transitions,ORG,1.59,Fournisseur : ESSILOR FR ...,https://si.france-optique.com/img/gravures/nasal/web_1289-nas-essilor-symphony-4.tif.jpg,https://www.france-optique.com/gravures/fournisseur=521,2025-06-13 13:26:55.586666
1569,Essilor Symphony Fit Airwear et Airwear Transitions,ORG,1.59,Fournisseur : ESSILOR FR ...,https://si.france-optique.com/img/gravures/nasal/web_1290-nas-essilor-symphony-5.tif.jpg,https://www.france-optique.com/gravures/fournisseur=521,2025-06-13 13:26:55.600000
1570,Essilor Symphony Short Airwear et Airwear Transitions,ORG,1.59,Fournisseur : ESSILOR FR ...,https://si.france-optique.com/img/gravures/nasal/web_1291-nas-essilor-symphony-6.tif.jpg,https://www.france-optique.com/gravures/fournisseur=521,2025-06-13 13:26:55.610000
1571,Essilor Symphony Ormix et Ormix Transitions,ORG,1.6,Fournisseur : ESSILOR FR ...,https://si.france-optique.com/img/gravures/nasal/web_1292-nas-essilor-symphony-7.tif.jpg,https://www.france-optique.com/gravures/fournisseur=521,2025-06-13 13:26:55.623333
1572,Essilor Symphony Fit Ormix et Ormix Transitions,ORG,1.6,Fournisseur : ESSILOR FR ...,https://si.france-optique.com/img/gravures/nasal/web_1293-nas-essilor-symphony-8.tif.jpg,https://www.france-optique.com/gravures/fournisseur=521,2025-06-13 13:26:55.633333
1573,Essilor Symphony Short Ormix et Ormix Transitions,ORG,1.6,Fournisseur : ESSILOR FR ...,https://si.france-optique.com/img/gravures/nasal/web_1294-nas-essilor-symphony-9.tif.jpg,https://www.france-optique.com/gravures/fournisseur=521,2025-06-13 13:26:55.646666
1574,Essilor Symphony Stylis et Stylis Transitions,ORG,1.67,Fournisseur : ESSILOR FR ...,https://si.france-optique.com/img/gravures/nasal/web_1295-nas-essilor-symphony-10.tif.jpg,https://www.france-optique.com/gravures/fournisseur=521,2025-06-13 13:26:55.660000
1575,Essilor Symphony Fit Stylis et Stylis Transitions,ORG,1.67,Fournisseur : ESSILOR FR ...,https://si.france-optique.com/img/gravures/nasal/web_1296-nas-essilor-symphony-11.tif.jpg,https://www.france-optique.com/gravures/fournisseur=521,2025-06-13 13:26:55.670000
1576,Essilor Symphony Short Stylis et Stylis Transitions,ORG,1.67,Fournisseur : ESSILOR FR ...,https://si.france-optique.com/img/gravures/nasal/web_1297-nas-essilor-symphony-12.tif.jpg,https://www.france-optique.com/gravures/fournisseur=521,2025-06-13 13:26:55.683333
1577,Essilor Prems HD Orma et Orma Transitions,ORG,1.5,Fournisseur : ESSILOR FR ...,https://si.france-optique.com/img/gravures/nasal/web_1299-nas-essilor-PREMS1.tif.jpg,https://www.france-optique.com/gravures/fournisseur=521,2025-06-13 13:26:55.696666
1578,Essilor Prems HD Short Orma et Orma Transitions,ORG,1.5,Fournisseur : ESSILOR FR ...,https://si.france-optique.com/img/gravures/nasal/web_1300-nas-essilor-PREMS2.tif.jpg,https://www.france-optique.com/gravures/fournisseur=521,2025-06-13 13:26:55.710000
1579,Essilor Prems HD Airwear et Airwear Transitions,ORG,1.59,Fournisseur : ESSILOR FR ...,https://si.france-optique.com/img/gravures/nasal/web_1301-nas-essilor-PREMS3.tif.jpg,https://www.france-optique.com/gravures/fournisseur=521,2025-06-13 13:26:55.720000
1580,Essilor Prems HD Short Airwear et Airwear Transitions,ORG,1.59,Fournisseur : ESSILOR FR ...,https://si.france-optique.com/img/gravures/nasal/web_1302-nas-essilor-PREMS4.tif.jpg,https://www.france-optique.com/gravures/fournisseur=521,2025-06-13 13:26:55.733333
1581,KODAK Unique DRO HD 1.5 blanc / UVBlue / Trans® GenSTM / Transitions® XTRActive® / UVSun Polarisé,ORG,1.5,VERRES KODAK,KUD K E,https://www.france-optique.com/gravures/fournisseur=2644,2025-06-13 13:26:55.743333
1582,KODAK Unique DRO HD 1.6 blanc / UVBlue / Trans® GenSTM / Trans® XTRActive® / UVSun Polarisé,ORG,1.6,VERRES KODAK,KUD K E,https://www.france-optique.com/gravures/fournisseur=2644,2025-06-13 13:26:55.756666
1583,KODAK Unique DRO HD 1.67 blanc / UVBlue / Trans® GenSTM / Trans® XTRActive® / UVSun Polarisé,ORG,1.67,VERRES KODAK,KUD K E,https://www.france-optique.com/gravures/fournisseur=2644,2025-06-13 13:26:55.770000
1584,KODAK Unique DRO HD 1.74 blanc / UVBlue / Trans® GenSTM,ORG,1.74,VERRES KODAK,KUD K E,https://www.france-optique.com/gravures/fournisseur=2644,2025-06-13 13:26:55.783333
1585,KODAK Unique DRO 1.5 blanc / UVBlue / Trans® GenSTM / Trans® XTRActive® / UVSun Polarisé,ORG,1.5,VERRES KODAK,KUD K B,https://www.france-optique.com/gravures/fournisseur=2644,2025-06-13 13:26:55.796666
1586,KODAK Unique DRO 1.6 blanc / UVBlue / Trans® GenSTM / Trans® XTRActive® / UVSun Polarisé,ORG,1.6,VERRES KODAK,KUD K B,https://www.france-optique.com/gravures/fournisseur=2644,2025-06-13 13:26:55.806666
1587,KODAK Unique DRO 1.67 blanc / UVBlue / Trans® GenSTM / Trans® XTRActive® / UVSun Polarisé,ORG,1.67,VERRES KODAK,KUD K B,https://www.france-optique.com/gravures/fournisseur=2644,2025-06-13 13:26:55.820000
1588,KODAK Unique DRO 1.74 blanc / UVBlue / Trans® GenSTM,ORG,1.74,VERRES KODAK,KUD K B,https://www.france-optique.com/gravures/fournisseur=2644,2025-06-13 13:26:55.833333
1589,KODAK Network 1.5 blanc / UVBlue / Trans® GenSTM / Trans® XTRActive® / UVSun Polarisé,ORG,1.5,VERRES KODAK,KNW K A,https://www.france-optique.com/gravures/fournisseur=2644,2025-06-13 13:26:55.846666
1590,KODAK Network 1.6 blanc / UVBlue / Trans® GenS TM / Trans® XTRActive®,ORG,1.6,VERRES KODAK,KNW K A,https://www.france-optique.com/gravures/fournisseur=2644,2025-06-13 13:26:55.860000
1591,KODAK Network 1.67 blanc / UVBlue / Trans® GenS TM / Trans® XTRActive®,ORG,1.67,VERRES KODAK,KNW K A,https://www.france-optique.com/gravures/fournisseur=2644,2025-06-13 13:26:55.873333
1592,KODAK Network 1.74 blanc/UVBlue,ORG,1.74,VERRES KODAK,KNW K A,https://www.france-optique.com/gravures/fournisseur=2644,2025-06-13 13:26:55.886666
1593,KODAK Precise Digital 1.5 blanc / UVBlue / Trans® GenS TM / Trans® XTRActive® / UVSun Polarisé,ORG,1.5,VERRES KODAK,K+D K,https://www.france-optique.com/gravures/fournisseur=2644,2025-06-13 13:26:55.900000
1594,KODAK Precise Digital 1.6 blanc / UVBlue / Trans® GenS TM / Trans® XTRActive®,ORG,1.6,VERRES KODAK,K+D K,https://www.france-optique.com/gravures/fournisseur=2644,2025-06-13 13:26:55.910000
1595,KODAK Precise Digital 1.67 blanc / UVBlue / Trans® GenS TM / Trans® XTRActive®,ORG,1.67,VERRES KODAK,K+D K,https://www.france-optique.com/gravures/fournisseur=2644,2025-06-13 13:26:55.923333
1596,KODAK Precise Digital 1.74 blanc/UVBlue,ORG,1.74,VERRES KODAK,K+D K,https://www.france-optique.com/gravures/fournisseur=2644,2025-06-13 13:26:55.940000
1597,KODAK Concise Digital 1.5 blanc / UVBlue / Trans® GenS TM / Trans® XTRActive® / UVSun Polarisé,ORG,1.5,VERRES KODAK,KcD K,https://www.france-optique.com/gravures/fournisseur=2644,2025-06-13 13:26:55.950000
1598,KODAK Concise Digital 1.6 blanc / UVBlue / Trans® GenS TM / Trans® XTRActive®,ORG,1.6,VERRES KODAK,KcD K,https://www.france-optique.com/gravures/fournisseur=2644,2025-06-13 13:26:55.963333
1599,KODAK Concise Digital 1.67 blanc / UVBlue / Trans® GenS TM / Trans® XTRActive®,ORG,1.67,VERRES KODAK,KcD K,https://www.france-optique.com/gravures/fournisseur=2644,2025-06-13 13:26:55.973333
1600,KODAK Concise Digital 1.74 blanc/UVBlue,ORG,1.74,VERRES KODAK,KcD K,https://www.france-optique.com/gravures/fournisseur=2644,2025-06-13 13:26:55.986666
1601,KODAK SoftWear 1.5 blanc/UVBlue,ORG,1.5,VERRES KODAK,Ks K,https://www.france-optique.com/gravures/fournisseur=2644,2025-06-13 13:26:55.993333
1602,KODAK SoftWear 1.6 blanc/UVBlue,ORG,1.6,VERRES KODAK,Ks K,https://www.france-optique.com/gravures/fournisseur=2644,2025-06-13 13:26:56.006666
1603,KODAK SoftWear 1.67 blanc/UVBlue,ORG,1.67,VERRES KODAK,Ks K,https://www.france-optique.com/gravures/fournisseur=2644,2025-06-13 13:26:56.020000
1604,KODAK SoftWear 1.74 blanc/UVBlue,ORG,1.74,VERRES KODAK,Ks K,https://www.france-optique.com/gravures/fournisseur=2644,2025-06-13 13:26:56.030000
1605,KODAK Digital Single Vision 1.5 blanc / UVBlue / Trans® GenS TM / Trans® XTRActive® / UVSun Polarisé,ORG,1.5,VERRES KODAK,KD K,https://www.france-optique.com/gravures/fournisseur=2644,2025-06-13 13:26:56.043333
1606,KODAK Digital Single Vision 1.6 blanc / UVBlue / Trans® GenS TM / Trans® XTRActive® / UVSun Polarisé,ORG,1.6,VERRES KODAK,KD K,https://www.france-optique.com/gravures/fournisseur=2644,2025-06-13 13:26:56.053333
1607,KODAK Digital Single Vision 1.67 blanc / UVBlue / Trans® GenS TM / Trans® XTRActive® / UVSun Polarisé,ORG,1.67,VERRES KODAK,KD K,https://www.france-optique.com/gravures/fournisseur=2644,2025-06-13 13:26:56.066666
1608,KODAK Digital Single Vision 1.74 blanc / UVBlue / Trans® GenS TM,ORG,1.74,VERRES KODAK,KD K,https://www.france-optique.com/gravures/fournisseur=2644,2025-06-13 13:26:56.080000
1609,KODAK PowerUp 1.5 blanc / UVBlue / Trans® GenS TM,ORG,1.5,VERRES KODAK,Kpu K,https://www.france-optique.com/gravures/fournisseur=2644,2025-06-13 13:26:56.096666
1610,KODAK PowerUp 1.6 blanc / UVBlue / Trans® GenS TM,ORG,1.6,VERRES KODAK,Kpu K,https://www.france-optique.com/gravures/fournisseur=2644,2025-06-13 13:26:56.110000
1611,KODAK PowerUp 1.67 blanc / UVBlue / Trans® GenS TM,ORG,1.67,VERRES KODAK,Kpu K,https://www.france-optique.com/gravures/fournisseur=2644,2025-06-13 13:26:56.126666
1612,KODAK PowerUp 1.74 blanc/UVBlue,ORG,1.74,VERRES KODAK,Kpu K,https://www.france-optique.com/gravures/fournisseur=2644,2025-06-13 13:26:56.143333
1613,KODAK Unique Infinite HD 1.5 blanc / UVBlue / Trans® GenSTM / Trans® XTRActive® / UVSun Polarisé,ORG,1.5,VERRES KODAK,KUIHD K E,https://www.france-optique.com/gravures/fournisseur=2644,2025-06-13 13:26:56.156666
1614,KODAK Unique Infinite HD 1.6 blanc / UVBlue / Trans® GenSTM / Trans® XTRActive® / UVSun Polarisé,ORG,1.6,VERRES KODAK,KUIHD K E,https://www.france-optique.com/gravures/fournisseur=2644,2025-06-13 13:26:56.170000
1615,KODAK Unique Infinite HD 1.67 blanc / UVBlue / Trans® GenSTM / Trans® XTRActive® / UVSun Polarisé,ORG,1.67,VERRES KODAK,KUIHD K E,https://www.france-optique.com/gravures/fournisseur=2644,2025-06-13 13:26:56.186666
1616,Kléra Plus Evo Trivex BLUE/KUT SE,TVX,1.53,K OPTICAL,K+ 1.53 BK,https://www.france-optique.com/gravures/fournisseur=2217,2025-06-13 13:26:56.203333
1617,Kléra Sport Trivex Transitions 8 Brun et Gris,TVX TRANS,1.53,K OPTICAL,KSP 1.53 T8,https://www.france-optique.com/gravures/fournisseur=2217,2025-06-13 13:26:56.216666
1618,Kléra Plus Evo Trivex Transitions 8 Brun et Gris,TVX TRANS,1.53,K OPTICAL,K+ 1.53 T8,https://www.france-optique.com/gravures/fournisseur=2217,2025-06-13 13:26:56.230000
1619,Kléra 1.6 Kromatic Brun et Gris,ORG PHO.,1.6,K OPTICAL,K 1.60 K,https://www.france-optique.com/gravures/fournisseur=2217,2025-06-13 13:26:56.246666
1620,Klassika 1.67 BLUE/KUT SE,ORG,1.67,K OPTICAL,KK 1.67 BK,https://www.france-optique.com/gravures/fournisseur=2217,2025-06-13 13:26:56.263333
1621,"K Desk 1.6 Transitions 8 Brun, Gris et Vert",ORG TRANS,1.6,K OPTICAL,D 1.6 T8,https://www.france-optique.com/gravures/fournisseur=2217,2025-06-13 13:26:56.280000
1622,"Kéolys 1.6 Polarisant Gris, Brun, et Gris vert",ORG POLA,1.6,K OPTICAL,Ky 16 POL,https://www.france-optique.com/gravures/fournisseur=2217,2025-06-13 13:26:56.293333
1623,"K Office 1.6 Transitions 8 Brun, Gris et Vert",ORG TRANS,1.6,K OPTICAL,O 1.6 T8,https://www.france-optique.com/gravures/fournisseur=2217,2025-06-13 13:26:56.303333
1624,"K Room 1.6 Transitions 8 Brun, Gris et Vert",ORG TRANS,1.6,K OPTICAL,R 1.6 T8,https://www.france-optique.com/gravures/fournisseur=2217,2025-06-13 13:26:56.316666
1625,K Platinium Trivex Polarisant Brun et Gris,TVX POLA,1.53,K OPTICAL,K+ 1.53 POL,https://www.france-optique.com/gravures/fournisseur=2217,2025-06-13 13:26:56.330000
1626,Kléra 1.6 Kromatic BLUE/KUT SE Brun et Gris,ORG PHO,1.6,K OPTICAL,K 1.60 KB,https://www.france-optique.com/gravures/fournisseur=2217,2025-06-13 13:26:56.346666
1627,K Sport Trivex Transitions 8 Brun et Gris,TVX TRANS,1.53,K OPTICAL,KS 1.53 T8,https://www.france-optique.com/gravures/fournisseur=2217,2025-06-13 13:26:56.356666
1628,Kléra Sport 1.5 Kromatic Brun et Gris,ORG PHO.,1.5,K OPTICAL,KSP 1.50 K,https://www.france-optique.com/gravures/fournisseur=2217,2025-06-13 13:26:56.370000
1629,Kléra Sport Trivex Transitions Xtractive Gris,TVX TRANS,1.53,K OPTICAL,KSP 1.53 XT,https://www.france-optique.com/gravures/fournisseur=2217,2025-06-13 13:26:56.380000
1630,Kléra Plus Evo Trivex Transitions Xtractive Gris,TVX TRANS,1.53,K OPTICAL,K+ 1.53 XT,https://www.france-optique.com/gravures/fournisseur=2217,2025-06-13 13:26:56.393333
1631,Kéolys 1.67,ORG,1.67,K OPTICAL,Ky 167,https://www.france-optique.com/gravures/fournisseur=2217,2025-06-13 13:26:56.406666
1632,Klassika 1.67 Kromatic Brun et Gris,ORG PHO.,1.67,K OPTICAL,KK 1.67 K,https://www.france-optique.com/gravures/fournisseur=2217,2025-06-13 13:26:56.420000
1633,K Desk 1.67,ORG,1.67,K OPTICAL,D 1.67,https://www.france-optique.com/gravures/fournisseur=2217,2025-06-13 13:26:56.433333
1634,K Office 1.67,ORG,1.67,K OPTICAL,O 1.67,https://www.france-optique.com/gravures/fournisseur=2217,2025-06-13 13:26:56.443333
1635,K Room 1.67,ORG,1.67,K OPTICAL,R 1.67,https://www.france-optique.com/gravures/fournisseur=2217,2025-06-13 13:26:56.456666
1636,K Platinium Trivex Transitions 8 Brun et Gris,TVX TRANS,1.53,K OPTICAL,K+ 1.53 T8,https://www.france-optique.com/gravures/fournisseur=2217,2025-06-13 13:26:56.470000
1637,Kléra 1.6 Polarisant Brun et Gris,ORG POLA,1.6,K OPTICAL,K 1.60 POL,https://www.france-optique.com/gravures/fournisseur=2217,2025-06-13 13:26:56.480000
1638,Essilor Prems HD Ormix et Ormix Transitions,ORG,1.6,Fournisseur : ESSILOR FR ...,https://si.france-optique.com/img/gravures/nasal/web_1303-nas-essilor-PREMS5.tif.jpg,https://www.france-optique.com/gravures/fournisseur=521,2025-06-13 13:26:56.493333
1639,Essilor Prems HD Short Ormix et Ormix Transitions,ORG,1.6,Fournisseur : ESSILOR FR ...,https://si.france-optique.com/img/gravures/nasal/web_1304-nas-essilor-PREMS6.tif.jpg,https://www.france-optique.com/gravures/fournisseur=521,2025-06-13 13:26:56.506666
1640,Varilux Comfort Max FIT Eye Protect System Ormix,ORG,1.6,Fournisseur : ESSILOR FR ...,https://si.france-optique.com/img/gravures/nasal/web_1542-variluxcomfort6.tif.jpg,https://www.france-optique.com/gravures/fournisseur=521,2025-06-13 13:26:56.516666
1641,Varilux Comfort Max FIT Eye Protect System Airwear,ORG,1.59,Fournisseur : ESSILOR FR ...,https://si.france-optique.com/img/gravures/nasal/web_1544-variluxcomfortP.tif.jpg,https://www.france-optique.com/gravures/fournisseur=521,2025-06-13 13:26:56.530000
1642,Varilux Comfort Max Eye Protect System Stylis,ORG,1.67,Fournisseur : ESSILOR FR ...,https://si.france-optique.com/img/gravures/nasal/web_1543-variluxcomfort67.tif.jpg,https://www.france-optique.com/gravures/fournisseur=521,2025-06-13 13:26:56.540000
1643,Varilux Comfort Max Eye Protect System Airwear,ORG,1.59,Fournisseur : ESSILOR FR ...,https://si.france-optique.com/img/gravures/nasal/web_1544-variluxcomfortP.tif.jpg,https://www.france-optique.com/gravures/fournisseur=521,2025-06-13 13:26:56.553333
1644,Varilux Comfort Max Eye Protect System Orma,ORG,1.5,Fournisseur : ESSILOR FR ...,https://si.france-optique.com/img/gravures/nasal/web_1661-variluxcomfort.tif.jpg,https://www.france-optique.com/gravures/fournisseur=521,2025-06-13 13:26:56.563333
1645,Varilux Comfort Max Short Eye Protect System Airwear,ORG,1.59,Fournisseur : ESSILOR FR ...,https://si.france-optique.com/img/gravures/nasal/web_1544-variluxcomfortP.tif.jpg,https://www.france-optique.com/gravures/fournisseur=521,2025-06-13 13:26:56.576666
1646,Varilux Physio 3D Near Lineis Eye Protect System et Lineis Transitions,ORG,1.74,Fournisseur : ESSILOR FR ...,https://si.france-optique.com/img/gravures/nasal/web_651-nas-essilor-39.tif.jpg,https://www.france-optique.com/gravures/fournisseur=521,2025-06-13 13:26:56.593333
1647,Varilux Physio 3D Balanced Lineis Eye Protect System et Lineis Transitions,ORG,1.74,Fournisseur : ESSILOR FR ...,https://si.france-optique.com/img/gravures/nasal/web_651-nas-essilor-39.tif.jpg,https://www.france-optique.com/gravures/fournisseur=521,2025-06-13 13:26:56.603333
1648,Varilux Physio 3D Far Lineis Eye Protect System et Lineis Transitions,ORG,1.74,Fournisseur : ESSILOR FR ...,https://si.france-optique.com/img/gravures/nasal/web_651-nas-essilor-39.tif.jpg,https://www.france-optique.com/gravures/fournisseur=521,2025-06-13 13:26:56.616666
1649,Varilux Physio 3.0 Fit Lineis Eye Protect System et Lineis Transitions,ORG,1.74,Fournisseur : ESSILOR FR ...,https://si.france-optique.com/img/gravures/nasal/web_1540-nas-essilor-Physio74.tif.jpg,https://www.france-optique.com/gravures/fournisseur=521,2025-06-13 13:26:56.626666
1650,Varilux Physio 3.0 Lineis Eye Protect System et Lineis Transitions,ORG,1.74,Fournisseur : ESSILOR FR ...,https://si.france-optique.com/img/gravures/nasal/web_1540-nas-essilor-Physio74.tif.jpg,https://www.france-optique.com/gravures/fournisseur=521,2025-06-13 13:26:56.640000
1667,KODAK Unique Infinite 1.5 blanc / UVBlue / Trans® GenSTM / Trans® XTRActive® / UVSun Polarisé,ORG,1.5,VERRES KODAK,KUI K B,https://www.france-optique.com/gravures/fournisseur=2644,2025-06-13 13:26:56.856666
1651,Varilux Physio 3.0 Short Lineis Eye Protect System et Lineis Transitions,ORG,1.74,Fournisseur : ESSILOR FR ...,https://si.france-optique.com/img/gravures/nasal/web_1540-nas-essilor-Physio74.tif.jpg,https://www.france-optique.com/gravures/fournisseur=521,2025-06-13 13:26:56.656666
1652,Essilor Prems HD Short Lineis et Lineis Transitions,ORG,1.74,Fournisseur : ESSILOR FR ...,https://si.france-optique.com/img/gravures/nasal/web_1396-nas-essilor-PREMSHD.tif.jpg,https://www.france-optique.com/gravures/fournisseur=521,2025-06-13 13:26:56.666666
1653,Essilor Prems HD Lineis et Lineis Transitions,ORG,1.74,Fournisseur : ESSILOR FR ...,https://si.france-optique.com/img/gravures/nasal/web_1397-nas-essilor-PREMSHD2.tif.jpg,https://www.france-optique.com/gravures/fournisseur=521,2025-06-13 13:26:56.676666
1654,Essilor Prems HD Short Stylis et Stylis Transitions,ORG,1.67,Fournisseur : ESSILOR FR ...,https://si.france-optique.com/img/gravures/nasal/web_1398-nas-essilor-PREMSHD3.tif.jpg,https://www.france-optique.com/gravures/fournisseur=521,2025-06-13 13:26:56.693333
1655,Essilor Prems HD Stylis et Stylis Transitions,ORG,1.67,Fournisseur : ESSILOR FR ...,https://si.france-optique.com/img/gravures/nasal/web_1399-nas-essilor-PREMSHD4.tif.jpg,https://www.france-optique.com/gravures/fournisseur=521,2025-06-13 13:26:56.706666
1656,Eyezen BOOST 0.4 Stylis Eye Protect System et Stylis Transitions,ORG,1.67,Fournisseur : ESSILOR FR ...,https://si.france-optique.com/img/gravures/nasal/web_736-nas-essilor-115.tif.jpg,https://www.france-optique.com/gravures/fournisseur=521,2025-06-13 13:26:56.716666
1657,Eyezen Kids Fit Ormix Eye Protect System et Ormix Transitions,ORG,1.6,Fournisseur : ESSILOR FR ...,https://si.france-optique.com/img/gravures/nasal/web_1546-EK6.tif.jpg,https://www.france-optique.com/gravures/fournisseur=521,2025-06-13 13:26:56.730000
1658,Eyezen Kids Fit Airwear Eye Protect System et Airwear Transitions,ORG,1.59,Fournisseur : ESSILOR FR ...,https://si.france-optique.com/img/gravures/nasal/web_1547-EKP.tif.jpg,https://www.france-optique.com/gravures/fournisseur=521,2025-06-13 13:26:56.743333
1659,Eyezen Kids Fit Orma Eye Protect System et Orma Transitions,ORG,1.5,Fournisseur : ESSILOR FR ...,https://si.france-optique.com/img/gravures/nasal/web_2028-ek5.tif.jpg,https://www.france-optique.com/gravures/fournisseur=521,2025-06-13 13:26:56.756666
1660,Eyezen Kids Ormix Eye Protect System et Ormix Transitions,ORG,1.6,Fournisseur : ESSILOR FR ...,https://si.france-optique.com/img/gravures/nasal/web_1546-EK6.tif.jpg,https://www.france-optique.com/gravures/fournisseur=521,2025-06-13 13:26:56.770000
1661,Eyezen Kids Airwear Eye Protect System et Airwear Transitions,ORG,1.59,Fournisseur : ESSILOR FR ...,https://si.france-optique.com/img/gravures/nasal/web_1547-EKP.tif.jpg,https://www.france-optique.com/gravures/fournisseur=521,2025-06-13 13:26:56.780000
1662,Eyezen Kids Orma Eye Protect System et Orma Transitions,ORG,1.5,Fournisseur : ESSILOR FR ...,https://si.france-optique.com/img/gravures/nasal/web_2028-ek5.tif.jpg,https://www.france-optique.com/gravures/fournisseur=521,2025-06-13 13:26:56.793333
1663,Essilor Symphony Lineis et Lineis Transitions,ORG,1.74,Fournisseur : ESSILOR FR ...,https://si.france-optique.com/img/gravures/nasal/web_1636-symphony74.tif.jpg,https://www.france-optique.com/gravures/fournisseur=521,2025-06-13 13:26:56.806666
1664,Essilor Symphony Short Lineis et Lineis Transitions,ORG,1.74,Fournisseur : ESSILOR FR ...,https://si.france-optique.com/img/gravures/nasal/web_1638-symphonyshort74.tif.jpg,https://www.france-optique.com/gravures/fournisseur=521,2025-06-13 13:26:56.816666
1665,Essilor Symphony FIT Lineis et Lineis Transitions,ORG,1.74,Fournisseur : ESSILOR FR ...,https://si.france-optique.com/img/gravures/nasal/web_1637-symphonyfit74.tif.jpg,https://www.france-optique.com/gravures/fournisseur=521,2025-06-13 13:26:56.830000
1666,KODAK Unique Infinite HD 1.74 blanc / UVBlue / Trans® GenSTM,ORG,1.74,VERRES KODAK,KUIHD K E,https://www.france-optique.com/gravures/fournisseur=2644,2025-06-13 13:26:56.843333
1668,KODAK Unique Infinite 1.6 blanc / UVBlue / Trans® GenSTM / Trans® XTRActive® / UVSun Polarisé,ORG,1.6,VERRES KODAK,KUI K B,https://www.france-optique.com/gravures/fournisseur=2644,2025-06-13 13:26:56.866666
1669,KODAK Unique Infinite 1.67 blanc / UVBlue / Trans® GenSTM / Trans® XTRActive® / UVSun Polarisé,ORG,1.67,VERRES KODAK,KUI K B,https://www.france-optique.com/gravures/fournisseur=2644,2025-06-13 13:26:56.880000
1670,KODAK Unique Infinite 1.74 blanc / UVBlue /Trans® GenSTM,ORG,1.74,VERRES KODAK,KUI K B,https://www.france-optique.com/gravures/fournisseur=2644,2025-06-13 13:26:56.893333
1671,INTEGRAL ou INTEGRAL IP 1.50 + Transitions,ORG,1.5,MONT-ROYAL,https://si.france-optique.com/img/gravures/nasal/web_94-nas-mont-royal-01.tif.jpg,https://www.france-optique.com/gravures/fournisseur=1838,2025-06-13 13:26:56.906666
1672,"Attitude III SV 1,5",ORG,1.5,SHAMIR FRANCE,AT3 15,https://www.france-optique.com/gravures/fournisseur=2397,2025-06-13 13:26:56.920000
1673,INTEGRAL ou INTEGRAL IP 1.60 + Transitions,ORG,1.6,MONT-ROYAL,https://si.france-optique.com/img/gravures/nasal/web_94-nas-mont-royal-01.tif.jpg,https://www.france-optique.com/gravures/fournisseur=1838,2025-06-13 13:26:56.930000
1674,INTEGRAL ou INTEGRAL IP 1.67 + Transitions,ORG,1.67,MONT-ROYAL,https://si.france-optique.com/img/gravures/nasal/web_94-nas-mont-royal-01.tif.jpg,https://www.france-optique.com/gravures/fournisseur=1838,2025-06-13 13:26:56.943333
1675,"INTEGRAL 1,74",ORG,1.74,MONT-ROYAL,https://si.france-optique.com/img/gravures/nasal/web_94-nas-mont-royal-01.tif.jpg,https://www.france-optique.com/gravures/fournisseur=1838,2025-06-13 13:26:56.956666
1676,ULTRA HD TEK 1.50 & ULTRA HD TEK IP 1.50 + Transitions,ORG,1.5,MONT-ROYAL,https://si.france-optique.com/img/gravures/nasal/web_95-nas-mont-royal-02.tif.jpg,https://www.france-optique.com/gravures/fournisseur=1838,2025-06-13 13:26:56.970000
1677,ULTRA HD TEK 1.60 & ULTRA HD TEK IP 1.60 + Transitions,ORG,1.6,MONT-ROYAL,https://si.france-optique.com/img/gravures/nasal/web_95-nas-mont-royal-02.tif.jpg,https://www.france-optique.com/gravures/fournisseur=1838,2025-06-13 13:26:56.980000
1678,ULTRA HD TEK 1.67 & ULTRA HD TEK IP 1.67 + Transitions,ORG,1.67,MONT-ROYAL,https://si.france-optique.com/img/gravures/nasal/web_95-nas-mont-royal-02.tif.jpg,https://www.france-optique.com/gravures/fournisseur=1838,2025-06-13 13:26:56.990000
1679,ULTRA HD TEK 1.74,ORG,1.74,MONT-ROYAL,https://si.france-optique.com/img/gravures/nasal/web_95-nas-mont-royal-02.tif.jpg,https://www.france-optique.com/gravures/fournisseur=1838,2025-06-13 13:26:57.010000
1680,ULTRA HD Short TEK 1.50 & ULTRA HD Short TEK IP 1.50 + Transitions,ORG,1.5,MONT-ROYAL,https://si.france-optique.com/img/gravures/nasal/web_95-nas-mont-royal-02.tif.jpg,https://www.france-optique.com/gravures/fournisseur=1838,2025-06-13 13:26:57.023333
1681,ULTRA HD Short TEK 1.60 & ULTRA HD Short TEK IP 1.60 + Transitions,ORG,1.6,MONT-ROYAL,https://si.france-optique.com/img/gravures/nasal/web_95-nas-mont-royal-02.tif.jpg,https://www.france-optique.com/gravures/fournisseur=1838,2025-06-13 13:26:57.033333
1682,ULTRA HD Short TEK 1.67 & ULTRA HD Short TEK IP 1.67 + Transitions,ORG,1.67,MONT-ROYAL,https://si.france-optique.com/img/gravures/nasal/web_95-nas-mont-royal-02.tif.jpg,https://www.france-optique.com/gravures/fournisseur=1838,2025-06-13 13:26:57.046666
1683,ULTRA HD Short TEK 1.74,ORG,1.74,MONT-ROYAL,https://si.france-optique.com/img/gravures/nasal/web_95-nas-mont-royal-02.tif.jpg,https://www.france-optique.com/gravures/fournisseur=1838,2025-06-13 13:26:57.056666
1684,ULTRA HD 1.50 & ULTRA HD IP 1.50 + Transitions,ORG,1.5,MONT-ROYAL,https://si.france-optique.com/img/gravures/nasal/web_96-nas-mont-royal-03.tif.jpg,https://www.france-optique.com/gravures/fournisseur=1838,2025-06-13 13:26:57.070000
1685,ULTRA HD 1.60 + ULTRA HD IP 1.60 + Transitions,ORG,1.6,MONT-ROYAL,https://si.france-optique.com/img/gravures/nasal/web_96-nas-mont-royal-03.tif.jpg,https://www.france-optique.com/gravures/fournisseur=1838,2025-06-13 13:26:57.080000
1686,ULTRA HD 1.67 + ULTRA HD IP 1.67 + Transitions,ORG,1.67,MONT-ROYAL,https://si.france-optique.com/img/gravures/nasal/web_96-nas-mont-royal-03.tif.jpg,https://www.france-optique.com/gravures/fournisseur=1838,2025-06-13 13:26:57.090000
1687,ULTRA HD 1.74,ORG,1.74,MONT-ROYAL,https://si.france-optique.com/img/gravures/nasal/web_96-nas-mont-royal-03.tif.jpg,https://www.france-optique.com/gravures/fournisseur=1838,2025-06-13 13:26:57.103333
1688,ULTRA HD Short 1.50 & ULTRA HD Short IP 1.50 + Transitions,ORG,1.5,MONT-ROYAL,https://si.france-optique.com/img/gravures/nasal/web_96-nas-mont-royal-03.tif.jpg,https://www.france-optique.com/gravures/fournisseur=1838,2025-06-13 13:26:57.116666
1689,ULTRA HD Short 1.60 & ULTRA HD Short IP 1.60 + Transitions,ORG,1.6,MONT-ROYAL,https://si.france-optique.com/img/gravures/nasal/web_96-nas-mont-royal-03.tif.jpg,https://www.france-optique.com/gravures/fournisseur=1838,2025-06-13 13:26:57.126666
1690,ULTRA HD Short 1.67 & ULTRA HD Short IP 1.67 + Transitions,ORG,1.67,MONT-ROYAL,https://si.france-optique.com/img/gravures/nasal/web_96-nas-mont-royal-03.tif.jpg,https://www.france-optique.com/gravures/fournisseur=1838,2025-06-13 13:26:57.140000
1691,ULTRA HD Short 1.74,ORG,1.74,MONT-ROYAL,https://si.france-optique.com/img/gravures/nasal/web_96-nas-mont-royal-03.tif.jpg,https://www.france-optique.com/gravures/fournisseur=1838,2025-06-13 13:26:57.150000
1692,NATURAL 1.50 & NATURAL IP 1.50 + Transitions,ORG,1.5,MONT-ROYAL,https://si.france-optique.com/img/gravures/nasal/web_97-nas-mont-royal-04.tif.jpg,https://www.france-optique.com/gravures/fournisseur=1838,2025-06-13 13:26:57.163333
1693,NATURAL 1.60 + NATURAL IP 1.60 + Transitions,ORG,1.6,MONT-ROYAL,https://si.france-optique.com/img/gravures/nasal/web_97-nas-mont-royal-04.tif.jpg,https://www.france-optique.com/gravures/fournisseur=1838,2025-06-13 13:26:57.176666
1694,NATURAL 1.67 + NATURAL IP 1.67 + Transitions,ORG,1.67,MONT-ROYAL,https://si.france-optique.com/img/gravures/nasal/web_97-nas-mont-royal-04.tif.jpg,https://www.france-optique.com/gravures/fournisseur=1838,2025-06-13 13:26:57.186666
1695,NATURAL 1.74,ORG,1.74,MONT-ROYAL,https://si.france-optique.com/img/gravures/nasal/web_97-nas-mont-royal-04.tif.jpg,https://www.france-optique.com/gravures/fournisseur=1838,2025-06-13 13:26:57.200000
1696,NATURAL Short 1.5 & NATURAL Short IP 1.5 + Transitions,ORG,1.5,MONT-ROYAL,https://si.france-optique.com/img/gravures/nasal/web_97-nas-mont-royal-04.tif.jpg,https://www.france-optique.com/gravures/fournisseur=1838,2025-06-13 13:26:57.210000
1697,NATURAL Short 1.60 & NATURAL Short IP 1.60 + Transitions,ORG,1.6,MONT-ROYAL,https://si.france-optique.com/img/gravures/nasal/web_97-nas-mont-royal-04.tif.jpg,https://www.france-optique.com/gravures/fournisseur=1838,2025-06-13 13:26:57.223333
1698,NATURAL Short 1.67 & NATURAL Short IP 1.67 + Transitions,ORG,1.67,MONT-ROYAL,https://si.france-optique.com/img/gravures/nasal/web_97-nas-mont-royal-04.tif.jpg,https://www.france-optique.com/gravures/fournisseur=1838,2025-06-13 13:26:57.233333
1699,NATURAL Short 1.74,ORG,1.74,MONT-ROYAL,https://si.france-optique.com/img/gravures/nasal/web_97-nas-mont-royal-04.tif.jpg,https://www.france-optique.com/gravures/fournisseur=1838,2025-06-13 13:26:57.250000
1700,Excellence Conduite HD 1.50 + Transitions,ORG,1.5,MONT-ROYAL,https://si.france-optique.com/img/gravures/nasal/web_98-nas-mont-royal-05.tif.jpg,https://www.france-optique.com/gravures/fournisseur=1838,2025-06-13 13:26:57.260000
1701,Excellence Conduite Polix 1.59 + Transitions,POLY,1.59,MONT-ROYAL,https://si.france-optique.com/img/gravures/nasal/web_1550-NewMontRoyal2.tif.jpg,https://www.france-optique.com/gravures/fournisseur=1838,2025-06-13 13:26:57.273333
1702,Excellence Conduite 1.60 + Transitions,ORG,1.6,MONT-ROYAL,https://si.france-optique.com/img/gravures/nasal/web_98-nas-mont-royal-05.tif.jpg,https://www.france-optique.com/gravures/fournisseur=1838,2025-06-13 13:26:57.286666
1703,Excellence Conduite 1.67 + Transitions,ORG,1.67,MONT-ROYAL,https://si.france-optique.com/img/gravures/nasal/web_98-nas-mont-royal-05.tif.jpg,https://www.france-optique.com/gravures/fournisseur=1838,2025-06-13 13:26:57.296666
1704,Excellence Sport 1.50 + Transitions,ORG,1.5,MONT-ROYAL,https://si.france-optique.com/img/gravures/nasal/web_101-nas-mont-royal-08.tif.jpg,https://www.france-optique.com/gravures/fournisseur=1838,2025-06-13 13:26:57.310000
1705,Excellence Sport Polix 1.59 + Transitions,POLY,1.59,MONT-ROYAL,https://si.france-optique.com/img/gravures/nasal/web_1549-NewMontRoyal1.tif.jpg,https://www.france-optique.com/gravures/fournisseur=1838,2025-06-13 13:26:57.323333
1706,Excellence Sport 1.60 + Transitions,ORG,1.6,MONT-ROYAL,https://si.france-optique.com/img/gravures/nasal/web_101-nas-mont-royal-08.tif.jpg,https://www.france-optique.com/gravures/fournisseur=1838,2025-06-13 13:26:57.333333
1707,Excellence Sport 1.67 + Transitions,ORG,1.67,MONT-ROYAL,https://si.france-optique.com/img/gravures/nasal/web_101-nas-mont-royal-08.tif.jpg,https://www.france-optique.com/gravures/fournisseur=1838,2025-06-13 13:26:57.346666
1708,VISIAZ XP Short TEK 1.50 + Transitions,ORG,1.5,MONT-ROYAL,https://si.france-optique.com/img/gravures/nasal/web_104-nas-mont-royal-11.tif.jpg,https://www.france-optique.com/gravures/fournisseur=1838,2025-06-13 13:26:57.360000
1709,"VISIAZ XP Short TEK 1,60 + Transitions",ORG,1.6,MONT-ROYAL,https://si.france-optique.com/img/gravures/nasal/web_104-nas-mont-royal-11.tif.jpg,https://www.france-optique.com/gravures/fournisseur=1838,2025-06-13 13:26:57.370000
1710,"VISIAZ XP Short TEK 1,67 + Transitions",ORG,1.67,MONT-ROYAL,https://si.france-optique.com/img/gravures/nasal/web_104-nas-mont-royal-11.tif.jpg,https://www.france-optique.com/gravures/fournisseur=1838,2025-06-13 13:26:57.380000
1711,"VISIAZ XP Short TEK 1,74",ORG,1.74,MONT-ROYAL,https://si.france-optique.com/img/gravures/nasal/web_104-nas-mont-royal-11.tif.jpg,https://www.france-optique.com/gravures/fournisseur=1838,2025-06-13 13:26:57.393333
1712,VISIAZ XP 1.50 + Transitions,ORG,1.5,MONT-ROYAL,https://si.france-optique.com/img/gravures/nasal/web_103-nas-mont-royal-10.tif.jpg,https://www.france-optique.com/gravures/fournisseur=1838,2025-06-13 13:26:57.406666
1713,"VISIAZ XP 1,60 + Transitions",ORG,1.6,MONT-ROYAL,https://si.france-optique.com/img/gravures/nasal/web_103-nas-mont-royal-10.tif.jpg,https://www.france-optique.com/gravures/fournisseur=1838,2025-06-13 13:26:57.416666
1714,"VISIAZ XP 1,67 + Transitions",ORG,1.67,MONT-ROYAL,https://si.france-optique.com/img/gravures/nasal/web_103-nas-mont-royal-10.tif.jpg,https://www.france-optique.com/gravures/fournisseur=1838,2025-06-13 13:26:57.430000
1715,"Attitude III SV 1,5 Transitions®",ORG,1.5,SHAMIR FRANCE,AT3 TR,https://www.france-optique.com/gravures/fournisseur=2397,2025-06-13 13:26:57.440000
1716,"Attitude III SV 1,5 Polarized",ORG,1.5,SHAMIR FRANCE,AT3 PZ,https://www.france-optique.com/gravures/fournisseur=2397,2025-06-13 13:26:57.450000
1717,Attitude III SV NXT Varia Color / Varia Polar / Polar / Color Mirror / Color,NXT,1.53,SHAMIR FRANCE,AT3 NX,https://www.france-optique.com/gravures/fournisseur=2397,2025-06-13 13:26:57.466666
1718,Attitude III SV Poly,POLY,1.59,SHAMIR FRANCE,AT3 PC,https://www.france-optique.com/gravures/fournisseur=2397,2025-06-13 13:26:57.480000
1719,Attitude III SV Poly Color,POLY,1.59,SHAMIR FRANCE,AT3 PCC,https://www.france-optique.com/gravures/fournisseur=2397,2025-06-13 13:26:57.493333
1720,Attitude III SV Poly Transitions®,POLY,1.59,SHAMIR FRANCE,AT3 PT,https://www.france-optique.com/gravures/fournisseur=2397,2025-06-13 13:26:57.506666
1721,Attitude III SV Poly Polarized,POLY,1.59,SHAMIR FRANCE,AT3 PPZ,https://www.france-optique.com/gravures/fournisseur=2397,2025-06-13 13:26:57.520000
1722,"Attitude III SV 1,6",ORG,1.6,SHAMIR FRANCE,AT3 16,https://www.france-optique.com/gravures/fournisseur=2397,2025-06-13 13:26:57.530000
1723,"Attitude III SV 1,6 Transitions®",ORG,1.6,SHAMIR FRANCE,AT3 T6,https://www.france-optique.com/gravures/fournisseur=2397,2025-06-13 13:26:57.540000
1724,"Attitude III SV 1,6 Polarized",ORG,1.6,SHAMIR FRANCE,AT3 PZ6,https://www.france-optique.com/gravures/fournisseur=2397,2025-06-13 13:26:57.550000
1725,"Attitude III SV 1,67",ORG,1.67,SHAMIR FRANCE,AT3 67,https://www.france-optique.com/gravures/fournisseur=2397,2025-06-13 13:26:57.563333
1726,"Attitude III SV 1,67 Transitions®",ORG,1.67,SHAMIR FRANCE,AT3 T67,https://www.france-optique.com/gravures/fournisseur=2397,2025-06-13 13:26:57.573333
1727,"ATORIQUE 1,5",ORG,1.5,SHAMIR FRANCE,15,https://www.france-optique.com/gravures/fournisseur=2397,2025-06-13 13:26:57.586666
1728,"ATORIQUE 1,5 Transitions®",ORG,1.5,SHAMIR FRANCE,TR,https://www.france-optique.com/gravures/fournisseur=2397,2025-06-13 13:26:57.600000
1729,"ATORIQUE 1,5 Polarized",ORG,1.5,SHAMIR FRANCE,PZ,https://www.france-optique.com/gravures/fournisseur=2397,2025-06-13 13:26:57.613333
1730,ATORIQUE Poly,POLY,1.59,SHAMIR FRANCE,PC,https://www.france-optique.com/gravures/fournisseur=2397,2025-06-13 13:26:57.623333
1731,ATORIQUE Poly Polarized,POLY,1.59,SHAMIR FRANCE,PPZ,https://www.france-optique.com/gravures/fournisseur=2397,2025-06-13 13:26:57.636666
1732,"ATORIQUE 1,6",ORG,1.6,SHAMIR FRANCE,16,https://www.france-optique.com/gravures/fournisseur=2397,2025-06-13 13:26:57.650000
1733,"ATORIQUE 1,6 Blue Zero",ORG,1.6,SHAMIR FRANCE,BZ6,https://www.france-optique.com/gravures/fournisseur=2397,2025-06-13 13:26:57.660000
1734,"ATORIQUE 1,6 Transitions®",ORG,1.6,SHAMIR FRANCE,T6,https://www.france-optique.com/gravures/fournisseur=2397,2025-06-13 13:26:57.673333
1735,"ATORIQUE 1,6 Polarized",ORG,1.6,SHAMIR FRANCE,PZ6,https://www.france-optique.com/gravures/fournisseur=2397,2025-06-13 13:26:57.683333
1736,"ATORIQUE 1,67",ORG,1.67,SHAMIR FRANCE,67,https://www.france-optique.com/gravures/fournisseur=2397,2025-06-13 13:26:57.696666
1737,"ATORIQUE 1,67 Blue Zero",ORG,1.67,SHAMIR FRANCE,BZ67,https://www.france-optique.com/gravures/fournisseur=2397,2025-06-13 13:26:57.710000
1738,"ATORIQUE 1,67 Transitions®",ORG,1.67,SHAMIR FRANCE,T67,https://www.france-optique.com/gravures/fournisseur=2397,2025-06-13 13:26:57.723333
1739,ATORIQUE 1.74,ORG,1.74,SHAMIR FRANCE,74,https://www.france-optique.com/gravures/fournisseur=2397,2025-06-13 13:26:57.736666
1740,"SMART SV As Worn 1,5",ORG,1.5,SHAMIR FRANCE,FF 15,https://www.france-optique.com/gravures/fournisseur=2397,2025-06-13 13:26:57.750000
1741,"SMART SV As Worn 1,5 Blue Zero",ORG,1.5,SHAMIR FRANCE,FF BZ,https://www.france-optique.com/gravures/fournisseur=2397,2025-06-13 13:26:57.763333
1742,"SMART SV As Worn 1,5 Transitions®",ORG,1.5,SHAMIR FRANCE,FF TR,https://www.france-optique.com/gravures/fournisseur=2397,2025-06-13 13:26:57.776666
1743,"SMART SV As Worn 1,5 Polarized",ORG,1.5,SHAMIR FRANCE,FF PZ,https://www.france-optique.com/gravures/fournisseur=2397,2025-06-13 13:26:57.786666
1744,SMART SV As Worn Poly,POLY,1.59,SHAMIR FRANCE,FF PC,https://www.france-optique.com/gravures/fournisseur=2397,2025-06-13 13:26:57.800000
1745,SMART SV As Worn Poly Polarized,POLY,1.59,SHAMIR FRANCE,FF PPZ,https://www.france-optique.com/gravures/fournisseur=2397,2025-06-13 13:26:57.813333
1746,"SMART SV As Worn 1,6",ORG,1.6,SHAMIR FRANCE,FF 16,https://www.france-optique.com/gravures/fournisseur=2397,2025-06-13 13:26:57.826666
1747,"SMART SV As Worn 1,6 Transitions®",ORG,1.6,SHAMIR FRANCE,FF T6,https://www.france-optique.com/gravures/fournisseur=2397,2025-06-13 13:26:57.836666
1748,"SMART SV As Worn 1,6 Polarized",ORG,1.6,SHAMIR FRANCE,FF PZ6,https://www.france-optique.com/gravures/fournisseur=2397,2025-06-13 13:26:57.846666
1749,"SMART SV As Worn 1,67",ORG,1.67,SHAMIR FRANCE,FF 167,https://www.france-optique.com/gravures/fournisseur=2397,2025-06-13 13:26:57.860000
1750,"SMART SV As Worn 1,67 Transitions®",ORG,1.67,SHAMIR FRANCE,FF T67,https://www.france-optique.com/gravures/fournisseur=2397,2025-06-13 13:26:57.870000
1751,SMART SV As Worn 1.74,ORG,1.74,SHAMIR FRANCE,FF 74,https://www.france-optique.com/gravures/fournisseur=2397,2025-06-13 13:26:57.883333
1752,"NEW RELAX +0,50 1,5",ORG,1.5,SHAMIR FRANCE,RLX 15,https://www.france-optique.com/gravures/fournisseur=2397,2025-06-13 13:26:57.896666
1753,"NEW RELAX +0,50 1,5 Blue Zero",ORG,1.5,SHAMIR FRANCE,RLX BZ,https://www.france-optique.com/gravures/fournisseur=2397,2025-06-13 13:26:57.906666
1754,"NEW RELAX +0,65 1,6",ORG,1.6,SHAMIR FRANCE,RLX6 16,https://www.france-optique.com/gravures/fournisseur=2397,2025-06-13 13:26:57.920000
1755,"NEW RELAX +0,65 1,6 Blue Zero",ORG,1.6,SHAMIR FRANCE,RLX6 BZ6,https://www.france-optique.com/gravures/fournisseur=2397,2025-06-13 13:26:57.930000
1756,"NEW RELAX +0,80 1,67",ORG,1.6,SHAMIR FRANCE,RLX8 167,https://www.france-optique.com/gravures/fournisseur=2397,2025-06-13 13:26:57.943333
1757,"NEW RELAX +0,80 1,67 Blue Zero",ORG,1.6,SHAMIR FRANCE,RLX8 BZ67,https://www.france-optique.com/gravures/fournisseur=2397,2025-06-13 13:26:57.960000
1758,"Computer 1,5",ORG,1.5,SHAMIR FRANCE,FFC 15,https://www.france-optique.com/gravures/fournisseur=2397,2025-06-13 13:26:57.970000
1759,"Computer 1,5 Blue Zero",ORG,1.5,SHAMIR FRANCE,FFC BZ,https://www.france-optique.com/gravures/fournisseur=2397,2025-06-13 13:26:57.983333
1760,Computer Poly,POLY,1.59,SHAMIR FRANCE,FFC PC,https://www.france-optique.com/gravures/fournisseur=2397,2025-06-13 13:26:57.993333
1761,"Computer 1,6 (MR8)",ORG,1.6,SHAMIR FRANCE,FFC 16,https://www.france-optique.com/gravures/fournisseur=2397,2025-06-13 13:26:58.010000
1762,"Computer 1,6 (MR8) Blue Zero",ORG,1.6,SHAMIR FRANCE,FFC BZ6,https://www.france-optique.com/gravures/fournisseur=2397,2025-06-13 13:26:58.020000
1763,"Workspace 1,5",ORG,1.5,SHAMIR FRANCE,FFW 15,https://www.france-optique.com/gravures/fournisseur=2397,2025-06-13 13:26:58.033333
1764,"Workspace 1,5 Blue Zero",ORG,1.5,SHAMIR FRANCE,FFW BZ,https://www.france-optique.com/gravures/fournisseur=2397,2025-06-13 13:26:58.046666
1765,Workspace Poly,POLY,1.59,SHAMIR FRANCE,FFW PC,https://www.france-optique.com/gravures/fournisseur=2397,2025-06-13 13:26:58.060000
1766,"Workspace 1,6 (MR8)",ORG,1.6,SHAMIR FRANCE,FFW 16,https://www.france-optique.com/gravures/fournisseur=2397,2025-06-13 13:26:58.073333
1767,"Workspace 1,6 (MR8) Blue Zero",ORG,1.6,SHAMIR FRANCE,FFW BZ6,https://www.france-optique.com/gravures/fournisseur=2397,2025-06-13 13:26:58.083333
1768,VIPSPORT 1.6 blanc / Transitions® GenS™ / Transitions® XTRActive® /Pola,MR8,1.6,MEGA OPTIC,VS,https://www.france-optique.com/gravures/fournisseur=644,2025-06-13 13:26:58.100000
1769,"VISIAZ XP 1,74",ORG,1.74,MONT-ROYAL,https://si.france-optique.com/img/gravures/nasal/web_103-nas-mont-royal-10.tif.jpg,https://www.france-optique.com/gravures/fournisseur=1838,2025-06-13 13:26:58.110000
1770,VISIAZ XP Short 1.50 + Transitions,ORG,1.5,MONT-ROYAL,https://si.france-optique.com/img/gravures/nasal/web_105-nas-mont-royal-12.tif.jpg,https://www.france-optique.com/gravures/fournisseur=1838,2025-06-13 13:26:58.126666
1771,"VISIAZ XP Short 1,60 + Transitions",ORG,1.6,MONT-ROYAL,https://si.france-optique.com/img/gravures/nasal/web_105-nas-mont-royal-12.tif.jpg,https://www.france-optique.com/gravures/fournisseur=1838,2025-06-13 13:26:58.140000
1772,"VISIAZ XP Short 1,67 + Transitions",ORG,1.67,MONT-ROYAL,https://si.france-optique.com/img/gravures/nasal/web_105-nas-mont-royal-12.tif.jpg,https://www.france-optique.com/gravures/fournisseur=1838,2025-06-13 13:26:58.150000
1773,"VISIAZ XP Short 1,74",ORG,1.74,MONT-ROYAL,https://si.france-optique.com/img/gravures/nasal/web_105-nas-mont-royal-12.tif.jpg,https://www.france-optique.com/gravures/fournisseur=1838,2025-06-13 13:26:58.163333
1774,VISIAZ DG 1.50 + Transitions,ORG,1.5,MONT-ROYAL,https://si.france-optique.com/img/gravures/nasal/web_106-nas-mont-royal-13.tif.jpg,https://www.france-optique.com/gravures/fournisseur=1838,2025-06-13 13:26:58.173333
1775,"VISIAZ DG 1,60 + Transitions",ORG,1.6,MONT-ROYAL,https://si.france-optique.com/img/gravures/nasal/web_106-nas-mont-royal-13.tif.jpg,https://www.france-optique.com/gravures/fournisseur=1838,2025-06-13 13:26:58.186666
1776,"VISIAZ DG 1,67 + Transitions",ORG,1.67,MONT-ROYAL,https://si.france-optique.com/img/gravures/nasal/web_106-nas-mont-royal-13.tif.jpg,https://www.france-optique.com/gravures/fournisseur=1838,2025-06-13 13:26:58.200000
1777,"VISIAZ DG 1,74",ORG,1.74,MONT-ROYAL,https://si.france-optique.com/img/gravures/nasal/web_106-nas-mont-royal-13.tif.jpg,https://www.france-optique.com/gravures/fournisseur=1838,2025-06-13 13:26:58.210000
1778,"VISIAZ 1,60",Min,1.6,MONT-ROYAL,None,https://www.france-optique.com/gravures/fournisseur=1838,2025-06-13 13:26:58.223333
1779,"VISIAZ 1,60 Photobrown",Min,1.6,MONT-ROYAL,None,https://www.france-optique.com/gravures/fournisseur=1838,2025-06-13 13:26:58.236666
1780,"VISIAZ 1,70",Min,1.7,MONT-ROYAL,None,https://www.france-optique.com/gravures/fournisseur=1838,2025-06-13 13:26:58.250000
1781,"VISIAZ 1,80",Min,1.8,MONT-ROYAL,None,https://www.france-optique.com/gravures/fournisseur=1838,2025-06-13 13:26:58.260000
1782,SURF 1.50 & SURF IP 1.50 + Transitions,ORG,1.5,MONT-ROYAL,https://si.france-optique.com/img/gravures/nasal/web_125-nas-mont-royal-20.tif.jpg,https://www.france-optique.com/gravures/fournisseur=1838,2025-06-13 13:26:58.270000
1783,SURF Polix + Transitions,POLY,1.591,MONT-ROYAL,https://si.france-optique.com/img/gravures/nasal/web_124-nas-mont-royal-19.tif.jpg,https://www.france-optique.com/gravures/fournisseur=1838,2025-06-13 13:26:58.286666
1784,SURF 1.60 & SURF IP 1.60 + Transitions,ORG,1.6,MONT-ROYAL,https://si.france-optique.com/img/gravures/nasal/web_125-nas-mont-royal-20.tif.jpg,https://www.france-optique.com/gravures/fournisseur=1838,2025-06-13 13:26:58.296666
1785,SURF 1.67 & SURF IP 1.67 + Transitions,ORG,1.67,MONT-ROYAL,https://si.france-optique.com/img/gravures/nasal/web_125-nas-mont-royal-20.tif.jpg,https://www.france-optique.com/gravures/fournisseur=1838,2025-06-13 13:26:58.310000
1786,SURF Short 1.50 & SURF Short IP 1.50 + Transitions,ORG,1.5,MONT-ROYAL,https://si.france-optique.com/img/gravures/nasal/web_126-nas-mont-royal-21.tif.jpg,https://www.france-optique.com/gravures/fournisseur=1838,2025-06-13 13:26:58.323333
1787,SURF Short Polix 1.59 + Transitions,POLY,1.591,MONT-ROYAL,https://si.france-optique.com/img/gravures/nasal/web_1015-nas-mont-royal-28.tif.jpg,https://www.france-optique.com/gravures/fournisseur=1838,2025-06-13 13:26:58.336666
1788,"SURF Short 1,60 + Transitions",ORG,1.6,MONT-ROYAL,https://si.france-optique.com/img/gravures/nasal/web_126-nas-mont-royal-21.tif.jpg,https://www.france-optique.com/gravures/fournisseur=1838,2025-06-13 13:26:58.350000
1789,"SURF Short 1,67 + Transitions",ORG,1.67,MONT-ROYAL,https://si.france-optique.com/img/gravures/nasal/web_126-nas-mont-royal-21.tif.jpg,https://www.france-optique.com/gravures/fournisseur=1838,2025-06-13 13:26:58.363333
1790,INITIAL 1.50 + Transitions,ORG,1.5,MONT-ROYAL,https://si.france-optique.com/img/gravures/nasal/web_127-nas-mont-royal-22.tif.jpg,https://www.france-optique.com/gravures/fournisseur=1838,2025-06-13 13:26:58.376666
1791,INITIAL 1.60 + Transitions,ORG,1.6,MONT-ROYAL,https://si.france-optique.com/img/gravures/nasal/web_127-nas-mont-royal-22.tif.jpg,https://www.france-optique.com/gravures/fournisseur=1838,2025-06-13 13:26:58.390000
1792,INITIAL 1.67 + Transitions,ORG,1.67,MONT-ROYAL,https://si.france-optique.com/img/gravures/nasal/web_127-nas-mont-royal-22.tif.jpg,https://www.france-optique.com/gravures/fournisseur=1838,2025-06-13 13:26:58.403333
1793,"INITIAL Short 1,50 + Transitions",ORG,1.5,MONT-ROYAL,https://si.france-optique.com/img/gravures/nasal/web_127-nas-mont-royal-22.tif.jpg,https://www.france-optique.com/gravures/fournisseur=1838,2025-06-13 13:26:58.416666
1794,"INITIAL Short 1,60 + Transitions",ORG,1.6,MONT-ROYAL,https://si.france-optique.com/img/gravures/nasal/web_127-nas-mont-royal-22.tif.jpg,https://www.france-optique.com/gravures/fournisseur=1838,2025-06-13 13:26:58.430000
1795,"INITIAL Short 1,67 + Transitions",ORG,1.67,MONT-ROYAL,https://si.france-optique.com/img/gravures/nasal/web_127-nas-mont-royal-22.tif.jpg,https://www.france-optique.com/gravures/fournisseur=1838,2025-06-13 13:26:58.440000
1796,Excellence Office 1.50 & Excellence Office IP 1.50,ORG,1.5,MONT-ROYAL,https://si.france-optique.com/img/gravures/nasal/web_128-nas-mont-royal-23.tif.jpg,https://www.france-optique.com/gravures/fournisseur=1838,2025-06-13 13:26:58.453333
1797,Excellence Office 1.60 + Excellence Office IP 1.60,ORG,1.6,MONT-ROYAL,https://si.france-optique.com/img/gravures/nasal/web_128-nas-mont-royal-23.tif.jpg,https://www.france-optique.com/gravures/fournisseur=1838,2025-06-13 13:26:58.463333
1798,Excellence Office 1.67 + Excellence Office IP 1.67,ORG,1.67,MONT-ROYAL,https://si.france-optique.com/img/gravures/nasal/web_128-nas-mont-royal-23.tif.jpg,https://www.france-optique.com/gravures/fournisseur=1838,2025-06-13 13:26:58.476666
1799,Proxoffice 1.50 & Proxoffice IP 1.50,ORG,1.5,MONT-ROYAL,https://si.france-optique.com/img/gravures/nasal/web_128-nas-mont-royal-23.tif.jpg,https://www.france-optique.com/gravures/fournisseur=1838,2025-06-13 13:26:58.490000
1800,"Proxoffice 1,60 + Proxoffice IP 1,60",ORG,1.6,MONT-ROYAL,https://si.france-optique.com/img/gravures/nasal/web_130-nas-mont-royal-25.tif.jpg,https://www.france-optique.com/gravures/fournisseur=1838,2025-06-13 13:26:58.500000
1801,"Proxoffice 1,67 + Proxoffice IP 1,67",ORG,1.67,MONT-ROYAL,https://si.france-optique.com/img/gravures/nasal/web_131-nas-mont-royal-26.tif.jpg,https://www.france-optique.com/gravures/fournisseur=1838,2025-06-13 13:26:58.513333
1802,UNITEK 1.50 & UNITEK IP 1.50 + Transitions,ORG,1.5,MONT-ROYAL,T5,https://www.france-optique.com/gravures/fournisseur=1838,2025-06-13 13:26:58.526666
1803,"UNITEK 1,60 + UNITEK IP 1,6 + Transitions",ORG,1.6,MONT-ROYAL,T6,https://www.france-optique.com/gravures/fournisseur=1838,2025-06-13 13:26:58.540000
1804,"UNITEK 1,67 + UNITEK IP 1,67 + Transitions",ORG,1.67,MONT-ROYAL,T67,https://www.france-optique.com/gravures/fournisseur=1838,2025-06-13 13:26:58.556666
1805,"UNITEK 1,74",ORG,1.74,MONT-ROYAL,T74,https://www.france-optique.com/gravures/fournisseur=1838,2025-06-13 13:26:58.570000
1806,UNITEK Accommoda 1.50 & UNITEK Accommoda IP 1.50 + Transitions,ORG,1.5,MONT-ROYAL,A5,https://www.france-optique.com/gravures/fournisseur=1838,2025-06-13 13:26:58.583333
1807,"UNITEK Accommoda 1,60 + UNITEK Accommoda IP 1,6 + Transitions",ORG,1.6,MONT-ROYAL,A6,https://www.france-optique.com/gravures/fournisseur=1838,2025-06-13 13:26:58.600000
1808,"Office 1,5",ORG,1.5,SHAMIR FRANCE,None,https://www.france-optique.com/gravures/fournisseur=2397,2025-06-13 13:26:58.610000
1809,Office Poly,POLY,1.59,SHAMIR FRANCE,PC,https://www.france-optique.com/gravures/fournisseur=2397,2025-06-13 13:26:58.623333
1810,"Office 1,6",ORG,1.6,SHAMIR FRANCE,16,https://www.france-optique.com/gravures/fournisseur=2397,2025-06-13 13:26:58.636666
1811,"Office 1,6 Blue Zero",ORG,1.6,SHAMIR FRANCE,BZ6,https://www.france-optique.com/gravures/fournisseur=2397,2025-06-13 13:26:58.650000
1812,"InoTime® Screen/Screen+ 1,6",ORG,1.6,SHAMIR FRANCE,iS / iS+ 16,https://www.france-optique.com/gravures/fournisseur=2397,2025-06-13 13:26:58.663333
1813,"Autograph Intelligence™ FULL FIT 1,5",ORG,1.5,SHAMIR FRANCE,AI,https://www.france-optique.com/gravures/fournisseur=2397,2025-06-13 13:26:58.673333
1814,"Autograph Intelligence™ FULL FIT 1,5 Transitions®",ORG,1.5,SHAMIR FRANCE,AIT,https://www.france-optique.com/gravures/fournisseur=2397,2025-06-13 13:26:58.690000
1815,"Autograph Intelligence™ FULL FIT 1,5 Polarisant",ORG,1.5,SHAMIR FRANCE,AIPZ,https://www.france-optique.com/gravures/fournisseur=2397,2025-06-13 13:26:58.703333
1816,"Autograph Intelligence™ FULL FIT 1,5 Blue Zero",ORG,1.5,SHAMIR FRANCE,AIBZ,https://www.france-optique.com/gravures/fournisseur=2397,2025-06-13 13:26:58.716666
1817,Autograph Intelligence™ FULL FIT Poly,POLY,1.59,SHAMIR FRANCE,AIP,https://www.france-optique.com/gravures/fournisseur=2397,2025-06-13 13:26:58.730000
1818,"Autograph Intelligence™ FULL FIT 1,6",ORG,1.6,SHAMIR FRANCE,AI16,https://www.france-optique.com/gravures/fournisseur=2397,2025-06-13 13:26:58.743333
1819,"Autograph Intelligence™ FULL FIT 1,6 Transitions®",ORG,1.6,SHAMIR FRANCE,AIT6,https://www.france-optique.com/gravures/fournisseur=2397,2025-06-13 13:26:58.756666
1820,"Autograph Intelligence™ FULL FIT 1,6 Polarisant",ORG,1.6,SHAMIR FRANCE,AIP6,https://www.france-optique.com/gravures/fournisseur=2397,2025-06-13 13:26:58.770000
1821,"Autograph Intelligence™ FULL FIT 1,6 Blue Zero",ORG,1.6,SHAMIR FRANCE,AIBZ6,https://www.france-optique.com/gravures/fournisseur=2397,2025-06-13 13:26:58.783333
1822,"Autograph Intelligence™ FULL FIT 1,67",ORG,1.67,SHAMIR FRANCE,AI67,https://www.france-optique.com/gravures/fournisseur=2397,2025-06-13 13:26:58.796666
1823,"Autograph Intelligence™ FULL FIT 1,67 Transitions®",ORG,1.67,SHAMIR FRANCE,AIT67,https://www.france-optique.com/gravures/fournisseur=2397,2025-06-13 13:26:58.810000
1824,"Autograph Intelligence™ FULL FIT 1,67 Blue Zero",ORG,1.67,SHAMIR FRANCE,AIBZ67,https://www.france-optique.com/gravures/fournisseur=2397,2025-06-13 13:26:58.823333
1825,"Autograph Intelligence™ FULL FIT 1,74",ORG,1.74,SHAMIR FRANCE,AI74,https://www.france-optique.com/gravures/fournisseur=2397,2025-06-13 13:26:58.836666
1826,"Urban 16 & 19 1,5",ORG,1.5,SHAMIR FRANCE,UR6/UR9 15,https://www.france-optique.com/gravures/fournisseur=2397,2025-06-13 13:26:58.850000
1827,"Urban 16 & 19 1,5 Blue Zero",ORG,1.5,SHAMIR FRANCE,UR6/UR9 BZ,https://www.france-optique.com/gravures/fournisseur=2397,2025-06-13 13:26:58.863333
1828,"Urban 16 & 19 1,5 Transitions®",ORG,1.5,SHAMIR FRANCE,UR6/UR9 TR,https://www.france-optique.com/gravures/fournisseur=2397,2025-06-13 13:26:58.873333
1829,"Urban 16 & 19 1,5 Polarisant",ORG,1.5,SHAMIR FRANCE,UR6/UR9 PZ,https://www.france-optique.com/gravures/fournisseur=2397,2025-06-13 13:26:58.886666
1830,"Urban 16 & 19 1,6 (MR8)",ORG,1.6,SHAMIR FRANCE,UR6/UR9 16,https://www.france-optique.com/gravures/fournisseur=2397,2025-06-13 13:26:58.900000
1831,"Urban 16 & 19 1,6 (MR8) Blue Zero",ORG,1.6,SHAMIR FRANCE,UR6/UR9 BZ6,https://www.france-optique.com/gravures/fournisseur=2397,2025-06-13 13:26:58.913333
1832,"Urban 16 & 19 1,6 (MR8) Transitions®",ORG,1.6,SHAMIR FRANCE,UR6/UR9 T6,https://www.france-optique.com/gravures/fournisseur=2397,2025-06-13 13:26:58.926666
1833,"Urban 16 & 19 1,6 (MR8) Polarisant",ORG,1.6,SHAMIR FRANCE,UR6/UR9 PZ6,https://www.france-optique.com/gravures/fournisseur=2397,2025-06-13 13:26:58.940000
1834,"Urban 16 & 19 1,67 (MR10)",ORG,1.67,SHAMIR FRANCE,UR6/UR9 67,https://www.france-optique.com/gravures/fournisseur=2397,2025-06-13 13:26:58.953333
1835,"Urban 16 & 19 1,67 (MR10) Blue Zero",ORG,1.67,SHAMIR FRANCE,UR6/UR9 BZ67,https://www.france-optique.com/gravures/fournisseur=2397,2025-06-13 13:26:58.963333
1836,"Urban 16 & 19 1,74",ORG,1.74,SHAMIR FRANCE,UR6/UR9 74,https://www.france-optique.com/gravures/fournisseur=2397,2025-06-13 13:26:58.976666
1837,"InoTime® Relax +0.50 1,6",ORG,1.6,SHAMIR FRANCE,iRLX,https://www.france-optique.com/gravures/fournisseur=2397,2025-06-13 13:26:58.990000
1838,"InoTime® Relax +0.65 1,6 Blue Zero",ORG,1.6,SHAMIR FRANCE,iRLX6,https://www.france-optique.com/gravures/fournisseur=2397,2025-06-13 13:26:59.003333
1839,"InoTime® Relax +0,80 1,67",ORG,1.67,SHAMIR FRANCE,iRLX8,https://www.france-optique.com/gravures/fournisseur=2397,2025-06-13 13:26:59.010000
1840,"Autograph Intouch UX 15 & 18 1,5",ORg,1.5,SHAMIR FRANCE,IUX15 / IUX18 15,https://www.france-optique.com/gravures/fournisseur=2397,2025-06-13 13:26:59.023333
1841,"Autograph Intouch UX 15 & 18 1,5 Blue Zero",ORG,1.5,SHAMIR FRANCE,IUX15 / IUX18 BZ,https://www.france-optique.com/gravures/fournisseur=2397,2025-06-13 13:26:59.040000
1842,VIPSPORT 1.67 blanc / Transitions® GenS™ / Transitions® XTRActive® /Pola,ORG,1.67,MEGA OPTIC,VS,https://www.france-optique.com/gravures/fournisseur=644,2025-06-13 13:26:59.050000
1843,VIPSPORT 1.74 blanc,ORG,1.74,MEGA OPTIC,VS,https://www.france-optique.com/gravures/fournisseur=644,2025-06-13 13:26:59.063333
1844,OrgaSPORT 1.5 blanc / Transitions® GenS™ / Transitions® XTRActive® / Pola / Pola DRW™,ORG,1.5,MEGA OPTIC,OS,https://www.france-optique.com/gravures/fournisseur=644,2025-06-13 13:26:59.076666
1845,OrgaSPORT TVX® 1.53 blanc / Transitions® GenS™ / Transitions® XTRActive® / Pola,TVX,1.53,MEGA OPTIC,OS,https://www.france-optique.com/gravures/fournisseur=644,2025-06-13 13:26:59.090000
1846,OrgaSPORT 1.59 blanc / Transitions® GenS™ / Transitions® XTRActive® / Pola / Pola DRW™,POLY,1.59,MEGA OPTIC,OS,https://www.france-optique.com/gravures/fournisseur=644,2025-06-13 13:26:59.100000
1847,OrgaSPORT 1.6 blanc / Transitions® GenS™ / Transitions® XTRActive® / Pola,MR8,1.6,MEGA OPTIC,OS,https://www.france-optique.com/gravures/fournisseur=644,2025-06-13 13:26:59.116666
1848,OrgaSPORT 1.67 blanc / Transitions® GenS™ / Transitions® XTRActive® / Pola,ORG,1.67,MEGA OPTIC,OS,https://www.france-optique.com/gravures/fournisseur=644,2025-06-13 13:26:59.130000
1849,OrgaSPORT 1.74 blanc,ORG,1.74,MEGA OPTIC,OS,https://www.france-optique.com/gravures/fournisseur=644,2025-06-13 13:26:59.140000
1850,PERSONNAHD 1.5 blanc / XBlue,ORG,1.5,MEGA OPTIC,PN,https://www.france-optique.com/gravures/fournisseur=644,2025-06-13 13:26:59.153333
1851,PERSONNAHD 1.6 blanc / XBlue,MR8,1.6,MEGA OPTIC,PN,https://www.france-optique.com/gravures/fournisseur=644,2025-06-13 13:26:59.166666
1852,PERSONNAHD 1.67 blanc / XBlue,ORG,1.67,MEGA OPTIC,PN,https://www.france-optique.com/gravures/fournisseur=644,2025-06-13 13:26:59.176666
1853,PERSONNAHD 1.74 blanc / Xblue,ORG,1.74,MEGA OPTIC,PN,https://www.france-optique.com/gravures/fournisseur=644,2025-06-13 13:26:59.190000
1854,PERFORMANCEHD 1.5 blanc / XBlue,ORG,1.5,MEGA OPTIC,PF,https://www.france-optique.com/gravures/fournisseur=644,2025-06-13 13:26:59.200000
1855,PERFORMANCEHD 1.6 blanc / XBlue,MR8,1.6,MEGA OPTIC,PF,https://www.france-optique.com/gravures/fournisseur=644,2025-06-13 13:26:59.210000
1856,PERFORMANCEHD 1.67 blanc / XBlue,ORG,1.67,MEGA OPTIC,PF,https://www.france-optique.com/gravures/fournisseur=644,2025-06-13 13:26:59.223333
1857,PERFORMANCEHD 1.74 blanc / XBlue,ORG,1.74,MEGA OPTIC,PF,https://www.france-optique.com/gravures/fournisseur=644,2025-06-13 13:26:59.236666
1858,Kléra Plus Evo Trivex Polarisant Brun et Gris,TVX POLA.,1.53,K OPTICAL,K+ 1.53 POL,https://www.france-optique.com/gravures/fournisseur=2217,2025-06-13 13:26:59.246666
1859,Eyezen Start Lineis,ORG,1.74,Fournisseur : ESSILOR FR ...,https://si.france-optique.com/img/gravures/nasal/web_1639-eyezen74.tif.jpg,https://www.france-optique.com/gravures/fournisseur=521,2025-06-13 13:26:59.260000
1860,"UNITEK Accommoda 1,67 + UNITEK Accommoda IP 1,67 + Transitions",ORG,1.67,MONT-ROYAL,A67,https://www.france-optique.com/gravures/fournisseur=1838,2025-06-13 13:26:59.273333
1861,"UNITEK Accommoda 1,74",ORG,1.74,MONT-ROYAL,A74,https://www.france-optique.com/gravures/fournisseur=1838,2025-06-13 13:26:59.286666
1862,OPTIMAL 1.50 & OPTIMAL IP 1.50 + Transitions,ORG,1.5,MONT-ROYAL,https://si.france-optique.com/img/gravures/nasal/web_832-nas-mont-royal-27.tif.jpg,https://www.france-optique.com/gravures/fournisseur=1838,2025-06-13 13:26:59.300000
1863,OPTIMAL 1.60 & OPTIMAL IP 1.60 + Transitions,ORG,1.6,MONT-ROYAL,https://si.france-optique.com/img/gravures/nasal/web_832-nas-mont-royal-27.tif.jpg,https://www.france-optique.com/gravures/fournisseur=1838,2025-06-13 13:26:59.313333
1864,OPTIMAL 1.67 & OPTIMAL IP 1.67 + Transitions,ORG,1.67,MONT-ROYAL,https://si.france-optique.com/img/gravures/nasal/web_832-nas-mont-royal-27.tif.jpg,https://www.france-optique.com/gravures/fournisseur=1838,2025-06-13 13:26:59.323333
1865,OPTIMAL 1.74,ORG,1.74,MONT-ROYAL,https://si.france-optique.com/img/gravures/nasal/web_832-nas-mont-royal-27.tif.jpg,https://www.france-optique.com/gravures/fournisseur=1838,2025-06-13 13:26:59.336666
1866,NATURAL TEK 1.50 + NATURAL TEK IP 1.50 + Transitions,ORG,1.5,MONT-ROYAL,NT,https://www.france-optique.com/gravures/fournisseur=1838,2025-06-13 13:26:59.350000
1867,NATURAL TEK 1.60 + NATURAL TEK IP 1.60 + Transitions,ORG,1.6,MONT-ROYAL,NT,https://www.france-optique.com/gravures/fournisseur=1838,2025-06-13 13:26:59.366666
1868,NATURAL TEK 1.67 + NATURAL TEK IP 1.67 + Transitions,ORG,1.67,MONT-ROYAL,NT,https://www.france-optique.com/gravures/fournisseur=1838,2025-06-13 13:26:59.380000
1869,NATURAL TEK 1.74,ORG,1.74,MONT-ROYAL,NT,https://www.france-optique.com/gravures/fournisseur=1838,2025-06-13 13:26:59.396666
1870,"LUCEA TEK 1,5 & LUCEA TEK IP 1,5 + Transitions",ORG,1.5,MONT-ROYAL,LT5,https://www.france-optique.com/gravures/fournisseur=1838,2025-06-13 13:26:59.410000
1871,"LUCEA TEK 1,6 & LUCEA TEK IP 1,6 + Transitions",ORG,1.6,MONT-ROYAL,LT6,https://www.france-optique.com/gravures/fournisseur=1838,2025-06-13 13:26:59.420000
1872,"LUCEA TEK 1,67 & LUCEA TEK IP 1,67 + Transitions",ORG,1.67,MONT-ROYAL,LT67,https://www.france-optique.com/gravures/fournisseur=1838,2025-06-13 13:26:59.436666
1873,"LUCEA TEK 1,74",ORG,1.74,MONT-ROYAL,LT74,https://www.france-optique.com/gravures/fournisseur=1838,2025-06-13 13:26:59.450000
1874,"LUCEA TEK short 1,5 & LUCEA TEK short IP 1,5 + Transitions",ORG,1.5,MONT-ROYAL,LT5 S,https://www.france-optique.com/gravures/fournisseur=1838,2025-06-13 13:26:59.466666
1875,"LUCEA TEK short 1,6 & LUCEA TEK short IP 1,6 + Transitions",ORG,1.6,MONT-ROYAL,LT6 S,https://www.france-optique.com/gravures/fournisseur=1838,2025-06-13 13:26:59.480000
1876,"LUCEA TEK short 1,67 & LUCEA TEK short IP 1,67 + Transitions",ORG,1.67,MONT-ROYAL,LT67 S,https://www.france-optique.com/gravures/fournisseur=1838,2025-06-13 13:26:59.493333
1877,"LUCEA TEK short 1,74 & LUCEA TEK short IP 1,74 + Transitions",ORG,1.74,MONT-ROYAL,LT74 S,https://www.france-optique.com/gravures/fournisseur=1838,2025-06-13 13:26:59.506666
1878,"Autograph Intouch UX 15 & 18 1,5 Transitions®",ORG,1.5,SHAMIR FRANCE,IUX15 / IUX18 TR,https://www.france-optique.com/gravures/fournisseur=2397,2025-06-13 13:26:59.523333
1879,"Autograph Intouch UX 15 & 18 1,5 Polarisant",ORG,1.5,SHAMIR FRANCE,IUX15 / IUX18 PZ,https://www.france-optique.com/gravures/fournisseur=2397,2025-06-13 13:26:59.540000
1880,Autograph Intouch UX 15 & 18 Poly,POLY,1.59,SHAMIR FRANCE,IUX15 / IUX18 PC,https://www.france-optique.com/gravures/fournisseur=2397,2025-06-13 13:26:59.553333
1881,Autograph Intouch UX 15 & 18 Poly Polarisant,POLY,1.59,SHAMIR FRANCE,IUX15 / IUX18 PPZ,https://www.france-optique.com/gravures/fournisseur=2397,2025-06-13 13:26:59.566666
1882,"Autograph Intouch UX 15 & 18 1,6 (MR8)",ORG,1.6,SHAMIR FRANCE,IUX15 / IUX18 16,https://www.france-optique.com/gravures/fournisseur=2397,2025-06-13 13:26:59.580000
1883,"Autograph Intouch UX 15 & 18 1,6 (MR8) Blue Zero",ORG,1.6,SHAMIR FRANCE,IUX15 / IUX18 BZ6,https://www.france-optique.com/gravures/fournisseur=2397,2025-06-13 13:26:59.596666
1884,"Autograph Intouch UX 15 & 18 1,6 (MR8) Transitions®",ORG,1.6,SHAMIR FRANCE,IUX15 / IUX18 T6,https://www.france-optique.com/gravures/fournisseur=2397,2025-06-13 13:26:59.610000
1885,"Autograph Intouch UX 15 & 18 1,6 (MR8) Polarisant",ORG,1.6,SHAMIR FRANCE,IUX15 / IUX18 PZ6,https://www.france-optique.com/gravures/fournisseur=2397,2025-06-13 13:26:59.623333
1886,"Autograph Intouch UX 15 & 18 1,67 (MR10)",ORG,1.67,SHAMIR FRANCE,IUX15 / IUX18 67,https://www.france-optique.com/gravures/fournisseur=2397,2025-06-13 13:26:59.640000
1887,"Autograph Intouch UX 15 & 18 1,67 (MR10) Blue Zero",ORG,1.67,SHAMIR FRANCE,IUX15 / IUX18 BZ67,https://www.france-optique.com/gravures/fournisseur=2397,2025-06-13 13:26:59.653333
1888,"Autograph Intouch UX 15 & 18 1,67 (MR10) Transitions®",ORG,1.67,SHAMIR FRANCE,IUX15 / IUX18 T67,https://www.france-optique.com/gravures/fournisseur=2397,2025-06-13 13:26:59.666666
1889,"Autograph Intouch UX 15 & 18 1,74",ORG,1.74,SHAMIR FRANCE,IUX15 / IUX18 74,https://www.france-optique.com/gravures/fournisseur=2397,2025-06-13 13:26:59.680000
1890,Eyezen Start FIT Lineis,ORG,1.74,Fournisseur : ESSILOR FR ...,https://si.france-optique.com/img/gravures/nasal/web_1639-eyezen74.tif.jpg,https://www.france-optique.com/gravures/fournisseur=521,2025-06-13 13:26:59.693333
1891,Eyezen Start FIT Lineis Eye Protect System et Lineis Transitions,ORG,1.74,Fournisseur : ESSILOR FR ...,https://si.france-optique.com/img/gravures/nasal/web_1639-eyezen74.tif.jpg,https://www.france-optique.com/gravures/fournisseur=521,2025-06-13 13:26:59.710000
1892,Eyezen Start Lineis Eye Protect System et Lineis Transitions,ORG,1.74,Fournisseur : ESSILOR FR ...,https://si.france-optique.com/img/gravures/nasal/web_1639-eyezen74.tif.jpg,https://www.france-optique.com/gravures/fournisseur=521,2025-06-13 13:26:59.723333
1893,Varilux Comfort 3.0 Orma et Orma Transitions,ORG,1.5,Fournisseur : ESSILOR FR ...,https://si.france-optique.com/img/gravures/nasal/web_2029-661-nas-essilor-49.tif.jpg,https://www.france-optique.com/gravures/fournisseur=521,2025-06-13 13:26:59.733333
1894,Varilux Comfort 3.0 Airwear et Airwear Transitions,ORG,1.59,Fournisseur : ESSILOR FR ...,https://si.france-optique.com/img/gravures/nasal/web_660-nas-essilor-48.tif.jpg,https://www.france-optique.com/gravures/fournisseur=521,2025-06-13 13:26:59.746666
1895,Varilux Comfort 3.0 Ormix et Ormix Transitions,ORG,1.6,Fournisseur : ESSILOR FR ...,https://si.france-optique.com/img/gravures/nasal/web_659-nas-essilor-47.tif.jpg,https://www.france-optique.com/gravures/fournisseur=521,2025-06-13 13:26:59.756666
1896,Varilux Comfort 3.0 Stylis et Stylis Transitions,ORG,1.67,Fournisseur : ESSILOR FR ...,https://si.france-optique.com/img/gravures/nasal/web_662-nas-essilor-50.tif.jpg,https://www.france-optique.com/gravures/fournisseur=521,2025-06-13 13:26:59.770000
1897,Varilux Comfort 3.0 Short Orma et Orma Transitions,ORG,1.5,Fournisseur : ESSILOR FR ...,https://si.france-optique.com/img/gravures/nasal/web_2029-661-nas-essilor-49.tif.jpg,https://www.france-optique.com/gravures/fournisseur=521,2025-06-13 13:26:59.786666
1898,Varilux Comfort 3.0 Short Airwear et Airwear Transitions,ORG,1.59,Fournisseur : ESSILOR FR ...,https://si.france-optique.com/img/gravures/nasal/web_660-nas-essilor-48.tif.jpg,https://www.france-optique.com/gravures/fournisseur=521,2025-06-13 13:26:59.800000
1899,Varilux Comfort 3.0 Short Ormix et Ormix Transitions,ORG,1.6,Fournisseur : ESSILOR FR ...,https://si.france-optique.com/img/gravures/nasal/web_659-nas-essilor-47.tif.jpg,https://www.france-optique.com/gravures/fournisseur=521,2025-06-13 13:26:59.810000
1900,Varilux Comfort 3.0 Short Stylis et Stylis Transitions,ORG,1.67,Fournisseur : ESSILOR FR ...,https://si.france-optique.com/img/gravures/nasal/web_662-nas-essilor-50.tif.jpg,https://www.france-optique.com/gravures/fournisseur=521,2025-06-13 13:26:59.823333
1901,Varilux Comfort 3.0 FIT Orma et Orma Transitions,ORG,1.5,Fournisseur : ESSILOR FR ...,https://si.france-optique.com/img/gravures/nasal/web_2029-661-nas-essilor-49.tif.jpg,https://www.france-optique.com/gravures/fournisseur=521,2025-06-13 13:26:59.836666
1902,Varilux Comfort 3.0 FIT Airwear et Airwear Transitions,ORG,1.59,Fournisseur : ESSILOR FR ...,https://si.france-optique.com/img/gravures/nasal/web_660-nas-essilor-48.tif.jpg,https://www.france-optique.com/gravures/fournisseur=521,2025-06-13 13:26:59.846666
1903,Varilux Comfort 3.0 FIT Ormix et Ormix Transitions,ORG,1.6,Fournisseur : ESSILOR FR ...,https://si.france-optique.com/img/gravures/nasal/web_659-nas-essilor-47.tif.jpg,https://www.france-optique.com/gravures/fournisseur=521,2025-06-13 13:26:59.860000
1904,Varilux Comfort 3.0 FIT Stylis et Stylis Transitions,ORG,1.67,Fournisseur : ESSILOR FR ...,https://si.france-optique.com/img/gravures/nasal/web_662-nas-essilor-50.tif.jpg,https://www.france-optique.com/gravures/fournisseur=521,2025-06-13 13:26:59.870000
1905,Varilux Liberty 3.0 Orma et Orma Transitions,ORG,1.5,Fournisseur : ESSILOR FR ...,https://si.france-optique.com/img/gravures/nasal/web_1648-Liberty-5.tif.jpg,https://www.france-optique.com/gravures/fournisseur=521,2025-06-13 13:26:59.883333
1906,Varilux Liberty 3.0 Airwear et Airwear Transitions,ORG,1.59,Fournisseur : ESSILOR FR ...,https://si.france-optique.com/img/gravures/nasal/web_1650-Liberty-P.tif.jpg,https://www.france-optique.com/gravures/fournisseur=521,2025-06-13 13:26:59.900000
1907,Varilux Liberty 3.0 Ormix et Ormix Transitions,ORG,1.6,Fournisseur : ESSILOR FR ...,https://si.france-optique.com/img/gravures/nasal/web_1649-Liberty-6.tif.jpg,https://www.france-optique.com/gravures/fournisseur=521,2025-06-13 13:26:59.910000
1908,Varilux Liberty 3.0 Stylis et Stylis Transitions,ORG,1.67,Fournisseur : ESSILOR FR ...,https://si.france-optique.com/img/gravures/nasal/web_1651-Liberty-Pi.tif.jpg,https://www.france-optique.com/gravures/fournisseur=521,2025-06-13 13:26:59.926666
1909,Varilux Liberty 3.0 Short Orma et Orma Transitions,ORG,1.5,Fournisseur : ESSILOR FR ...,https://si.france-optique.com/img/gravures/nasal/web_1648-Liberty-5.tif.jpg,https://www.france-optique.com/gravures/fournisseur=521,2025-06-13 13:26:59.936666
1910,Varilux Liberty 3.0 Short Airwear et Airwear Transitions,ORG,1.59,Fournisseur : ESSILOR FR ...,https://si.france-optique.com/img/gravures/nasal/web_1650-Liberty-P.tif.jpg,https://www.france-optique.com/gravures/fournisseur=521,2025-06-13 13:26:59.950000
1911,Varilux Liberty 3.0 Short Ormix et Ormix Transitions,ORG,1.6,Fournisseur : ESSILOR FR ...,https://si.france-optique.com/img/gravures/nasal/web_1649-Liberty-6.tif.jpg,https://www.france-optique.com/gravures/fournisseur=521,2025-06-13 13:26:59.963333
1912,Varilux Liberty 3.0 Short Stylis et Stylis Transitions,ORG,1.67,Fournisseur : ESSILOR FR ...,https://si.france-optique.com/img/gravures/nasal/web_1651-Liberty-Pi.tif.jpg,https://www.france-optique.com/gravures/fournisseur=521,2025-06-13 13:26:59.980000
1913,Varilux Liberty 3.0 FIT Orma et Orma Transitions,ORG,1.5,Fournisseur : ESSILOR FR ...,https://si.france-optique.com/img/gravures/nasal/web_1648-Liberty-5.tif.jpg,https://www.france-optique.com/gravures/fournisseur=521,2025-06-13 13:26:59.993333
1914,Varilux Liberty 3.0 FIT Airwear et Airwear Transitions,ORG,1.59,Fournisseur : ESSILOR FR ...,https://si.france-optique.com/img/gravures/nasal/web_1650-Liberty-P.tif.jpg,https://www.france-optique.com/gravures/fournisseur=521,2025-06-13 13:27:00.006666
1915,Varilux Liberty 3.0 FIT Ormix et Ormix Transitions,ORG,1.6,Fournisseur : ESSILOR FR ...,https://si.france-optique.com/img/gravures/nasal/web_1649-Liberty-6.tif.jpg,https://www.france-optique.com/gravures/fournisseur=521,2025-06-13 13:27:00.023333
1916,Varilux Liberty 3.0 FIT Stylis et Stylis Transitions,ORG,1.67,Fournisseur : ESSILOR FR ...,https://si.france-optique.com/img/gravures/nasal/web_1651-Liberty-Pi.tif.jpg,https://www.france-optique.com/gravures/fournisseur=521,2025-06-13 13:27:00.036666
1917,Varilux Liberty 3.0 Short Eye Protect System Orma,ORG,1.5,Fournisseur : ESSILOR FR ...,https://si.france-optique.com/img/gravures/nasal/web_1648-Liberty-5.tif.jpg,https://www.france-optique.com/gravures/fournisseur=521,2025-06-13 13:27:00.050000
1946,K Proxim Polycarbonate,POLY,1.59,K OPTICAL,None,https://www.france-optique.com/gravures/fournisseur=2217,2025-06-13 13:27:00.440000
1918,Varilux Liberty 3.0 Short Eye Protect System Airwear,ORG,1.59,Fournisseur : ESSILOR FR ...,https://si.france-optique.com/img/gravures/nasal/web_1650-Liberty-P.tif.jpg,https://www.france-optique.com/gravures/fournisseur=521,2025-06-13 13:27:00.060000
1919,Kéolys 1.67 BLUE/KUT SE,ORG,1.67,K OPTICAL,Ky 167 BK,https://www.france-optique.com/gravures/fournisseur=2217,2025-06-13 13:27:00.073333
1920,Kléra Sport 1.5 Kromatic BLUE/KUT SE Brun et Gris,ORG PHO,1.5,K OPTICAL,KSP 1.50 KB,https://www.france-optique.com/gravures/fournisseur=2217,2025-06-13 13:27:00.086666
1921,K Desk 1.67 BLUE/KUT SE,ORG,1.67,K OPTICAL,D 1.67 BK,https://www.france-optique.com/gravures/fournisseur=2217,2025-06-13 13:27:00.096666
1922,Klassika 1.74,ORG,1.74,K OPTICAL,KK 1.74,https://www.france-optique.com/gravures/fournisseur=2217,2025-06-13 13:27:00.110000
1923,K Office 1.67 BLUE/KUT SE,ORG,1.67,K OPTICAL,O 1.67 BK,https://www.france-optique.com/gravures/fournisseur=2217,2025-06-13 13:27:00.120000
1924,K Room 1.67 BLUE/KUT SE,ORG,1.67,K OPTICAL,R 1.67 BK,https://www.france-optique.com/gravures/fournisseur=2217,2025-06-13 13:27:00.133333
1925,K Platinium Trivex Transitions Xtractive Gris,TVX TRANS,1.53,K OPTICAL,K+ 1.53 XT,https://www.france-optique.com/gravures/fournisseur=2217,2025-06-13 13:27:00.143333
1926,Kléra Plus Evo 1.5,ORG,1.5,K OPTICAL,K+ 1.50,https://www.france-optique.com/gravures/fournisseur=2217,2025-06-13 13:27:00.156666
1927,Kléra Plus Evo Polycarbonate,POLY,1.59,K OPTICAL,K+ PC,https://www.france-optique.com/gravures/fournisseur=2217,2025-06-13 13:27:00.170000
1928,"Kléra 1.6 Transitions 8 Brun, Gris et Vert",ORG TRANS,1.6,K OPTICAL,K 1.60 T8,https://www.france-optique.com/gravures/fournisseur=2217,2025-06-13 13:27:00.180000
1929,Kéolys 1.67 Kromatic Brun et Gris,ORG PHO.,1.67,K OPTICAL,Ky 167 K,https://www.france-optique.com/gravures/fournisseur=2217,2025-06-13 13:27:00.196666
1930,K Desk 1.67 Kromatic Brun et Gris,ORG PHO.,1.67,K OPTICAL,D 1.67 K,https://www.france-optique.com/gravures/fournisseur=2217,2025-06-13 13:27:00.210000
1931,Klassika 1.74 BLUE/KUT SE,ORG,1.74,K OPTICAL,KK 1.74 BK,https://www.france-optique.com/gravures/fournisseur=2217,2025-06-13 13:27:00.223333
1932,K Office 1.67 Kromatic Brun et Gris,ORG PHO.,1.67,K OPTICAL,O 1.67 K,https://www.france-optique.com/gravures/fournisseur=2217,2025-06-13 13:27:00.240000
1933,K Room 1.67 Kromatic Brun et Gris,ORG PHO,1.67,K OPTICAL,R 1.67 K,https://www.france-optique.com/gravures/fournisseur=2217,2025-06-13 13:27:00.256666
1934,Kléra 1.6 Transitions 8 Style,ORG TRANS,1.6,K OPTICAL,K 1.60 TS,https://www.france-optique.com/gravures/fournisseur=2217,2025-06-13 13:27:00.270000
1935,K Office 1.67 Kromatic BLUE/KUT SE Brun et Gris,ORG PHO,1.67,K OPTICAL,O 1.67 KB,https://www.france-optique.com/gravures/fournisseur=2217,2025-06-13 13:27:00.286666
1936,K Room 1.67 Kromatic BLUE/KUT SE Brun et Gris,ORG PHO,1.67,K OPTICAL,R 1.67 KB,https://www.france-optique.com/gravures/fournisseur=2217,2025-06-13 13:27:00.303333
1937,K Desk 1.67 Kromatic BLUE/KUT SE Brun et Gris,ORG PHO,1.67,K OPTICAL,D 1.67 KB,https://www.france-optique.com/gravures/fournisseur=2217,2025-06-13 13:27:00.313333
1938,Kléra Plus Evo 1.5 BLUE/KUT SE,ORG,1.5,K OPTICAL,K+ 1.50 BK,https://www.france-optique.com/gravures/fournisseur=2217,2025-06-13 13:27:00.326666
1939,Kléra Plus Evo Polycarbonate BLUE/KUT SE,POLY,1.59,K OPTICAL,K+ PC BK,https://www.france-optique.com/gravures/fournisseur=2217,2025-06-13 13:27:00.343333
1940,"Kéolys 1.67 Transitions 8 Brun, Gris et Vert",ORG TRANS,1.67,K OPTICAL,Ky 167 T8,https://www.france-optique.com/gravures/fournisseur=2217,2025-06-13 13:27:00.353333
1941,Kléra 1.6 Transitions Xtractive Brun et Gris,ORG TRANS,1.6,K OPTICAL,K 1.60 XT,https://www.france-optique.com/gravures/fournisseur=2217,2025-06-13 13:27:00.370000
1942,K Sport Polycarbonate,POLY,1.59,K OPTICAL,KS PC,https://www.france-optique.com/gravures/fournisseur=2217,2025-06-13 13:27:00.380000
1943,Kléra Sport Polycarbonate BLUE/KUT SE,POLY,1.59,K OPTICAL,KSP PC BK,https://www.france-optique.com/gravures/fournisseur=2217,2025-06-13 13:27:00.396666
1944,K Proxim 1.5,ORG,1.5,K OPTICAL,None,https://www.france-optique.com/gravures/fournisseur=2217,2025-06-13 13:27:00.410000
1945,Kléra Plus Evo 1.5 Kromatic Brun et Gris,ORG PHO.,1.5,K OPTICAL,K+ 1.50 K,https://www.france-optique.com/gravures/fournisseur=2217,2025-06-13 13:27:00.426666
1947,Kéolys Min. 1.5,MIN,1.5,K OPTICAL,None,https://www.france-optique.com/gravures/fournisseur=2217,2025-06-13 13:27:00.453333
1948,K Proxim 1.6,ORG,1.6,K OPTICAL,1.6,https://www.france-optique.com/gravures/fournisseur=2217,2025-06-13 13:27:00.466666
1949,Varilux Liberty 3.0 Short Eye Protect System Ormix,ORG,1.6,Fournisseur : ESSILOR FR ...,https://si.france-optique.com/img/gravures/nasal/web_1649-Liberty-6.tif.jpg,https://www.france-optique.com/gravures/fournisseur=521,2025-06-13 13:27:00.480000
1950,Varilux Liberty 3.0 Short Eye Protect System Stylis,ORG,1.67,Fournisseur : ESSILOR FR ...,https://si.france-optique.com/img/gravures/nasal/web_1651-Liberty-Pi.tif.jpg,https://www.france-optique.com/gravures/fournisseur=521,2025-06-13 13:27:00.490000
1951,Varilux Liberty 3.0 FIT Eye Protect System Orma,ORG,1.5,Fournisseur : ESSILOR FR ...,https://si.france-optique.com/img/gravures/nasal/web_1648-Liberty-5.tif.jpg,https://www.france-optique.com/gravures/fournisseur=521,2025-06-13 13:27:00.510000
1952,Varilux Liberty 3.0 FIT Eye Protect System Airwear,ORG,1.59,Fournisseur : ESSILOR FR ...,https://si.france-optique.com/img/gravures/nasal/web_1650-Liberty-P.tif.jpg,https://www.france-optique.com/gravures/fournisseur=521,2025-06-13 13:27:00.520000
1953,Varilux Liberty 3.0 FIT Eye Protect System Ormix,ORG,1.6,Fournisseur : ESSILOR FR ...,https://si.france-optique.com/img/gravures/nasal/web_1649-Liberty-6.tif.jpg,https://www.france-optique.com/gravures/fournisseur=521,2025-06-13 13:27:00.530000
1954,Varilux Liberty 3.0 FIT Eye Protect System Stylis,ORG,1.67,Fournisseur : ESSILOR FR ...,https://si.france-optique.com/img/gravures/nasal/web_1651-Liberty-Pi.tif.jpg,https://www.france-optique.com/gravures/fournisseur=521,2025-06-13 13:27:00.543333
1955,Varilux Liberty 3.0 Eye Protect System Orma,ORG,1.5,Fournisseur : ESSILOR FR ...,https://si.france-optique.com/img/gravures/nasal/web_1648-Liberty-5.tif.jpg,https://www.france-optique.com/gravures/fournisseur=521,2025-06-13 13:27:00.560000
1956,Varilux Liberty 3.0 Eye Protect System Airwear,ORG,1.59,Fournisseur : ESSILOR FR ...,https://si.france-optique.com/img/gravures/nasal/web_1650-Liberty-P.tif.jpg,https://www.france-optique.com/gravures/fournisseur=521,2025-06-13 13:27:00.573333
1957,Varilux Liberty 3.0 Eye Protect System Ormix,ORG,1.6,Fournisseur : ESSILOR FR ...,https://si.france-optique.com/img/gravures/nasal/web_1649-Liberty-6.tif.jpg,https://www.france-optique.com/gravures/fournisseur=521,2025-06-13 13:27:00.586666
1958,Varilux Liberty 3.0 Eye Protect System Stylis,ORG,1.67,Fournisseur : ESSILOR FR ...,https://si.france-optique.com/img/gravures/nasal/web_1651-Liberty-Pi.tif.jpg,https://www.france-optique.com/gravures/fournisseur=521,2025-06-13 13:27:00.600000
1959,Varilux Comfort Max Orma et Orma Transitions,ORG,1.5,Fournisseur : ESSILOR FR ...,https://si.france-optique.com/img/gravures/nasal/web_1661-variluxcomfort.tif.jpg,https://www.france-optique.com/gravures/fournisseur=521,2025-06-13 13:27:00.616666
1960,Varilux Comfort Max Airwear et Airwear Transitions,ORG,1.59,Fournisseur : ESSILOR FR ...,https://si.france-optique.com/img/gravures/nasal/web_1544-variluxcomfortP.tif.jpg,https://www.france-optique.com/gravures/fournisseur=521,2025-06-13 13:27:00.630000
1961,Varilux Comfort Max Ormix et Ormix Transitions,ORG,1.6,Fournisseur : ESSILOR FR ...,https://si.france-optique.com/img/gravures/nasal/web_1542-variluxcomfort6.tif.jpg,https://www.france-optique.com/gravures/fournisseur=521,2025-06-13 13:27:00.643333
1962,Varilux Comfort Max Stylis et Stylis Transitions,ORG,1.67,Fournisseur : ESSILOR FR ...,https://si.france-optique.com/img/gravures/nasal/web_1543-variluxcomfort67.tif.jpg,https://www.france-optique.com/gravures/fournisseur=521,2025-06-13 13:27:00.660000
1963,Varilux Comfort Max Short Orma et Orma Transitions,ORG,1.5,Fournisseur : ESSILOR FR ...,https://si.france-optique.com/img/gravures/nasal/web_1661-variluxcomfort.tif.jpg,https://www.france-optique.com/gravures/fournisseur=521,2025-06-13 13:27:00.673333
1964,Varilux Comfort Max Short Airwear et Airwear Transitions,ORG,1.59,Fournisseur : ESSILOR FR ...,https://si.france-optique.com/img/gravures/nasal/web_1544-variluxcomfortP.tif.jpg,https://www.france-optique.com/gravures/fournisseur=521,2025-06-13 13:27:00.686666
1965,Varilux Comfort Max Short Ormix et Ormix Transitions,ORG,1.6,Fournisseur : ESSILOR FR ...,https://si.france-optique.com/img/gravures/nasal/web_1542-variluxcomfort6.tif.jpg,https://www.france-optique.com/gravures/fournisseur=521,2025-06-13 13:27:00.700000
1966,Varilux Comfort Max Short Stylis et Stylis Transitions,ORG,1.67,Fournisseur : ESSILOR FR ...,https://si.france-optique.com/img/gravures/nasal/web_1543-variluxcomfort67.tif.jpg,https://www.france-optique.com/gravures/fournisseur=521,2025-06-13 13:27:00.713333
1967,Varilux Comfort Max FIT Orma et Orma Transitions,ORG,1.5,Fournisseur : ESSILOR FR ...,https://si.france-optique.com/img/gravures/nasal/web_1661-variluxcomfort.tif.jpg,https://www.france-optique.com/gravures/fournisseur=521,2025-06-13 13:27:00.726666
1968,Varilux Comfort Max FIT Airwear et Airwear Transitions,ORG,1.59,Fournisseur : ESSILOR FR ...,https://si.france-optique.com/img/gravures/nasal/web_1544-variluxcomfortP.tif.jpg,https://www.france-optique.com/gravures/fournisseur=521,2025-06-13 13:27:00.743333
1969,Varilux Comfort Max FIT Ormix et Ormix Transitions,ORG,1.6,Fournisseur : ESSILOR FR ...,https://si.france-optique.com/img/gravures/nasal/web_1542-variluxcomfort6.tif.jpg,https://www.france-optique.com/gravures/fournisseur=521,2025-06-13 13:27:00.756666
1970,Varilux Comfort Max FIT Stylis et Stylis Transitions,ORG,1.67,Fournisseur : ESSILOR FR ...,https://si.france-optique.com/img/gravures/nasal/web_1543-variluxcomfort67.tif.jpg,https://www.france-optique.com/gravures/fournisseur=521,2025-06-13 13:27:00.770000
1971,Varilux Comfort Max FIT Eye Protect System Orma,ORG,1.5,Fournisseur : ESSILOR FR ...,https://si.france-optique.com/img/gravures/nasal/web_1661-variluxcomfort.tif.jpg,https://www.france-optique.com/gravures/fournisseur=521,2025-06-13 13:27:00.786666
1972,Varilux Comfort Max FIT Eye Protect System Stylis,ORG,1.67,Fournisseur : ESSILOR FR ...,https://si.france-optique.com/img/gravures/nasal/web_1543-variluxcomfort67.tif.jpg,https://www.france-optique.com/gravures/fournisseur=521,2025-06-13 13:27:00.800000
1973,Varilux Comfort Max Eye Protect System Ormix,ORG,1.6,Fournisseur : ESSILOR FR ...,https://si.france-optique.com/img/gravures/nasal/web_1542-variluxcomfort6.tif.jpg,https://www.france-optique.com/gravures/fournisseur=521,2025-06-13 13:27:00.813333
1974,Varilux E design Orma et Orma Transitions,ORG,1.5,Fournisseur : ESSILOR FR ...,https://si.france-optique.com/img/gravures/nasal/web_2034-627-nas-essilor-20.tif.jpg,https://www.france-optique.com/gravures/fournisseur=521,2025-06-13 13:27:00.826666
1975,Varilux E design Airwear et Airwear Transitions,ORG,1.59,Fournisseur : ESSILOR FR ...,https://si.france-optique.com/img/gravures/nasal/web_626-nas-essilor-19.tif.jpg,https://www.france-optique.com/gravures/fournisseur=521,2025-06-13 13:27:00.836666
1976,Varilux E design Ormix et Ormix Transitions,ORG,1.6,Fournisseur : ESSILOR FR ...,https://si.france-optique.com/img/gravures/nasal/web_625-nas-essilor-18.tif.jpg,https://www.france-optique.com/gravures/fournisseur=521,2025-06-13 13:27:00.853333
1977,Varilux E design Stylis et Stylis Transitions,ORG,1.67,Fournisseur : ESSILOR FR ...,https://si.france-optique.com/img/gravures/nasal/web_624-nas-essilor-17.tif.jpg,https://www.france-optique.com/gravures/fournisseur=521,2025-06-13 13:27:00.863333
1978,Varilux E design short Orma et Orma Transitions,ORG,1.5,Fournisseur : ESSILOR FR ...,https://si.france-optique.com/img/gravures/nasal/web_2034-627-nas-essilor-20.tif.jpg,https://www.france-optique.com/gravures/fournisseur=521,2025-06-13 13:27:00.876666
1979,Varilux E design short Airwear et Airwear Transitions,ORG,1.59,Fournisseur : ESSILOR FR ...,https://si.france-optique.com/img/gravures/nasal/web_626-nas-essilor-19.tif.jpg,https://www.france-optique.com/gravures/fournisseur=521,2025-06-13 13:27:00.890000
1980,Varilux E design short Ormix et Ormix Transitions,ORG,1.6,Fournisseur : ESSILOR FR ...,https://si.france-optique.com/img/gravures/nasal/web_625-nas-essilor-18.tif.jpg,https://www.france-optique.com/gravures/fournisseur=521,2025-06-13 13:27:00.906666
1981,Varilux E design short Stylis et Stylis Transitions,ORG,1.67,Fournisseur : ESSILOR FR ...,https://si.france-optique.com/img/gravures/nasal/web_624-nas-essilor-17.tif.jpg,https://www.france-optique.com/gravures/fournisseur=521,2025-06-13 13:27:00.920000
1982,Varilux E design Lineis et Lineis Transitions,ORG,1.74,Fournisseur : ESSILOR FR ...,https://si.france-optique.com/img/gravures/nasal/web_623-nas-essilor-16.tif.jpg,https://www.france-optique.com/gravures/fournisseur=521,2025-06-13 13:27:00.930000
1983,Varilux E design Short Lineis et Lineis Transitions,ORG,1.74,Fournisseur : ESSILOR FR ...,https://si.france-optique.com/img/gravures/nasal/web_623-nas-essilor-16.tif.jpg,https://www.france-optique.com/gravures/fournisseur=521,2025-06-13 13:27:00.943333
1984,Varilux E 2 Orma et Orma Transitions,ORG,1.5,Fournisseur : ESSILOR FR ...,https://si.france-optique.com/img/gravures/nasal/web_2034-627-nas-essilor-20.tif.jpg,https://www.france-optique.com/gravures/fournisseur=521,2025-06-13 13:27:00.956666
1985,Varilux E 2 Airwear et Airwear Transitions,ORG,1.59,Fournisseur : ESSILOR FR ...,https://si.france-optique.com/img/gravures/nasal/web_626-nas-essilor-19.tif.jpg,https://www.france-optique.com/gravures/fournisseur=521,2025-06-13 13:27:00.970000
1986,Varilux E 2 Ormix et Ormix Transitions,ORG,1.6,Fournisseur : ESSILOR FR ...,https://si.france-optique.com/img/gravures/nasal/web_625-nas-essilor-18.tif.jpg,https://www.france-optique.com/gravures/fournisseur=521,2025-06-13 13:27:00.980000
1987,Varilux E 2 Stylis et Stylis Transitions,ORG,1.67,Fournisseur : ESSILOR FR ...,https://si.france-optique.com/img/gravures/nasal/web_624-nas-essilor-17.tif.jpg,https://www.france-optique.com/gravures/fournisseur=521,2025-06-13 13:27:00.996666
1988,Varilux E 2 Lineis et Lineis Transitions,ORG,1.74,Fournisseur : ESSILOR FR ...,https://si.france-optique.com/img/gravures/nasal/web_623-nas-essilor-16.tif.jpg,https://www.france-optique.com/gravures/fournisseur=521,2025-06-13 13:27:01.006666
1989,Varilux Airwear SunMax,ORG,1.59,Fournisseur : ESSILOR FR ...,https://si.france-optique.com/img/gravures/nasal/web_1669-ep.tif.jpg,https://www.france-optique.com/gravures/fournisseur=521,2025-06-13 13:27:01.023333
1990,Varilux Physio 3.0 Orma et Orma Transitions,ORG,1.5,Fournisseur : ESSILOR FR ...,https://si.france-optique.com/img/gravures/nasal/web_2036-640-nas-essilor-33.tif.jpg,https://www.france-optique.com/gravures/fournisseur=521,2025-06-13 13:27:01.023333
1991,"K Desk 1.67 Transitions 8 Brun, Gris et Vert",ORG TRANS,1.67,K OPTICAL,D 1.67 T8,https://www.france-optique.com/gravures/fournisseur=2217,2025-06-13 13:27:01.036666
1992,K Proxim Min. 1.5,MIN,1.5,K OPTICAL,None,https://www.france-optique.com/gravures/fournisseur=2217,2025-06-13 13:27:01.050000
1993,Kléra Plus Evo Polycarbonate Kromatic BLUE/KUT SE Brun et Gris,POLY PHO,1.59,K OPTICAL,K+ PC KB,https://www.france-optique.com/gravures/fournisseur=2217,2025-06-13 13:27:01.063333
1994,"K Office 1.67 Transitions 8 Brun, Gris et Vert",ORG TRANS,1.67,K OPTICAL,O 1.67 T8,https://www.france-optique.com/gravures/fournisseur=2217,2025-06-13 13:27:01.080000
1995,"K Room 1.67 Transitions 8 Brun, Gris et Vert",ORG TRANS,1.67,K OPTICAL,R 1.67 T8,https://www.france-optique.com/gravures/fournisseur=2217,2025-06-13 13:27:01.093333
1996,K Platinium Polycarbonate,POLY,1.59,K OPTICAL,K+ PC,https://www.france-optique.com/gravures/fournisseur=2217,2025-06-13 13:27:01.106666
1997,K Sport Polycarbonate BLUE/KUT SE,POLY,1.59,K OPTICAL,KS PC BK,https://www.france-optique.com/gravures/fournisseur=2217,2025-06-13 13:27:01.116666
1998,Kléra Sport Polycarbonate,POLY,1.59,K OPTICAL,KSP PC,https://www.france-optique.com/gravures/fournisseur=2217,2025-06-13 13:27:01.130000
1999,"Kléra Plus Evo Polycarbonate Transitions 8 Brun, Gris et Vert",POLY TRANS,1.59,K OPTICAL,K+ PC T8,https://www.france-optique.com/gravures/fournisseur=2217,2025-06-13 13:27:01.143333
2000,Kléra 1.5,ORG,1.5,K OPTICAL,K 1.50,https://www.france-optique.com/gravures/fournisseur=2217,2025-06-13 13:27:01.153333
2001,Kléra 1.67,ORG,1.67,K OPTICAL,K 1.67,https://www.france-optique.com/gravures/fournisseur=2217,2025-06-13 13:27:01.166666
2002,Kéolys Min. 1.5 Photochromique Brun et Gris,MIN PHO,1.5,K OPTICAL,None,https://www.france-optique.com/gravures/fournisseur=2217,2025-06-13 13:27:01.180000
2003,K Platinium Polycarbonate BLUE/KUT SE,POLY,1.59,K OPTICAL,K+ PC BK,https://www.france-optique.com/gravures/fournisseur=2217,2025-06-13 13:27:01.196666
2004,K Platinium Polycarbonate Kromatic BLUE/KUT SE Brun et Gris,POLY PHO,1.59,K OPTICAL,K+ PC KB,https://www.france-optique.com/gravures/fournisseur=2217,2025-06-13 13:27:01.210000
2005,K Sport Polycarbonate Kromatic BLUE/KUT SE Brun et Gris,POLY PHO,1.59,K OPTICAL,KS PC KB,https://www.france-optique.com/gravures/fournisseur=2217,2025-06-13 13:27:01.220000
2006,Kléra 1.5 BLUE/KUT SE,ORG,1.5,K OPTICAL,K 1.50 BK,https://www.france-optique.com/gravures/fournisseur=2217,2025-06-13 13:27:01.230000
2007,Kléra 1.67 BLUE/KUT SE,ORG,1.67,K OPTICAL,K 1.67 BK,https://www.france-optique.com/gravures/fournisseur=2217,2025-06-13 13:27:01.243333
2008,Kéolys Min. 1.6,MIN,1.6,K OPTICAL,H,https://www.france-optique.com/gravures/fournisseur=2217,2025-06-13 13:27:01.256666
2009,Kléra Sport Polycarbonate Kromatic BLUE/KUT SE Brun et Gris,POLY PHO,1.59,K OPTICAL,KSP PC KB,https://www.france-optique.com/gravures/fournisseur=2217,2025-06-13 13:27:01.270000
2010,Kléra Plus Evo Polycarbonate Transitions Style,POLY TRANS,1.59,K OPTICAL,K+ PC TS,https://www.france-optique.com/gravures/fournisseur=2217,2025-06-13 13:27:01.283333
2011,"K Sport Polycarbonate Polarisant Brun, Gris et Gris-Vert",POLY POLA,1.59,K OPTICAL,KS PC POL,https://www.france-optique.com/gravures/fournisseur=2217,2025-06-13 13:27:01.300000
2012,"Kléra Sport Polycarbonate Polarisant Brun, Gris et Gris-Vert",POLY POLA.,1.59,K OPTICAL,KSP PC POL,https://www.france-optique.com/gravures/fournisseur=2217,2025-06-13 13:27:01.313333
2013,Kléra Plus Evo Polycarbonate Transitions Xtractive Gris,POLY TRANS,1.59,K OPTICAL,K+ PC XT,https://www.france-optique.com/gravures/fournisseur=2217,2025-06-13 13:27:01.330000
2014,Kléra 1.5 Kromatic Brun et Gris,ORG PHO.,1.5,K OPTICAL,K 1.50 K,https://www.france-optique.com/gravures/fournisseur=2217,2025-06-13 13:27:01.340000
2015,Kléra 1.67 Kromatic Brun et Gris,ORG PHO.,1.67,K OPTICAL,K 1.67 K,https://www.france-optique.com/gravures/fournisseur=2217,2025-06-13 13:27:01.356666
2016,Kéolys Min. 1.6 Photochromique Brun et Gris,MIN PHO,1.6,K OPTICAL,H,https://www.france-optique.com/gravures/fournisseur=2217,2025-06-13 13:27:01.370000
2017,"K Platinium Polycarbonate Polarisant Brun, Gris et Gris-Vert",POLY POLA,1.59,K OPTICAL,K+ PC POL,https://www.france-optique.com/gravures/fournisseur=2217,2025-06-13 13:27:01.383333
2018,Kléra 1.5 Kromatic BLUE/KUT SE Brun et Gris,ORG PHO,1.5,K OPTICAL,K 1.50 KB,https://www.france-optique.com/gravures/fournisseur=2217,2025-06-13 13:27:01.400000
2019,Kléra 1.67 Kromatic BLUE/KUT SE Brun et Gris,ORG PHO,1.67,K OPTICAL,K 1.67 KB,https://www.france-optique.com/gravures/fournisseur=2217,2025-06-13 13:27:01.413333
2020,"K Sport Polycarbonate Transitions 8 Brun, Gris et Vert",POLY TRANS,1.59,K OPTICAL,KS PC T8,https://www.france-optique.com/gravures/fournisseur=2217,2025-06-13 13:27:01.426666
2021,"Kléra Sport Polycarbonate Transitions 8 Brun, Gris et Vert",POLY TRANS,1.59,K OPTICAL,KSP PC T8,https://www.france-optique.com/gravures/fournisseur=2217,2025-06-13 13:27:01.443333
2022,"Kléra Plus Evo Polycarbonate Polarisant Brun, Gris et Gris-Vert",POLY POLA.,1.59,K OPTICAL,K+ PC POL,https://www.france-optique.com/gravures/fournisseur=2217,2025-06-13 13:27:01.460000
2023,"K Platinium Polycarbonate Transitions 8 Brun, Gris et Vert",POLY TRANS,1.59,K OPTICAL,K+ PC T8,https://www.france-optique.com/gravures/fournisseur=2217,2025-06-13 13:27:01.473333
2024,K Platinium Polycarbonate Transitions 8 Style,POLY TRANS,1.59,K OPTICAL,K+ PC TS,https://www.france-optique.com/gravures/fournisseur=2217,2025-06-13 13:27:01.490000
2025,K Sport Polycarbonate Transitions 8 Style,POLY TRANS,1.59,K OPTICAL,KS PC TS,https://www.france-optique.com/gravures/fournisseur=2217,2025-06-13 13:27:01.503333
2026,Kléra Polycarbonate,POLY,1.59,K OPTICAL,K PC,https://www.france-optique.com/gravures/fournisseur=2217,2025-06-13 13:27:01.516666
2027,"Kléra 1.67 Transitions 8 Brun, Gris et Vert",ORG TRANS,1.67,K OPTICAL,K 1.67 T8,https://www.france-optique.com/gravures/fournisseur=2217,2025-06-13 13:27:01.530000
2028,Kéolys Min. 1.8,MIN,1.8,K OPTICAL,H8,https://www.france-optique.com/gravures/fournisseur=2217,2025-06-13 13:27:01.543333
2029,Kléra Sport Polycarbonate Transitions Style,POLY TRANS,1.59,K OPTICAL,KSP PC TS,https://www.france-optique.com/gravures/fournisseur=2217,2025-06-13 13:27:01.560000
2030,Kléra 1.67 Transitions 8 Style,ORG TRANS,1.67,K OPTICAL,K 1.67 TS,https://www.france-optique.com/gravures/fournisseur=2217,2025-06-13 13:27:01.573333
2031,K Sport Polycarbonate Transitions Xtractive Gris,POLY TRANS,1.59,K OPTICAL,KS PC XT,https://www.france-optique.com/gravures/fournisseur=2217,2025-06-13 13:27:01.586666
2032,Kléra Sport Polycarbonate Transitions Xtractive Gris,POLY TRANS,1.59,K OPTICAL,KSP PC XT,https://www.france-optique.com/gravures/fournisseur=2217,2025-06-13 13:27:01.600000
2033,Kléra Polycarbonate BLUE/KUT SE,POLY,1.59,K OPTICAL,K PC BK,https://www.france-optique.com/gravures/fournisseur=2217,2025-06-13 13:27:01.613333
2034,Kléra Drive 1.5 BLUE/KUT SE,ORG,1.5,K OPTICAL,KDV 1.50 BK,https://www.france-optique.com/gravures/fournisseur=2217,2025-06-13 13:27:01.626666
2035,Kléra Drive 1.5 Transitions Xtractive Brun et Gris,ORG TRANS,1.5,K OPTICAL,KDV 1.50 XT,https://www.france-optique.com/gravures/fournisseur=2217,2025-06-13 13:27:01.643333
2036,Kléra Drive 1.6 BLUE/KUT SE,ORG,1.6,K OPTICAL,KDV 1.60 BK,https://www.france-optique.com/gravures/fournisseur=2217,2025-06-13 13:27:01.653333
2037,Kléra Drive 1.6 Transitions Xtractive Brun et Gris,ORG TRANS,1.6,K OPTICAL,KDV 1.60 XT,https://www.france-optique.com/gravures/fournisseur=2217,2025-06-13 13:27:01.666666
2038,Progressif Forte Puissance VON,ORG,1.5,NIKON VERRES OPTIQUES,https://si.france-optique.com/img/gravures/nasal/web_1924-1226-NK PROGRESSIF 15 Forte Puissance Nasal.tif.jpg,https://www.france-optique.com/gravures/fournisseur=561,2025-06-13 13:27:01.680000
2039,synchrony progressif Easy View 1.6,ORG,1.6,ZEISS VISION CARE FRANCE,None,https://www.france-optique.com/gravures/fournisseur=2414,2025-06-13 13:27:01.696666
2040,Presio Touch 15,ORG,1.5,NIKON VERRES OPTIQUES,T N15,https://www.france-optique.com/gravures/fournisseur=561,2025-06-13 13:27:01.710000
2041,Progressif Forte Puissance VON,ORG,1.67,NIKON VERRES OPTIQUES,https://si.france-optique.com/img/gravures/nasal/web_1926-PROGRESSIF167FortePuissanceNasal.tif.jpg,https://www.france-optique.com/gravures/fournisseur=561,2025-06-13 13:27:01.723333
2042,Progressif Forte Puissance VON,ORG,1.74,NIKON VERRES OPTIQUES,https://si.france-optique.com/img/gravures/nasal/web_1925-1227-NK PROGRESSIF 174 Forte Puissance Nasal.tif.jpg,https://www.france-optique.com/gravures/fournisseur=561,2025-06-13 13:27:01.736666
2043,Presio Touch 15,ORG,1.6,NIKON VERRES OPTIQUES,T N35,https://www.france-optique.com/gravures/fournisseur=561,2025-06-13 13:27:01.750000
2044,Presio Touch 15,ORG,1.67,NIKON VERRES OPTIQUES,T N45,https://www.france-optique.com/gravures/fournisseur=561,2025-06-13 13:27:01.763333
2045,Presio i Focus 13/15,ORG,1.5,NIKON VERRES OPTIQUES,F N13/N15,https://www.france-optique.com/gravures/fournisseur=561,2025-06-13 13:27:01.776666
2046,Presio i Focus 13/15,ORG,1.6,NIKON VERRES OPTIQUES,F N33/N35,https://www.france-optique.com/gravures/fournisseur=561,2025-06-13 13:27:01.790000
2047,Presio i Focus 13/15,ORG,1.67,NIKON VERRES OPTIQUES,F N43/N45,https://www.france-optique.com/gravures/fournisseur=561,2025-06-13 13:27:01.800000
2048,Presio Clear 13/15,ORG,1.5,NIKON VERRES OPTIQUES,C N13/N15,https://www.france-optique.com/gravures/fournisseur=561,2025-06-13 13:27:01.813333
2049,Presio Clear 13/15,ORG,1.6,NIKON VERRES OPTIQUES,C N33/N35,https://www.france-optique.com/gravures/fournisseur=561,2025-06-13 13:27:01.826666
2050,Presio Clear 13/15,ORG,1.67,NIKON VERRES OPTIQUES,C N43/N45,https://www.france-optique.com/gravures/fournisseur=561,2025-06-13 13:27:01.836666
2051,Presio Clear 13/15,ORG,1.74,NIKON VERRES OPTIQUES,C N53/N55,https://www.france-optique.com/gravures/fournisseur=561,2025-06-13 13:27:01.850000
2052,Presio Definition 12/14,ORG,1.5,NIKON VERRES OPTIQUES,D N12/N14,https://www.france-optique.com/gravures/fournisseur=561,2025-06-13 13:27:01.863333
2053,Presio Definition 12/14,ORG,1.6,NIKON VERRES OPTIQUES,D N32/N34,https://www.france-optique.com/gravures/fournisseur=561,2025-06-13 13:27:01.873333
2054,Presio Definition 12/14,ORG,1.67,NIKON VERRES OPTIQUES,D N42/N44,https://www.france-optique.com/gravures/fournisseur=561,2025-06-13 13:27:01.886666
2055,Presio Definition 12/14,ORG,1.74,NIKON VERRES OPTIQUES,D N52/N54,https://www.france-optique.com/gravures/fournisseur=561,2025-06-13 13:27:01.900000
2056,Presio Balance Z 12/14,ORG,1.5,NIKON VERRES OPTIQUES,https://si.france-optique.com/img/gravures/nasal/web_2008-nas-nikon-BalanceZ1214.tif.jpg,https://www.france-optique.com/gravures/fournisseur=561,2025-06-13 13:27:01.913333
2057,Presio Balance Z 12/14,ORG,1.6,NIKON VERRES OPTIQUES,https://si.france-optique.com/img/gravures/nasal/web_2009-nas-nikon-BalanceZ3234.tif.jpg,https://www.france-optique.com/gravures/fournisseur=561,2025-06-13 13:27:01.923333
2058,Presio Balance Z 12/14,ORG,1.67,NIKON VERRES OPTIQUES,https://si.france-optique.com/img/gravures/nasal/web_2010-nas-nikon-BalanceZ4244.tif.jpg,https://www.france-optique.com/gravures/fournisseur=561,2025-06-13 13:27:01.936666
2059,Presio Balance Z 12/14,ORG,1.74,NIKON VERRES OPTIQUES,https://si.france-optique.com/img/gravures/nasal/web_2011-nas-nikon-BalanceZ5254.tif.jpg,https://www.france-optique.com/gravures/fournisseur=561,2025-06-13 13:27:01.946666
2060,Presio Power Z 12/14,ORG,1.5,NIKON VERRES OPTIQUES,https://si.france-optique.com/img/gravures/nasal/web_1881-PZ-1214.tif.jpg,https://www.france-optique.com/gravures/fournisseur=561,2025-06-13 13:27:01.960000
2061,Presio Power Z 12/14,ORG,1.6,NIKON VERRES OPTIQUES,https://si.france-optique.com/img/gravures/nasal/web_1882-PZ-3234.tif.jpg,https://www.france-optique.com/gravures/fournisseur=561,2025-06-13 13:27:01.973333
2062,Presio Power Z 12/14,ORG,1.67,NIKON VERRES OPTIQUES,https://si.france-optique.com/img/gravures/nasal/web_1883-PZ-4244.tif.jpg,https://www.france-optique.com/gravures/fournisseur=561,2025-06-13 13:27:01.983333
2063,Presio Power Z 12/14,ORG,1.74,NIKON VERRES OPTIQUES,https://si.france-optique.com/img/gravures/nasal/web_1884-PZ-5254.tif.jpg,https://www.france-optique.com/gravures/fournisseur=561,2025-06-13 13:27:01.996666
2064,Presio Master Z 12/14,ORG,1.5,NIKON VERRES OPTIQUES,https://si.france-optique.com/img/gravures/nasal/web_1969-MasterZinfinite-1412.tif.jpg,https://www.france-optique.com/gravures/fournisseur=561,2025-06-13 13:27:02.010000
2065,Presio Master Z 12/14,ORG,1.6,NIKON VERRES OPTIQUES,https://si.france-optique.com/img/gravures/nasal/web_1970-MasterZinfinite-3432.tif.jpg,https://www.france-optique.com/gravures/fournisseur=561,2025-06-13 13:27:02.020000
2066,Presio Master Z 12/14,ORG,1.67,NIKON VERRES OPTIQUES,https://si.france-optique.com/img/gravures/nasal/web_1971-MasterZinfinite-4442.tif.jpg,https://www.france-optique.com/gravures/fournisseur=561,2025-06-13 13:27:02.040000
2067,Presio Master Z 12/14,ORG,1.74,NIKON VERRES OPTIQUES,https://si.france-optique.com/img/gravures/nasal/web_1972-MasterZinfinite-5452.tif.jpg,https://www.france-optique.com/gravures/fournisseur=561,2025-06-13 13:27:02.050000
2068,SeeMax,ORG,1.5,NIKON VERRES OPTIQUES,None,https://www.france-optique.com/gravures/fournisseur=561,2025-06-13 13:27:02.066666
2069,SeeMax,ORG,1.6,NIKON VERRES OPTIQUES,None,https://www.france-optique.com/gravures/fournisseur=561,2025-06-13 13:27:02.080000
2070,SeeMax,ORG,1.67,NIKON VERRES OPTIQUES,None,https://www.france-optique.com/gravures/fournisseur=561,2025-06-13 13:27:02.090000
2071,Myopsee,ORG,1.6,NIKON VERRES OPTIQUES,None,https://www.france-optique.com/gravures/fournisseur=561,2025-06-13 13:27:02.103333
2072,Myopsee,ORG,1.67,NIKON VERRES OPTIQUES,None,https://www.france-optique.com/gravures/fournisseur=561,2025-06-13 13:27:02.120000
2073,Myopsee,ORG,1.74,NIKON VERRES OPTIQUES,None,https://www.france-optique.com/gravures/fournisseur=561,2025-06-13 13:27:02.133333
2074,RelaxSee Neo (1.00),ORG,1.5,NIKON VERRES OPTIQUES,None,https://www.france-optique.com/gravures/fournisseur=561,2025-06-13 13:27:02.146666
2075,RelaxSee Neo (1.00),ORG,1.6,NIKON VERRES OPTIQUES,None,https://www.france-optique.com/gravures/fournisseur=561,2025-06-13 13:27:02.160000
2076,RelaxSee Neo (1.00),ORG,1.67,NIKON VERRES OPTIQUES,None,https://www.france-optique.com/gravures/fournisseur=561,2025-06-13 13:27:02.170000
2077,RelaxSee Neo (1.00),ORG,1.74,NIKON VERRES OPTIQUES,None,https://www.france-optique.com/gravures/fournisseur=561,2025-06-13 13:27:02.186666
2078,RelaxSee Neo Lite (0.75),ORG,1.5,NIKON VERRES OPTIQUES,None,https://www.france-optique.com/gravures/fournisseur=561,2025-06-13 13:27:02.200000
2079,RelaxSee Neo Lite (0.75),ORG,1.6,NIKON VERRES OPTIQUES,None,https://www.france-optique.com/gravures/fournisseur=561,2025-06-13 13:27:02.213333
2080,RelaxSee Neo Lite (0.75),ORG,1.67,NIKON VERRES OPTIQUES,None,https://www.france-optique.com/gravures/fournisseur=561,2025-06-13 13:27:02.226666
2081,RelaxSee Neo Lite (0.75),ORG,1.74,NIKON VERRES OPTIQUES,None,https://www.france-optique.com/gravures/fournisseur=561,2025-06-13 13:27:02.240000
2082,RelaxSee Neo Air (0.50),ORG,1.5,NIKON VERRES OPTIQUES,None,https://www.france-optique.com/gravures/fournisseur=561,2025-06-13 13:27:02.253333
2083,RelaxSee Neo Air (0.50),ORG,1.6,NIKON VERRES OPTIQUES,None,https://www.france-optique.com/gravures/fournisseur=561,2025-06-13 13:27:02.266666
2084,RelaxSee Neo Air (0.50),ORG,1.67,NIKON VERRES OPTIQUES,None,https://www.france-optique.com/gravures/fournisseur=561,2025-06-13 13:27:02.280000
2085,RelaxSee Neo Air (0.50),ORG,1.74,NIKON VERRES OPTIQUES,None,https://www.france-optique.com/gravures/fournisseur=561,2025-06-13 13:27:02.290000
2086,"Soltes Wide 1.00, 1.50, 2.00 et 2.50",ORG,1.5,NIKON VERRES OPTIQUES,N1,https://www.france-optique.com/gravures/fournisseur=561,2025-06-13 13:27:02.306666
2087,Kléra Drive 1.67 BLUE/KUT SE,ORG,1.67,K OPTICAL,KDV 1.67 BK,https://www.france-optique.com/gravures/fournisseur=2217,2025-06-13 13:27:02.320000
2088,Kléra Drive 1.67 Transitions Xtractive Brun et Gris,ORG TRANS,1.67,K OPTICAL,KDV 1.67 XT,https://www.france-optique.com/gravures/fournisseur=2217,2025-06-13 13:27:02.333333
2089,Kléra Drive 1.74 BLUE/KUT SE,ORG,1.74,K OPTICAL,KDV 1.74 BK,https://www.france-optique.com/gravures/fournisseur=2217,2025-06-13 13:27:02.346666
2090,Kléra Drive Polycarbonate BLUE/KUT SE,POLY,1.59,K OPTICAL,KDV PC BK,https://www.france-optique.com/gravures/fournisseur=2217,2025-06-13 13:27:02.360000
2091,Kléra Drive Polycarbonate Transitions Xtractive Gris,POLY TRANS,1.59,K OPTICAL,KDV PC XT,https://www.france-optique.com/gravures/fournisseur=2217,2025-06-13 13:27:02.370000
2092,K Drive 1.5 BLUE/KUT SE,ORG,1.5,K OPTICAL,KDV 1.50 BK,https://www.france-optique.com/gravures/fournisseur=2217,2025-06-13 13:27:02.383333
2093,K Drive 1.5 Transitions Xtractive Brun et Gris,ORG TRANS,1.5,K OPTICAL,KDV 1.50 XT,https://www.france-optique.com/gravures/fournisseur=2217,2025-06-13 13:27:02.400000
2094,K Drive 1.6 BLUE/KUT SE,ORG,1.6,K OPTICAL,KDV 1.60 BK,https://www.france-optique.com/gravures/fournisseur=2217,2025-06-13 13:27:02.413333
2095,K Drive 1.6 Transitions Xtractive Brun et Gris,ORG TRANS,1.6,K OPTICAL,KDV 1.60 XT,https://www.france-optique.com/gravures/fournisseur=2217,2025-06-13 13:27:02.423333
2096,K Drive 1.67 BLUE/KUT SE,ORG,1.67,K OPTICAL,KDV 1.67 BK,https://www.france-optique.com/gravures/fournisseur=2217,2025-06-13 13:27:02.440000
2097,K Drive 1.67 Transitions Xtractive Brun et Gris,ORG TRANS,1.67,K OPTICAL,KDV 1.67 XT,https://www.france-optique.com/gravures/fournisseur=2217,2025-06-13 13:27:02.456666
2098,K Drive 1.74 BLUE/KUT SE,ORG,1.74,K OPTICAL,KDV 1.74 BK,https://www.france-optique.com/gravures/fournisseur=2217,2025-06-13 13:27:02.466666
2099,K Drive Polycarbonate BLUE/KUT SE,POLY,1.59,K OPTICAL,KDV PC BK,https://www.france-optique.com/gravures/fournisseur=2217,2025-06-13 13:27:02.483333
2100,K Drive Polycarbonate Transitions Xtractive Gris,POLY TRANS,1.59,K OPTICAL,KDV PC XT,https://www.france-optique.com/gravures/fournisseur=2217,2025-06-13 13:27:02.500000
2101,PERSPECTIVE 1.5,ORG,1.5,K OPTICAL,P 1.50,https://www.france-optique.com/gravures/fournisseur=2217,2025-06-13 13:27:02.513333
2102,PERSPECTIVE 1.5 BLUE/KUT SE,ORG,1.5,K OPTICAL,P 1.50 BK,https://www.france-optique.com/gravures/fournisseur=2217,2025-06-13 13:27:02.530000
2103,PERSPECTIVE 1.5 Kromatic Brun et Gris,ORG PHO,1.5,K OPTICAL,P 1.50 K,https://www.france-optique.com/gravures/fournisseur=2217,2025-06-13 13:27:02.543333
2104,PERSPECTIVE 1.5 Kromatic BLUEKUT SE Brun et Gris,ORG PHO,1.5,K OPTICAL,P 1.50 KB,https://www.france-optique.com/gravures/fournisseur=2217,2025-06-13 13:27:02.560000
2105,"PERSPECTIVE 1.5 Polarisant Brun, Gris et Gris-Vert",ORG POLA,1.5,K OPTICAL,P 1.50 POL,https://www.france-optique.com/gravures/fournisseur=2217,2025-06-13 13:27:02.576666
2106,"PERSPECTIVE 1.5 Polarisant Dégradé Brun, Gris et Gris-Vert",ORG POLA,1.5,K OPTICAL,P 1.50 POL,https://www.france-optique.com/gravures/fournisseur=2217,2025-06-13 13:27:02.590000
2107,"PERSPECTIVE 1.5 Transitions 8 Brun, Gris et Vert",ORG TRANS,1.5,K OPTICAL,P 1.50 T8,https://www.france-optique.com/gravures/fournisseur=2217,2025-06-13 13:27:02.606666
2108,PERSPECTIVE 1.5 Transitions 8 Style,ORG TRANS,1.5,K OPTICAL,P 1.50 TS,https://www.france-optique.com/gravures/fournisseur=2217,2025-06-13 13:27:02.620000
2109,Varilux Physio 3.0 Airwear et Airwear Transitions,ORG,1.59,Fournisseur : ESSILOR FR ...,https://si.france-optique.com/img/gravures/nasal/web_639-nas-essilor-32.tif.jpg,https://www.france-optique.com/gravures/fournisseur=521,2025-06-13 13:27:02.633333
2110,Varilux Physio 3.0 Ormix et Ormix Transitions,ORG,1.6,Fournisseur : ESSILOR FR ...,https://si.france-optique.com/img/gravures/nasal/web_638-nas-essilor-31.tif.jpg,https://www.france-optique.com/gravures/fournisseur=521,2025-06-13 13:27:02.643333
2111,Varilux Physio 3.0 Stylis et Stylis Transitions,ORG,1.67,Fournisseur : ESSILOR FR ...,https://si.france-optique.com/img/gravures/nasal/web_637-nas-essilor-30.tif.jpg,https://www.france-optique.com/gravures/fournisseur=521,2025-06-13 13:27:02.660000
2112,Varilux Physio 3.0 Lineis et Lineis Transitions,ORG,1.74,Fournisseur : ESSILOR FR ...,https://si.france-optique.com/img/gravures/nasal/web_1540-nas-essilor-Physio74.tif.jpg,https://www.france-optique.com/gravures/fournisseur=521,2025-06-13 13:27:02.670000
2113,Varilux Physio 3.0 Short Orma et Orma Transitions,ORG,1.5,Fournisseur : ESSILOR FR ...,https://si.france-optique.com/img/gravures/nasal/web_2036-640-nas-essilor-33.tif.jpg,https://www.france-optique.com/gravures/fournisseur=521,2025-06-13 13:27:02.683333
2114,Varilux Physio 3.0 Short Airwear et Airwear Transitions,ORG,1.59,Fournisseur : ESSILOR FR ...,https://si.france-optique.com/img/gravures/nasal/web_639-nas-essilor-32.tif.jpg,https://www.france-optique.com/gravures/fournisseur=521,2025-06-13 13:27:02.700000
2115,Varilux Physio 3.0 Short Ormix et Ormix Transitions,ORG,1.6,Fournisseur : ESSILOR FR ...,https://si.france-optique.com/img/gravures/nasal/web_638-nas-essilor-31.tif.jpg,https://www.france-optique.com/gravures/fournisseur=521,2025-06-13 13:27:02.713333
2116,Varilux Physio 3.0 Short Stylis et Stylis Transitions,ORG,1.67,Fournisseur : ESSILOR FR ...,https://si.france-optique.com/img/gravures/nasal/web_637-nas-essilor-30.tif.jpg,https://www.france-optique.com/gravures/fournisseur=521,2025-06-13 13:27:02.726666
2117,Varilux Physio 3.0 Short Lineis et Lineis Transitions,ORG,1.74,Fournisseur : ESSILOR FR ...,https://si.france-optique.com/img/gravures/nasal/web_1540-nas-essilor-Physio74.tif.jpg,https://www.france-optique.com/gravures/fournisseur=521,2025-06-13 13:27:02.743333
2118,Varilux Physio 3.0 Fit Orma et Orma Transitions,ORG,1.5,Fournisseur : ESSILOR FR ...,https://si.france-optique.com/img/gravures/nasal/web_2036-640-nas-essilor-33.tif.jpg,https://www.france-optique.com/gravures/fournisseur=521,2025-06-13 13:27:02.756666
2119,Varilux Physio 3.0 Fit Airwear et Airwear Transitions,ORG,1.59,Fournisseur : ESSILOR FR ...,https://si.france-optique.com/img/gravures/nasal/web_639-nas-essilor-32.tif.jpg,https://www.france-optique.com/gravures/fournisseur=521,2025-06-13 13:27:02.770000
2120,Varilux Physio 3.0 Fit Ormix et Ormix Transitions,ORG,1.6,Fournisseur : ESSILOR FR ...,https://si.france-optique.com/img/gravures/nasal/web_638-nas-essilor-31.tif.jpg,https://www.france-optique.com/gravures/fournisseur=521,2025-06-13 13:27:02.780000
2121,Varilux Physio 3.0 Fit Stylis et Stylis Transitions,ORG,1.67,Fournisseur : ESSILOR FR ...,https://si.france-optique.com/img/gravures/nasal/web_637-nas-essilor-30.tif.jpg,https://www.france-optique.com/gravures/fournisseur=521,2025-06-13 13:27:02.793333
2122,Varilux Physio 3.0 Fit Lineis et Lineis Transitions,ORG,1.74,Fournisseur : ESSILOR FR ...,https://si.france-optique.com/img/gravures/nasal/web_1540-nas-essilor-Physio74.tif.jpg,https://www.france-optique.com/gravures/fournisseur=521,2025-06-13 13:27:02.803333
2123,Varilux S 2 Lineis et Lineis Transitions,ORG,1.74,Fournisseur : ESSILOR FR ...,https://si.france-optique.com/img/gravures/nasal/web_1675-sdesign-74.tif.jpg,https://www.france-optique.com/gravures/fournisseur=521,2025-06-13 13:27:02.820000
2124,Varilux S 2 Lineis Eye Protect System,ORG,1.74,Fournisseur : ESSILOR FR ...,https://si.france-optique.com/img/gravures/nasal/web_1675-sdesign-74.tif.jpg,https://www.france-optique.com/gravures/fournisseur=521,2025-06-13 13:27:02.833333
2125,Varilux S Lineis et Lineis Transitions,ORG,1.74,Fournisseur : ESSILOR FR ...,https://si.france-optique.com/img/gravures/nasal/web_1675-sdesign-74.tif.jpg,https://www.france-optique.com/gravures/fournisseur=521,2025-06-13 13:27:02.846666
2126,Varilux S Lineis Eye Protect System,ORG,1.74,Fournisseur : ESSILOR FR ...,https://si.france-optique.com/img/gravures/nasal/web_1675-sdesign-74.tif.jpg,https://www.france-optique.com/gravures/fournisseur=521,2025-06-13 13:27:02.860000
2127,Varilux S 4D Lineis Eye Protect System et Lineis Transitions,ORG,1.74,Fournisseur : ESSILOR FR ...,https://si.france-optique.com/img/gravures/nasal/web_1675-sdesign-74.tif.jpg,https://www.france-optique.com/gravures/fournisseur=521,2025-06-13 13:27:02.870000
2128,Varilux S 4D Lineis et Lineis Transitions,ORG,1.74,Fournisseur : ESSILOR FR ...,https://si.france-optique.com/img/gravures/nasal/web_1675-sdesign-74.tif.jpg,https://www.france-optique.com/gravures/fournisseur=521,2025-06-13 13:27:02.886666
2129,Varilux S design Short Lineis et Lineis Transitions,ORG,1.74,Fournisseur : ESSILOR FR ...,https://si.france-optique.com/img/gravures/nasal/web_1675-sdesign-74.tif.jpg,https://www.france-optique.com/gravures/fournisseur=521,2025-06-13 13:27:02.896666
2130,Varilux S design Short Lineis Eye Protect System,ORG,1.74,Fournisseur : ESSILOR FR ...,https://si.france-optique.com/img/gravures/nasal/web_1675-sdesign-74.tif.jpg,https://www.france-optique.com/gravures/fournisseur=521,2025-06-13 13:27:02.910000
2131,Varilux XR design FIT Eye Protect System Airwear,ORG,1.59,Fournisseur : ESSILOR FR ...,https://si.france-optique.com/img/gravures/nasal/web_1787-XRDesignP.tif.jpg,https://www.france-optique.com/gravures/fournisseur=521,2025-06-13 13:27:02.920000
2132,Varilux XR design FIT Eye Protect System Ormix,ORG,1.6,Fournisseur : ESSILOR FR ...,https://si.france-optique.com/img/gravures/nasal/web_1784-XRDesign6.tif.jpg,https://www.france-optique.com/gravures/fournisseur=521,2025-06-13 13:27:02.930000
2133,Varilux XR design FIT Eye Protect System Stylis,ORG,1.67,Fournisseur : ESSILOR FR ...,https://si.france-optique.com/img/gravures/nasal/web_1785-XRDesign67.tif.jpg,https://www.france-optique.com/gravures/fournisseur=521,2025-06-13 13:27:02.946666
2134,Varilux XR design FIT Eye Protect System Lineis,ORG,1.74,Fournisseur : ESSILOR FR ...,https://si.france-optique.com/img/gravures/nasal/web_1786-XRDesign74.tif.jpg,https://www.france-optique.com/gravures/fournisseur=521,2025-06-13 13:27:02.960000
2135,Varilux XR design Eye Protect System Orma,ORG,1.5,Fournisseur : ESSILOR FR ...,https://si.france-optique.com/img/gravures/nasal/web_1783-XRDesign5.tif.jpg,https://www.france-optique.com/gravures/fournisseur=521,2025-06-13 13:27:02.973333
2136,Varilux XR design Eye Protect System Airwear,ORG,1.59,Fournisseur : ESSILOR FR ...,https://si.france-optique.com/img/gravures/nasal/web_1787-XRDesignP.tif.jpg,https://www.france-optique.com/gravures/fournisseur=521,2025-06-13 13:27:02.986666
2137,"LUCEA 1,5 & LUCEA IP 1,5 + Transitions",ORG,1.5,MONT-ROYAL,L5,https://www.france-optique.com/gravures/fournisseur=1838,2025-06-13 13:27:03.000000
2138,"Autograph Intouch AW 15 & 18 1,5",ORG,1.5,SHAMIR FRANCE,I>>15 / I>>18 15,https://www.france-optique.com/gravures/fournisseur=2397,2025-06-13 13:27:03.010000
2139,"Soltes Wide 1.00, 1.50, 2.00 et 2.50",ORG,1.6,NIKON VERRES OPTIQUES,N3,https://www.france-optique.com/gravures/fournisseur=561,2025-06-13 13:27:03.023333
2140,"Soltes Wide 1.00, 1.50, 2.00 et 2.50",ORG,1.67,NIKON VERRES OPTIQUES,N4,https://www.france-optique.com/gravures/fournisseur=561,2025-06-13 13:27:03.036666
2141,"Soltes Wide 1.00, 1.50, 2.00 et 2.50",ORG,1.74,NIKON VERRES OPTIQUES,N5,https://www.france-optique.com/gravures/fournisseur=561,2025-06-13 13:27:03.056666
2142,Home & Office Neo Long,ORG,1.5,NIKON VERRES OPTIQUES,N1M,https://www.france-optique.com/gravures/fournisseur=561,2025-06-13 13:27:03.070000
2143,Home & Office Neo Long,ORG,1.6,NIKON VERRES OPTIQUES,N3M,https://www.france-optique.com/gravures/fournisseur=561,2025-06-13 13:27:03.080000
2144,Home & Office Neo Long,ORG,1.67,NIKON VERRES OPTIQUES,N4M,https://www.france-optique.com/gravures/fournisseur=561,2025-06-13 13:27:03.090000
2145,Home & Office Neo Long,ORG,1.74,NIKON VERRES OPTIQUES,N5M,https://www.france-optique.com/gravures/fournisseur=561,2025-06-13 13:27:03.103333
2146,SuperSee,ORG,1.5,NIKON VERRES OPTIQUES,None,https://www.france-optique.com/gravures/fournisseur=561,2025-06-13 13:27:03.116666
2147,SuperSee,ORG,1.6,NIKON VERRES OPTIQUES,None,https://www.france-optique.com/gravures/fournisseur=561,2025-06-13 13:27:03.126666
2148,SuperSee,ORG,1.67,NIKON VERRES OPTIQUES,None,https://www.france-optique.com/gravures/fournisseur=561,2025-06-13 13:27:03.140000
2149,SuperSee,ORG,1.74,NIKON VERRES OPTIQUES,None,https://www.france-optique.com/gravures/fournisseur=561,2025-06-13 13:27:03.150000
2150,Progressif VON,ORG,1.5,NIKON VERRES OPTIQUES,https://si.france-optique.com/img/gravures/nasal/web_1919-1214-Engraving Classe A NK PROGRESSIF 15 Nasal.tif.jpg,https://www.france-optique.com/gravures/fournisseur=561,2025-06-13 13:27:03.166666
2151,Progressif VON,ORG,1.6,NIKON VERRES OPTIQUES,https://si.france-optique.com/img/gravures/nasal/web_1920-1215-Engraving Classe A NK PROGRESSIF 16 Nasal.tif.jpg,https://www.france-optique.com/gravures/fournisseur=561,2025-06-13 13:27:03.176666
2152,Progressif VON,ORG,1.67,NIKON VERRES OPTIQUES,https://si.france-optique.com/img/gravures/nasal/web_1216-Engraving Classe A NK PROGRESSIF 167 Nasal.tif.jpg,https://www.france-optique.com/gravures/fournisseur=561,2025-06-13 13:27:03.190000
2153,Progressif VON,ORG,1.74,NIKON VERRES OPTIQUES,https://si.france-optique.com/img/gravures/nasal/web_1218-Engraving Classe A NK PROGRESSIF 174 Nasal.tif.jpg,https://www.france-optique.com/gravures/fournisseur=561,2025-06-13 13:27:03.203333
2154,Mi-distance VON,ORG,1.5,NIKON VERRES OPTIQUES,https://si.france-optique.com/img/gravures/nasal/web_1894-Engraving Classe A NK MIDISTANCE 15 Nasal.tif.jpg,https://www.france-optique.com/gravures/fournisseur=561,2025-06-13 13:27:03.216666
2155,Mi-distance VON,ORG,1.6,NIKON VERRES OPTIQUES,https://si.france-optique.com/img/gravures/nasal/web_1895-Engraving Classe A NK MIDISTANCE 16 Nasal.tif.jpg,https://www.france-optique.com/gravures/fournisseur=561,2025-06-13 13:27:03.226666
2156,Home & Office Neo Standard,ORG,1.5,NIKON VERRES OPTIQUES,N1M,https://www.france-optique.com/gravures/fournisseur=561,2025-06-13 13:27:03.240000
2157,Home & Office Neo Wide,ORG,1.5,NIKON VERRES OPTIQUES,N1M,https://www.france-optique.com/gravures/fournisseur=561,2025-06-13 13:27:03.250000
2158,Home & Office Neo Standard,ORG,1.6,NIKON VERRES OPTIQUES,N3M,https://www.france-optique.com/gravures/fournisseur=561,2025-06-13 13:27:03.263333
2159,Home & Office Neo Wide,ORG,1.6,NIKON VERRES OPTIQUES,N3M,https://www.france-optique.com/gravures/fournisseur=561,2025-06-13 13:27:03.276666
2160,Home & Office Neo Standard,ORG,1.67,NIKON VERRES OPTIQUES,N4M,https://www.france-optique.com/gravures/fournisseur=561,2025-06-13 13:27:03.290000
2161,Home & Office Neo Wide,ORG,1.67,NIKON VERRES OPTIQUES,N4M,https://www.france-optique.com/gravures/fournisseur=561,2025-06-13 13:27:03.300000
2162,Home & Office Neo Standard,ORG,1.74,NIKON VERRES OPTIQUES,N5M,https://www.france-optique.com/gravures/fournisseur=561,2025-06-13 13:27:03.310000
2163,Home & Office Neo Wide,ORG,1.74,NIKON VERRES OPTIQUES,N5M,https://www.france-optique.com/gravures/fournisseur=561,2025-06-13 13:27:03.323333
2164,Presio Ultimate Z 12/14,ORG,1.5,NIKON VERRES OPTIQUES,PUL Z N12/N14,https://www.france-optique.com/gravures/fournisseur=561,2025-06-13 13:27:03.336666
2165,Presio Ultimate Z 12/14,ORG,1.6,NIKON VERRES OPTIQUES,PUL Z N32/N34,https://www.france-optique.com/gravures/fournisseur=561,2025-06-13 13:27:03.350000
2166,Presio Ultimate Z 12/14,ORG,1.67,NIKON VERRES OPTIQUES,PUL Z N42/N44,https://www.france-optique.com/gravures/fournisseur=561,2025-06-13 13:27:03.366666
2167,Presio Ultimate Z 12/14,ORG,1.74,NIKON VERRES OPTIQUES,PUL Z N52/N54,https://www.france-optique.com/gravures/fournisseur=561,2025-06-13 13:27:03.383333
2168,Presio Master Yourlife Z FP Flex,ORG,1.5,NIKON VERRES OPTIQUES,https://si.france-optique.com/img/gravures/nasal/web_1869-MasterYourLife-1214.tif.jpg,https://www.france-optique.com/gravures/fournisseur=561,2025-06-13 13:27:03.396666
2169,Presio Master Yourlife Z FP Flex,ORG,1.6,NIKON VERRES OPTIQUES,https://si.france-optique.com/img/gravures/nasal/web_1870-MasterYourLife-3234.tif.jpg,https://www.france-optique.com/gravures/fournisseur=561,2025-06-13 13:27:03.430000
2170,Presio Master Yourlife Z FP Flex,ORG,1.67,NIKON VERRES OPTIQUES,https://si.france-optique.com/img/gravures/nasal/web_1871-MasterYourLife-4244.tif.jpg,https://www.france-optique.com/gravures/fournisseur=561,2025-06-13 13:27:03.440000
2171,Presio Master Yourlife Z FP Flex,ORG,1.74,NIKON VERRES OPTIQUES,https://si.france-optique.com/img/gravures/nasal/web_1872-MasterYourLife-5254.tif.jpg,https://www.france-optique.com/gravures/fournisseur=561,2025-06-13 13:27:03.453333
2172,Presio Master Yourlife Z FP Max,ORG,1.5,NIKON VERRES OPTIQUES,https://si.france-optique.com/img/gravures/nasal/web_1873-MasterYourLifeMAX-1214.tif.jpg,https://www.france-optique.com/gravures/fournisseur=561,2025-06-13 13:27:03.466666
2173,Presio Master Yourlife Z FP Max,ORG,1.6,NIKON VERRES OPTIQUES,https://si.france-optique.com/img/gravures/nasal/web_1874-MasterYourLifeMAX-3234.tif.jpg,https://www.france-optique.com/gravures/fournisseur=561,2025-06-13 13:27:03.480000
2174,Presio Master Yourlife Z FP Max,ORG,1.67,NIKON VERRES OPTIQUES,https://si.france-optique.com/img/gravures/nasal/web_1875-MasterYourLifeMAX-4244.tif.jpg,https://www.france-optique.com/gravures/fournisseur=561,2025-06-13 13:27:03.490000
2175,Presio Master Yourlife Z FP Max,ORG,1.74,NIKON VERRES OPTIQUES,https://si.france-optique.com/img/gravures/nasal/web_1876-MasterYourLifeMAX-5254.tif.jpg,https://www.france-optique.com/gravures/fournisseur=561,2025-06-13 13:27:03.503333
2176,Presio Master Yourlife Z FP Prox,ORG,1.5,NIKON VERRES OPTIQUES,https://si.france-optique.com/img/gravures/nasal/web_1877-MasterYourLifePROX-1214.tif.jpg,https://www.france-optique.com/gravures/fournisseur=561,2025-06-13 13:27:03.516666
2177,Presio Master Yourlife Z FP Prox,ORG,1.6,NIKON VERRES OPTIQUES,https://si.france-optique.com/img/gravures/nasal/web_1878-MasterYourLifePROX-3234.tif.jpg,https://www.france-optique.com/gravures/fournisseur=561,2025-06-13 13:27:03.530000
2178,Presio Master Yourlife Z FP Prox,ORG,1.67,NIKON VERRES OPTIQUES,https://si.france-optique.com/img/gravures/nasal/web_1879-MasterYourLifePROX-4244.tif.jpg,https://www.france-optique.com/gravures/fournisseur=561,2025-06-13 13:27:03.543333
2179,Presio Master Yourlife Z FP Prox,ORG,1.74,NIKON VERRES OPTIQUES,https://si.france-optique.com/img/gravures/nasal/web_1880-MasterYourLifePROX-5254.tif.jpg,https://www.france-optique.com/gravures/fournisseur=561,2025-06-13 13:27:03.553333
2180,Presio Touch HD 15,ORG,1.5,NIKON VERRES OPTIQUES,THD N15,https://www.france-optique.com/gravures/fournisseur=561,2025-06-13 13:27:03.566666
2181,Presio Touch HD 15,ORG,1.6,NIKON VERRES OPTIQUES,THD N35,https://www.france-optique.com/gravures/fournisseur=561,2025-06-13 13:27:03.580000
2182,Presio Touch HD 15,ORG,1.67,NIKON VERRES OPTIQUES,THD N45,https://www.france-optique.com/gravures/fournisseur=561,2025-06-13 13:27:03.590000
2183,RelaxSee Neo Super (1.25),ORG,1.5,NIKON VERRES OPTIQUES,None,https://www.france-optique.com/gravures/fournisseur=561,2025-06-13 13:27:03.603333
2184,RelaxSee Neo Super (1.25),ORG,1.6,NIKON VERRES OPTIQUES,None,https://www.france-optique.com/gravures/fournisseur=561,2025-06-13 13:27:03.616666
2185,RelaxSee Neo Super (1.25),ORG,1.67,NIKON VERRES OPTIQUES,None,https://www.france-optique.com/gravures/fournisseur=561,2025-06-13 13:27:03.626666
2186,RelaxSee Neo Super (1.25),ORG,1.74,NIKON VERRES OPTIQUES,None,https://www.france-optique.com/gravures/fournisseur=561,2025-06-13 13:27:03.636666
2187,Presio Sports FP,ORG,1.5,NIKON VERRES OPTIQUES,https://si.france-optique.com/img/gravures/nasal/web_1927-nas-nikon-InfinitePower-FP1214.tif.jpg,https://www.france-optique.com/gravures/fournisseur=561,2025-06-13 13:27:03.650000
2188,Presio Sports FP,ORG,1.6,NIKON VERRES OPTIQUES,https://si.france-optique.com/img/gravures/nasal/web_1928-nas-nikon-InfinitePower-FP3234.tif.jpg,https://www.france-optique.com/gravures/fournisseur=561,2025-06-13 13:27:03.660000
2189,SeeMax,ORG,1.74,NIKON VERRES OPTIQUES,None,https://www.france-optique.com/gravures/fournisseur=561,2025-06-13 13:27:03.673333
2190,SeeMax Sports AP,ORG,1.5,NIKON VERRES OPTIQUES,None,https://www.france-optique.com/gravures/fournisseur=561,2025-06-13 13:27:03.686666
2191,"LUCEA 1,6 & LUCEA IP 1,6 + Transitions",ORG,1.6,MONT-ROYAL,L6,https://www.france-optique.com/gravures/fournisseur=1838,2025-06-13 13:27:03.700000
2192,"LUCEA 1,67 & LUCEA IP 1,67 + Transitions",ORG,1.67,MONT-ROYAL,L67,https://www.france-optique.com/gravures/fournisseur=1838,2025-06-13 13:27:03.710000
2193,"LUCEA 1,74",ORG,1.74,MONT-ROYAL,L74,https://www.france-optique.com/gravures/fournisseur=1838,2025-06-13 13:27:03.723333
2194,"LUCEA Short 1,5 & LUCEA Short IP 1,5 + Transitions",ORG,1.5,MONT-ROYAL,L5 S,https://www.france-optique.com/gravures/fournisseur=1838,2025-06-13 13:27:03.736666
2195,"LUCEA Short 1,6 & LUCEA Short IP 1,6 + Transitions",ORG,1.6,MONT-ROYAL,L6 S,https://www.france-optique.com/gravures/fournisseur=1838,2025-06-13 13:27:03.750000
2196,"LUCEA Short 1,67 & LUCEA Short IP 1,67 + Transitions",ORG,1.67,MONT-ROYAL,L67 S,https://www.france-optique.com/gravures/fournisseur=1838,2025-06-13 13:27:03.760000
2197,"LUCEA Short 1,74",ORG,1.74,MONT-ROYAL,L74 S,https://www.france-optique.com/gravures/fournisseur=1838,2025-06-13 13:27:03.776666
2198,"UNITEK Accommoda Neo 1,5 & UNITEK Accommoda Neo IP 1,5 + Transitions",ORG,1.5,MONT-ROYAL,A5,https://www.france-optique.com/gravures/fournisseur=1838,2025-06-13 13:27:03.790000
2199,"UNITEK Accommoda Neo 1,6 & UNITEK Accommoda Neo IP 1,6 + Transitions",ORG,1.6,MONT-ROYAL,A6,https://www.france-optique.com/gravures/fournisseur=1838,2025-06-13 13:27:03.800000
2200,"UNITEK Accommoda Neo 1,67 & UNITEK Accommoda Neo IP 1,67 + Transitions",ORG,1.67,MONT-ROYAL,A67,https://www.france-optique.com/gravures/fournisseur=1838,2025-06-13 13:27:03.813333
2201,"UNITEK Accommoda Neo 1,74",ORG,1.74,MONT-ROYAL,A74,https://www.france-optique.com/gravures/fournisseur=1838,2025-06-13 13:27:03.826666
2202,ROYAL HD Near* ou ROYAL HD Near* 1.5 IP + Transitions,ORG,1.5,MONT-ROYAL,RP5*,https://www.france-optique.com/gravures/fournisseur=1838,2025-06-13 13:27:03.840000
2203,ROYAL HD Near* ou ROYAL HD Near* 1.6 IP + Transitions,ORG,1.6,MONT-ROYAL,RP6*,https://www.france-optique.com/gravures/fournisseur=1838,2025-06-13 13:27:03.850000
2204,ROYAL HD Near* ou ROYAL HD Near* 1.67 IP + Transitions,ORG,1.67,MONT-ROYAL,RP67*,https://www.france-optique.com/gravures/fournisseur=1838,2025-06-13 13:27:03.866666
2205,ROYAL HD Near* 1.74,ORG,1.74,MONT-ROYAL,RP74,https://www.france-optique.com/gravures/fournisseur=1838,2025-06-13 13:27:03.880000
2206,MAXIMAL 1.5 ou MAXIMAL 1.5 IP + Transitions,ORG,1.5,MONT-ROYAL,M5,https://www.france-optique.com/gravures/fournisseur=1838,2025-06-13 13:27:03.890000
2207,MAXIMAL 1.6 ou MAXIMAL 1.6 IP + Transitions,ORG,1.6,MONT-ROYAL,M6,https://www.france-optique.com/gravures/fournisseur=1838,2025-06-13 13:27:03.903333
2208,MAXIMAL 1.67 ou MAXIMAL 1.67 IP + Transitions,ORG,1.67,MONT-ROYAL,M67,https://www.france-optique.com/gravures/fournisseur=1838,2025-06-13 13:27:03.916666
2209,MAXIMAL 1.74,ORG,1.74,MONT-ROYAL,M74,https://www.france-optique.com/gravures/fournisseur=1838,2025-06-13 13:27:03.930000
2210,"Autograph Intouch AW 15 & 18 1,5 Blue Zero",ORG,1.5,SHAMIR FRANCE,I>>15 / I>>18 BZ,https://www.france-optique.com/gravures/fournisseur=2397,2025-06-13 13:27:03.940000
2211,"Autograph Intouch AW 15 & 18 1,5 Transitions®",ORG,1.5,SHAMIR FRANCE,I>>15 / I>>18 TR,https://www.france-optique.com/gravures/fournisseur=2397,2025-06-13 13:27:03.953333
2212,"Autograph Intouch AW 15 & 18 1,5 Polarisant",ORG,1.5,SHAMIR FRANCE,I>>15 / I>>18 PZ,https://www.france-optique.com/gravures/fournisseur=2397,2025-06-13 13:27:03.966666
2213,Autograph Intouch AW 15 & 18 Poly,POLY,1.59,SHAMIR FRANCE,I>>15 / I>>18 PC,https://www.france-optique.com/gravures/fournisseur=2397,2025-06-13 13:27:03.976666
2214,Autograph Intouch AW 15 & 18 Poly Polarisant,POLY,1.59,SHAMIR FRANCE,I>>15 / I>>18 PPZ,https://www.france-optique.com/gravures/fournisseur=2397,2025-06-13 13:27:03.990000
2215,"Autograph Intouch AW 15 & 18 1,6 (MR8)",ORG,1.6,SHAMIR FRANCE,I>>15 / I>>18 16,https://www.france-optique.com/gravures/fournisseur=2397,2025-06-13 13:27:04.000000
2216,"Autograph Intouch AW 15 & 18 1,6 (MR8) Blue Zero",ORG,1.6,SHAMIR FRANCE,I>>15 / I>>18 BZ6,https://www.france-optique.com/gravures/fournisseur=2397,2025-06-13 13:27:04.013333
2217,"Autograph Intouch AW 15 & 18 1,6 (MR8) Transitions®",ORG,1.6,SHAMIR FRANCE,I>>15 / I>>18 T6,https://www.france-optique.com/gravures/fournisseur=2397,2025-06-13 13:27:04.026666
2218,"Autograph Intouch AW 15 & 18 1,6 (MR8) Polarisant",ORG,1.6,SHAMIR FRANCE,I>>15 / I>>18 PZ6,https://www.france-optique.com/gravures/fournisseur=2397,2025-06-13 13:27:04.040000
2219,"Autograph Intouch AW 15 & 18 1,67 (MR10)",ORG,1.67,SHAMIR FRANCE,I>>15 / I>>18 67,https://www.france-optique.com/gravures/fournisseur=2397,2025-06-13 13:27:04.050000
2220,"Autograph Intouch AW 15 & 18 1,67 (MR10) Blue Zero",ORG,1.67,SHAMIR FRANCE,I>>15 / I>>18 BZ67,https://www.france-optique.com/gravures/fournisseur=2397,2025-06-13 13:27:04.056666
2221,"Autograph Intouch AW 15 & 18 1,67 (MR10) Transitions®",ORG,1.67,SHAMIR FRANCE,I>>15 / I>>18 T67,https://www.france-optique.com/gravures/fournisseur=2397,2025-06-13 13:27:04.066666
2222,"Autograph Intouch AW 15 & 18 1,74",ORG,1.74,SHAMIR FRANCE,I>>15 / I>>18 74,https://www.france-optique.com/gravures/fournisseur=2397,2025-06-13 13:27:04.080000
2223,Driver Intelligence Moon,POLY,1.59,SHAMIR FRANCE,https://si.france-optique.com/img/gravures/nasal/web_1837-DIPC.tif.jpg,https://www.france-optique.com/gravures/fournisseur=2397,2025-06-13 13:27:04.096666
2224,Driver Intelligence Moon,ORG,1.6,SHAMIR FRANCE,https://si.france-optique.com/img/gravures/nasal/web_1835-DI16.tif.jpg,https://www.france-optique.com/gravures/fournisseur=2397,2025-06-13 13:27:04.110000
2225,Driver Intelligence Moon,ORG,1.67,SHAMIR FRANCE,https://si.france-optique.com/img/gravures/nasal/web_1836-DI67.tif.jpg,https://www.france-optique.com/gravures/fournisseur=2397,2025-06-13 13:27:04.123333
2226,Driver Intelligence Sun,POLY,1.59,SHAMIR FRANCE,https://si.france-optique.com/img/gravures/nasal/web_1838-DIsoleilPC.tif.jpg,https://www.france-optique.com/gravures/fournisseur=2397,2025-06-13 13:27:04.133333
2227,Driver Intelligence Sun,POLY,1.59,SHAMIR FRANCE,https://si.france-optique.com/img/gravures/nasal/web_1839-DIsoleilPPZ.tif.jpg,https://www.france-optique.com/gravures/fournisseur=2397,2025-06-13 13:27:04.146666
2228,Driver Intelligence Moon SV,POLY,1.59,SHAMIR FRANCE,https://si.france-optique.com/img/gravures/nasal/web_1837-DIPC.tif.jpg,https://www.france-optique.com/gravures/fournisseur=2397,2025-06-13 13:27:04.166666
2229,Driver Intelligence Moon SV,ORG,1.6,SHAMIR FRANCE,https://si.france-optique.com/img/gravures/nasal/web_1835-DI16.tif.jpg,https://www.france-optique.com/gravures/fournisseur=2397,2025-06-13 13:27:04.180000
2230,Driver Intelligence Moon SV,ORG,1.67,SHAMIR FRANCE,https://si.france-optique.com/img/gravures/nasal/web_1836-DI67.tif.jpg,https://www.france-optique.com/gravures/fournisseur=2397,2025-06-13 13:27:04.190000
2231,Driver Intelligence Sun SV,POLY,1.59,SHAMIR FRANCE,https://si.france-optique.com/img/gravures/nasal/web_1838-DIsoleilPC.tif.jpg,https://www.france-optique.com/gravures/fournisseur=2397,2025-06-13 13:27:04.203333
2232,Driver Intelligence Sun SV,POLY,1.59,SHAMIR FRANCE,https://si.france-optique.com/img/gravures/nasal/web_1839-DIsoleilPPZ.tif.jpg,https://www.france-optique.com/gravures/fournisseur=2397,2025-06-13 13:27:04.220000
2233,Autograph III D 1.5,ORG,1.5,SHAMIR FRANCE,A3D 15,https://www.france-optique.com/gravures/fournisseur=2397,2025-06-13 13:27:04.230000
2234,Autograph III D 1.5 Blue Zero,ORG,1.5,SHAMIR FRANCE,A3D BZ,https://www.france-optique.com/gravures/fournisseur=2397,2025-06-13 13:27:04.243333
2235,Autograph III D 1.5 Transitions® VII,ORG,1.5,SHAMIR FRANCE,A3D TR,https://www.france-optique.com/gravures/fournisseur=2397,2025-06-13 13:27:04.256666
2236,Autograph III D 1.5 Polarisant,ORG,1.5,SHAMIR FRANCE,A3D PZ,https://www.france-optique.com/gravures/fournisseur=2397,2025-06-13 13:27:04.270000
2237,Autograph III D Poly,POLY,1.59,SHAMIR FRANCE,A3D PC,https://www.france-optique.com/gravures/fournisseur=2397,2025-06-13 13:27:04.283333
2238,Autograph III D Poly Polarisant,POLY,1.59,SHAMIR FRANCE,A3D PPZ,https://www.france-optique.com/gravures/fournisseur=2397,2025-06-13 13:27:04.296666
2239,Autograph III D 1.6 (MR8),ORG,1.6,SHAMIR FRANCE,A3D 16,https://www.france-optique.com/gravures/fournisseur=2397,2025-06-13 13:27:04.310000
2240,Autograph III D 1.6 (MR8) Blue Zero,ORG,1.6,SHAMIR FRANCE,A3D BZ6,https://www.france-optique.com/gravures/fournisseur=2397,2025-06-13 13:27:04.323333
2241,Autograph III D 16 (MR8) Transitions®,ORG,1.6,SHAMIR FRANCE,A3D T6,https://www.france-optique.com/gravures/fournisseur=2397,2025-06-13 13:27:04.336666
2242,Autograph III D 16 (MR8) Polarisant,ORG,1.6,SHAMIR FRANCE,A3D PZ6,https://www.france-optique.com/gravures/fournisseur=2397,2025-06-13 13:27:04.350000
2243,Autograph III D 167 (MR10),ORG,1.67,SHAMIR FRANCE,A3D 67,https://www.france-optique.com/gravures/fournisseur=2397,2025-06-13 13:27:04.363333
2244,Autograph III D 167 (MR10) Blue Zero,ORG,1.67,SHAMIR FRANCE,A3D BZ 67,https://www.france-optique.com/gravures/fournisseur=2397,2025-06-13 13:27:04.376666
2245,Autograph III D 167 (MR10) Transitions®,ORG,1.67,SHAMIR FRANCE,A3D T67,https://www.france-optique.com/gravures/fournisseur=2397,2025-06-13 13:27:04.390000
2246,Autograph III D 174,ORG,1.74,SHAMIR FRANCE,A3D 74,https://www.france-optique.com/gravures/fournisseur=2397,2025-06-13 13:27:04.400000
2247,"PERSPECTIVE 1.5 Transitions Xtractive Brun, Gris",ORG TRANS,1.5,K OPTICAL,P 1.50 XT,https://www.france-optique.com/gravures/fournisseur=2217,2025-06-13 13:27:04.410000
2248,Varilux XR design Eye Protect System Ormix,ORG,1.6,Fournisseur : ESSILOR FR ...,https://si.france-optique.com/img/gravures/nasal/web_1784-XRDesign6.tif.jpg,https://www.france-optique.com/gravures/fournisseur=521,2025-06-13 13:27:04.423333
2249,Varilux XR design Eye Protect System Stylis,ORG,1.67,Fournisseur : ESSILOR FR ...,https://si.france-optique.com/img/gravures/nasal/web_1785-XRDesign67.tif.jpg,https://www.france-optique.com/gravures/fournisseur=521,2025-06-13 13:27:04.436666
2250,Varilux XR design Eye Protect System Lineis,ORG,1.74,Fournisseur : ESSILOR FR ...,https://si.france-optique.com/img/gravures/nasal/web_1786-XRDesign74.tif.jpg,https://www.france-optique.com/gravures/fournisseur=521,2025-06-13 13:27:04.446666
2251,Varilux XR design FIT Eye Protect System Orma,ORG,1.5,Fournisseur : ESSILOR FR ...,https://si.france-optique.com/img/gravures/nasal/web_1783-XRDesign5.tif.jpg,https://www.france-optique.com/gravures/fournisseur=521,2025-06-13 13:27:04.460000
2252,Varilux XR track Eye Protect System Orma,ORG,1.5,Fournisseur : ESSILOR FR ...,https://si.france-optique.com/img/gravures/nasal/web_1793-XRtrack5.tif.jpg,https://www.france-optique.com/gravures/fournisseur=521,2025-06-13 13:27:04.473333
2253,Varilux XR track Eye Protect System Airwear,ORG,1.59,Fournisseur : ESSILOR FR ...,https://si.france-optique.com/img/gravures/nasal/web_1797-XRtrackP.tif.jpg,https://www.france-optique.com/gravures/fournisseur=521,2025-06-13 13:27:04.483333
2254,Varilux XR track Eye Protect System Ormix,ORG,1.6,Fournisseur : ESSILOR FR ...,https://si.france-optique.com/img/gravures/nasal/web_1794-XRTrack6.tif.jpg,https://www.france-optique.com/gravures/fournisseur=521,2025-06-13 13:27:04.496666
2255,Varilux XR track Eye Protect System Stylis,ORG,1.67,Fournisseur : ESSILOR FR ...,https://si.france-optique.com/img/gravures/nasal/web_1795-XRtrack67.tif.jpg,https://www.france-optique.com/gravures/fournisseur=521,2025-06-13 13:27:04.510000
2256,Varilux XR track Eye Protect System Lineis,ORG,1.74,Fournisseur : ESSILOR FR ...,https://si.france-optique.com/img/gravures/nasal/web_1796-XRTrack74.tif.jpg,https://www.france-optique.com/gravures/fournisseur=521,2025-06-13 13:27:04.520000
2257,Varilux XR design Orma et Orma Transitions,ORG,1.5,Fournisseur : ESSILOR FR ...,https://si.france-optique.com/img/gravures/nasal/web_1783-XRDesign5.tif.jpg,https://www.france-optique.com/gravures/fournisseur=521,2025-06-13 13:27:04.530000
2258,Varilux XR design Airwear et Airwear Transitions,ORG,1.59,Fournisseur : ESSILOR FR ...,https://si.france-optique.com/img/gravures/nasal/web_1787-XRDesignP.tif.jpg,https://www.france-optique.com/gravures/fournisseur=521,2025-06-13 13:27:04.543333
2259,Varilux XR design Ormix et Ormix Transitions,ORG,1.6,Fournisseur : ESSILOR FR ...,https://si.france-optique.com/img/gravures/nasal/web_1784-XRDesign6.tif.jpg,https://www.france-optique.com/gravures/fournisseur=521,2025-06-13 13:27:04.556666
2260,Varilux XR design Stylis et Stylis Transitions,ORG,1.67,Fournisseur : ESSILOR FR ...,https://si.france-optique.com/img/gravures/nasal/web_1785-XRDesign67.tif.jpg,https://www.france-optique.com/gravures/fournisseur=521,2025-06-13 13:27:04.566666
2261,Varilux XR design Lineis et Lineis Transitions,ORG,1.74,Fournisseur : ESSILOR FR ...,https://si.france-optique.com/img/gravures/nasal/web_1786-XRDesign74.tif.jpg,https://www.france-optique.com/gravures/fournisseur=521,2025-06-13 13:27:04.580000
2262,Varilux XR design Short Orma et Orma Transitions,ORG,1.5,Fournisseur : ESSILOR FR ...,https://si.france-optique.com/img/gravures/nasal/web_1783-XRDesign5.tif.jpg,https://www.france-optique.com/gravures/fournisseur=521,2025-06-13 13:27:04.590000
2263,Varilux XR design Short Airwear et Airwear Transitions,ORG,1.59,Fournisseur : ESSILOR FR ...,https://si.france-optique.com/img/gravures/nasal/web_1787-XRDesignP.tif.jpg,https://www.france-optique.com/gravures/fournisseur=521,2025-06-13 13:27:04.600000
2264,Varilux XR design Short Ormix et Ormix Transitions,ORG,1.6,Fournisseur : ESSILOR FR ...,https://si.france-optique.com/img/gravures/nasal/web_1784-XRDesign6.tif.jpg,https://www.france-optique.com/gravures/fournisseur=521,2025-06-13 13:27:04.613333
2265,Varilux XR design Short Stylis et Stylis Transitions,ORG,1.67,Fournisseur : ESSILOR FR ...,https://si.france-optique.com/img/gravures/nasal/web_1785-XRDesign67.tif.jpg,https://www.france-optique.com/gravures/fournisseur=521,2025-06-13 13:27:04.623333
2266,Varilux XR design Short Lineis et Lineis Transitions,ORG,1.74,Fournisseur : ESSILOR FR ...,https://si.france-optique.com/img/gravures/nasal/web_1786-XRDesign74.tif.jpg,https://www.france-optique.com/gravures/fournisseur=521,2025-06-13 13:27:04.636666
2267,Varilux XR design FIT Orma et Orma Transitions,ORG,1.5,Fournisseur : ESSILOR FR ...,https://si.france-optique.com/img/gravures/nasal/web_1783-XRDesign5.tif.jpg,https://www.france-optique.com/gravures/fournisseur=521,2025-06-13 13:27:04.646666
2268,Varilux XR design FIT Airwear et Airwear Transitions,ORG,1.59,Fournisseur : ESSILOR FR ...,https://si.france-optique.com/img/gravures/nasal/web_1787-XRDesignP.tif.jpg,https://www.france-optique.com/gravures/fournisseur=521,2025-06-13 13:27:04.656666
2269,Varilux XR design FIT Ormix et Ormix Transitions,ORG,1.6,Fournisseur : ESSILOR FR ...,https://si.france-optique.com/img/gravures/nasal/web_1784-XRDesign6.tif.jpg,https://www.france-optique.com/gravures/fournisseur=521,2025-06-13 13:27:04.670000
2270,Varilux XR design FIT Stylis et Stylis Transitions,ORG,1.67,Fournisseur : ESSILOR FR ...,https://si.france-optique.com/img/gravures/nasal/web_1785-XRDesign67.tif.jpg,https://www.france-optique.com/gravures/fournisseur=521,2025-06-13 13:27:04.683333
2271,Varilux XR design FIT Lineis et Lineis Transitions,ORG,1.74,Fournisseur : ESSILOR FR ...,https://si.france-optique.com/img/gravures/nasal/web_1786-XRDesign74.tif.jpg,https://www.france-optique.com/gravures/fournisseur=521,2025-06-13 13:27:04.693333
2272,Varilux XR design Short Eye Protect System Orma,ORG,1.5,Fournisseur : ESSILOR FR ...,https://si.france-optique.com/img/gravures/nasal/web_1783-XRDesign5.tif.jpg,https://www.france-optique.com/gravures/fournisseur=521,2025-06-13 13:27:04.706666
2273,Varilux XR design Short Eye Protect System Airwear,ORG,1.59,Fournisseur : ESSILOR FR ...,https://si.france-optique.com/img/gravures/nasal/web_1787-XRDesignP.tif.jpg,https://www.france-optique.com/gravures/fournisseur=521,2025-06-13 13:27:04.716666
2274,Varilux XR design Short Eye Protect System Ormix,ORG,1.6,Fournisseur : ESSILOR FR ...,https://si.france-optique.com/img/gravures/nasal/web_1784-XRDesign6.tif.jpg,https://www.france-optique.com/gravures/fournisseur=521,2025-06-13 13:27:04.730000
2275,Varilux XR design Short Eye Protect System Stylis,ORG,1.67,Fournisseur : ESSILOR FR ...,https://si.france-optique.com/img/gravures/nasal/web_1785-XRDesign67.tif.jpg,https://www.france-optique.com/gravures/fournisseur=521,2025-06-13 13:27:04.743333
2276,Varilux XR design Short Eye Protect System Lineis,ORG,1.74,Fournisseur : ESSILOR FR ...,https://si.france-optique.com/img/gravures/nasal/web_1786-XRDesign74.tif.jpg,https://www.france-optique.com/gravures/fournisseur=521,2025-06-13 13:27:04.753333
2277,Varilux XR track Orma et Orma Transitions,ORG,1.5,Fournisseur : ESSILOR FR ...,https://si.france-optique.com/img/gravures/nasal/web_1793-XRtrack5.tif.jpg,https://www.france-optique.com/gravures/fournisseur=521,2025-06-13 13:27:04.766666
2278,PERSPECTIVE 1.6,ORG,1.6,K OPTICAL,P 1.60,https://www.france-optique.com/gravures/fournisseur=2217,2025-06-13 13:27:04.776666
2279,PERSPECTIVE 1.6 BLUE/KUT SE,ORG,1.6,K OPTICAL,P 1.60 BK,https://www.france-optique.com/gravures/fournisseur=2217,2025-06-13 13:27:04.790000
2280,PERSPECTIVE 1.6 Kromatic Brun et Gris,ORG PHO,1.6,K OPTICAL,P 1.60 K,https://www.france-optique.com/gravures/fournisseur=2217,2025-06-13 13:27:04.803333
2281,PERSPECTIVE 1.6 Kromatic BLUEKUT SE Brun et Gris,ORG PHO,1.6,K OPTICAL,P 1.60 KB,https://www.france-optique.com/gravures/fournisseur=2217,2025-06-13 13:27:04.816666
2282,PERSPECTIVE 1.6 Polarisant Brun et Gris,ORG POLA,1.6,K OPTICAL,P 1.60 POL,https://www.france-optique.com/gravures/fournisseur=2217,2025-06-13 13:27:04.833333
2283,"PERSPECTIVE 1.6 Transitions8 Brun, Gris et Vert",ORG TRANS,1.6,K OPTICAL,P 1.60 T8,https://www.france-optique.com/gravures/fournisseur=2217,2025-06-13 13:27:04.846666
2284,PERSPECTIVE 1.6 Transitions 8 Style,ORG TRANS,1.6,K OPTICAL,P 1.60 TS,https://www.france-optique.com/gravures/fournisseur=2217,2025-06-13 13:27:04.860000
2285,PERSPECTIVE 1.6 Transitions Xtractive Brun et Gris,ORG TRANS,1.6,K OPTICAL,P 1.60 XT,https://www.france-optique.com/gravures/fournisseur=2217,2025-06-13 13:27:04.873333
2286,PERSPECTIVE 1.67,ORG,1.67,K OPTICAL,P 1.67,https://www.france-optique.com/gravures/fournisseur=2217,2025-06-13 13:27:04.886666
2287,PERSPECTIVE 1.67 BLUE/KUT SE,ORG,1.67,K OPTICAL,P 1.67 BK,https://www.france-optique.com/gravures/fournisseur=2217,2025-06-13 13:27:04.900000
2288,PERSPECTIVE 1.67 Kromatic Brun et Gris,ORG PHO,1.67,K OPTICAL,P 1.67 K,https://www.france-optique.com/gravures/fournisseur=2217,2025-06-13 13:27:04.913333
2289,PERSPECTIVE 1.67 Kromatic BLUEKUT SE Brun et Gris,ORG PHO,1.67,K OPTICAL,P 1.67 KB,https://www.france-optique.com/gravures/fournisseur=2217,2025-06-13 13:27:04.930000
2290,PERSPECTIVE 1.67 Polarisant Brun et Gris,ORG POLA,1.67,K OPTICAL,P 1.67 POL,https://www.france-optique.com/gravures/fournisseur=2217,2025-06-13 13:27:04.943333
2291,"PERSPECTIVE 1.67 Transitions 8 Brun, Gris et Vert",ORG TRANS,1.67,K OPTICAL,P 1.67 T8,https://www.france-optique.com/gravures/fournisseur=2217,2025-06-13 13:27:04.956666
2292,PERSPECTIVE 1.67 Transitions 8 Style,ORG TRANS,1.67,K OPTICAL,P 1.67 TS,https://www.france-optique.com/gravures/fournisseur=2217,2025-06-13 13:27:04.970000
2293,PERSPECTIVE 1.67 Transitions Xtractive Brun et Gris,ORG TRANS,1.67,K OPTICAL,P 1.67 XT,https://www.france-optique.com/gravures/fournisseur=2217,2025-06-13 13:27:04.983333
2294,PERSPECTIVE 1.74,ORG,1.74,K OPTICAL,P 1.74,https://www.france-optique.com/gravures/fournisseur=2217,2025-06-13 13:27:04.993333
2295,PERSPECTIVE 1.74 BLUE/KUT SE,ORG,1.74,K OPTICAL,P 1.74 BK,https://www.france-optique.com/gravures/fournisseur=2217,2025-06-13 13:27:05.006666
2296,PERSPECTIVE 1.74 Kromatic BLUEKUT SE Brun et Gris,ORG PHO,1.74,K OPTICAL,P 1.74 KB,https://www.france-optique.com/gravures/fournisseur=2217,2025-06-13 13:27:05.016666
2297,PERSPECTIVE 1.74 Transitions8 Brun et Gris,ORG TRANS,1.74,K OPTICAL,P 1.74 T8,https://www.france-optique.com/gravures/fournisseur=2217,2025-06-13 13:27:05.026666
2298,PERSPECTIVE Polycarbonate,POLY,1.59,K OPTICAL,P PC,https://www.france-optique.com/gravures/fournisseur=2217,2025-06-13 13:27:05.040000
2299,PERSPECTIVE Polycarbonate BLUE/KUT SE,POLY,1.59,K OPTICAL,P PC BK,https://www.france-optique.com/gravures/fournisseur=2217,2025-06-13 13:27:05.053333
2300,PERSPECTIVE Polycarbonate Kromatic BLUE/KUT SE,POLY,1.59,K OPTICAL,P PC KB,https://www.france-optique.com/gravures/fournisseur=2217,2025-06-13 13:27:05.070000
2301,"PERSPECTIVE Polycarbonate Polarisant Brun, Gris et Gris-Vert",POLY POLA,1.59,K OPTICAL,P PC POL,https://www.france-optique.com/gravures/fournisseur=2217,2025-06-13 13:27:05.086666
2302,"PERSPECTIVE Polycarbonate Transitions 8 Brun, Gris et Vert",POLY TRANS,1.59,K OPTICAL,P PC T8,https://www.france-optique.com/gravures/fournisseur=2217,2025-06-13 13:27:05.100000
2303,PERSPECTIVE Polycarbonate Transitions 8 Style,POLY TRANS,1.59,K OPTICAL,P PC TS,https://www.france-optique.com/gravures/fournisseur=2217,2025-06-13 13:27:05.116666
2304,PERSPECTIVE Polycarbonate Transitions Xtractive Gris,POLY TRANS,1.59,K OPTICAL,P PC XT,https://www.france-optique.com/gravures/fournisseur=2217,2025-06-13 13:27:05.130000
2305,PERSPECTIVE Trivex,TVX,1.53,K OPTICAL,P 1.53,https://www.france-optique.com/gravures/fournisseur=2217,2025-06-13 13:27:05.146666
2306,PERSPECTIVE Trivex BLUE/KUT SE,TVX,1.53,K OPTICAL,P 1.53 BK,https://www.france-optique.com/gravures/fournisseur=2217,2025-06-13 13:27:05.160000
2307,PERSPECTIVE Trivex Polarisant Brun et Gris,TVX POLA,1.53,K OPTICAL,P 1.53 POL,https://www.france-optique.com/gravures/fournisseur=2217,2025-06-13 13:27:05.176666
2308,NeoPerfect ZEN / NeoPerfect ZEN UV Clear / NeoPerfect ZEN Blue Clear / NeoPerfect ZEN Transitions TM Gen S® / NeoPerfect ZEN Transitions TM XTRActive®,ORG,1.6,NOVACEL,https://si.france-optique.com/img/gravures/nasal/web_369-nas-novacel-34.tif.jpg,https://www.france-optique.com/gravures/fournisseur=711,2025-06-13 13:27:05.193333
2309,EDEN zeta Fit / EDEN zeta Fit UV Clear / EDEN zeta Blue Clear / EDEN zeta Transitions TM Gen S® / EDEN zeta Transitions TM XTRActive® / EDEN zeta polarisant / EDEN zeta polarisant dégradé,ORG,1.5,NOVACEL,EzF,https://www.france-optique.com/gravures/fournisseur=711,2025-06-13 13:27:05.206666
2310,NeoPerfect / NeoPerfect UV Clear / NeoPerfect Blue Clear / NeoPerfect Transitions TM Gen S® / NeoPerfect Transitions TM XTRActive® / NeoPerfect polarisant,ORG,1.6,NOVACEL,https://si.france-optique.com/img/gravures/nasal/web_369-nas-novacel-34.tif.jpg,https://www.france-optique.com/gravures/fournisseur=711,2025-06-13 13:27:05.223333
2311,EDEN zeta Fit Trivex® / EDEN zeta Fit Trivex® Blue Clear / EDEN zeta Fit Trivex® Transitions TM Gen S® / EDEN zeta Fit Trivex® Transitions TM XTRActive® / EDEN zeta Fit Trivex® polarisant,TVX,1.53,NOVACEL,T EzF,https://www.france-optique.com/gravures/fournisseur=711,2025-06-13 13:27:05.240000
2312,EDEN zeta Fit / EDEN zeta Fit Transitions TM Gen S® / EDEN zeta Fit Transitions TM XTRActive® / EDEN zeta Fit polarisant,POLY,1.59,NOVACEL,P EzF,https://www.france-optique.com/gravures/fournisseur=711,2025-06-13 13:27:05.256666
2313,EDEN zeta Fit / EDEN zeta Fit UV Clear / EDEN zeta Fit Blue Clear / EDEN zeta Fit Transitions TM Gen S® / EDEN zeta Fit Transitions TM XTRActive® / EDEN zeta Fit polarisant,ORG,1.6,NOVACEL,2 EzF,https://www.france-optique.com/gravures/fournisseur=711,2025-06-13 13:27:05.273333
2314,EDEN zeta Fit / EDEN zeta Fit Blue Clear / EDEN zeta Fit Transitions TM Gen S® / EDEN zeta Fit Transitions TM XTRActive® / EDEN zeta Fit polarisant,ORG,1.67,NOVACEL,3 EzF,https://www.france-optique.com/gravures/fournisseur=711,2025-06-13 13:27:05.286666
2315,EDEN zeta Fit / EDEN zeta Fit Blue Clear / EDEN zeta Fit Transitions TM Gen S®,ORG,1.74,NOVACEL,4 EzF,https://www.france-optique.com/gravures/fournisseur=711,2025-06-13 13:27:05.300000
2316,EDEN zeta / EDEN zeta UV Clear / EDEN zeta Blue Clear / EDEN zeta Transitions TM Gen S® / EDEN zeta Transitions TM XTRActive® / EDEN zeta polarisant / EDEN zeta polarisant dégradé,ORG,1.5,NOVACEL,Ez,https://www.france-optique.com/gravures/fournisseur=711,2025-06-13 13:27:05.316666
2317,EDEN zeta Trivex® / EDEN zeta Trivex® Blue Clear / EDEN zeta Trivex® Transitions TM Gen S® / EDEN zeta Trivex® Transitions TM XTRActive® / EDEN zeta Trivex® polarisant,TVX,1.53,NOVACEL,T Ez,https://www.france-optique.com/gravures/fournisseur=711,2025-06-13 13:27:05.330000
2318,EDEN zeta / EDEN zeta Transitions TM Gen S® / EDEN zeta Transitions TM XTRActive® / EDEN zeta polarisant,POLY,1.59,NOVACEL,P Ez,https://www.france-optique.com/gravures/fournisseur=711,2025-06-13 13:27:05.340000
2319,EDEN zeta / EDEN zeta UV Clear / EDEN zeta Blue Clear / EDEN zeta Transitions TM Gen S® / EDEN zeta Transitions TM XTRActive® / EDEN zeta polarisant,ORG,1.6,NOVACEL,2 Ez,https://www.france-optique.com/gravures/fournisseur=711,2025-06-13 13:27:05.353333
2320,EDEN zeta / EDEN zeta Blue Clear / EDEN zeta Transitions TM Gen S® / EDEN zeta Transitions TM XTRActive® / EDEN zeta polarisant,ORG,1.67,NOVACEL,3 Ez,https://www.france-optique.com/gravures/fournisseur=711,2025-06-13 13:27:05.366666
2321,EDEN zeta / EDEN zeta Blue Clear / EDEN zeta Transitions TM Gen S®,ORG,1.74,NOVACEL,4 Ez,https://www.france-optique.com/gravures/fournisseur=711,2025-06-13 13:27:05.380000
2322,EDEN alpha / EDEN alpha UV Clear / EDEN alpha Blue Clear / EDEN alpha Transitions TM Gen S® / EDEN alpha Transitions TM XTRActive® / EDEN alpha polarisant / EDEN alpha polarisant dégradé,ORG,1.5,NOVACEL,https://si.france-optique.com/img/gravures/nasal/web_356-nas-novacel-28.tif.jpg,https://www.france-optique.com/gravures/fournisseur=711,2025-06-13 13:27:05.393333
2323,EDEN alpha Trivex® / EDEN alpha Trivex® Blue Clear / EDEN alpha Trivex® Transitions TM Gen S® / EDEN alpha Trivex® Transitions TM XTRActive® / EDEN alpha Trivex® polarisant,TVX,1.53,NOVACEL,https://si.france-optique.com/img/gravures/nasal/web_1242-gravure nasale EDEN T.tif.jpg,https://www.france-optique.com/gravures/fournisseur=711,2025-06-13 13:27:05.406666
2324,EDEN alpha / EDEN alpha Transitions TM Gen S® / EDEN alpha Transitions TM XTRActive® / EDEN alpha polarisant,POLY,1.59,NOVACEL,https://si.france-optique.com/img/gravures/nasal/web_1241-gravure nasale EDEN P.tif.jpg,https://www.france-optique.com/gravures/fournisseur=711,2025-06-13 13:27:05.420000
2325,EDEN alpha / EDEN alpha UV Clear / EDEN alpha Blue Clear / EDEN alpha Transitions TM Gen S® / EDEN alpha Transitions TM XTRActive® / EDEN alpha polarisant,ORG,1.6,NOVACEL,https://si.france-optique.com/img/gravures/nasal/web_1238-gravure nasale EDEN 2.tif.jpg,https://www.france-optique.com/gravures/fournisseur=711,2025-06-13 13:27:05.430000
2326,EDEN alpha / EDEN alpha Blue Clear / EDEN alpha Transitions TM Gen S® / EDEN alpha Transitions TM XTRActive® / EDEN alpha polarisant,ORG,1.67,NOVACEL,https://si.france-optique.com/img/gravures/nasal/web_1239-gravure nasale EDEN 3.tif.jpg,https://www.france-optique.com/gravures/fournisseur=711,2025-06-13 13:27:05.443333
2327,EDEN alpha / EDEN alpha Blue Clear / EDEN alpha Transitions TM Gen S®,ORG,1.74,NOVACEL,https://si.france-optique.com/img/gravures/nasal/web_1240-gravure nasale EDEN 4.tif.jpg,https://www.france-optique.com/gravures/fournisseur=711,2025-06-13 13:27:05.456666
2328,SymbioZ / SymbioZ UV Clear / SymbioZ Blue Clear / SymbioZ Transitions TM Gen S® / SymbioZ Transitions TM XTRActive® / SymbioZ polarisant / SymbioZ Drivewear® polarisant photochromique,ORG,1.5,NOVACEL,SZ,https://www.france-optique.com/gravures/fournisseur=711,2025-06-13 13:27:05.466666
2329,SymbioZ Trivex® / SymbioZ Trivex® Blue Clear / SymbioZ Trivex® Transitions TM Gen S® / SymbioZ Trivex® Transitions TM XTRActive® / SymbioZ Trivex® polarisant,TVX,1.53,NOVACEL,T SZ,https://www.france-optique.com/gravures/fournisseur=711,2025-06-13 13:27:05.480000
2330,SymbioZ / SymbioZ Transitions TM Gen S® / SymbioZ Transitions TM XTRActive® / SymbioZ polarisant / SymbioZ Drivewear® polarisant photochromique,POLY,1.59,NOVACEL,P SZ,https://www.france-optique.com/gravures/fournisseur=711,2025-06-13 13:27:05.493333
2331,SymbioZ / SymbioZ UV Clear / SymbioZ Blue Clear / SymbioZ Transitions TM Gen S® / SymbioZ Transitions TM XTRActive® / SymbioZ polarisant,ORG,1.6,NOVACEL,2 SZ,https://www.france-optique.com/gravures/fournisseur=711,2025-06-13 13:27:05.506666
2332,SymbioZ / SymbioZ Blue Clear / SymbioZ Transitions TM Gen S® / SymbioZ Transitions TM XTRActive® / SymbioZ polarisant,ORG,1.67,NOVACEL,3 SZ,https://www.france-optique.com/gravures/fournisseur=711,2025-06-13 13:27:05.516666
2333,SymbioZ / SymbioZ Blue Clear / SymbioZ Transitions TM Gen S®,ORG,1.74,NOVACEL,4 SZ,https://www.france-optique.com/gravures/fournisseur=711,2025-06-13 13:27:05.530000
2334,SymbioZ SPORT / SymbioZ SPORT UV Clear / SymbioZ SPORT Transitions TM Gen S® / SymbioZ SPORT Transitions TM XTRActive® / SymbioZ SPORT polarisant / SymbioZ SPORT Drivewear® polarisant photochromique,ORG,1.5,NOVACEL,https://si.france-optique.com/img/gravures/nasal/web_1062-nas-novacel-84.tif.jpg,https://www.france-optique.com/gravures/fournisseur=711,2025-06-13 13:27:05.543333
2335,SymbioZ SPORT Trivex® / SymbioZ SPORT Trivex® Transitions TM Gen S® / SymbioZ SPORT Trivex® Transitions TM XTRActive® / SymbioZ SPORT polarisant,TVX,1.53,NOVACEL,https://si.france-optique.com/img/gravures/nasal/web_1063-nas-novacel-85.tif.jpg,https://www.france-optique.com/gravures/fournisseur=711,2025-06-13 13:27:05.556666
2336,SymbioZ SPORT / SymbioZ SPORT Transitions TM Gen S® / SymbioZ SPORT Transitions TM XTRActive® / SymbioZ SPORT polarisant / SymbioZ SPORT Drivewear® polarisant photochromique,POLY,1.59,NOVACEL,https://si.france-optique.com/img/gravures/nasal/web_1064-nas-novacel-86.tif.jpg,https://www.france-optique.com/gravures/fournisseur=711,2025-06-13 13:27:05.570000
2337,SymbioZ SPORT / SymbioZ SPORT UV Clear / SymbioZ SPORT Transitions TM Gen S® / SymbioZ SPORT Transitions TM XTRActive® / SymbioZ SPORT polarisant,ORG,1.6,NOVACEL,https://si.france-optique.com/img/gravures/nasal/web_1067-nas-novacel-89.tif.jpg,https://www.france-optique.com/gravures/fournisseur=711,2025-06-13 13:27:05.583333
2338,SymbioZ SPORT / SymbioZ SPORT Transitions TM Gen S® / SymbioZ SPORT Transitions TM XTRActive® / SymbioZ SPORT polarisant,ORG,1.67,NOVACEL,https://si.france-optique.com/img/gravures/nasal/web_1066-nas-novacel-88.tif.jpg,https://www.france-optique.com/gravures/fournisseur=711,2025-06-13 13:27:05.596666
2339,SymbioZ SPORT / SymbioZ SPORT Transitions TM Gen S®,ORG,1.74,NOVACEL,https://si.france-optique.com/img/gravures/nasal/web_1065-nas-novacel-87.tif.jpg,https://www.france-optique.com/gravures/fournisseur=711,2025-06-13 13:27:05.610000
2340,I-KONIC long / I-KONIC long UV Clear / I-KONIC long Blue Clear / I-KONIC long Transitions TM Gen S®,ORG,1.5,NOVACEL,IKL,https://www.france-optique.com/gravures/fournisseur=711,2025-06-13 13:27:05.620000
2341,I-KONIC / I-KONIC UV Clear / I-KONIC Blue Clear / I-KONIC Transitions TM Gen S®,ORG,1.5,NOVACEL,IK,https://www.france-optique.com/gravures/fournisseur=711,2025-06-13 13:27:05.633333
2342,I-KONIC micros / I-KONIC micros UV Clear / I-KONIC micros Blue Clear / I-KONIC micros Transitions TM Gen S®,ORG,1.5,NOVACEL,IKM,https://www.france-optique.com/gravures/fournisseur=711,2025-06-13 13:27:05.646666
2343,I-KONIC long / I-KONIC long Transitions TM Gen S®,POLY,1.59,NOVACEL,P IKL,https://www.france-optique.com/gravures/fournisseur=711,2025-06-13 13:27:05.660000
2344,I-KONIC / I-KONIC Transitions TM Gen S®,POLY,1.59,NOVACEL,P IK,https://www.france-optique.com/gravures/fournisseur=711,2025-06-13 13:27:05.673333
2345,I-KONIC micros / I-KONIC micros Transitions TM Gen S®,POLY,1.59,NOVACEL,P IKM,https://www.france-optique.com/gravures/fournisseur=711,2025-06-13 13:27:05.686666
2346,I-KONIC long / I-KONIC long UV Clear / I-KONIC long Blue Clear / I-KONIC long Transitions TM Gen S®,ORG,1.6,NOVACEL,2 IKL,https://www.france-optique.com/gravures/fournisseur=711,2025-06-13 13:27:05.700000
2347,I-KONIC / I-KONIC UV Clear / I-KONIC Blue Clear / I-KONIC Transitions TM Gen S®,ORG,1.6,NOVACEL,2 IK,https://www.france-optique.com/gravures/fournisseur=711,2025-06-13 13:27:05.713333
2348,I-KONIC micros / I-KONIC micros UV Clear / I-KONIC micros Blue Clear / I-KONIC micros Transitions TM Gen S®,ORG,1.6,NOVACEL,2 IKM,https://www.france-optique.com/gravures/fournisseur=711,2025-06-13 13:27:05.723333
2349,I-KONIC long / I-KONIC long Blue Clear / I-KONIC long Transitions TM Gen S®,ORG,1.67,NOVACEL,3 IKL,https://www.france-optique.com/gravures/fournisseur=711,2025-06-13 13:27:05.736666
2350,I-KONIC / I-KONIC Blue Clear / I-KONIC Transitions TM Gen S®,ORG,1.67,NOVACEL,3 IK,https://www.france-optique.com/gravures/fournisseur=711,2025-06-13 13:27:05.750000
2351,I-KONIC micros / I-KONIC micros Blue Clear / I-KONIC micros Transitions TM Gen S®,ORG,1.67,NOVACEL,3 IKM,https://www.france-optique.com/gravures/fournisseur=711,2025-06-13 13:27:05.763333
2352,I-KONIC long / I-KONIC long Blue Clear / I-KONIC long Transitions TM Gen S®,ORG,1.74,NOVACEL,4 IKL,https://www.france-optique.com/gravures/fournisseur=711,2025-06-13 13:27:05.776666
2353,I-KONIC / I-KONIC Blue Clear / I-KONIC Transitions TM Gen S®,ORG,1.74,NOVACEL,4 IK,https://www.france-optique.com/gravures/fournisseur=711,2025-06-13 13:27:05.790000
2354,PERSPECTIVE Trivex Transitions 8 Brun et Gris,TVX TRANS,1.53,K OPTICAL,P 1.53 T8,https://www.france-optique.com/gravures/fournisseur=2217,2025-06-13 13:27:05.803333
2355,PERSPECTIVE Trivex Transitions Xtractive Gris,TVX TRANS,1.53,K OPTICAL,P 1.53 XT,https://www.france-optique.com/gravures/fournisseur=2217,2025-06-13 13:27:05.813333
2356,Kléra 1.74 Kromatic BLUE/KUT SE Brun et Gris,ORG PHO,1.74,K OPTICAL,K 1.74 KB,https://www.france-optique.com/gravures/fournisseur=2217,2025-06-13 13:27:05.826666
2357,Kléra Polycarbonate Transitions 8 Style,POLY TRANS,1.59,K OPTICAL,K = 19 mm Ks = 16 mm,https://www.france-optique.com/gravures/fournisseur=2217,2025-06-13 13:27:05.843333
2358,Kléra Polycarbonate Transitions Xtractive Gris,POLY TRANS,1.59,K OPTICAL,K PC XT,https://www.france-optique.com/gravures/fournisseur=2217,2025-06-13 13:27:05.856666
2359,K Office 1.74,ORG,1.74,K OPTICAL,O 1.74,https://www.france-optique.com/gravures/fournisseur=2217,2025-06-13 13:27:05.870000
2360,K Office 1.74 BLUE/KUT SE,ORG,1.74,K OPTICAL,O 1.74 BK,https://www.france-optique.com/gravures/fournisseur=2217,2025-06-13 13:27:05.883333
2361,K Office 1.74 Kromatic BLUE/KUT SE Brun et Gris,ORG PHO,1.74,K OPTICAL,O 1.74 KB,https://www.france-optique.com/gravures/fournisseur=2217,2025-06-13 13:27:05.896666
2362,"K Office 1.74 Transitions 8 Brun, Gris et Vert",ORG TRANS,1.74,K OPTICAL,O 1.74 T8,https://www.france-optique.com/gravures/fournisseur=2217,2025-06-13 13:27:05.910000
2363,K Room 1.74,ORG,1.74,K OPTICAL,R 1.74,https://www.france-optique.com/gravures/fournisseur=2217,2025-06-13 13:27:05.920000
2364,K Room 1.74 BLUE/KUT SE,ORG,1.74,K OPTICAL,R 1.74 BK,https://www.france-optique.com/gravures/fournisseur=2217,2025-06-13 13:27:05.930000
2365,K Room 1.74 Kromatic BLUE/KUT SE Brun et Gris,ORG PHO,1.74,K OPTICAL,R 1.74 KB,https://www.france-optique.com/gravures/fournisseur=2217,2025-06-13 13:27:05.943333
2366,"K Room 1.74 Transitions 8 Brun, Gris et Vert",ORG TRANS,1.74,K OPTICAL,R 1.74 T8,https://www.france-optique.com/gravures/fournisseur=2217,2025-06-13 13:27:05.953333
2367,K Desk 1.74,ORG,1.74,K OPTICAL,D 1.74,https://www.france-optique.com/gravures/fournisseur=2217,2025-06-13 13:27:05.966666
2368,K Desk 1.74 BLUE/KUT SE,ORG,1.74,K OPTICAL,D 1.74 BK,https://www.france-optique.com/gravures/fournisseur=2217,2025-06-13 13:27:05.976666
2369,K Desk 1.74 Kromatic BLUE/KUT SE Brun et Gris,ORG PHO,1.74,K OPTICAL,D 1.74 KB,https://www.france-optique.com/gravures/fournisseur=2217,2025-06-13 13:27:05.990000
2370,"K Desk 1.74 Transitions 8 Brun, Gris et Vert",ORG TRANS,1.74,K OPTICAL,D 1.74 T8,https://www.france-optique.com/gravures/fournisseur=2217,2025-06-13 13:27:06.000000
2371,K Repos 1.5 Transitions Xtractive Polarisant,ORG TRANS POLA,1.5,K OPTICAL,1.50 XTP,https://www.france-optique.com/gravures/fournisseur=2217,2025-06-13 13:27:06.016666
2372,K Repos 1.6 Transitions Xtractive Polarisant,ORG TRANS POLA,1.6,K OPTICAL,1.60 XTP,https://www.france-optique.com/gravures/fournisseur=2217,2025-06-13 13:27:06.026666
2373,K Repos 1.67 Transitions Xtractive Polarisant,ORG TRANS POLY,1.67,K OPTICAL,1.67 XTP,https://www.france-optique.com/gravures/fournisseur=2217,2025-06-13 13:27:06.040000
2374,K Repos Polycarbonate Transitions Xtractive Polarisant,POLY TRANS POLA,1.59,K OPTICAL,1.59 XTP,https://www.france-optique.com/gravures/fournisseur=2217,2025-06-13 13:27:06.053333
2375,Kléra 1.5 Transitions Xtractive Polarisant,ORG TRANS POLA,1.5,K OPTICAL,1.50 XTP,https://www.france-optique.com/gravures/fournisseur=2217,2025-06-13 13:27:06.066666
2376,Kléra Plus Evo 1.5 Transitions Xtractive Polarisant,ORG TRANS POLA,1.5,K OPTICAL,1.50 XTP,https://www.france-optique.com/gravures/fournisseur=2217,2025-06-13 13:27:06.086666
2377,Kléra Plus Evo 1.6 Transitions Xtractive Polarisant,ORG TRANS POLA,1.6,K OPTICAL,1.60 XTP,https://www.france-optique.com/gravures/fournisseur=2217,2025-06-13 13:27:06.100000
2378,Kléra Plus Evo 1.67 Transitions Xtractive Polarisant,ORG TRANS POLA,1.67,K OPTICAL,1.67 XTP,https://www.france-optique.com/gravures/fournisseur=2217,2025-06-13 13:27:06.113333
2379,Kléra Plus Evo Polycarbonate Transitions Xtractive Polarisant,POLY TRANS POLA,1.59,K OPTICAL,1.59 XTP,https://www.france-optique.com/gravures/fournisseur=2217,2025-06-13 13:27:06.126666
2380,K Bifo Invisible 1.5 Transitions Xtractive Polarisant,ORG TRANS POLA,1.5,K OPTICAL,1.50 XTP,https://www.france-optique.com/gravures/fournisseur=2217,2025-06-13 13:27:06.140000
2381,K Bifo Invisible Polycarbonate Transitions Xtractive Polarisant,POLY TRANS POLA,1.59,K OPTICAL,PC XTP,https://www.france-optique.com/gravures/fournisseur=2217,2025-06-13 13:27:06.153333
2382,K Bifo Invisible 1.6 Transitions Xtractive Polarisant,ORG TRANS POLA,1.6,K OPTICAL,1.60 XTP,https://www.france-optique.com/gravures/fournisseur=2217,2025-06-13 13:27:06.166666
2383,K Bifo Invisible 1.67 Transitions Xtractive Polarisant,ORG TRANS POLA,1.67,K OPTICAL,1.67 XTP,https://www.france-optique.com/gravures/fournisseur=2217,2025-06-13 13:27:06.180000
2384,Perspective 1.5 Transitions Xtractive Polarisant,ORG TRANS POLA,1.5,K OPTICAL,1.50 XTP,https://www.france-optique.com/gravures/fournisseur=2217,2025-06-13 13:27:06.193333
2385,Perspective 1.6 Transitions Xtractive Polarisant,ORG TRANS POLA,1.6,K OPTICAL,1.60 XTP,https://www.france-optique.com/gravures/fournisseur=2217,2025-06-13 13:27:06.206666
2386,Perspective 1.67 Transitions Xtractive Polarisant,ORG TRANS POLA,1.67,K OPTICAL,1.67 XTP,https://www.france-optique.com/gravures/fournisseur=2217,2025-06-13 13:27:06.220000
2387,Perspective Polycarbonate Transitions Xtractive Polarisant,POLY TRANS POLA,1.59,K OPTICAL,PC XTP,https://www.france-optique.com/gravures/fournisseur=2217,2025-06-13 13:27:06.233333
2388,Kléra HD Platinium 1.5 Transitions Xtractive Polarisant,ORG TRANS POLA,1.5,K OPTICAL,1.50 XTP,https://www.france-optique.com/gravures/fournisseur=2217,2025-06-13 13:27:06.246666
2389,Kléra HD Platinium 1.6 Transitions Xtractive Polarisant,ORG TRANS POLA,1.6,K OPTICAL,1.60 XTP,https://www.france-optique.com/gravures/fournisseur=2217,2025-06-13 13:27:06.260000
2390,Kléra HD Platinium 1.67 Transitions Xtractive Polarisant,ORG TRANS POLA,1.67,K OPTICAL,1.67 XTP,https://www.france-optique.com/gravures/fournisseur=2217,2025-06-13 13:27:06.273333
2391,Kléra HD Platinium Polycarbonate Transitions Xtractive Polarisant,POLY TRANS POLA,1.59,K OPTICAL,PC XTP,https://www.france-optique.com/gravures/fournisseur=2217,2025-06-13 13:27:06.286666
2392,Kléra Sport 1.5 Transitions Xtractive Polarisant,ORG TRANS POLA,1.5,K OPTICAL,1.50 XTP,https://www.france-optique.com/gravures/fournisseur=2217,2025-06-13 13:27:06.300000
2393,Kléra Sport 1.6 Transitions Xtractive Polarisant,ORG TRANS POLA,1.6,K OPTICAL,1.60 XTP,https://www.france-optique.com/gravures/fournisseur=2217,2025-06-13 13:27:06.310000
2394,Kléra Sport 1.67 Transitions Xtractive Polarisant,ORG TRANS POLA,1.67,K OPTICAL,1.67 XTP,https://www.france-optique.com/gravures/fournisseur=2217,2025-06-13 13:27:06.323333
2395,Kléra Sport Polycarbonate Transitions Xtractive Polarisant,POLY TRANS POLA,1.59,K OPTICAL,1.59 XTP,https://www.france-optique.com/gravures/fournisseur=2217,2025-06-13 13:27:06.336666
2396,K Platinium Polycarbonate Transitions Xtractive Polarisant,POLY TRANS POLA,1.59,K OPTICAL,1.50 XTP,https://www.france-optique.com/gravures/fournisseur=2217,2025-06-13 13:27:06.350000
2397,K Platinium 1.5 Transitions Xtractive Polarisant,ORG TRANS POLA,1.5,K OPTICAL,1.50 XTP,https://www.france-optique.com/gravures/fournisseur=2217,2025-06-13 13:27:06.360000
2398,K Platinium 1.6 Transitions Xtractive Polarisant,ORG TRANS POLA,1.6,K OPTICAL,1.60 XTP,https://www.france-optique.com/gravures/fournisseur=2217,2025-06-13 13:27:06.373333
2399,K Platinium 1.67 Transitions Xtractive Polarisant,ORG TRANS POLA,1.67,K OPTICAL,1.67 XTP,https://www.france-optique.com/gravures/fournisseur=2217,2025-06-13 13:27:06.383333
2400,K Sport 1.5 Transitions Xtractive Polarisant,ORG TRANS POLA,1.5,K OPTICAL,1.50 XTP,https://www.france-optique.com/gravures/fournisseur=2217,2025-06-13 13:27:06.396666
2401,SeeMax Sports AP,ORG,1.6,NIKON VERRES OPTIQUES,None,https://www.france-optique.com/gravures/fournisseur=561,2025-06-13 13:27:06.406666
2402,Varilux XR track Airwear et Airwear Transitions,ORG,1.59,Fournisseur : ESSILOR FR ...,https://si.france-optique.com/img/gravures/nasal/web_1797-XRtrackP.tif.jpg,https://www.france-optique.com/gravures/fournisseur=521,2025-06-13 13:27:06.420000
2403,Varilux XR track Ormix et Ormix Transitions,ORG,1.6,Fournisseur : ESSILOR FR ...,https://si.france-optique.com/img/gravures/nasal/web_1794-XRTrack6.tif.jpg,https://www.france-optique.com/gravures/fournisseur=521,2025-06-13 13:27:06.430000
2404,Varilux XR track Stylis et Stylis Transitions,ORG,1.67,Fournisseur : ESSILOR FR ...,https://si.france-optique.com/img/gravures/nasal/web_1795-XRtrack67.tif.jpg,https://www.france-optique.com/gravures/fournisseur=521,2025-06-13 13:27:06.443333
2405,Varilux XR track Lineis et Lineis Transitions,ORG,1.74,Fournisseur : ESSILOR FR ...,https://si.france-optique.com/img/gravures/nasal/web_1796-XRTrack74.tif.jpg,https://www.france-optique.com/gravures/fournisseur=521,2025-06-13 13:27:06.453333
2406,Varilux XR pro Orma et Orma Transitions,ORG,1.5,Fournisseur : ESSILOR FR ...,https://si.france-optique.com/img/gravures/nasal/web_1788-XRPro5.tif.jpg,https://www.france-optique.com/gravures/fournisseur=521,2025-06-13 13:27:06.470000
2407,Varilux XR pro Airwear et Airwear Transitions,ORG,1.59,Fournisseur : ESSILOR FR ...,https://si.france-optique.com/img/gravures/nasal/web_1792-XRProP.tif.jpg,https://www.france-optique.com/gravures/fournisseur=521,2025-06-13 13:27:06.483333
2408,Varilux XR pro Ormix et Ormix Transitions,ORG,1.6,Fournisseur : ESSILOR FR ...,https://si.france-optique.com/img/gravures/nasal/web_1789-XRPro6.tif.jpg,https://www.france-optique.com/gravures/fournisseur=521,2025-06-13 13:27:06.500000
2409,Varilux XR pro Stylis et Stylis Transitions,ORG,1.67,Fournisseur : ESSILOR FR ...,https://si.france-optique.com/img/gravures/nasal/web_1790-XRPro67.tif.jpg,https://www.france-optique.com/gravures/fournisseur=521,2025-06-13 13:27:06.513333
2410,Varilux XR pro Lineis et Lineis Transitions,ORG,1.74,Fournisseur : ESSILOR FR ...,https://si.france-optique.com/img/gravures/nasal/web_1791-XRPro74.tif.jpg,https://www.france-optique.com/gravures/fournisseur=521,2025-06-13 13:27:06.526666
2411,Varilux XR pro Eye Protect System Orma,ORG,1.5,Fournisseur : ESSILOR FR ...,https://si.france-optique.com/img/gravures/nasal/web_1788-XRPro5.tif.jpg,https://www.france-optique.com/gravures/fournisseur=521,2025-06-13 13:27:06.540000
2412,Varilux XR pro Eye Protect System Airwear,ORG,1.59,Fournisseur : ESSILOR FR ...,https://si.france-optique.com/img/gravures/nasal/web_1792-XRProP.tif.jpg,https://www.france-optique.com/gravures/fournisseur=521,2025-06-13 13:27:06.550000
2413,Varilux XR pro Eye Protect System Ormix,ORG,1.6,Fournisseur : ESSILOR FR ...,https://si.france-optique.com/img/gravures/nasal/web_1789-XRPro6.tif.jpg,https://www.france-optique.com/gravures/fournisseur=521,2025-06-13 13:27:06.563333
2414,Varilux XR pro Eye Protect System Stylis,ORG,1.67,Fournisseur : ESSILOR FR ...,https://si.france-optique.com/img/gravures/nasal/web_1790-XRPro67.tif.jpg,https://www.france-optique.com/gravures/fournisseur=521,2025-06-13 13:27:06.576666
2415,Varilux XR pro Eye Protect System Lineis,ORG,1.74,Fournisseur : ESSILOR FR ...,https://si.france-optique.com/img/gravures/nasal/web_1791-XRPro74.tif.jpg,https://www.france-optique.com/gravures/fournisseur=521,2025-06-13 13:27:06.590000
2416,Varilux XR 4D Orma et Orma Transitions,ORG,1.5,Fournisseur : ESSILOR FR ...,https://si.france-optique.com/img/gravures/nasal/web_1783-XRDesign5.tif.jpg,https://www.france-optique.com/gravures/fournisseur=521,2025-06-13 13:27:06.603333
2417,Varilux XR 4D Airwear et Airwear Transitions,ORG,1.59,Fournisseur : ESSILOR FR ...,https://si.france-optique.com/img/gravures/nasal/web_1787-XRDesignP.tif.jpg,https://www.france-optique.com/gravures/fournisseur=521,2025-06-13 13:27:06.613333
2418,Varilux XR 4D Ormix et Ormix Transitions,ORG,1.6,Fournisseur : ESSILOR FR ...,https://si.france-optique.com/img/gravures/nasal/web_1784-XRDesign6.tif.jpg,https://www.france-optique.com/gravures/fournisseur=521,2025-06-13 13:27:06.626666
2419,Varilux XR 4D Stylis et Stylis Transitions,ORG,1.67,Fournisseur : ESSILOR FR ...,https://si.france-optique.com/img/gravures/nasal/web_1785-XRDesign67.tif.jpg,https://www.france-optique.com/gravures/fournisseur=521,2025-06-13 13:27:06.640000
2420,Varilux XR 4D Lineis et Lineis Transitions,ORG,1.74,Fournisseur : ESSILOR FR ...,https://si.france-optique.com/img/gravures/nasal/web_1786-XRDesign74.tif.jpg,https://www.france-optique.com/gravures/fournisseur=521,2025-06-13 13:27:06.650000
2421,Varilux XR 4D Eye Protect System Orma,ORG,1.5,Fournisseur : ESSILOR FR ...,https://si.france-optique.com/img/gravures/nasal/web_1783-XRDesign5.tif.jpg,https://www.france-optique.com/gravures/fournisseur=521,2025-06-13 13:27:06.663333
2422,Varilux XR 4D Eye Protect System Airwear,ORG,1.59,Fournisseur : ESSILOR FR ...,https://si.france-optique.com/img/gravures/nasal/web_1787-XRDesignP.tif.jpg,https://www.france-optique.com/gravures/fournisseur=521,2025-06-13 13:27:06.676666
2423,Varilux XR 4D Eye Protect System Ormix,ORG,1.6,Fournisseur : ESSILOR FR ...,https://si.france-optique.com/img/gravures/nasal/web_1784-XRDesign6.tif.jpg,https://www.france-optique.com/gravures/fournisseur=521,2025-06-13 13:27:06.686666
2424,Varilux XR 4D Eye Protect System Stylis,ORG,1.67,Fournisseur : ESSILOR FR ...,https://si.france-optique.com/img/gravures/nasal/web_1785-XRDesign67.tif.jpg,https://www.france-optique.com/gravures/fournisseur=521,2025-06-13 13:27:06.696666
2425,Varilux XR 4D Eye Protect System Lineis,ORG,1.74,Fournisseur : ESSILOR FR ...,https://si.france-optique.com/img/gravures/nasal/web_1786-XRDesign74.tif.jpg,https://www.france-optique.com/gravures/fournisseur=521,2025-06-13 13:27:06.710000
2426,Essilor Symphony Activ FIT Orma et Orma Transitions,ORG,1.5,Fournisseur : ESSILOR FR ...,https://si.france-optique.com/img/gravures/nasal/web_2024-gravure_symphony_activ%20fit_Ormix%20A5.tif.jpg,https://www.france-optique.com/gravures/fournisseur=521,2025-06-13 13:27:06.723333
2427,Essilor Symphony Activ FIT Airwear et Airwear Transition,ORG,1.59,Fournisseur : ESSILOR FR ...,https://si.france-optique.com/img/gravures/nasal/web_2023-gravure_symphony_activ%20fit_Airwear.tif.jpg,https://www.france-optique.com/gravures/fournisseur=521,2025-06-13 13:27:06.736666
2428,Essilor Symphony Activ FIT Ormix et Ormix Transitions,ORG,1.6,Fournisseur : ESSILOR FR ...,https://si.france-optique.com/img/gravures/nasal/web_2025-gravure_symphony_activ%20fit_Ormix.tif.jpg,https://www.france-optique.com/gravures/fournisseur=521,2025-06-13 13:27:06.750000
2429,Essilor Symphony Activ FIT Stylis et Stylis Transitions,ORG,1.67,Fournisseur : ESSILOR FR ...,https://si.france-optique.com/img/gravures/nasal/web_2026-gravure_symphony_activ%20fit_Stylis.tif.jpg,https://www.france-optique.com/gravures/fournisseur=521,2025-06-13 13:27:06.760000
2430,Essilor Symphony Activ FIT Lineis et Lineis Transitions,ORG,1.74,Fournisseur : ESSILOR FR ...,https://si.france-optique.com/img/gravures/nasal/web_2027-gravure_symphony_activ_fit_Lineis.tif.jpg,https://www.france-optique.com/gravures/fournisseur=521,2025-06-13 13:27:06.773333
2431,Varilux Physio extensee Orma et Orma Transitions,ORG,1.5,Fournisseur : ESSILOR FR ...,https://si.france-optique.com/img/gravures/nasal/web_2038-Symbole%20extensee%20Gravure-5.tif.jpg,https://www.france-optique.com/gravures/fournisseur=521,2025-06-13 13:27:06.786666
2432,Varilux Physio extensee Airwear et Airwear Transitions,ORG,1.59,Fournisseur : ESSILOR FR ...,https://si.france-optique.com/img/gravures/nasal/web_2041-Symbole%20extensee%20Gravure-P.tif.jpg,https://www.france-optique.com/gravures/fournisseur=521,2025-06-13 13:27:06.800000
2433,Varilux Physio extensee Ormix et Ormix Transitions,ORG,1.6,Fournisseur : ESSILOR FR ...,https://si.france-optique.com/img/gravures/nasal/web_2039-Symbole%20extensee%20Gravure-6.tif.jpg,https://www.france-optique.com/gravures/fournisseur=521,2025-06-13 13:27:06.813333
2434,Varilux Physio extensee Stylis et Stylis Transitions,ORG,1.67,Fournisseur : ESSILOR FR ...,https://si.france-optique.com/img/gravures/nasal/web_2042-Symbole%20extensee%20Gravure-Pi.tif.jpg,https://www.france-optique.com/gravures/fournisseur=521,2025-06-13 13:27:06.826666
2435,Varilux Physio extensee Lineis et Lineis Transitions,ORG,1.74,Fournisseur : ESSILOR FR ...,https://si.france-optique.com/img/gravures/nasal/web_2040-Symbole%20extensee%20Gravure-74.tif.jpg,https://www.france-optique.com/gravures/fournisseur=521,2025-06-13 13:27:06.840000
2436,Varilux Physio extensee Short Orma et Orma Transitions,ORG,1.5,Fournisseur : ESSILOR FR ...,https://si.france-optique.com/img/gravures/nasal/web_2038-Symbole%20extensee%20Gravure-5.tif.jpg,https://www.france-optique.com/gravures/fournisseur=521,2025-06-13 13:27:06.850000
2472,OLOGRAM Micros / OLOGRAM Micros Blue Clear / OLOGRAM Micros Transitions TM Gen S®,ORG,1.74,NOVACEL,4 GRm,https://www.france-optique.com/gravures/fournisseur=711,2025-06-13 13:27:07.296666
2437,Varilux Physio extensee Short Airwear et Airwear Transitions,ORG,1.59,Fournisseur : ESSILOR FR ...,https://si.france-optique.com/img/gravures/nasal/web_2041-Symbole%20extensee%20Gravure-P.tif.jpg,https://www.france-optique.com/gravures/fournisseur=521,2025-06-13 13:27:06.863333
2438,Varilux Physio extensee Short Ormix et Ormix Transitions,ORG,1.6,Fournisseur : ESSILOR FR ...,https://si.france-optique.com/img/gravures/nasal/web_2039-Symbole%20extensee%20Gravure-6.tif.jpg,https://www.france-optique.com/gravures/fournisseur=521,2025-06-13 13:27:06.876666
2439,Varilux Physio extensee Short Stylis et Stylis Transitions,ORG,1.67,Fournisseur : ESSILOR FR ...,https://si.france-optique.com/img/gravures/nasal/web_2042-Symbole%20extensee%20Gravure-Pi.tif.jpg,https://www.france-optique.com/gravures/fournisseur=521,2025-06-13 13:27:06.886666
2440,Varilux Physio extensee Short Lineis et Lineis Transitions,ORG,1.74,Fournisseur : ESSILOR FR ...,https://si.france-optique.com/img/gravures/nasal/web_2040-Symbole%20extensee%20Gravure-74.tif.jpg,https://www.france-optique.com/gravures/fournisseur=521,2025-06-13 13:27:06.896666
2441,Varilux Physio extensee FIT Orma et Orma Transitions,ORG,1.5,Fournisseur : ESSILOR FR ...,https://si.france-optique.com/img/gravures/nasal/web_2038-Symbole%20extensee%20Gravure-5.tif.jpg,https://www.france-optique.com/gravures/fournisseur=521,2025-06-13 13:27:06.910000
2442,Varilux Physio extensee FIT Airwear et Airwear Transitions,ORG,1.59,Fournisseur : ESSILOR FR ...,https://si.france-optique.com/img/gravures/nasal/web_2041-Symbole%20extensee%20Gravure-P.tif.jpg,https://www.france-optique.com/gravures/fournisseur=521,2025-06-13 13:27:06.923333
2443,Varilux Physio extensee FIT Ormix et Ormix Transitions,ORG,1.6,Fournisseur : ESSILOR FR ...,https://si.france-optique.com/img/gravures/nasal/web_2039-Symbole%20extensee%20Gravure-6.tif.jpg,https://www.france-optique.com/gravures/fournisseur=521,2025-06-13 13:27:06.933333
2444,INOVIS OPTIMA / INOVIS OPTIMA UV Clear / INOVIS OPTIMA Blue Clear / INOVIS OPTIMA Transitions TM Gen S® / INOVIS OPTIMA Transitions TM XTRActive® / INOVIS OPTIMA polarisant / INOVIS OPTIMA Drivewear® polarisant photochromique,ORG,1.5,NOVACEL,IN,https://www.france-optique.com/gravures/fournisseur=711,2025-06-13 13:27:06.946666
2445,INOVIS OPTIMA Trivex® / INOVIS OPTIMA Trivex® Blue Clear / INOVIS OPTIMA Trivex® Transitions TM Gen S® / INOVIS OPTIMA Trivex® Transitions TM XTRActive® / INOVIS OPTIMA Trivex® polarisant,TVX,1.53,NOVACEL,T IN,https://www.france-optique.com/gravures/fournisseur=711,2025-06-13 13:27:06.960000
2446,INOVIS OPTIMA / INOVIS OPTIMA Transitions TM Gen S® / INOVIS OPTIMA Transitions TM XTRActive® / INOVIS OPTIMA polarisant / INOVIS OPTIMA Drivewear® polarisant photochromique,POLY,1.59,NOVACEL,P IN,https://www.france-optique.com/gravures/fournisseur=711,2025-06-13 13:27:06.973333
2447,INOVIS OPTIMA / INOVIS OPTIMA UV Clear / INOVIS OPTIMA Blue Clear / INOVIS OPTIMA Transitions TM Gen S® / INOVIS OPTIMA Transitions TM XTRActive® / INOVIS OPTIMA polarisant,ORG,1.6,NOVACEL,2 IN,https://www.france-optique.com/gravures/fournisseur=711,2025-06-13 13:27:06.986666
2448,INOVIS OPTIMA / INOVIS OPTIMA Blue Clear / INOVIS OPTIMA Transitions TM Gen S® / INOVIS OPTIMA Transitions TM XTRActive® / INOVIS OPTIMA polarisant,ORG,1.67,NOVACEL,3 IN,https://www.france-optique.com/gravures/fournisseur=711,2025-06-13 13:27:07.000000
2449,INOVIS OPTIMA / INOVIS OPTIMA Blue Clear / INOVIS OPTIMA Transitions TM Gen S® / INOVIS OPTIMA Transitions TM XTRActive®,ORG,1.74,NOVACEL,4 IN,https://www.france-optique.com/gravures/fournisseur=711,2025-06-13 13:27:07.010000
2450,SYNCHRONA Kids / SYNCHRONA Kids Blue Clear / SYNCHRONA Kids polarisant,ORG,1.5,NOVACEL,https://si.france-optique.com/img/gravures/nasal/web_423-nas-novacel-41.tif.jpg,https://www.france-optique.com/gravures/fournisseur=711,2025-06-13 13:27:07.023333
2451,SYNCHRONA Kids Trivex® / SYNCHRONA Kids Trivex® Blue Clear / SYNCHRONA Kids Trivex® polarisant,TVX,1.53,NOVACEL,https://si.france-optique.com/img/gravures/nasal/web_1041-nas-novacel-66.tif.jpg,https://www.france-optique.com/gravures/fournisseur=711,2025-06-13 13:27:07.036666
2452,SYNCHRONA Kids / SYNCHRONA Kids polarisant,POLY,1.59,NOVACEL,https://si.france-optique.com/img/gravures/nasal/web_1040-nas-novacel-65.tif.jpg,https://www.france-optique.com/gravures/fournisseur=711,2025-06-13 13:27:07.050000
2453,SYNCHRONA Kids / SYNCHRONA Kids Blue Clear / SYNCHRONA Kids polarisant,ORG,1.6,NOVACEL,https://si.france-optique.com/img/gravures/nasal/web_1039-nas-novacel-64.tif.jpg,https://www.france-optique.com/gravures/fournisseur=711,2025-06-13 13:27:07.060000
2454,SYNCHRONA Kids / SYNCHRONA Kids Blue Clear / SYNCHRONA Kids polarisant,ORG,1.67,NOVACEL,https://si.france-optique.com/img/gravures/nasal/web_1037-nas-novacel-62.tif.jpg,https://www.france-optique.com/gravures/fournisseur=711,2025-06-13 13:27:07.073333
2455,SYNCHRONA Kids - SYNCHRONA Kids Blue Clear,ORG,1.74,NOVACEL,https://si.france-optique.com/img/gravures/nasal/web_1038-nas-novacel-63.tif.jpg,https://www.france-optique.com/gravures/fournisseur=711,2025-06-13 13:27:07.086666
2456,OLOGRAM Size / OLOGRAM Size UV Clear / OLOGRAM Size Blue Clear / OLOGRAM Size Transitions TM Gen S® / OLOGRAM Size polarisant,ORG,1.5,NOVACEL,GRs,https://www.france-optique.com/gravures/fournisseur=711,2025-06-13 13:27:07.090000
2457,OLOGRAM Size / OLOGRAM Size Transitions TM Gen S® / OLOGRAM Size polarisant,POLY,1.59,NOVACEL,P GRs,https://www.france-optique.com/gravures/fournisseur=711,2025-06-13 13:27:07.100000
2458,OLOGRAM Size / OLOGRAM Size UV Clear / OLOGRAM Size Blue Clear / OLOGRAM Size Transitions TM Gen S® / OLOGRAM Size polarisant,ORG,1.6,NOVACEL,2 GRs,https://www.france-optique.com/gravures/fournisseur=711,2025-06-13 13:27:07.116666
2459,OLOGRAM Size / OLOGRAM Size Blue Clear / OLOGRAM Size Transitions TM Gen S® / OLOGRAM Size polarisant,ORG,1.67,NOVACEL,3 GRs,https://www.france-optique.com/gravures/fournisseur=711,2025-06-13 13:27:07.126666
2460,OLOGRAM Size / OLOGRAM Size Blue Clear / OLOGRAM Size Transitions TM Gen S®,ORG,1.74,NOVACEL,4 GRs,https://www.france-optique.com/gravures/fournisseur=711,2025-06-13 13:27:07.140000
2461,OLOGRAM / OLOGRAM UV Clear / OLOGRAM Blue Clear / OLOGRAM Transitions TM Gen S® / OLOGRAM polarisant,ORG,1.5,NOVACEL,GR,https://www.france-optique.com/gravures/fournisseur=711,2025-06-13 13:27:07.153333
2462,OLOGRAM Micros / OLOGRAM Micros UV Clear / OLOGRAM Micros Blue Clear / OLOGRAM Micros Transitions TM Gen S® / OLOGRAM Micros polarisant,ORG,1.5,NOVACEL,GRm,https://www.france-optique.com/gravures/fournisseur=711,2025-06-13 13:27:07.166666
2463,OLOGRAM SUPERCHROMIC,ORG,1.56,NOVACEL,1 GR,https://www.france-optique.com/gravures/fournisseur=711,2025-06-13 13:27:07.180000
2464,OLOGRAM Micros SUPERCHROMIC,ORG,1.56,NOVACEL,1 GRm,https://www.france-optique.com/gravures/fournisseur=711,2025-06-13 13:27:07.193333
2465,OLOGRAM / OLOGRAM Transitions TM Gen S® / OLOGRAM polarisant,POLY,1.59,NOVACEL,P GR,https://www.france-optique.com/gravures/fournisseur=711,2025-06-13 13:27:07.206666
2466,OLOGRAM Micros / OLOGRAM Micros Transitions TM Gen S® / OLOGRAM Micros polarisant,POLY,1.59,NOVACEL,P GRm,https://www.france-optique.com/gravures/fournisseur=711,2025-06-13 13:27:07.220000
2467,OLOGRAM / OLOGRAM UV Clear / OLOGRAM Blue Clear / OLOGRAM Transitions TM Gen S® / OLOGRAM polarisant,ORG,1.6,NOVACEL,2 GR,https://www.france-optique.com/gravures/fournisseur=711,2025-06-13 13:27:07.233333
2468,OLOGRAM Micros / OLOGRAM Micros UV Clear / OLOGRAM Micros Blue Clear / OLOGRAM Micros Transitions TM Gen S® / OLOGRAM Micros polarisant,ORG,1.6,NOVACEL,2 GRm,https://www.france-optique.com/gravures/fournisseur=711,2025-06-13 13:27:07.243333
2469,OLOGRAM / OLOGRAM Blue Clear / OLOGRAM Transitions TM Gen S® / OLOGRAM polarisant,ORG,1.67,NOVACEL,3 GR,https://www.france-optique.com/gravures/fournisseur=711,2025-06-13 13:27:07.260000
2470,OLOGRAM Micros / OLOGRAM Micros Blue Clear / OLOGRAM Micros Transitions TM Gen S® / OLOGRAM Micros polarisant,ORG,1.67,NOVACEL,3 GRm,https://www.france-optique.com/gravures/fournisseur=711,2025-06-13 13:27:07.270000
2471,OLOGRAM / OLOGRAM Blue Clear / OLOGRAM Transitions TM Gen S®,ORG,1.74,NOVACEL,4 GR,https://www.france-optique.com/gravures/fournisseur=711,2025-06-13 13:27:07.283333
2473,I.M.S / I.M.S Transitions TM Gen S®,ORG,1.5,NOVACEL,https://si.france-optique.com/img/gravures/nasal/web_369-nas-novacel-34.tif.jpg,https://www.france-optique.com/gravures/fournisseur=711,2025-06-13 13:27:07.310000
2474,I.M.S Micros,ORG,1.5,NOVACEL,None,https://www.france-optique.com/gravures/fournisseur=711,2025-06-13 13:27:07.323333
2475,I.M.S Micros Transitions TM Gen S®,ORG,1.5,NOVACEL,https://si.france-optique.com/img/gravures/nasal/web_369-nas-novacel-34.tif.jpg,https://www.france-optique.com/gravures/fournisseur=711,2025-06-13 13:27:07.336666
2476,I.M.S / I.M.S Transitions TM Gen S®,ORG,1.6,NOVACEL,2,https://www.france-optique.com/gravures/fournisseur=711,2025-06-13 13:27:07.350000
2477,I.M.S Micros / I.M.S Micros Transitions TM Gen S®,ORG,1.6,NOVACEL,2,https://www.france-optique.com/gravures/fournisseur=711,2025-06-13 13:27:07.360000
2478,I.M.S / I.M.S Micros - I.M.S Micros Transitions TM Gen S®,ORG,1.67,NOVACEL,3,https://www.france-optique.com/gravures/fournisseur=711,2025-06-13 13:27:07.376666
2479,I.M.S,ORG,1.74,NOVACEL,None,https://www.france-optique.com/gravures/fournisseur=711,2025-06-13 13:27:07.386666
2480,I.M.S / I.M.S Photomatic,MIN,1.5,NOVACEL,None,https://www.france-optique.com/gravures/fournisseur=711,2025-06-13 13:27:07.400000
2481,I.M.S / I.M.S Photomatic,MIN,1.6,NOVACEL,H,https://www.france-optique.com/gravures/fournisseur=711,2025-06-13 13:27:07.413333
2482,I.M.S,MIN,1.7,NOVACEL,H7,https://www.france-optique.com/gravures/fournisseur=711,2025-06-13 13:27:07.423333
2483,I.M.S,MIN,1.8,NOVACEL,None,https://www.france-optique.com/gravures/fournisseur=711,2025-06-13 13:27:07.433333
2484,Elite Néo / Elite Néo UV Clear / Elite Néo Blue Clear / Elite Néo Transitions TM Gen S®,ORG,1.5,NOVACEL,EN,https://www.france-optique.com/gravures/fournisseur=711,2025-06-13 13:27:07.446666
2485,Elite Néo Micros / Elite Néo Micros UV Clear / Elite Néo Micros Blue Clear / Elite Néo Micros Transitions TM Gen S®,ORG,1.5,NOVACEL,ENm,https://www.france-optique.com/gravures/fournisseur=711,2025-06-13 13:27:07.460000
2486,Elite Néo / Elite Néo Transitions TM Gen S®,POLY,1.59,NOVACEL,P EN,https://www.france-optique.com/gravures/fournisseur=711,2025-06-13 13:27:07.473333
2487,Elite Néo Micros / Elite Néo Micros Transitions TM Gen S®,POLY,1.59,NOVACEL,P ENm,https://www.france-optique.com/gravures/fournisseur=711,2025-06-13 13:27:07.486666
2488,Elite Néo / Elite Néo UV Clear / Elite Néo Blue Clear / Elite Néo Transitions TM Gen S®,ORG,1.6,NOVACEL,2 EN,https://www.france-optique.com/gravures/fournisseur=711,2025-06-13 13:27:07.500000
2489,Elite Néo Micros / Elite Néo Micros UV Clear / Elite Néo Micros Blue Clear / Elite Néo Micros Transitions TM Gen S®,ORG,1.6,NOVACEL,2 ENm,https://www.france-optique.com/gravures/fournisseur=711,2025-06-13 13:27:07.510000
2490,Elite Néo / Elite Néo Blue Clear / Elite Néo Transitions TM Gen S®,ORG,1.67,NOVACEL,3 EN,https://www.france-optique.com/gravures/fournisseur=711,2025-06-13 13:27:07.523333
2491,Presio Elevate Z 12/14,ORG,1.5,NIKON VERRES OPTIQUES,PEL Z N12/N14,https://www.france-optique.com/gravures/fournisseur=561,2025-06-13 13:27:07.536666
2492,Presio Elevate Z 12/14,ORG,1.6,NIKON VERRES OPTIQUES,PEL Z N32/N34,https://www.france-optique.com/gravures/fournisseur=561,2025-06-13 13:27:07.550000
2493,Presio Elevate Z 12/14,ORG,1.67,NIKON VERRES OPTIQUES,PEL Z N42/N44,https://www.france-optique.com/gravures/fournisseur=561,2025-06-13 13:27:07.560000
2494,Presio Elevate Z 12/14,ORG,1.74,NIKON VERRES OPTIQUES,PEL Z N52/N54,https://www.france-optique.com/gravures/fournisseur=561,2025-06-13 13:27:07.573333
2495,K Sport 1.6 Transitions Xtractive Polarisant,ORG TRANS POLA,1.6,K OPTICAL,1.60 XTP,https://www.france-optique.com/gravures/fournisseur=2217,2025-06-13 13:27:07.586666
2496,K Sport 1.67 Transitions Xtractive Polarisant,ORG TRANS POLA,1.67,K OPTICAL,1.67 XTP,https://www.france-optique.com/gravures/fournisseur=2217,2025-06-13 13:27:07.600000
2497,K Sport Polycarbonate Transitions Xtractive Polarisant,POLY TRANS POLA,1.59,K OPTICAL,1.59 XTP,https://www.france-optique.com/gravures/fournisseur=2217,2025-06-13 13:27:07.610000
2498,K Bifo Invisible 1.5,ORG,1.5,K OPTICAL,1.50,https://www.france-optique.com/gravures/fournisseur=2217,2025-06-13 13:27:07.623333
2499,K Bifo Invisible 1.5 BLUE/KUT SE,ORG,1.5,K OPTICAL,1.50 BK,https://www.france-optique.com/gravures/fournisseur=2217,2025-06-13 13:27:07.636666
2500,K Bifo Invisible 1.5 Kromatic,ORG PHO,1.5,K OPTICAL,1.50 K,https://www.france-optique.com/gravures/fournisseur=2217,2025-06-13 13:27:07.650000
2501,K Bifo Invisible 1.5 Kromatic BLUE/KUT SE,ORG PHO,1.5,K OPTICAL,1.50 BK,https://www.france-optique.com/gravures/fournisseur=2217,2025-06-13 13:27:07.666666
2502,K Bifo Invisible 1.5 Transitions 8,ORG TRANS,1.5,K OPTICAL,1.50 T8,https://www.france-optique.com/gravures/fournisseur=2217,2025-06-13 13:27:07.680000
2503,K Bifo Invisible 1.5 Transitions 8 Style,ORG TRANS,1.5,K OPTICAL,1.50 TS,https://www.france-optique.com/gravures/fournisseur=2217,2025-06-13 13:27:07.696666
2504,K Bifo Invisible 1.5 Transitions Xtractive,ORG TRANS,1.5,K OPTICAL,1.50 XT,https://www.france-optique.com/gravures/fournisseur=2217,2025-06-13 13:27:07.710000
2505,K Bifo Invisible 1.5 Polarisant uni et dégradé,ORG POLA,1.5,K OPTICAL,1.50 POL,https://www.france-optique.com/gravures/fournisseur=2217,2025-06-13 13:27:07.726666
2506,K Bifo Invisible Trivex,TVX,1.53,K OPTICAL,1.53,https://www.france-optique.com/gravures/fournisseur=2217,2025-06-13 13:27:07.740000
2507,K Bifo Invisible Trivex BLUE/KUT SE,TVX,1.53,K OPTICAL,1.53 BK,https://www.france-optique.com/gravures/fournisseur=2217,2025-06-13 13:27:07.756666
2508,K Bifo Invisible Trivex Transitions 8,TVX TRANS,1.53,K OPTICAL,1.53 T8,https://www.france-optique.com/gravures/fournisseur=2217,2025-06-13 13:27:07.770000
2509,K Bifo Invisible Trivex Transitions Xtractive,ORG TRANS,1.53,K OPTICAL,1.53 XT,https://www.france-optique.com/gravures/fournisseur=2217,2025-06-13 13:27:07.783333
2510,K Bifo Invisible Trivex Polarisant,TVX POLA,1.53,K OPTICAL,1.53 POL,https://www.france-optique.com/gravures/fournisseur=2217,2025-06-13 13:27:07.796666
2511,K Bifo Invisible Polycarbonate,POLY,1.59,K OPTICAL,PC,https://www.france-optique.com/gravures/fournisseur=2217,2025-06-13 13:27:07.810000
2512,K Bifo Invisible Polycarbonate BLUE/KUT SE,POLY,1.59,K OPTICAL,PC BK,https://www.france-optique.com/gravures/fournisseur=2217,2025-06-13 13:27:07.823333
2513,K Bifo Invisible Polycarbonate Kromatic BLUE/KUT SE,POLY PHO,1.59,K OPTICAL,PC KB,https://www.france-optique.com/gravures/fournisseur=2217,2025-06-13 13:27:07.840000
2514,K Bifo Invisible Polycarbonate Transitions 8,POLY TRANS,1.59,K OPTICAL,PC T8,https://www.france-optique.com/gravures/fournisseur=2217,2025-06-13 13:27:07.853333
2515,K Bifo Invisible Polycarbonate Transitions 8 Style,POLY TRANS,1.59,K OPTICAL,PC TS,https://www.france-optique.com/gravures/fournisseur=2217,2025-06-13 13:27:07.866666
2516,K Bifo Invisible Polycarbonate Transitions Xtractive,POLY TRANS,1.59,K OPTICAL,PC XT,https://www.france-optique.com/gravures/fournisseur=2217,2025-06-13 13:27:07.880000
2517,Varilux Physio extensee FIT Stylis et Stylis Transitions,ORG,1.67,Fournisseur : ESSILOR FR ...,https://si.france-optique.com/img/gravures/nasal/web_2042-Symbole%20extensee%20Gravure-Pi.tif.jpg,https://www.france-optique.com/gravures/fournisseur=521,2025-06-13 13:27:07.893333
2518,Varilux Physio extensee FIT Lineis et Lineis Transitions,ORG,1.74,Fournisseur : ESSILOR FR ...,https://si.france-optique.com/img/gravures/nasal/web_2040-Symbole%20extensee%20Gravure-74.tif.jpg,https://www.france-optique.com/gravures/fournisseur=521,2025-06-13 13:27:07.906666
2519,Varilux Physio extensee track Orma et Orma Transitions,ORG,1.5,Fournisseur : ESSILOR FR ...,https://si.france-optique.com/img/gravures/nasal/web_2043-Symbole%20Track%20Gravure-5.tif.jpg,https://www.france-optique.com/gravures/fournisseur=521,2025-06-13 13:27:07.920000
2520,Varilux Physio extensee track Airwear et Airwear Transitions,ORG,1.59,Fournisseur : ESSILOR FR ...,https://si.france-optique.com/img/gravures/nasal/web_2046-Symbole%20Track%20Gravure-P.tif.jpg,https://www.france-optique.com/gravures/fournisseur=521,2025-06-13 13:27:07.933333
2521,Varilux Physio extensee track Ormix et Ormix Transitions,ORG,1.6,Fournisseur : ESSILOR FR ...,https://si.france-optique.com/img/gravures/nasal/web_2044-Symbole%20Track%20Gravure-6.tif.jpg,https://www.france-optique.com/gravures/fournisseur=521,2025-06-13 13:27:07.943333
2540,Ophtalmic B-FIT 174,ORG,1.74,OPHTALMIC COMPAGNIE,BF,https://www.france-optique.com/gravures/fournisseur=2395,2025-06-13 13:27:08.190000
2522,Varilux Physio extensee track Stylis et Stylis Transitions,ORG,1.67,Fournisseur : ESSILOR FR ...,https://si.france-optique.com/img/gravures/nasal/web_2047-Symbole%20Track%20Gravure-Pi.tif.jpg,https://www.france-optique.com/gravures/fournisseur=521,2025-06-13 13:27:07.960000
2523,Varilux Physio extensee track Lineis et Lineis Transitions,ORG,1.74,Fournisseur : ESSILOR FR ...,https://si.france-optique.com/img/gravures/nasal/web_2045-Symbole%20Track%20Gravure-74.tif.jpg,https://www.france-optique.com/gravures/fournisseur=521,2025-06-13 13:27:07.973333
2524,Varilux Physio extensee Eye Protect System Orma,ORG,1.5,Fournisseur : ESSILOR FR ...,https://si.france-optique.com/img/gravures/nasal/web_2038-Symbole%20extensee%20Gravure-5.tif.jpg,https://www.france-optique.com/gravures/fournisseur=521,2025-06-13 13:27:07.986666
2525,Varilux Physio extensee Eye Protect System Airwear,ORG,1.59,Fournisseur : ESSILOR FR ...,https://si.france-optique.com/img/gravures/nasal/web_2041-Symbole%20extensee%20Gravure-P.tif.jpg,https://www.france-optique.com/gravures/fournisseur=521,2025-06-13 13:27:07.996666
2526,Varilux Physio extensee Eye Protect System Ormix,ORG,1.6,Fournisseur : ESSILOR FR ...,https://si.france-optique.com/img/gravures/nasal/web_2039-Symbole%20extensee%20Gravure-6.tif.jpg,https://www.france-optique.com/gravures/fournisseur=521,2025-06-13 13:27:08.006666
2527,Varilux Physio extensee Eye Protect System Stylis,ORG,1.67,Fournisseur : ESSILOR FR ...,https://si.france-optique.com/img/gravures/nasal/web_2042-Symbole%20extensee%20Gravure-Pi.tif.jpg,https://www.france-optique.com/gravures/fournisseur=521,2025-06-13 13:27:08.020000
2528,Varilux Physio extensee Eye Protect System Lineis,ORG,1.74,Fournisseur : ESSILOR FR ...,https://si.france-optique.com/img/gravures/nasal/web_2040-Symbole%20extensee%20Gravure-74.tif.jpg,https://www.france-optique.com/gravures/fournisseur=521,2025-06-13 13:27:08.033333
2529,Varilux Physio extensee Short Eye Protect System Orma,ORG,1.5,Fournisseur : ESSILOR FR ...,https://si.france-optique.com/img/gravures/nasal/web_2038-Symbole%20extensee%20Gravure-5.tif.jpg,https://www.france-optique.com/gravures/fournisseur=521,2025-06-13 13:27:08.046666
2530,Varilux Physio extensee Short Eye Protect System Airwear,ORG,1.59,Fournisseur : ESSILOR FR ...,https://si.france-optique.com/img/gravures/nasal/web_2041-Symbole%20extensee%20Gravure-P.tif.jpg,https://www.france-optique.com/gravures/fournisseur=521,2025-06-13 13:27:08.056666
2531,Varilux Physio extensee Short Eye Protect System Ormix,ORG,1.6,Fournisseur : ESSILOR FR ...,https://si.france-optique.com/img/gravures/nasal/web_2039-Symbole%20extensee%20Gravure-6.tif.jpg,https://www.france-optique.com/gravures/fournisseur=521,2025-06-13 13:27:08.070000
2532,Varilux Physio extensee Short Eye Protect System Stylis,ORG,1.67,Fournisseur : ESSILOR FR ...,https://si.france-optique.com/img/gravures/nasal/web_2042-Symbole%20extensee%20Gravure-Pi.tif.jpg,https://www.france-optique.com/gravures/fournisseur=521,2025-06-13 13:27:08.083333
2533,Varilux Physio extensee Short Eye Protect System Lineis,ORG,1.74,Fournisseur : ESSILOR FR ...,https://si.france-optique.com/img/gravures/nasal/web_2040-Symbole%20extensee%20Gravure-74.tif.jpg,https://www.france-optique.com/gravures/fournisseur=521,2025-06-13 13:27:08.103333
2534,Elite Néo Micros / Elite Néo Micros Blue Clear / Elite Néo Micros Transitions TM Gen S®,ORG,1.67,NOVACEL,3 ENm,https://www.france-optique.com/gravures/fournisseur=711,2025-06-13 13:27:08.116666
2535,Elite Néo / Elite Néo Blue Clear / Elite Néo Transitions TM Gen S®,ORG,1.74,NOVACEL,4 EN,https://www.france-optique.com/gravures/fournisseur=711,2025-06-13 13:27:08.130000
2536,Elite Néo Micros / Elite Néo Micros Blue Clear / Elite Néo Micros Transitions TM Gen S®,ORG,1.74,NOVACEL,4 ENm,https://www.france-optique.com/gravures/fournisseur=711,2025-06-13 13:27:08.140000
2537,Elite-Vista Perfect,ORG,1.5,NOVACEL,EV,https://www.france-optique.com/gravures/fournisseur=711,2025-06-13 13:27:08.153333
2538,Elite-Vista Micros Perfect,ORG,1.5,NOVACEL,EVm,https://www.france-optique.com/gravures/fournisseur=711,2025-06-13 13:27:08.163333
2539,Elite-Vista Perfect,ORG,1.6,NOVACEL,2 EV,https://www.france-optique.com/gravures/fournisseur=711,2025-06-13 13:27:08.176666
2541,Ophtalmic B-FIT 167,ORG,1.67,OPHTALMIC COMPAGNIE,BF,https://www.france-optique.com/gravures/fournisseur=2395,2025-06-13 13:27:08.200000
2542,Ophtalmic B-FIT 167 Nupolar,ORG,1.67,OPHTALMIC COMPAGNIE,BF,https://www.france-optique.com/gravures/fournisseur=2395,2025-06-13 13:27:08.213333
2543,Ophtalmic B-FIT 160,ORG,1.6,OPHTALMIC COMPAGNIE,BF,https://www.france-optique.com/gravures/fournisseur=2395,2025-06-13 13:27:08.226666
2544,Ophtalmic B-FIT 160 Nupolar,ORG,1.6,OPHTALMIC COMPAGNIE,BF,https://www.france-optique.com/gravures/fournisseur=2395,2025-06-13 13:27:08.236666
2545,Ophtalmic B-FIT Poly,POLY,1.59,OPHTALMIC COMPAGNIE,BF,https://www.france-optique.com/gravures/fournisseur=2395,2025-06-13 13:27:08.250000
2546,Ophtalmic B-FIT Poly Nupolar,POLY,1.59,OPHTALMIC COMPAGNIE,BF,https://www.france-optique.com/gravures/fournisseur=2395,2025-06-13 13:27:08.263333
2547,Ophtalmic B-FIT Poly Drivewear,POLY,1.59,OPHTALMIC COMPAGNIE,BF,https://www.france-optique.com/gravures/fournisseur=2395,2025-06-13 13:27:08.276666
2548,Ophtalmic B-FIT Trilogy,TVX,1.53,OPHTALMIC COMPAGNIE,BF,https://www.france-optique.com/gravures/fournisseur=2395,2025-06-13 13:27:08.290000
2549,Ophtalmic B-FIT 150,ORG,1.5,OPHTALMIC COMPAGNIE,BF,https://www.france-optique.com/gravures/fournisseur=2395,2025-06-13 13:27:08.303333
2550,Ophtalmic B-FIT 150 Nupolar,ORG,1.5,OPHTALMIC COMPAGNIE,BF,https://www.france-optique.com/gravures/fournisseur=2395,2025-06-13 13:27:08.313333
2551,Ophtalmic B-FIT 150 Drivewear,ORG,1.5,OPHTALMIC COMPAGNIE,BF,https://www.france-optique.com/gravures/fournisseur=2395,2025-06-13 13:27:08.330000
2552,Ophtalmic Eyes3 174,ORG,1.74,OPHTALMIC COMPAGNIE,E3 ou E3S ou E3XS,https://www.france-optique.com/gravures/fournisseur=2395,2025-06-13 13:27:08.343333
2553,Ophtalmic Eyes3 167,ORG,1.67,OPHTALMIC COMPAGNIE,E3 ou E3S ou E3XS,https://www.france-optique.com/gravures/fournisseur=2395,2025-06-13 13:27:08.356666
2554,Ophtalmic Eyes3 167 Sunlite,ORG,1.67,OPHTALMIC COMPAGNIE,E3 ou E3S ou E3XS,https://www.france-optique.com/gravures/fournisseur=2395,2025-06-13 13:27:08.370000
2555,Ophtalmic Eyes3 160,ORG,1.6,OPHTALMIC COMPAGNIE,E3 ou E3S ou E3XS,https://www.france-optique.com/gravures/fournisseur=2395,2025-06-13 13:27:08.383333
2556,Ophtalmic Eyes3 160 Sunlite,ORG,1.6,OPHTALMIC COMPAGNIE,E3 ou E3S ou E3XS,https://www.france-optique.com/gravures/fournisseur=2395,2025-06-13 13:27:08.396666
2557,Ophtalmic Eyes3 160 PolarPlus,ORG,1.6,OPHTALMIC COMPAGNIE,E3 ou E3S ou E3XS,https://www.france-optique.com/gravures/fournisseur=2395,2025-06-13 13:27:08.410000
2558,Ophtalmic Eyes3 Poly,POLY,1.59,OPHTALMIC COMPAGNIE,E3 ou E3S ou E3XS,https://www.france-optique.com/gravures/fournisseur=2395,2025-06-13 13:27:08.423333
2559,Ophtalmic Eyes3 Poly Nupolar,POLY,1.59,OPHTALMIC COMPAGNIE,E3 ou E3S ou E3XS,https://www.france-optique.com/gravures/fournisseur=2395,2025-06-13 13:27:08.436666
2560,Ophtalmic Eyes3 154 Sunlite,ORG,1.54,OPHTALMIC COMPAGNIE,E3 ou E3S ou E3XS,https://www.france-optique.com/gravures/fournisseur=2395,2025-06-13 13:27:08.450000
2561,Ophtalmic Eyes3 Trilogy,TVX,1.53,OPHTALMIC COMPAGNIE,E3 ou E3S ou E3XS,https://www.france-optique.com/gravures/fournisseur=2395,2025-06-13 13:27:08.463333
2562,Ophtalmic Eyes3 150,ORG,1.5,OPHTALMIC COMPAGNIE,E3 ou E3S ou E3XS,https://www.france-optique.com/gravures/fournisseur=2395,2025-06-13 13:27:08.476666
2563,Ophtalmic Eyes3 150 Acclimates,ORG,1.5,OPHTALMIC COMPAGNIE,E3 ou E3S ou E3XS,https://www.france-optique.com/gravures/fournisseur=2395,2025-06-13 13:27:08.486666
2564,Ophtalmic Eyes3 150 PolarPlus,ORG,1.5,OPHTALMIC COMPAGNIE,E3 ou E3S ou E3XS,https://www.france-optique.com/gravures/fournisseur=2395,2025-06-13 13:27:08.500000
2565,Ophtalmic Eyes3 150 Nupolar,ORG,1.5,OPHTALMIC COMPAGNIE,E3 ou E3S ou E3XS,https://www.france-optique.com/gravures/fournisseur=2395,2025-06-13 13:27:08.513333
2566,Ophtalmic Eyes3 150 Drivewear,ORG,1.5,OPHTALMIC COMPAGNIE,E3 ou E3S ou E3XS,https://www.france-optique.com/gravures/fournisseur=2395,2025-06-13 13:27:08.523333
2567,Ophtalmic Kinetic HR+ 167,ORG,1.67,OPHTALMIC COMPAGNIE,K ou KS,https://www.france-optique.com/gravures/fournisseur=2395,2025-06-13 13:27:08.536666
2568,Ophtalmic Kinetic HR+ 167 Sunlite,ORG,1.67,OPHTALMIC COMPAGNIE,K ou KS,https://www.france-optique.com/gravures/fournisseur=2395,2025-06-13 13:27:08.553333
2569,Ophtalmic Kinetic HR+ 160,ORG,1.6,OPHTALMIC COMPAGNIE,K ou KS,https://www.france-optique.com/gravures/fournisseur=2395,2025-06-13 13:27:08.563333
2570,Ophtalmic Kinetic HR+ 160 Sunlite,ORG,1.6,OPHTALMIC COMPAGNIE,K ou KS,https://www.france-optique.com/gravures/fournisseur=2395,2025-06-13 13:27:08.573333
2571,Ophtalmic Kinetic HR+ 160 PolarPlus,ORG,1.6,OPHTALMIC COMPAGNIE,K ou KS,https://www.france-optique.com/gravures/fournisseur=2395,2025-06-13 13:27:08.590000
2572,Ophtalmic Kinetic HR+ Poly,POLY,1.59,OPHTALMIC COMPAGNIE,K ou KS,https://www.france-optique.com/gravures/fournisseur=2395,2025-06-13 13:27:08.603333
2573,Ophtalmic Kinetic HR+ 154 Sunlite,ORG,1.54,OPHTALMIC COMPAGNIE,K ou KS,https://www.france-optique.com/gravures/fournisseur=2395,2025-06-13 13:27:08.613333
2574,Ophtalmic Kinetic HR+ 150,ORG,1.5,OPHTALMIC COMPAGNIE,K ou KS,https://www.france-optique.com/gravures/fournisseur=2395,2025-06-13 13:27:08.623333
2575,Ophtalmic Kinetic HR+ 150 PolarPlus,ORG,1.5,OPHTALMIC COMPAGNIE,K ou KS,https://www.france-optique.com/gravures/fournisseur=2395,2025-06-13 13:27:08.640000
2576,Ophtalmic Kinetic HR+ 150 Nupolar,ORG,1.5,OPHTALMIC COMPAGNIE,K ou KS,https://www.france-optique.com/gravures/fournisseur=2395,2025-06-13 13:27:08.650000
2577,Ophtalmic Kinetic HR+ 150 Acclimates,ORG,1.5,OPHTALMIC COMPAGNIE,K ou KS,https://www.france-optique.com/gravures/fournisseur=2395,2025-06-13 13:27:08.663333
2578,Ophtalmic Kinetic HR+ Sun,ORG,1.5,OPHTALMIC COMPAGNIE,K ou KS,https://www.france-optique.com/gravures/fournisseur=2395,2025-06-13 13:27:08.673333
2579,Ophtalmic Spacio 167,ORG,1.67,OPHTALMIC COMPAGNIE,SP-S ou SP,https://www.france-optique.com/gravures/fournisseur=2395,2025-06-13 13:27:08.683333
2580,Ophtalmic Spacio 167 Sunlite,ORG,1.67,OPHTALMIC COMPAGNIE,SP-S ou SP,https://www.france-optique.com/gravures/fournisseur=2395,2025-06-13 13:27:08.700000
2581,Ophtalmic Spacio 160,ORG,1.6,OPHTALMIC COMPAGNIE,SP-S ou SP,https://www.france-optique.com/gravures/fournisseur=2395,2025-06-13 13:27:08.710000
2582,Ophtalmic Spacio 160 Sunlite,ORG,1.6,OPHTALMIC COMPAGNIE,SP-S ou SP,https://www.france-optique.com/gravures/fournisseur=2395,2025-06-13 13:27:08.723333
2583,Ophtalmic Spacio Poly,POLY,1.59,OPHTALMIC COMPAGNIE,SP-S ou SP,https://www.france-optique.com/gravures/fournisseur=2395,2025-06-13 13:27:08.733333
2584,Ophtalmic Spacio 154 Sunlite,ORG,1.54,OPHTALMIC COMPAGNIE,SP-S ou SP,https://www.france-optique.com/gravures/fournisseur=2395,2025-06-13 13:27:08.746666
2585,Ophtalmic Spacio 150,ORG,1.5,OPHTALMIC COMPAGNIE,SP-S ou SP,https://www.france-optique.com/gravures/fournisseur=2395,2025-06-13 13:27:08.756666
2586,Ophtalmic B-FIT 174 Cozylens,ORG,1.74,OPHTALMIC COMPAGNIE,BF,https://www.france-optique.com/gravures/fournisseur=2395,2025-06-13 13:27:08.770000
2587,Ophtalmic B-FIT 167 Cozylens,ORG,1.67,OPHTALMIC COMPAGNIE,BF,https://www.france-optique.com/gravures/fournisseur=2395,2025-06-13 13:27:08.780000
2588,Ophtalmic B-FIT 160 Cozylens,ORG,1.6,OPHTALMIC COMPAGNIE,BF,https://www.france-optique.com/gravures/fournisseur=2395,2025-06-13 13:27:08.793333
2589,Ophtalmic B-FIT 150 Cozylens,ORG,1.5,OPHTALMIC COMPAGNIE,BF,https://www.france-optique.com/gravures/fournisseur=2395,2025-06-13 13:27:08.803333
2590,Ophtalmic Eyes3 174 Cozylens,ORG,1.74,OPHTALMIC COMPAGNIE,E3 ou E3S ou E3XS,https://www.france-optique.com/gravures/fournisseur=2395,2025-06-13 13:27:08.816666
2591,Ophtalmic Eyes3 167 Cozylens,ORG,1.67,OPHTALMIC COMPAGNIE,E3 ou E3S ou E3XS,https://www.france-optique.com/gravures/fournisseur=2395,2025-06-13 13:27:08.830000
2592,Ophtalmic Eyes3 160 Cozylens,ORG,1.6,OPHTALMIC COMPAGNIE,E3 ou E3S ou E3XS,https://www.france-optique.com/gravures/fournisseur=2395,2025-06-13 13:27:08.843333
2593,Ophtalmic Eyes3 150 Cozylens,ORG,1.5,OPHTALMIC COMPAGNIE,E3 ou E3S ou E3XS,https://www.france-optique.com/gravures/fournisseur=2395,2025-06-13 13:27:08.856666
2594,Ophtalmic Kinetic HR+ 167 Cozylens,ORG,1.67,OPHTALMIC COMPAGNIE,K ou KS,https://www.france-optique.com/gravures/fournisseur=2395,2025-06-13 13:27:08.870000
2595,Ophtalmic Kinetic HR+ 160 Cozylens,ORG,1.6,OPHTALMIC COMPAGNIE,K ou KS,https://www.france-optique.com/gravures/fournisseur=2395,2025-06-13 13:27:08.883333
2596,Ophtalmic Kinetic HR+ 150 Cozylens,ORG,1.5,OPHTALMIC COMPAGNIE,K ou KS,https://www.france-optique.com/gravures/fournisseur=2395,2025-06-13 13:27:08.900000
2597,Ophtalmic Spacio 167 Cozylens,ORG,1.67,OPHTALMIC COMPAGNIE,SP ou SP-S,https://www.france-optique.com/gravures/fournisseur=2395,2025-06-13 13:27:08.913333
2598,K Bifo Invisible Polycarbone Polarisant,POLY POLA,1.59,K OPTICAL,PC POL,https://www.france-optique.com/gravures/fournisseur=2217,2025-06-13 13:27:08.926666
2599,Elite-Vista Micros Perfect,ORG,1.6,NOVACEL,2 EVm,https://www.france-optique.com/gravures/fournisseur=711,2025-06-13 13:27:08.940000
2600,Ophtalmic Spacio 160 Cozylens,ORG,1.6,OPHTALMIC COMPAGNIE,SP ou SP-S,https://www.france-optique.com/gravures/fournisseur=2395,2025-06-13 13:27:08.950000
2601,Ophtalmic Spacio 150 Cozylens,ORG,1.5,OPHTALMIC COMPAGNIE,SP ou SP-S,https://www.france-optique.com/gravures/fournisseur=2395,2025-06-13 13:27:08.963333
2602,EPSY 167,ORG,1.67,OPHTALMIC COMPAGNIE,https://si.france-optique.com/img/gravures/nasal/web_852-oph-com_2019.tif.jpg,https://www.france-optique.com/gravures/fournisseur=2395,2025-06-13 13:27:08.976666
2603,EPSY 167 Cozylens,ORG,1.67,OPHTALMIC COMPAGNIE,https://si.france-optique.com/img/gravures/nasal/web_852-oph-com_2019.tif.jpg,https://www.france-optique.com/gravures/fournisseur=2395,2025-06-13 13:27:08.990000
2604,EPSY 167 Sunlite,ORG,1.67,OPHTALMIC COMPAGNIE,https://si.france-optique.com/img/gravures/nasal/web_852-oph-com_2019.tif.jpg,https://www.france-optique.com/gravures/fournisseur=2395,2025-06-13 13:27:09.003333
2605,EPSY 160,ORG,1.6,OPHTALMIC COMPAGNIE,https://si.france-optique.com/img/gravures/nasal/web_852-oph-com_2019.tif.jpg,https://www.france-optique.com/gravures/fournisseur=2395,2025-06-13 13:27:09.013333
2606,EPSY 160 Cozylens,ORG,1.6,OPHTALMIC COMPAGNIE,https://si.france-optique.com/img/gravures/nasal/web_852-oph-com_2019.tif.jpg,https://www.france-optique.com/gravures/fournisseur=2395,2025-06-13 13:27:09.026666
2607,EPSY 160 Sunlite,ORG,1.6,OPHTALMIC COMPAGNIE,https://si.france-optique.com/img/gravures/nasal/web_852-oph-com_2019.tif.jpg,https://www.france-optique.com/gravures/fournisseur=2395,2025-06-13 13:27:09.036666
2608,EPSY 160 Sun,ORG,1.6,OPHTALMIC COMPAGNIE,https://si.france-optique.com/img/gravures/nasal/web_852-oph-com_2019.tif.jpg,https://www.france-optique.com/gravures/fournisseur=2395,2025-06-13 13:27:09.050000
2609,EPSY 160 PolarPlus,ORG,1.6,OPHTALMIC COMPAGNIE,https://si.france-optique.com/img/gravures/nasal/web_852-oph-com_2019.tif.jpg,https://www.france-optique.com/gravures/fournisseur=2395,2025-06-13 13:27:09.060000
2610,EPSY POLY,POLY,1.59,OPHTALMIC COMPAGNIE,https://si.france-optique.com/img/gravures/nasal/web_852-oph-com_2019.tif.jpg,https://www.france-optique.com/gravures/fournisseur=2395,2025-06-13 13:27:09.073333
2611,EPSY 150,ORG,1.5,OPHTALMIC COMPAGNIE,https://si.france-optique.com/img/gravures/nasal/web_852-oph-com_2019.tif.jpg,https://www.france-optique.com/gravures/fournisseur=2395,2025-06-13 13:27:09.086666
2612,EPSY 154 Sunlite,ORG,1.54,OPHTALMIC COMPAGNIE,https://si.france-optique.com/img/gravures/nasal/web_852-oph-com_2019.tif.jpg,https://www.france-optique.com/gravures/fournisseur=2395,2025-06-13 13:27:09.096666
2613,EPSY 150 Cozylens,ORG,1.5,OPHTALMIC COMPAGNIE,https://si.france-optique.com/img/gravures/nasal/web_852-oph-com_2019.tif.jpg,https://www.france-optique.com/gravures/fournisseur=2395,2025-06-13 13:27:09.103333
2614,EPSY 150 Sun,ORG,1.5,OPHTALMIC COMPAGNIE,https://si.france-optique.com/img/gravures/nasal/web_852-oph-com_2019.tif.jpg,https://www.france-optique.com/gravures/fournisseur=2395,2025-06-13 13:27:09.113333
2615,EPSY 150 PolarPlus,ORG,1.5,OPHTALMIC COMPAGNIE,https://si.france-optique.com/img/gravures/nasal/web_852-oph-com_2019.tif.jpg,https://www.france-optique.com/gravures/fournisseur=2395,2025-06-13 13:27:09.123333
2616,Premid 160,ORG,1.6,OPHTALMIC COMPAGNIE,None,https://www.france-optique.com/gravures/fournisseur=2395,2025-06-13 13:27:09.136666
2617,Premid Poly,ORG,1.59,OPHTALMIC COMPAGNIE,None,https://www.france-optique.com/gravures/fournisseur=2395,2025-06-13 13:27:09.150000
2618,Premid 150,ORG,1.5,OPHTALMIC COMPAGNIE,None,https://www.france-optique.com/gravures/fournisseur=2395,2025-06-13 13:27:09.160000
2619,Ophtalmic Kinetic HR+ 174,ORG,1.74,OPHTALMIC COMPAGNIE,K ou KS,https://www.france-optique.com/gravures/fournisseur=2395,2025-06-13 13:27:09.173333
2620,EPSY 174,ORG,1.74,OPHTALMIC COMPAGNIE,https://si.france-optique.com/img/gravures/nasal/web_852-oph-com_2019.tif.jpg,https://www.france-optique.com/gravures/fournisseur=2395,2025-06-13 13:27:09.183333
2621,Ophtalmic MIND 174,ORG,1.74,OPHTALMIC COMPAGNIE,MI,https://www.france-optique.com/gravures/fournisseur=2395,2025-06-13 13:27:09.193333
2622,Ophtalmic MIND 174 Cozylens,ORG,1.74,OPHTALMIC COMPAGNIE,MI,https://www.france-optique.com/gravures/fournisseur=2395,2025-06-13 13:27:09.206666
2623,Ophtalmic MIND 174 Transitions GEN 8,ORG,1.74,OPHTALMIC COMPAGNIE,MI,https://www.france-optique.com/gravures/fournisseur=2395,2025-06-13 13:27:09.220000
2624,Ophtalmic MIND 167,ORG,1.67,OPHTALMIC COMPAGNIE,MI,https://www.france-optique.com/gravures/fournisseur=2395,2025-06-13 13:27:09.233333
2625,Ophtalmic MIND 167 Cozylens,ORG,1.67,OPHTALMIC COMPAGNIE,MI,https://www.france-optique.com/gravures/fournisseur=2395,2025-06-13 13:27:09.246666
2626,Ophtalmic MIND 167 Nupolar,ORG,1.67,OPHTALMIC COMPAGNIE,MI,https://www.france-optique.com/gravures/fournisseur=2395,2025-06-13 13:27:09.256666
2627,Ophtalmic MIND 160,ORG,1.6,OPHTALMIC COMPAGNIE,MI,https://www.france-optique.com/gravures/fournisseur=2395,2025-06-13 13:27:09.270000
2628,Ophtalmic MIND 160 Cozylens,ORG,1.6,OPHTALMIC COMPAGNIE,MI,https://www.france-optique.com/gravures/fournisseur=2395,2025-06-13 13:27:09.280000
2629,Ophtalmic MIND 160 Nupolar,ORG,1.6,OPHTALMIC COMPAGNIE,MI,https://www.france-optique.com/gravures/fournisseur=2395,2025-06-13 13:27:09.290000
2630,Ophtalmic MIND Poly,POLY,1.59,OPHTALMIC COMPAGNIE,MI,https://www.france-optique.com/gravures/fournisseur=2395,2025-06-13 13:27:09.303333
2631,Ophtalmic MIND Poly Nupolar,POLY,1.59,OPHTALMIC COMPAGNIE,MI,https://www.france-optique.com/gravures/fournisseur=2395,2025-06-13 13:27:09.316666
2632,Ophtalmic MIND Poly Drivewear,POLY,1.59,OPHTALMIC COMPAGNIE,MI,https://www.france-optique.com/gravures/fournisseur=2395,2025-06-13 13:27:09.330000
2633,Ophtalmic MIND Trilogy,TVX,1.53,OPHTALMIC COMPAGNIE,MI,https://www.france-optique.com/gravures/fournisseur=2395,2025-06-13 13:27:09.343333
2634,Ophtalmic MIND 150 UV 400,ORG,1.5,OPHTALMIC COMPAGNIE,MI,https://www.france-optique.com/gravures/fournisseur=2395,2025-06-13 13:27:09.356666
2635,Ophtalmic MIND 150 Cozylens,ORG,1.5,OPHTALMIC COMPAGNIE,MI,https://www.france-optique.com/gravures/fournisseur=2395,2025-06-13 13:27:09.370000
2636,Ophtalmic MIND 150 Transitions GEN 8-XTRActive - Xtractive Polarized,ORG,1.5,OPHTALMIC COMPAGNIE,MI,https://www.france-optique.com/gravures/fournisseur=2395,2025-06-13 13:27:09.383333
2637,Ophtalmic MIND 150 Nupolar,ORG,1.5,OPHTALMIC COMPAGNIE,MI,https://www.france-optique.com/gravures/fournisseur=2395,2025-06-13 13:27:09.393333
2638,Ophtalmic MIND 150 Drivewear,ORG,1.5,OPHTALMIC COMPAGNIE,MI,https://www.france-optique.com/gravures/fournisseur=2395,2025-06-13 13:27:09.406666
2639,Ophtalmic Kinetic HR+ 150 UV 400,ORG,1.5,OPHTALMIC COMPAGNIE,K ou KS,https://www.france-optique.com/gravures/fournisseur=2395,2025-06-13 13:27:09.420000
2640,Ophtalmic Spacio 150 UV 400,ORG,1.5,OPHTALMIC COMPAGNIE,SP ou SP-S,https://www.france-optique.com/gravures/fournisseur=2395,2025-06-13 13:27:09.433333
2641,Epsy 150 UV 400,ORG,1.5,OPHTALMIC COMPAGNIE,https://si.france-optique.com/img/gravures/nasal/web_852-oph-com_2019.tif.jpg,https://www.france-optique.com/gravures/fournisseur=2395,2025-06-13 13:27:09.446666
2642,K Bifo Invisible 1.6,ORG,1.6,K OPTICAL,1.60,https://www.france-optique.com/gravures/fournisseur=2217,2025-06-13 13:27:09.456666
2643,K Bifo Invisible 1.6 BLUE/KUT SE,ORG,1.6,K OPTICAL,1.60 BK,https://www.france-optique.com/gravures/fournisseur=2217,2025-06-13 13:27:09.466666
2644,K Bifo Invisible 1.6 Kromatic,ORG PHO,1.6,K OPTICAL,1.60 K,https://www.france-optique.com/gravures/fournisseur=2217,2025-06-13 13:27:09.480000
2645,K Bifo Invisible 1.6 Kromatic BLUE/KUT SE,ORG PHO,1.6,K OPTICAL,1.60 KB,https://www.france-optique.com/gravures/fournisseur=2217,2025-06-13 13:27:09.490000
2646,K Bifo Invisible 1.6 Transitions 8,ORG TRANS,1.6,K OPTICAL,1.60 T8,https://www.france-optique.com/gravures/fournisseur=2217,2025-06-13 13:27:09.503333
2647,K Bifo Invisible 1.6 Transitions 8 Style,ORG TRANS,1.6,K OPTICAL,1.60 TS,https://www.france-optique.com/gravures/fournisseur=2217,2025-06-13 13:27:09.516666
2648,K Bifo Invisible 1.6 Transitions Xtractive,ORG TRANS,1.6,K OPTICAL,1.60 XT,https://www.france-optique.com/gravures/fournisseur=2217,2025-06-13 13:27:09.530000
2649,K Bifo Invisible 1.6 Polarisant,ORG POLA,1.6,K OPTICAL,1.60 POL,https://www.france-optique.com/gravures/fournisseur=2217,2025-06-13 13:27:09.546666
2650,K Bifo Invisible 1.67,ORG,1.67,K OPTICAL,1.67,https://www.france-optique.com/gravures/fournisseur=2217,2025-06-13 13:27:09.563333
2651,K Bifo Invisible 1.67 BLUE/KUT SE,ORG,1.67,K OPTICAL,1.67 BK,https://www.france-optique.com/gravures/fournisseur=2217,2025-06-13 13:27:09.576666
2652,K Bifo Invisible 1.67 Kromatic,ORG PHO,1.67,K OPTICAL,1.67 K,https://www.france-optique.com/gravures/fournisseur=2217,2025-06-13 13:27:09.593333
2653,K Bifo Invisible 1.67 Kromatic BLUE/KUT SE,ORG PHO,1.67,K OPTICAL,1.67 KB,https://www.france-optique.com/gravures/fournisseur=2217,2025-06-13 13:27:09.610000
2654,K Bifo Invisible 1.67 Transitions 8,ORG TRANS,1.67,K OPTICAL,1.67 T8,https://www.france-optique.com/gravures/fournisseur=2217,2025-06-13 13:27:09.626666
2655,K Bifo Invisible 1.67 Transitions Xtractive,ORG TRANS,1.67,K OPTICAL,1.67 XT,https://www.france-optique.com/gravures/fournisseur=2217,2025-06-13 13:27:09.640000
2656,K Bifo Invisible 1.67 Transitions 8 Style,ORG TRANS,1.67,K OPTICAL,1.67 TS,https://www.france-optique.com/gravures/fournisseur=2217,2025-06-13 13:27:09.653333
2657,K Bifo Invisible 1.67 Polarisant,ORG POLA,1.67,K OPTICAL,1.67 POL,https://www.france-optique.com/gravures/fournisseur=2217,2025-06-13 13:27:09.666666
2658,K Bifo Invisible 1.74,ORG,1.74,K OPTICAL,1.74,https://www.france-optique.com/gravures/fournisseur=2217,2025-06-13 13:27:09.680000
2659,K Bifo Invisible 1.74 BLUE/KUT SE,ORG,1.74,K OPTICAL,1.74 BK,https://www.france-optique.com/gravures/fournisseur=2217,2025-06-13 13:27:09.690000
2660,K Bifo Invisible 1.74 Kromatic BLUE/KUT SE,ORG PHO,1.74,K OPTICAL,1.74 KB,https://www.france-optique.com/gravures/fournisseur=2217,2025-06-13 13:27:09.703333
2661,K Bifo Invisible 1.74 Transitions 8,ORG TRANS,1.74,K OPTICAL,1.74 T8,https://www.france-optique.com/gravures/fournisseur=2217,2025-06-13 13:27:09.716666
2662,K Myo Kontrol 15,ORG,1.5,K OPTICAL,1.50,https://www.france-optique.com/gravures/fournisseur=2217,2025-06-13 13:27:09.730000
2663,K Myo Kontrol 15 BLUE/KUT SE,ORG,1.5,K OPTICAL,1.50 BK,https://www.france-optique.com/gravures/fournisseur=2217,2025-06-13 13:27:09.746666
2664,K Myo Kontrol Polycarbonate,POLY,1.59,K OPTICAL,1.59 PC,https://www.france-optique.com/gravures/fournisseur=2217,2025-06-13 13:27:09.760000
2665,K Myo Kontrol Polycarbonate BLUE/KUT SE,POLY,1.59,K OPTICAL,1.59 PC BK,https://www.france-optique.com/gravures/fournisseur=2217,2025-06-13 13:27:09.776666
2666,K Myo Kontrol 16,ORG,1.6,K OPTICAL,1.60,https://www.france-optique.com/gravures/fournisseur=2217,2025-06-13 13:27:09.790000
2667,K Myo Kontrol 16 BLUE/KUT SE,ORG,1.6,K OPTICAL,1.60 BK,https://www.france-optique.com/gravures/fournisseur=2217,2025-06-13 13:27:09.806666
2668,K Myo Kontrol 167,ORG,1.67,K OPTICAL,1.67,https://www.france-optique.com/gravures/fournisseur=2217,2025-06-13 13:27:09.820000
2669,K Myo Kontrol 167 BLUE/KUT SE,ORG,1.67,K OPTICAL,1.67 BK,https://www.france-optique.com/gravures/fournisseur=2217,2025-06-13 13:27:09.836666
2670,K Myo Kontrol 174,ORG,1.74,K OPTICAL,1.74,https://www.france-optique.com/gravures/fournisseur=2217,2025-06-13 13:27:09.850000
2671,K Myo Kontrol 174 BLUE/KUT SE,ORG,1.74,K OPTICAL,1.74 BK,https://www.france-optique.com/gravures/fournisseur=2217,2025-06-13 13:27:09.863333
2672,Elite-Vista Perfect,ORG,1.67,NOVACEL,3 EV,https://www.france-optique.com/gravures/fournisseur=711,2025-06-13 13:27:09.873333
2673,Elite-Vista Micros Perfect,ORG,1.67,NOVACEL,3 EVm,https://www.france-optique.com/gravures/fournisseur=711,2025-06-13 13:27:09.890000
2674,Proximum / Proximum UV Clear / Proximum Blue Clear / Proximum Transitions™ Gen S® / Proximum Transitions™ XTRActive®,ORG,1.5,NOVACEL,PX,https://www.france-optique.com/gravures/fournisseur=711,2025-06-13 13:27:09.903333
2675,Proximum / Proximum UV Clear / Proximum Blue Clear / Proximum Transitions™ Gen S® / Proximum Transitions™ XTRActive®,ORG,1.6,NOVACEL,2 PX,https://www.france-optique.com/gravures/fournisseur=711,2025-06-13 13:27:09.920000
2676,Proximum / Proximum Blue Clear / Proximum Transitions™ Gen S® / Proximum Transitions™ XTRActive®,ORG,1.67,NOVACEL,3 PX,https://www.france-optique.com/gravures/fournisseur=711,2025-06-13 13:27:09.936666
2677,Proximum / Proximum Blue Clear / Proximum Transitions™ Gen S®,ORG,1.74,NOVACEL,4 PX,https://www.france-optique.com/gravures/fournisseur=711,2025-06-13 13:27:09.953333
2678,EASY / EASY UV Clear / EASY Blue Clear / EASY Transitions TM Gen S® / EASY Transitions TM XTRActive®,ORG,1.5,NOVACEL,Ea,https://www.france-optique.com/gravures/fournisseur=711,2025-06-13 13:27:09.963333
2679,EASY Trivex® / EASY Trivex® Blue Clear / EASY Trivex®Transitions TM Gen S® / EASY Trivex®Transitions TM XTRActive®,TVX,1.53,NOVACEL,T Ea,https://www.france-optique.com/gravures/fournisseur=711,2025-06-13 13:27:09.980000
2680,EASY / EASY Transitions TM Gen S® / EASY Transitions TM XTRActive®,POLY,1.59,NOVACEL,P Ea,https://www.france-optique.com/gravures/fournisseur=711,2025-06-13 13:27:09.993333
2681,EASY / EASY UV Clear / EASY Blue Clear / EASY Transitions TM Gen S® / EASY Transitions TM XTRActive®,ORG,1.6,NOVACEL,2 Ea,https://www.france-optique.com/gravures/fournisseur=711,2025-06-13 13:27:10.003333
2682,EASY / EASY Blue Clear / EASY Transitions TM Gen S® / EASY Transitions TM XTRActive®,ORG,1.67,NOVACEL,3 Ea,https://www.france-optique.com/gravures/fournisseur=711,2025-06-13 13:27:10.016666
2683,EASY / EASY Blue Clear / EASY Transitions TM Gen S®,ORG,1.74,NOVACEL,4 Ea,https://www.france-optique.com/gravures/fournisseur=711,2025-06-13 13:27:10.030000
2684,EASY Select,MIN,1.5,NOVACEL,None,https://www.france-optique.com/gravures/fournisseur=711,2025-06-13 13:27:10.043333
2685,EASY IN'CONNECT TAB Blue Clear / EASY IN'CONNECT TAB Transitions TM Gen S® / EASY IN'CONNECT TAB Transitions TM XTRActive®,ORG,1.5,NOVACEL,https://si.france-optique.com/img/gravures/nasal/web_419-nas-novacel-37.tif.jpg,https://www.france-optique.com/gravures/fournisseur=711,2025-06-13 13:27:10.056666
2686,EASY IN'CONNECT PC Blue Clear / EASY IN'CONNECT PC Transitions TM Gen S® / EASY IN'CONNECT PC Transitions TM XTRActive®,ORG,1.5,NOVACEL,https://si.france-optique.com/img/gravures/nasal/web_420-nas-novacel-38.tif.jpg,https://www.france-optique.com/gravures/fournisseur=711,2025-06-13 13:27:10.066666
2687,EASY IN'CONNECT TV Blue Clear / EASY IN'CONNECT TV Transitions TM Gen S® / EASY IN'CONNECT TV Transitions TM XTRActive,ORG,1.5,NOVACEL,https://si.france-optique.com/img/gravures/nasal/web_421-nas-novacel-39.tif.jpg,https://www.france-optique.com/gravures/fournisseur=711,2025-06-13 13:27:10.080000
2688,EASY IN'CONNECT TAB Blue Clear / EASY IN'CONNECT TAB Transitions TM Gen S® / EASY IN'CONNECT TAB Transitions TM XTRActive®,ORG,1.6,NOVACEL,https://si.france-optique.com/img/gravures/nasal/web_1072-nas-novacel-94.tif.jpg,https://www.france-optique.com/gravures/fournisseur=711,2025-06-13 13:27:10.093333
2689,EASY IN'CONNECT PC Blue Clear / EASY IN'CONNECT PC Transitions TM Gen S® / EASY IN'CONNECT PC Transitions TM XTRActive®,ORG,1.6,NOVACEL,https://si.france-optique.com/img/gravures/nasal/web_1073-nas-novacel-96.tif.jpg,https://www.france-optique.com/gravures/fournisseur=711,2025-06-13 13:27:10.103333
2690,EASY IN'CONNECT TV Blue Clear / EASY IN'CONNECT TV Transitions TM Gen S® / EASY IN'CONNECT TV Transitions TM XTRActive,ORG,1.6,NOVACEL,https://si.france-optique.com/img/gravures/nasal/web_1076-nas-novacel-98.tif.jpg,https://www.france-optique.com/gravures/fournisseur=711,2025-06-13 13:27:10.116666
2691,EASY IN'CONNECT TAB Blue Clear / EASY IN'CONNECT TAB Transitions TM Gen S® / EASY IN'CONNECT TAB Transitions TM XTRActive®,ORG,1.67,NOVACEL,https://si.france-optique.com/img/gravures/nasal/web_1074-nas-novacel-95.tif.jpg,https://www.france-optique.com/gravures/fournisseur=711,2025-06-13 13:27:10.130000
2692,EASY IN'CONNECT PC Blue Clear / EASY IN'CONNECT PC Transitions TM Gen S® / EASY IN'CONNECT PC Transitions TM XTRActive®,ORG,1.67,NOVACEL,https://si.france-optique.com/img/gravures/nasal/web_1075-nas-novacel-97.tif.jpg,https://www.france-optique.com/gravures/fournisseur=711,2025-06-13 13:27:10.140000
2693,EASY IN'CONNECT TV Blue Clear / EASY IN'CONNECT TV Transitions TM Gen S® / EASY IN'CONNECT TV Transitions TM XTRActive,ORG,1.67,NOVACEL,https://si.france-optique.com/img/gravures/nasal/web_1077-nas-novacel-99.tif.jpg,https://www.france-optique.com/gravures/fournisseur=711,2025-06-13 13:27:10.150000
2694,NeoPerfect Prime / NeoPerfect Prime UV Clear / NeoPerfect Prime Blue Clear / NeoPerfect Prime Transitions TM Gen S® / NeoPerfect Prime Transitions TM XTRActive® / NeoPerfect Prime polarisant / NeoPerfect Prime polarisant dégradé / NeoPerfect Prime Drivewear® polarisant photochromique,ORG,1.5,NOVACEL,NPP,https://www.france-optique.com/gravures/fournisseur=711,2025-06-13 13:27:10.163333
2695,NeoPerfect Prime Trivex® / NeoPerfect Prime Trivex® Blue Clear / NeoPerfect Prime Trivex® Transitions TM Gen S® / NeoPerfect Prime Trivex® Transitions TM XTRActive® / NeoPerfect Prime Trivex® polarisant,TVX,1.53,NOVACEL,T NPP,https://www.france-optique.com/gravures/fournisseur=711,2025-06-13 13:27:10.176666
2696,NeoPerfect Prime / NeoPerfect Prime Transitions TM Gen S® / NeoPerfect Prime Trivex® Transitions TM XTRActive® / NeoPerfect Prime polarisant / NeoPerfect Prime Drivewear® polarisant photochromique,POLY,1.59,NOVACEL,P NPP,https://www.france-optique.com/gravures/fournisseur=711,2025-06-13 13:27:10.190000
2697,NeoPerfect Prime / NeoPerfect Prime UV Clear / NeoPerfect Prime Blue Clear / NeoPerfect Prime Transitions TM Gen S® / NeoPerfect Prime Transitions TM XTRActive® / NeoPerfect Prime polarisant,ORG,1.6,NOVACEL,2 NPP,https://www.france-optique.com/gravures/fournisseur=711,2025-06-13 13:27:10.200000
2698,NeoPerfect Prime / NeoPerfect Prime Blue Clear / NeoPerfect Prime Transitions TM Gen S® / NeoPerfect Prime Transitions TM XTRActive® / NeoPerfect Prime polarisant,ORG,1.67,NOVACEL,3 NPP,https://www.france-optique.com/gravures/fournisseur=711,2025-06-13 13:27:10.213333
2699,NeoPerfect Prime / NeoPerfect Prime Blue Clear / NeoPerfect Prime Transitions TM Gen S®,ORG,1.74,NOVACEL,4 NPP,https://www.france-optique.com/gravures/fournisseur=711,2025-06-13 13:27:10.223333
2700,NeoPerfect / NeoPerfect UV Clear / NeoPerfect Blue Clear / NeoPerfect Transitions TM Gen S® / NeoPerfect Transitions TM XTRActive® / NeoPerfect polarisant / NeoPerfect polarisant dégradé / NeoPerfect Drivewear® polarisant photochromique,ORG,1.5,NOVACEL,https://si.france-optique.com/img/gravures/nasal/web_369-nas-novacel-34.tif.jpg,https://www.france-optique.com/gravures/fournisseur=711,2025-06-13 13:27:10.236666
2701,NeoPerfect Trivex® / NeoPerfect Trivex® Blue Clear / NeoPerfect Trivex® Transitions TM Gen S® / NeoPerfect Trivex® Transitions TM XTRActive® / NeoPerfect Trivex® polarisant,TVX,1.53,NOVACEL,https://si.france-optique.com/img/gravures/nasal/web_369-nas-novacel-34.tif.jpg,https://www.france-optique.com/gravures/fournisseur=711,2025-06-13 13:27:10.250000
2702,NeoPerfect / NeoPerfect Transitions TM Gen S® / NeoPerfect Trivex® Transitions TM XTRActive® / NeoPerfect polarisant / NeoPerfect Drivewear® polarisant photochromique,POLY,1.59,NOVACEL,https://si.france-optique.com/img/gravures/nasal/web_369-nas-novacel-34.tif.jpg,https://www.france-optique.com/gravures/fournisseur=711,2025-06-13 13:27:10.263333
2703,NeoPerfect / NeoPerfect Blue Clear / NeoPerfect Transitions TM Gen S® / NeoPerfect Transitions TM XTRActive® / NeoPerfect polarisant,ORG,1.67,NOVACEL,https://si.france-optique.com/img/gravures/nasal/web_369-nas-novacel-34.tif.jpg,https://www.france-optique.com/gravures/fournisseur=711,2025-06-13 13:27:10.276666
2704,NeoPerfect / NeoPerfect Blue Clear / NeoPerfect Transitions TM Gen S®,ORG,1.74,NOVACEL,https://si.france-optique.com/img/gravures/nasal/web_369-nas-novacel-34.tif.jpg,https://www.france-optique.com/gravures/fournisseur=711,2025-06-13 13:27:10.290000
2705,NeoPerfect ZEN/ NeoPerfect ZEN UV Clear / NeoPerfect ZEN Blue Clear / NeoPerfect ZEN Transitions TM Gen S® / NeoPerfect ZEN Transitions TM XTRActive®,ORG,1.5,NOVACEL,https://si.france-optique.com/img/gravures/nasal/web_369-nas-novacel-34.tif.jpg,https://www.france-optique.com/gravures/fournisseur=711,2025-06-13 13:27:10.300000
2706,NeoPerfect ZEN Trivex® / NeoPerfect ZEN Trivex® Blue Clear / NeoPerfect ZEN Trivex® Transitions TM Gen S® / NeoPerfect ZEN Trivex® Transitions TM XTRActive®,TVX,1.53,NOVACEL,https://si.france-optique.com/img/gravures/nasal/web_369-nas-novacel-34.tif.jpg,https://www.france-optique.com/gravures/fournisseur=711,2025-06-13 13:27:10.316666
2707,NeoPerfect ZEN / NeoPerfect ZEN Transitions TM Gen S® / NeoPerfect ZEN Transitions TM XTRActive®,POLY,1.59,NOVACEL,https://si.france-optique.com/img/gravures/nasal/web_369-nas-novacel-34.tif.jpg,https://www.france-optique.com/gravures/fournisseur=711,2025-06-13 13:27:10.330000
2708,NeoPerfect ZEN / NeoPerfect ZEN Blue Clear / NeoPerfect ZEN Transitions TM Gen S® / NeoPerfect ZEN Transitions TM XTRActive®,ORG,1.67,NOVACEL,https://si.france-optique.com/img/gravures/nasal/web_369-nas-novacel-34.tif.jpg,https://www.france-optique.com/gravures/fournisseur=711,2025-06-13 13:27:10.343333
2709,NeoPerfect ZEN / NeoPerfect ZEN Blue Clear / NeoPerfect ZEN Transitions TM Gen S®,ORG,1.74,NOVACEL,https://si.france-optique.com/img/gravures/nasal/web_369-nas-novacel-34.tif.jpg,https://www.france-optique.com/gravures/fournisseur=711,2025-06-13 13:27:10.356666
2710,NeoPerfect SPORT / NeoPerfect SPORT UV Clear / NeoPerfect SPORT Transitions TM Gen S® / NeoPerfect SPORT Transitions TM XTRActive® / NeoPerfect SPORT polarisant / NeoPerfect SPORT Drivewear® polarisant photochromique,ORG,1.5,NOVACEL,https://si.france-optique.com/img/gravures/nasal/web_369-nas-novacel-34.tif.jpg,https://www.france-optique.com/gravures/fournisseur=711,2025-06-13 13:27:10.370000
2711,NeoPerfect SPORT Trivex® / NeoPerfect SPORT Trivex® Transitions TM Gen S® / NeoPerfect SPORT Trivex® Transitions TM XTRActive® / NeoPerfect SPORT Trivex® polarisant,TVX,1.53,NOVACEL,https://si.france-optique.com/img/gravures/nasal/web_369-nas-novacel-34.tif.jpg,https://www.france-optique.com/gravures/fournisseur=711,2025-06-13 13:27:10.383333
2712,NeoPerfect SPORT / NeoPerfect SPORT Transitions TM Gen S® / NeoPerfect SPORT Transitions TM XTRActive® / NeoPerfect SPORT polarisant / NeoPerfect SPORT Drivewear® polarisant photochromique,POLY,1.59,NOVACEL,https://si.france-optique.com/img/gravures/nasal/web_369-nas-novacel-34.tif.jpg,https://www.france-optique.com/gravures/fournisseur=711,2025-06-13 13:27:10.396666
2713,NeoPerfect SPORT / NeoPerfect SPORT UV Clear / NeoPerfect SPORT Transitions TM Gen S® / NeoPerfect SPORT Transitions TM XTRActive® / NeoPerfect SPORT polarisant,ORG,1.6,NOVACEL,https://si.france-optique.com/img/gravures/nasal/web_369-nas-novacel-34.tif.jpg,https://www.france-optique.com/gravures/fournisseur=711,2025-06-13 13:27:10.410000
2714,NeoPerfect SPORT / NeoPerfect SPORT Transitions TM Gen S® / NeoPerfect SPORT Transitions TM XTRActive® / NeoPerfect SPORT polarisant,ORG,1.67,NOVACEL,https://si.france-optique.com/img/gravures/nasal/web_369-nas-novacel-34.tif.jpg,https://www.france-optique.com/gravures/fournisseur=711,2025-06-13 13:27:10.420000
2715,NeoPerfect SPORT - NeoPerfect SPORT Transitions TM Gen S®,ORG,1.74,NOVACEL,https://si.france-optique.com/img/gravures/nasal/web_369-nas-novacel-34.tif.jpg,https://www.france-optique.com/gravures/fournisseur=711,2025-06-13 13:27:10.433333
2716,Fraglens Emotion,ORG,1.5,NOVACEL,https://si.france-optique.com/img/gravures/nasal/web_1061-nas-novacel-83.tif.jpg,https://www.france-optique.com/gravures/fournisseur=711,2025-06-13 13:27:10.446666
2717,Synchrony progressif Easy View Poly,POLY,1.59,ZEISS VISION CARE FRANCE,None,https://www.france-optique.com/gravures/fournisseur=2414,2025-06-13 13:27:10.460000
2718,Synchrony progressif Easy View 1.5,ORG,1.5,ZEISS VISION CARE FRANCE,None,https://www.france-optique.com/gravures/fournisseur=2414,2025-06-13 13:27:10.470000
2719,ZEISS progressif Clear 3Dve 1.74,ORG,1.74,ZEISS VISION CARE FRANCE,C3e74,https://www.france-optique.com/gravures/fournisseur=2414,2025-06-13 13:27:10.483333
2720,ZEISS progressif Clear 3Dve 1.67,ORG,1.67,ZEISS VISION CARE FRANCE,C3e67,https://www.france-optique.com/gravures/fournisseur=2414,2025-06-13 13:27:10.493333
2721,ZEISS progressif Clear 3Dve 1.6,ORG,1.6,ZEISS VISION CARE FRANCE,C3e60,https://www.france-optique.com/gravures/fournisseur=2414,2025-06-13 13:27:10.510000
2722,ZEISS progressif Clear 3Dve 1.53,TVX,1.53,ZEISS VISION CARE FRANCE,C3e53,https://www.france-optique.com/gravures/fournisseur=2414,2025-06-13 13:27:10.523333
2723,ZEISS progressif Clear 3Dve 1.5,ORG,1.5,ZEISS VISION CARE FRANCE,C3e50,https://www.france-optique.com/gravures/fournisseur=2414,2025-06-13 13:27:10.536666
2724,ZEISS progressif Clear 3Dv 1.74,ORG,1.74,ZEISS VISION CARE FRANCE,C3v74,https://www.france-optique.com/gravures/fournisseur=2414,2025-06-13 13:27:10.546666
2725,ZEISS progressif Clear 3Dv 1.67,ORG,1.67,ZEISS VISION CARE FRANCE,C3v67,https://www.france-optique.com/gravures/fournisseur=2414,2025-06-13 13:27:10.560000
2726,ZEISS progressif Clear 3Dv 1.6,ORG,1.6,ZEISS VISION CARE FRANCE,C3v60,https://www.france-optique.com/gravures/fournisseur=2414,2025-06-13 13:27:10.573333
2727,ZEISS progressif Clear 3Dv 1.53,TVX,1.53,ZEISS VISION CARE FRANCE,C3v53,https://www.france-optique.com/gravures/fournisseur=2414,2025-06-13 13:27:10.583333
2728,ZEISS progressif Clear 3Dv 1.5,ORG,1.5,ZEISS VISION CARE FRANCE,C3v50,https://www.france-optique.com/gravures/fournisseur=2414,2025-06-13 13:27:10.596666
2729,ZEISS progressif Clear 3D 1.74,ORG,1.74,ZEISS VISION CARE FRANCE,C3D74 18,https://www.france-optique.com/gravures/fournisseur=2414,2025-06-13 13:27:10.610000
2730,ZEISS progressif Clear 3D 1.67,ORG,1.67,ZEISS VISION CARE FRANCE,C3D67 18,https://www.france-optique.com/gravures/fournisseur=2414,2025-06-13 13:27:10.620000
2731,ZEISS progressif Clear 3D 1.6,ORG,1.6,ZEISS VISION CARE FRANCE,C3D60 18,https://www.france-optique.com/gravures/fournisseur=2414,2025-06-13 13:27:10.633333
2732,ZEISS progressif Clear 3D 1.53,TVX,1.53,ZEISS VISION CARE FRANCE,C3D53 18,https://www.france-optique.com/gravures/fournisseur=2414,2025-06-13 13:27:10.646666
2733,ZEISS progressif Clear 3D 1.5,ORG,1.5,ZEISS VISION CARE FRANCE,C3D50 18,https://www.france-optique.com/gravures/fournisseur=2414,2025-06-13 13:27:10.660000
2734,ZEISS progressif Clear 3D 1.74 Short,ORG,1.74,ZEISS VISION CARE FRANCE,C3D74 14,https://www.france-optique.com/gravures/fournisseur=2414,2025-06-13 13:27:10.673333
2735,ZEISS progressif Clear 3D 1.67 Short,ORG,1.67,ZEISS VISION CARE FRANCE,C3D67 14,https://www.france-optique.com/gravures/fournisseur=2414,2025-06-13 13:27:10.686666
2736,ZEISS progressif Clear 3D 1.6 Short,ORG,1.6,ZEISS VISION CARE FRANCE,C3D60 14,https://www.france-optique.com/gravures/fournisseur=2414,2025-06-13 13:27:10.700000
2737,ZEISS progressif Clear 3D Poly Short,POLY,1.59,ZEISS VISION CARE FRANCE,C3D59 14,https://www.france-optique.com/gravures/fournisseur=2414,2025-06-13 13:27:10.713333
2738,ZEISS progressif Clear 3D 1.53 Short,TVX,1.53,ZEISS VISION CARE FRANCE,C3D53 14,https://www.france-optique.com/gravures/fournisseur=2414,2025-06-13 13:27:10.726666
2739,ZEISS progressif Clear 3D 1.5 Short,ORG,1.5,ZEISS VISION CARE FRANCE,C3D50 14,https://www.france-optique.com/gravures/fournisseur=2414,2025-06-13 13:27:10.740000
2740,ZEISS progressif Individual PhotoCare2 1.6,ORG,1.6,ZEISS VISION CARE FRANCE,C3 + 60,https://www.france-optique.com/gravures/fournisseur=2414,2025-06-13 13:27:10.750000
2741,ZEISS progressif Individual PhotoCare2 1.5,ORG,1.5,ZEISS VISION CARE FRANCE,C3 + 50,https://www.france-optique.com/gravures/fournisseur=2414,2025-06-13 13:27:10.763333
2742,ZEISS progressif PhotoCare2 1.6,ORG,1.6,ZEISS VISION CARE FRANCE,C3D60,https://www.france-optique.com/gravures/fournisseur=2414,2025-06-13 13:27:10.776666
2743,ZEISS progressif PhotoCare2 1.5,ORG,1.5,ZEISS VISION CARE FRANCE,C3D50,https://www.france-optique.com/gravures/fournisseur=2414,2025-06-13 13:27:10.790000
2744,ZEISS Digital Lens 50/75/100 1.74,ORG,1.74,ZEISS VISION CARE FRANCE,D74,https://www.france-optique.com/gravures/fournisseur=2414,2025-06-13 13:27:10.803333
2745,ZEISS Digital Lens 50/75/100 1.67,ORG,1.67,ZEISS VISION CARE FRANCE,D67,https://www.france-optique.com/gravures/fournisseur=2414,2025-06-13 13:27:10.816666
2746,ZEISS Digital Lens 50/75/100 1.6,ORG,1.6,ZEISS VISION CARE FRANCE,D60,https://www.france-optique.com/gravures/fournisseur=2414,2025-06-13 13:27:10.830000
2747,ZEISS Digital Lens 50/75/100 Poly,POLY,1.59,ZEISS VISION CARE FRANCE,D59,https://www.france-optique.com/gravures/fournisseur=2414,2025-06-13 13:27:10.843333
2748,ZEISS Digital Lens 50/75/100 1.53,TVX,1.53,ZEISS VISION CARE FRANCE,D53,https://www.france-optique.com/gravures/fournisseur=2414,2025-06-13 13:27:10.856666
2749,ZEISS Digital Lens 50/75/100 1.5,ORG,1.5,ZEISS VISION CARE FRANCE,D50,https://www.france-optique.com/gravures/fournisseur=2414,2025-06-13 13:27:10.866666
2750,ZEISS progressif Classic 1.74,ORG,1.74,ZEISS VISION CARE FRANCE,C74,https://www.france-optique.com/gravures/fournisseur=2414,2025-06-13 13:27:10.880000
2751,ZEISS progressif Classic Short 1.74,ORG,1.74,ZEISS VISION CARE FRANCE,c74,https://www.france-optique.com/gravures/fournisseur=2414,2025-06-13 13:27:10.896666
2752,ZEISS progressif Classic Indivual 1.5,ORG,1.5,ZEISS VISION CARE FRANCE,CI50,https://www.france-optique.com/gravures/fournisseur=2414,2025-06-13 13:27:10.910000
2753,ZEISS progressif Classic Indivual 1.53,TVX,1.53,ZEISS VISION CARE FRANCE,CI53,https://www.france-optique.com/gravures/fournisseur=2414,2025-06-13 13:27:10.926666
2754,ZEISS progressif Classic Indivual 1.6,ORG,1.6,ZEISS VISION CARE FRANCE,CI60,https://www.france-optique.com/gravures/fournisseur=2414,2025-06-13 13:27:10.940000
2755,ZEISS progressif Classic Indivual 1.67,ORG,1.67,ZEISS VISION CARE FRANCE,CI67,https://www.france-optique.com/gravures/fournisseur=2414,2025-06-13 13:27:10.950000
2756,ZEISS progressif Classic Indivual 1.74,ORG,1.74,ZEISS VISION CARE FRANCE,CI74,https://www.france-optique.com/gravures/fournisseur=2414,2025-06-13 13:27:10.963333
2757,ZEISS progressif Classic Indivual Poly,POLY,1.59,ZEISS VISION CARE FRANCE,CI59,https://www.france-optique.com/gravures/fournisseur=2414,2025-06-13 13:27:10.976666
2758,ZEISS unifocal MyoVision ACE 1.5,ORG,1.5,ZEISS VISION CARE FRANCE,MCA50,https://www.france-optique.com/gravures/fournisseur=2414,2025-06-13 13:27:10.990000
2759,ZEISS unifocal MyoVision ACE 1.53,TVX,1.53,ZEISS VISION CARE FRANCE,MCA53,https://www.france-optique.com/gravures/fournisseur=2414,2025-06-13 13:27:11.006666
2760,ZEISS unifocal MyoVision ACE 1.6,ORG,1.6,ZEISS VISION CARE FRANCE,MCA60,https://www.france-optique.com/gravures/fournisseur=2414,2025-06-13 13:27:11.020000
2761,ZEISS unifocal MyoVision ACE 1.67,ORG,1.67,ZEISS VISION CARE FRANCE,MCA67,https://www.france-optique.com/gravures/fournisseur=2414,2025-06-13 13:27:11.030000
2762,ZEISS unifocal MyoVision ACE 1.74,ORG,1.74,ZEISS VISION CARE FRANCE,MCA74,https://www.france-optique.com/gravures/fournisseur=2414,2025-06-13 13:27:11.043333
2763,ZEISS unifocal MyoVision ACE Poly,POLY,1.59,ZEISS VISION CARE FRANCE,MCA59,https://www.france-optique.com/gravures/fournisseur=2414,2025-06-13 13:27:11.056666
2764,ZEISS unifocal ClearView 1.5,ORG,1.5,ZEISS VISION CARE FRANCE,CV50,https://www.france-optique.com/gravures/fournisseur=2414,2025-06-13 13:27:11.070000
2765,ZEISS unifocal ClearView 1.53,TVX,1.53,ZEISS VISION CARE FRANCE,CV53,https://www.france-optique.com/gravures/fournisseur=2414,2025-06-13 13:27:11.086666
2766,ZEISS unifocal ClearView 1.6,ORG,1.6,ZEISS VISION CARE FRANCE,CV60,https://www.france-optique.com/gravures/fournisseur=2414,2025-06-13 13:27:11.096666
2767,ZEISS unifocal ClearView 1.67,ORG,1.67,ZEISS VISION CARE FRANCE,CV67,https://www.france-optique.com/gravures/fournisseur=2414,2025-06-13 13:27:11.116666
2768,ZEISS unifocal ClearView 1.74,ORG,1.74,ZEISS VISION CARE FRANCE,CV74,https://www.france-optique.com/gravures/fournisseur=2414,2025-06-13 13:27:11.130000
2769,ZEISS unifocal ClearView Poly,POLY,1.59,ZEISS VISION CARE FRANCE,CV59,https://www.france-optique.com/gravures/fournisseur=2414,2025-06-13 13:27:11.143333
2770,ZEISS unifocal MyoCare S Poly,POLY,1.59,ZEISS VISION CARE FRANCE,MS59,https://www.france-optique.com/gravures/fournisseur=2414,2025-06-13 13:27:11.156666
2771,ZEISS unifocal MyoCare 1.5,ORG,1.5,ZEISS VISION CARE FRANCE,MCR50,https://www.france-optique.com/gravures/fournisseur=2414,2025-06-13 13:27:11.170000
2772,ZEISS unifocal MyoCare 1.6,ORG,1.6,ZEISS VISION CARE FRANCE,MCR60,https://www.france-optique.com/gravures/fournisseur=2414,2025-06-13 13:27:11.180000
2773,ZEISS unifocal MyoCare Poly,POLY,1.59,ZEISS VISION CARE FRANCE,MCR59,https://www.france-optique.com/gravures/fournisseur=2414,2025-06-13 13:27:11.196666
2774,ZEISS unifocal SmartLife Young 1.5,ORG,1.5,ZEISS VISION CARE FRANCE,SY50,https://www.france-optique.com/gravures/fournisseur=2414,2025-06-13 13:27:11.206666
2775,ZEISS unifocal SmartLife Young 1.53,TVX,1.53,ZEISS VISION CARE FRANCE,SY53,https://www.france-optique.com/gravures/fournisseur=2414,2025-06-13 13:27:11.220000
2776,ZEISS unifocal SmartLife Young 1.6,ORG,1.6,ZEISS VISION CARE FRANCE,SY60,https://www.france-optique.com/gravures/fournisseur=2414,2025-06-13 13:27:11.233333
2777,ZEISS unifocal SmartLife Young 1.67,ORG,1.67,ZEISS VISION CARE FRANCE,SY67,https://www.france-optique.com/gravures/fournisseur=2414,2025-06-13 13:27:11.246666
2778,ZEISS unifocal SmartLife Young 1.74,ORG,1.74,ZEISS VISION CARE FRANCE,SY74,https://www.france-optique.com/gravures/fournisseur=2414,2025-06-13 13:27:11.256666
2779,Fraglens Sensation,ORG,1.5,NOVACEL,https://si.france-optique.com/img/gravures/nasal/web_1061-nas-novacel-83.tif.jpg,https://www.france-optique.com/gravures/fournisseur=711,2025-06-13 13:27:11.270000
2780,Fraglens Emotion,ORG,1.6,NOVACEL,https://si.france-optique.com/img/gravures/nasal/web_1061-nas-novacel-83.tif.jpg,https://www.france-optique.com/gravures/fournisseur=711,2025-06-13 13:27:11.280000
2781,Fraglens Sensation,ORG,1.6,NOVACEL,https://si.france-optique.com/img/gravures/nasal/web_1061-nas-novacel-83.tif.jpg,https://www.france-optique.com/gravures/fournisseur=711,2025-06-13 13:27:11.293333
2782,AKSESS PROG,ORG,1.5,NOVACEL,AKSP,https://www.france-optique.com/gravures/fournisseur=711,2025-06-13 13:27:11.303333
2783,AKSESS PROG,POLY,1.59,NOVACEL,(2) AKSP,https://www.france-optique.com/gravures/fournisseur=711,2025-06-13 13:27:11.316666
2784,AKSESS Prog,ORG,1.6,NOVACEL,(3) AKSP,https://www.france-optique.com/gravures/fournisseur=711,2025-06-13 13:27:11.330000
2785,AKSESS Prog,ORG,1.67,NOVACEL,(4) AKSP,https://www.france-optique.com/gravures/fournisseur=711,2025-06-13 13:27:11.340000
2786,AKSESS Prog,ORG,1.74,NOVACEL,(5) AKSP,https://www.france-optique.com/gravures/fournisseur=711,2025-06-13 13:27:11.350000
2787,AKSESS PROG MICROS,ORG,1.5,NOVACEL,AKSPM,https://www.france-optique.com/gravures/fournisseur=711,2025-06-13 13:27:11.366666
2788,AKSESS PROG MICROS,POLY,1.59,NOVACEL,(2) AKSPM,https://www.france-optique.com/gravures/fournisseur=711,2025-06-13 13:27:11.376666
2789,AKSESS PROG MICROS,ORG,1.6,NOVACEL,(3) AKSPM,https://www.france-optique.com/gravures/fournisseur=711,2025-06-13 13:27:11.390000
2790,AKSESS PROG MICROS,ORG,1.74,NOVACEL,(5) AKSPM,https://www.france-optique.com/gravures/fournisseur=711,2025-06-13 13:27:11.400000
2791,AKSESS PROXI A,ORG,1.5,NOVACEL,AKSA,https://www.france-optique.com/gravures/fournisseur=711,2025-06-13 13:27:11.413333
2792,AKSESS PROXI A,ORG,1.6,NOVACEL,(3) AKSA,https://www.france-optique.com/gravures/fournisseur=711,2025-06-13 13:27:11.426666
2793,AKSESS PROXI A,ORG,1.67,NOVACEL,(4) AKSA,https://www.france-optique.com/gravures/fournisseur=711,2025-06-13 13:27:11.436666
2794,AKSESS PROXI A,ORG,1.74,NOVACEL,(5) AKSA,https://www.france-optique.com/gravures/fournisseur=711,2025-06-13 13:27:11.450000
2795,AKSESS PROXI B,ORG,1.5,NOVACEL,AKSB,https://www.france-optique.com/gravures/fournisseur=711,2025-06-13 13:27:11.460000
2796,AKSESS PROXI B,ORG,1.6,NOVACEL,(3) AKSB,https://www.france-optique.com/gravures/fournisseur=711,2025-06-13 13:27:11.470000
2797,AKSESS PROXI B,ORG,1.67,NOVACEL,(4) AKSB,https://www.france-optique.com/gravures/fournisseur=711,2025-06-13 13:27:11.483333
2798,AKSESS PROXI B,ORG,1.74,NOVACEL,(5) AKSB,https://www.france-optique.com/gravures/fournisseur=711,2025-06-13 13:27:11.493333
2799,AKSESS PROXI C,ORG,1.5,NOVACEL,AKSC,https://www.france-optique.com/gravures/fournisseur=711,2025-06-13 13:27:11.503333
2800,AKSESS PROXI C,ORG,1.6,NOVACEL,(3) AKSC,https://www.france-optique.com/gravures/fournisseur=711,2025-06-13 13:27:11.523333
2801,AKSESS PROXI C,ORG,1.67,NOVACEL,(4) AKSC,https://www.france-optique.com/gravures/fournisseur=711,2025-06-13 13:27:11.533333
2802,AKSESS PROXI C,ORG,1.74,NOVACEL,(5) AKSC,https://www.france-optique.com/gravures/fournisseur=711,2025-06-13 13:27:11.546666
2803,EASY MAX / EASY MAX UV Clear / EASY MAX Blue Clear / EASY MAX Transitions TM Gen S® / EASY MAX Transitions TM XTRActive®,ORG,1.5,NOVACEL,EM,https://www.france-optique.com/gravures/fournisseur=711,2025-06-13 13:27:11.560000
2804,EASY MAX Trivex® / EASY MAX Trivex® Blue Clear / EASY MAX Trivex® Transitions TM Gen S® / EASY MAX Trivex®Transitions TM XTRActive®,TVX,1.53,NOVACEL,T EM,https://www.france-optique.com/gravures/fournisseur=711,2025-06-13 13:27:11.570000
2805,EASY MAX / EASY MAX Transitions TM Gen S® / EASY MAX Transitions TM XTRActive®,POLY,1.59,NOVACEL,P EM,https://www.france-optique.com/gravures/fournisseur=711,2025-06-13 13:27:11.583333
2806,EASY MAX / EASY MAX UV Clear / EASY MAX Blue Clear / EASY MAX Transitions TM Gen S® / EASY MAX Transitions TM XTRActive®,ORG,1.6,NOVACEL,2 EM,https://www.france-optique.com/gravures/fournisseur=711,2025-06-13 13:27:11.600000
2807,EASY MAX / EASY MAX Blue Clear / EASY MAX Transitions TM Gen S® / EASY MAX Transitions TM XTRActive®,ORG,1.67,NOVACEL,3 EM,https://www.france-optique.com/gravures/fournisseur=711,2025-06-13 13:27:11.616666
2808,EASY MAX / EASY MAX Blue Clear / EASY MAX Transitions TM Gen S®,ORG,1.74,NOVACEL,4 EM,https://www.france-optique.com/gravures/fournisseur=711,2025-06-13 13:27:11.633333
2809,SYNCHRONA.i9 / SYNCHRONA.i9 UV Clear / SYNCHRONA.i9 Blue Clear / SYNCHRONA.i9 Transitions TM Gen S® / SYNCHRONA.i9 Transitions TM XTRActive® / SYNCHRONA.i9 Transitions TM XTRActive® Polarized / SYNCHRONA.i9 polarisant / SYNCHRONA.i9 Drivewear® polarisant photochromique,ORG,1.5,NOVACEL,SYi9,https://www.france-optique.com/gravures/fournisseur=711,2025-06-13 13:27:11.646666
2810,SYNCHRONA.i9 Trivex® / SYNCHRONA.i9 Trivex® Blue Clear / SYNCHRONA.i9 Trivex® Transitions TM Gen S® / SYNCHRONA.i9 Trivex® Transitions TM XTRActive® / SYNCHRONA.i9 Trivex® polarisant,TVX,1.53,NOVACEL,T SYi9,https://www.france-optique.com/gravures/fournisseur=711,2025-06-13 13:27:11.663333
2811,SYNCHRONA.i9 / SYNCHRONA.i9 Transitions TM Gen S® / SYNCHRONA.i9 Transitions TM XTRActive® / SYNCHRONA.i9 polarisant / SYNCHRONA.i9 Drivewear® polarisant photochromique,POLY,1.59,NOVACEL,P SYi9,https://www.france-optique.com/gravures/fournisseur=711,2025-06-13 13:27:11.680000
2812,SYNCHRONA.i9 / SYNCHRONA.i9 UV Clear / SYNCHRONA.i9 Blue Clear / SYNCHRONA.i9 Transitions TM Gen S® / SYNCHRONA.i9 Transitions TM XTRActive® / SYNCHRONA.i9 Transitions TM XTRActive® Polarized / SYNCHRONA.i9 polarisant,ORG,1.6,NOVACEL,2 SYi9,https://www.france-optique.com/gravures/fournisseur=711,2025-06-13 13:27:11.693333
2813,SYNCHRONA.i9 / SYNCHRONA.i9 Blue Clear / SYNCHRONA.i9 Transitions TM Gen S® / SYNCHRONA.i9 Transitions TM XTRActive® / SYNCHRONA.i9 Transitions TM XTRActive® Polarized / SYNCHRONA.i9 polarisant,ORG,1.67,NOVACEL,3 SYi9,https://www.france-optique.com/gravures/fournisseur=711,2025-06-13 13:27:11.710000
2814,SYNCHRONA.i9 / SYNCHRONA.i9 Blue Clear / SYNCHRONA.i9 Transitions TM Gen S®,ORG,1.74,NOVACEL,4 SYi9,https://www.france-optique.com/gravures/fournisseur=711,2025-06-13 13:27:11.726666
2815,UNIVERS / UNIVERS T400 / UNIVERS T420 / UNIVERS Transitions™ Gen S® / UNIVERS Transitions™ Xtractive® / UNIVERS Transitions™ Polarized® / UNIVERS Polarized,ORG,1.5,NOVACEL,None,https://www.france-optique.com/gravures/fournisseur=711,2025-06-13 13:27:11.740000
2816,UNIVERS / UNIVERS T400 / UNIVERS T420 / UNIVERS Transitions™ Gen S® / UNIVERS Transitions™ Xtractive® / UNIVERS Transitions™ Polarized® / UNIVERS Polarized,ORG,1.6,NOVACEL,None,https://www.france-optique.com/gravures/fournisseur=711,2025-06-13 13:27:11.750000
2817,UNIVERS / UNIVERS T420 / UNIVERS Transitions™ Gen S® / UNIVERS Transitions™ Xtractive® / UNIVERS Polarized,TVX,1.53,NOVACEL,None,https://www.france-optique.com/gravures/fournisseur=711,2025-06-13 13:27:11.766666
2818,UNIVERS / UNIVERS T420 / UNIVERS Transitions™ Gen S®,ORG,1.74,NOVACEL,None,https://www.france-optique.com/gravures/fournisseur=711,2025-06-13 13:27:11.780000
2819,UNIVERS / UNIVERS T420 / UNIVERS Transitions™ Gen S® / UNIVERS Transitions™ Xtractive® / UNIVERS Transitions™ Polarized® / UNIVERS Polarized,ORG,1.67,NOVACEL,None,https://www.france-optique.com/gravures/fournisseur=711,2025-06-13 13:27:11.793333
2820,UNIVERS FOCUS / UNIVERS FOCUS T400 / UNIVERS FOCUS T420 / UNIVERS FOCUS Transitions™ Gen S® / UNIVERS FOCUS Transitions™ Xtractive® / UNIVERS FOCUS Transitions™ Polarized® / UNIVERS FOCUS Polarized,ORG,1.5,NOVACEL,UF,https://www.france-optique.com/gravures/fournisseur=711,2025-06-13 13:27:11.806666
2821,UNIVERS FOCUS / UNIVERS FOCUS T400 / UNIVERS FOCUS T420 / UNIVERS FOCUS Transitions™ Gen S® / UNIVERS FOCUS Transitions™ Xtractive® / UNIVERS FOCUS Transitions™ Polarized® / UNIVERS FOCUS Polarized,ORG,1.6,NOVACEL,UF,https://www.france-optique.com/gravures/fournisseur=711,2025-06-13 13:27:11.820000
2822,UNIVERS FOCUS / UNIVERS FOCUS T420 / UNIVERS FOCUS Transitions™ Gen S® / UNIVERS FOCUS Transitions™ Xtractive® / UNIVERS FOCUS Polarized,TVX,1.53,NOVACEL,UF,https://www.france-optique.com/gravures/fournisseur=711,2025-06-13 13:27:11.830000
2823,UNIVERS FOCUS / UNIVERS FOCUS T420 / UNIVERS FOCUS Transitions™ Gen S® / UNIVERS FOCUS Transitions™ / UNIVERS FOCUS Transitions™ Polarized® / UNIVERS FOCUS Polarized,ORG,1.67,NOVACEL,UF,https://www.france-optique.com/gravures/fournisseur=711,2025-06-13 13:27:11.843333
2824,UNIVERS FOCUS / UNIVERS FOCUS T420 / UNIVERS FOCUS Transitions™ Gen S®,ORG,1.74,NOVACEL,UF,https://www.france-optique.com/gravures/fournisseur=711,2025-06-13 13:27:11.860000
2825,UNIVERS BOOST / UNIVERS BOOST T400 / UNIVERS BOOST T420 / UNIVERS BOOST Transitions™ Gen S® /. UNIVERS BOOST Transitions™ Xtractive®,ORG,1.5,NOVACEL,UB,https://www.france-optique.com/gravures/fournisseur=711,2025-06-13 13:27:11.870000
2826,Maximo DS,ORG,1.5,OPTIC 2000,https://si.france-optique.com/img/gravures/nasal/web_531-nas-bbgr-94.tif.jpg,https://www.france-optique.com/gravures/fournisseur=127,2025-06-13 13:27:11.886666
2827,Maximo DS POLY,POLY,1.591,OPTIC 2000,https://si.france-optique.com/img/gravures/nasal/web_526-nas-bbgr-89.tif.jpg,https://www.france-optique.com/gravures/fournisseur=127,2025-06-13 13:27:11.900000
2828,Maximo DS 1.6,ORG,1.61,OPTIC 2000,https://si.france-optique.com/img/gravures/nasal/web_527-nas-bbgr-90.tif.jpg,https://www.france-optique.com/gravures/fournisseur=127,2025-06-13 13:27:11.913333
2829,Maximo DS 1.67,ORG,1.67,OPTIC 2000,https://si.france-optique.com/img/gravures/nasal/web_528-nas-bbgr-91.tif.jpg,https://www.france-optique.com/gravures/fournisseur=127,2025-06-13 13:27:11.926666
2830,Maximo M16,MIN,1.604,OPTIC 2000,https://si.france-optique.com/img/gravures/nasal/web_531-nas-bbgr-94.tif.jpg,https://www.france-optique.com/gravures/fournisseur=127,2025-06-13 13:27:11.940000
2831,Milado HD (OR15),ORG,1.5,OPTIC 2000,https://si.france-optique.com/img/gravures/nasal/web_545-nas-bbgr-108.tif.jpg,https://www.france-optique.com/gravures/fournisseur=127,2025-06-13 13:27:11.953333
2832,Milado HD POLY,POLY,1.591,OPTIC 2000,https://si.france-optique.com/img/gravures/nasal/web_547-nas-bbgr-110.tif.jpg,https://www.france-optique.com/gravures/fournisseur=127,2025-06-13 13:27:11.966666
2833,Milado HD 1.6,ORG,1.6,OPTIC 2000,https://si.france-optique.com/img/gravures/nasal/web_548-nas-bbgr-111.tif.jpg,https://www.france-optique.com/gravures/fournisseur=127,2025-06-13 13:27:11.980000
2834,Milado HD 1.67,ORG,1.67,OPTIC 2000,https://si.france-optique.com/img/gravures/nasal/web_551-nas-bbgr-114.tif.jpg,https://www.france-optique.com/gravures/fournisseur=127,2025-06-13 13:27:11.990000
2835,Milado HD Mini (OR15),ORG,1.5,OPTIC 2000,https://si.france-optique.com/img/gravures/nasal/web_545-nas-bbgr-108.tif.jpg,https://www.france-optique.com/gravures/fournisseur=127,2025-06-13 13:27:12.003333
2836,Milado HD Mini POLY,ORG,1.591,OPTIC 2000,https://si.france-optique.com/img/gravures/nasal/web_547-nas-bbgr-110.tif.jpg,https://www.france-optique.com/gravures/fournisseur=127,2025-06-13 13:27:12.016666
2837,Milado HD Mini 1.6,ORG,1.6,OPTIC 2000,https://si.france-optique.com/img/gravures/nasal/web_548-nas-bbgr-111.tif.jpg,https://www.france-optique.com/gravures/fournisseur=127,2025-06-13 13:27:12.026666
2838,Milado HD Mini 1.67,ORG,1.67,OPTIC 2000,https://si.france-optique.com/img/gravures/nasal/web_551-nas-bbgr-114.tif.jpg,https://www.france-optique.com/gravures/fournisseur=127,2025-06-13 13:27:12.040000
2839,Milado Start,ORG,1.5,OPTIC 2000,https://si.france-optique.com/img/gravures/nasal/web_750-nas-optic2000-01.tif.jpg,https://www.france-optique.com/gravures/fournisseur=127,2025-06-13 13:27:12.050000
2840,Milado Start Mini,ORG,1.5,OPTIC 2000,https://si.france-optique.com/img/gravures/nasal/web_753-nas-optic2000-04.tif.jpg,https://www.france-optique.com/gravures/fournisseur=127,2025-06-13 13:27:12.063333
2841,Milado Start 1.6,ORG,1.6,OPTIC 2000,https://si.france-optique.com/img/gravures/nasal/web_751-nas-optic2000-02.tif.jpg,https://www.france-optique.com/gravures/fournisseur=127,2025-06-13 13:27:12.073333
2842,Milado Start Mini 1.6,ORG,1.6,OPTIC 2000,https://si.france-optique.com/img/gravures/nasal/web_752-nas-optic2000-03.tif.jpg,https://www.france-optique.com/gravures/fournisseur=127,2025-06-13 13:27:12.086666
2843,Milado Start M16,MIN,1.604,OPTIC 2000,https://si.france-optique.com/img/gravures/nasal/web_751-nas-optic2000-02.tif.jpg,https://www.france-optique.com/gravures/fournisseur=127,2025-06-13 13:27:12.100000
2844,Vision Ordinateur MD 10 (OR15),ORG,1.5,OPTIC 2000,https://si.france-optique.com/img/gravures/nasal/web_766-nas-optic2000-17.tif.jpg,https://www.france-optique.com/gravures/fournisseur=127,2025-06-13 13:27:12.110000
2845,Vision Ordinateur MD 15 (OR15),ORG,1.5,OPTIC 2000,https://si.france-optique.com/img/gravures/nasal/web_766-nas-optic2000-17.tif.jpg,https://www.france-optique.com/gravures/fournisseur=127,2025-06-13 13:27:12.116666
2846,Vision Ordinateur MD 20 (OR15),ORG,1.5,OPTIC 2000,https://si.france-optique.com/img/gravures/nasal/web_766-nas-optic2000-17.tif.jpg,https://www.france-optique.com/gravures/fournisseur=127,2025-06-13 13:27:12.126666
2847,Vision Ordinateur MD 10 1.6,ORG,1.6,OPTIC 2000,https://si.france-optique.com/img/gravures/nasal/web_766-nas-optic2000-17.tif.jpg,https://www.france-optique.com/gravures/fournisseur=127,2025-06-13 13:27:12.140000
2848,Vision Ordinateur MD 15 1.6,ORG,1.6,OPTIC 2000,https://si.france-optique.com/img/gravures/nasal/web_766-nas-optic2000-17.tif.jpg,https://www.france-optique.com/gravures/fournisseur=127,2025-06-13 13:27:12.150000
2849,Vision Ordinateur MD 20 1.6,ORG,1.6,OPTIC 2000,https://si.france-optique.com/img/gravures/nasal/web_766-nas-optic2000-17.tif.jpg,https://www.france-optique.com/gravures/fournisseur=127,2025-06-13 13:27:12.160000
2850,Vision Ordinateur PROG (OR15),ORG,1.5,OPTIC 2000,https://si.france-optique.com/img/gravures/nasal/web_767-nas-optic2000-18.tif.jpg,https://www.france-optique.com/gravures/fournisseur=127,2025-06-13 13:27:12.173333
2851,Vision Ordinateur PROG 1.6,ORG,1.6,OPTIC 2000,https://si.france-optique.com/img/gravures/nasal/web_767-nas-optic2000-18.tif.jpg,https://www.france-optique.com/gravures/fournisseur=127,2025-06-13 13:27:12.186666
2852,Melodio Plus,ORG,1.5,OPTIC 2000,https://si.france-optique.com/img/gravures/nasal/web_768-nas-optic2000-19.tif.jpg,https://www.france-optique.com/gravures/fournisseur=127,2025-06-13 13:27:12.196666
2853,Melodio Plus POLY,POLY,1.591,OPTIC 2000,https://si.france-optique.com/img/gravures/nasal/web_769-nas-optic2000-20.tif.jpg,https://www.france-optique.com/gravures/fournisseur=127,2025-06-13 13:27:12.210000
2854,Melodio Plus 1.6,ORG,1.6,OPTIC 2000,https://si.france-optique.com/img/gravures/nasal/web_770-nas-optic2000-21.tif.jpg,https://www.france-optique.com/gravures/fournisseur=127,2025-06-13 13:27:12.220000
2855,Melodio Plus 1.67,ORG,1.67,OPTIC 2000,https://si.france-optique.com/img/gravures/nasal/web_771-nas-optic2000-22.tif.jpg,https://www.france-optique.com/gravures/fournisseur=127,2025-06-13 13:27:12.233333
2856,Melodio Plus 1.74,ORG,1.74,OPTIC 2000,https://si.france-optique.com/img/gravures/nasal/web_772-nas-optic2000-23.tif.jpg,https://www.france-optique.com/gravures/fournisseur=127,2025-06-13 13:27:12.243333
2857,Melodio Plus Mini,ORG,1.5,OPTIC 2000,https://si.france-optique.com/img/gravures/nasal/web_773-nas-optic2000-24.tif.jpg,https://www.france-optique.com/gravures/fournisseur=127,2025-06-13 13:27:12.256666
2858,Melodio Plus Mini POLY,POLY,1.591,OPTIC 2000,https://si.france-optique.com/img/gravures/nasal/web_774-nas-optic2000-25.tif.jpg,https://www.france-optique.com/gravures/fournisseur=127,2025-06-13 13:27:12.273333
2859,Melodio Plus Mini 1.6,ORG,1.6,OPTIC 2000,https://si.france-optique.com/img/gravures/nasal/web_775-nas-optic2000-26.tif.jpg,https://www.france-optique.com/gravures/fournisseur=127,2025-06-13 13:27:12.286666
2860,Melodio Plus Mini 1.67,ORG,1.67,OPTIC 2000,https://si.france-optique.com/img/gravures/nasal/web_776-nas-optic2000-27.tif.jpg,https://www.france-optique.com/gravures/fournisseur=127,2025-06-13 13:27:12.300000
2861,Melodio Plus Mini 1.74,ORG,1.74,OPTIC 2000,https://si.france-optique.com/img/gravures/nasal/web_777-nas-optic2000-28.tif.jpg,https://www.france-optique.com/gravures/fournisseur=127,2025-06-13 13:27:12.313333
2862,Melodio Plus Mio,ORG,1.5,OPTIC 2000,https://si.france-optique.com/img/gravures/nasal/web_778-nas-optic2000-29.tif.jpg,https://www.france-optique.com/gravures/fournisseur=127,2025-06-13 13:27:12.326666
2863,Melodio Plus Mio POLY,POLY,1.591,OPTIC 2000,https://si.france-optique.com/img/gravures/nasal/web_782-nas-optic2000-33.tif.jpg,https://www.france-optique.com/gravures/fournisseur=127,2025-06-13 13:27:12.340000
2864,Melodio Plus Mio 1.6,ORG,1.6,OPTIC 2000,https://si.france-optique.com/img/gravures/nasal/web_781-nas-optic2000-32.tif.jpg,https://www.france-optique.com/gravures/fournisseur=127,2025-06-13 13:27:12.356666
2865,Melodio Plus Mio 1.67,ORG,1.67,OPTIC 2000,https://si.france-optique.com/img/gravures/nasal/web_780-nas-optic2000-31.tif.jpg,https://www.france-optique.com/gravures/fournisseur=127,2025-06-13 13:27:12.370000
2866,Melodio Plus Mio 1.74,ORG,1.74,OPTIC 2000,https://si.france-optique.com/img/gravures/nasal/web_779-nas-optic2000-30.tif.jpg,https://www.france-optique.com/gravures/fournisseur=127,2025-06-13 13:27:12.383333
2867,Mediato Plus,ORG,1.5,OPTIC 2000,https://si.france-optique.com/img/gravures/nasal/web_1685-783-nas-optic2000-34.tif.jpg,https://www.france-optique.com/gravures/fournisseur=127,2025-06-13 13:27:12.396666
2868,Mediato Plus POLY,POLY,1.591,OPTIC 2000,https://si.france-optique.com/img/gravures/nasal/web_487-nas-bbgr-50.tif.jpg,https://www.france-optique.com/gravures/fournisseur=127,2025-06-13 13:27:12.410000
2869,Mediato Plus 1.6,ORG,1.6,OPTIC 2000,https://si.france-optique.com/img/gravures/nasal/web_493-nas-bbgr-56.tif.jpg,https://www.france-optique.com/gravures/fournisseur=127,2025-06-13 13:27:12.423333
2870,Mediato Plus 1.67,ORG,1.67,OPTIC 2000,https://si.france-optique.com/img/gravures/nasal/web_785-nas-optic2000-36.tif.jpg,https://www.france-optique.com/gravures/fournisseur=127,2025-06-13 13:27:12.433333
2871,Mediato Plus Mini,ORG,1.5,OPTIC 2000,https://si.france-optique.com/img/gravures/nasal/web_786-nas-optic2000-37.tif.jpg,https://www.france-optique.com/gravures/fournisseur=127,2025-06-13 13:27:12.446666
2872,Mediato Plus Mini POLY,POLY,1.591,OPTIC 2000,https://si.france-optique.com/img/gravures/nasal/web_787-nas-optic2000-38.tif.jpg,https://www.france-optique.com/gravures/fournisseur=127,2025-06-13 13:27:12.456666
2873,"Mediato Plus Mini 1,6",ORG,1.6,OPTIC 2000,https://si.france-optique.com/img/gravures/nasal/web_788-nas-optic2000-39.tif.jpg,https://www.france-optique.com/gravures/fournisseur=127,2025-06-13 13:27:12.466666
2874,"Mediato Plus Mini 1,67",ORG,1.67,OPTIC 2000,https://si.france-optique.com/img/gravures/nasal/web_789-nas-optic2000-40.tif.jpg,https://www.france-optique.com/gravures/fournisseur=127,2025-06-13 13:27:12.476666
2875,Mediato Plus Mio,ORG,1.5,OPTIC 2000,https://si.france-optique.com/img/gravures/nasal/web_784-nas-optic2000-35.tif.jpg,https://www.france-optique.com/gravures/fournisseur=127,2025-06-13 13:27:12.490000
2876,Mediato Plus Mio POLY,POLY,1.591,OPTIC 2000,https://si.france-optique.com/img/gravures/nasal/web_480-nas-bbgr-43.tif.jpg,https://www.france-optique.com/gravures/fournisseur=127,2025-06-13 13:27:12.500000
2877,Mediato Plus Mio 1.6,ORG,1.6,OPTIC 2000,https://si.france-optique.com/img/gravures/nasal/web_492-nas-bbgr-55.tif.jpg,https://www.france-optique.com/gravures/fournisseur=127,2025-06-13 13:27:12.513333
2878,Mediato Plus Mio 1.67,ORG,1.67,OPTIC 2000,https://si.france-optique.com/img/gravures/nasal/web_482-nas-bbgr-45.tif.jpg,https://www.france-optique.com/gravures/fournisseur=127,2025-06-13 13:27:12.526666
2879,MyProg 2V 1.6,ORG,1.6,OPTIC 2000,MP26,https://www.france-optique.com/gravures/fournisseur=127,2025-06-13 13:27:12.540000
2880,Myprog 1V 1.5,ORG,1.5,OPTIC 2000,MP1,https://www.france-optique.com/gravures/fournisseur=127,2025-06-13 13:27:12.550000
2881,MyProg 1V 1.6,ORG,1.6,OPTIC 2000,MP16,https://www.france-optique.com/gravures/fournisseur=127,2025-06-13 13:27:12.563333
2882,MyProg 1V 1.67,ORG,1.67,OPTIC 2000,MP167,https://www.france-optique.com/gravures/fournisseur=127,2025-06-13 13:27:12.576666
2883,MyProg 1V 1.74,ORG,1.74,OPTIC 2000,MP174,https://www.france-optique.com/gravures/fournisseur=127,2025-06-13 13:27:12.586666
2884,MyProg 1V Poly,POLY,1.59,OPTIC 2000,MP1P,https://www.france-optique.com/gravures/fournisseur=127,2025-06-13 13:27:12.600000
2885,MyProg 2 V Poly,POLY,1.59,OPTIC 2000,MP2P,https://www.france-optique.com/gravures/fournisseur=127,2025-06-13 13:27:12.610000
2886,MyProg 2V 1.5,ORG,1.5,OPTIC 2000,MP2,https://www.france-optique.com/gravures/fournisseur=127,2025-06-13 13:27:12.620000
2887,MyProg 2V 1.6,ORG,1.6,OPTIC 2000,MP26,https://www.france-optique.com/gravures/fournisseur=127,2025-06-13 13:27:12.633333
2888,MyProg 2V 1.67,ORG,1.67,OPTIC 2000,MP267,https://www.france-optique.com/gravures/fournisseur=127,2025-06-13 13:27:12.643333
2889,MyProg 2V 1.74,ORG,1.74,OPTIC 2000,MP274,https://www.france-optique.com/gravures/fournisseur=127,2025-06-13 13:27:12.656666
2890,MyProg 3V 1.5,ORG,1.5,OPTIC 2000,https://si.france-optique.com/img/gravures/nasal/web_1535-MyProg-3V-15.tif.jpg,https://www.france-optique.com/gravures/fournisseur=127,2025-06-13 13:27:12.670000
2891,MyProg 3V 1.6,ORG,1.6,OPTIC 2000,https://si.france-optique.com/img/gravures/nasal/web_1536-MyProg-3V-16.tif.jpg,https://www.france-optique.com/gravures/fournisseur=127,2025-06-13 13:27:12.680000
2892,MyProg 3V 1.67,ORG,1.67,OPTIC 2000,https://si.france-optique.com/img/gravures/nasal/web_1538-MyProg-3V-167.tif.jpg,https://www.france-optique.com/gravures/fournisseur=127,2025-06-13 13:27:12.693333
2893,MyProg 3V 1.74,ORG,1.74,OPTIC 2000,https://si.france-optique.com/img/gravures/nasal/web_1539-MyProg-3V-174.tif.jpg,https://www.france-optique.com/gravures/fournisseur=127,2025-06-13 13:27:12.703333
2894,MyProg 3V Poly,POLY,1.59,OPTIC 2000,https://si.france-optique.com/img/gravures/nasal/web_1537-MyProg-3V-159.tif.jpg,https://www.france-optique.com/gravures/fournisseur=127,2025-06-13 13:27:12.716666
2895,UNIVERS BOOST / UNIVERS BOOST T400 / UNIVERS BOOST T420 / UNIVERS BOOST Transitions™ Gen S® / UNIVERS BOOST Transitions™ Xtractive®,ORG,1.6,NOVACEL,UB,https://www.france-optique.com/gravures/fournisseur=711,2025-06-13 13:27:12.730000
2896,UNIVERS BOOST / UNIVERS BOOST T420 / UNIVERS BOOST Transitions™ Gen S® / UNIVERS BOOST Transitions™ Xtractive®,TVX,1.53,NOVACEL,UB,https://www.france-optique.com/gravures/fournisseur=711,2025-06-13 13:27:12.740000
2897,UNIVERS BOOST / UNIVERS BOOST T420 / UNIVERS BOOST Transitions™ Gen S® / UNIVERS BOOST Transitions™ Xtractive®,ORG,1.67,NOVACEL,UB,https://www.france-optique.com/gravures/fournisseur=711,2025-06-13 13:27:12.753333
2898,UNIVERS BOOST / UNIVERS BOOST T420 / UNIVERS BOOST Transitions™ Gen S®,ORG,1.74,NOVACEL,UB,https://www.france-optique.com/gravures/fournisseur=711,2025-06-13 13:27:12.766666
2899,ZEISS unifocal SmartLife Young Poly,POLY,1.59,ZEISS VISION CARE FRANCE,SY59,https://www.france-optique.com/gravures/fournisseur=2414,2025-06-13 13:27:12.780000
2900,ZEISS unifocal SmartLife 1.5,ORG,1.5,ZEISS VISION CARE FRANCE,SL50,https://www.france-optique.com/gravures/fournisseur=2414,2025-06-13 13:27:12.790000
2901,ZEISS unifocal SmartLife 1.53,TVX,1.53,ZEISS VISION CARE FRANCE,SL53,https://www.france-optique.com/gravures/fournisseur=2414,2025-06-13 13:27:12.803333
2902,ZEISS unifocal SmartLife 1.6,ORG,1.6,ZEISS VISION CARE FRANCE,SL60,https://www.france-optique.com/gravures/fournisseur=2414,2025-06-13 13:27:12.816666
2903,ZEISS unifocal SmartLife 1.67,ORG,1.67,ZEISS VISION CARE FRANCE,SL67,https://www.france-optique.com/gravures/fournisseur=2414,2025-06-13 13:27:12.830000
2904,ZEISS unifocal SmartLife 1.74,ORG,1.74,ZEISS VISION CARE FRANCE,SL74,https://www.france-optique.com/gravures/fournisseur=2414,2025-06-13 13:27:12.843333
2905,ZEISS unifocal SmartLife Poly,POLY,1.59,ZEISS VISION CARE FRANCE,SL59,https://www.france-optique.com/gravures/fournisseur=2414,2025-06-13 13:27:12.856666
2906,ZEISS progressif SmartLife Pure Short 1.5,ORG,1.5,ZEISS VISION CARE FRANCE,SPU50 14,https://www.france-optique.com/gravures/fournisseur=2414,2025-06-13 13:27:12.873333
2907,ZEISS progressif SmartLife Pure Short 1.53,TVX,1.53,ZEISS VISION CARE FRANCE,SPU53 14,https://www.france-optique.com/gravures/fournisseur=2414,2025-06-13 13:27:12.886666
2908,ZEISS progressif SmartLife Pure Short 1.6,ORG,1.6,ZEISS VISION CARE FRANCE,SPU60 14,https://www.france-optique.com/gravures/fournisseur=2414,2025-06-13 13:27:12.900000
2909,ZEISS progressif SmartLife Pure Short 1.67,ORG,1.67,ZEISS VISION CARE FRANCE,SPU67 14,https://www.france-optique.com/gravures/fournisseur=2414,2025-06-13 13:27:12.913333
2910,ZEISS progressif SmartLife Pure Short 1.74,ORG,1.74,ZEISS VISION CARE FRANCE,SPU74 14,https://www.france-optique.com/gravures/fournisseur=2414,2025-06-13 13:27:12.926666
2911,ZEISS progressif SmartLife Pure Short Poly,POLY,1.59,ZEISS VISION CARE FRANCE,SPU59 14,https://www.france-optique.com/gravures/fournisseur=2414,2025-06-13 13:27:12.940000
2912,ZEISS unifocal SmartLife Individual 50/75/100 1.5,ORG,1.5,ZEISS VISION CARE FRANCE,DLI50,https://www.france-optique.com/gravures/fournisseur=2414,2025-06-13 13:27:12.953333
2913,ZEISS unifocal SmartLife Individual 50/75/100 1.53,TVX,1.53,ZEISS VISION CARE FRANCE,DLI53,https://www.france-optique.com/gravures/fournisseur=2414,2025-06-13 13:27:12.966666
2914,Ophtalmic MIND 167 Transitions GEN8-XTRActive - Xtractive Polarized,ORG,1.67,OPHTALMIC COMPAGNIE,MI,https://www.france-optique.com/gravures/fournisseur=2395,2025-06-13 13:27:12.980000
2915,Ophtalmic MIND 160 Transitions GEN8-XTRActive - Xtractive Polarized,ORG,1.6,OPHTALMIC COMPAGNIE,MI,https://www.france-optique.com/gravures/fournisseur=2395,2025-06-13 13:27:12.996666
2916,Ophtalmic MIND Poly Transitions GEN8-XTRActive,POLY,1.59,OPHTALMIC COMPAGNIE,MI,https://www.france-optique.com/gravures/fournisseur=2395,2025-06-13 13:27:13.010000
2917,Ophtalmic MIND Trilogy Transitions GEN8-XTRActive,TVX,1.53,OPHTALMIC COMPAGNIE,MI,https://www.france-optique.com/gravures/fournisseur=2395,2025-06-13 13:27:13.023333
2918,Ophtalmic B-FIT 174 Transitions GEN8,ORG,1.74,OPHTALMIC COMPAGNIE,BF,https://www.france-optique.com/gravures/fournisseur=2395,2025-06-13 13:27:13.033333
2919,Ophtalmic B-FIT 167 Transitions GEN8-XTRActive - Xtractive Polarized,ORG,1.67,OPHTALMIC COMPAGNIE,BF,https://www.france-optique.com/gravures/fournisseur=2395,2025-06-13 13:27:13.046666
2920,Ophtalmic B-FIT 160 Transitions GEN8-XTRActive - Xtractive Polarized,ORG,1.6,OPHTALMIC COMPAGNIE,BF,https://www.france-optique.com/gravures/fournisseur=2395,2025-06-13 13:27:13.060000
2921,Ophtalmic B-FIT Poly Transitions GEN8-XTRActive,POLY,1.59,OPHTALMIC COMPAGNIE,BF,https://www.france-optique.com/gravures/fournisseur=2395,2025-06-13 13:27:13.070000
2922,Ophtalmic B-FIT Trilogy Transitions GEN8-XTRActive,TVX,1.53,OPHTALMIC COMPAGNIE,BF,https://www.france-optique.com/gravures/fournisseur=2395,2025-06-13 13:27:13.083333
2923,Ophtalmic B-FIT 150 UV400,ORG,1.5,OPHTALMIC COMPAGNIE,BF,https://www.france-optique.com/gravures/fournisseur=2395,2025-06-13 13:27:13.096666
2924,Ophtalmic B-FIT 150 Transitions GEN8-XTRActive - Xtractive Polarized,ORG,1.5,OPHTALMIC COMPAGNIE,BF,https://www.france-optique.com/gravures/fournisseur=2395,2025-06-13 13:27:13.106666
2925,Ophtalmic Eyes3 174 Transitions GEN8,ORG,1.74,OPHTALMIC COMPAGNIE,E3 ou E3S ou E3XS,https://www.france-optique.com/gravures/fournisseur=2395,2025-06-13 13:27:13.120000
2926,Ophtalmic Eyes3 167 Transitions GEN8- XTRActive - Xtractive Polarized,ORG,1.67,OPHTALMIC COMPAGNIE,E3 ou E3S ou E3XS,https://www.france-optique.com/gravures/fournisseur=2395,2025-06-13 13:27:13.130000
2927,Ophtalmic Eyes3 160 Transitions GEN8- XTRActive - Xtractive Polarized,ORG,1.6,OPHTALMIC COMPAGNIE,E3 ou E3S ou E3XS,https://www.france-optique.com/gravures/fournisseur=2395,2025-06-13 13:27:13.143333
2928,Ophtalmic Eyes3 Poly Transitions GEN8- XTRActive,POLY,1.59,OPHTALMIC COMPAGNIE,E3 ou E3S ou E3XS,https://www.france-optique.com/gravures/fournisseur=2395,2025-06-13 13:27:13.156666
2929,Ophtalmic Eyes3 Trilogy Transitions GEN8- XTRActive,TVX,1.53,OPHTALMIC COMPAGNIE,E3 ou E3S ou E3XS,https://www.france-optique.com/gravures/fournisseur=2395,2025-06-13 13:27:13.170000
2930,Ophtalmic Eyes3 150 UV400,ORG,1.5,OPHTALMIC COMPAGNIE,E3 ou E3S ou E3XS,https://www.france-optique.com/gravures/fournisseur=2395,2025-06-13 13:27:13.186666
2931,Ophtalmic Eyes3 150 Transitions GEN8- XTRActive - Xtractive Polarized,ORG,1.5,OPHTALMIC COMPAGNIE,E3 ou E3S ou E3XS,https://www.france-optique.com/gravures/fournisseur=2395,2025-06-13 13:27:13.196666
2932,Ophtalmic Kinetic HR+ 160 Transitions GEN8,ORG,1.6,OPHTALMIC COMPAGNIE,K ou KS,https://www.france-optique.com/gravures/fournisseur=2395,2025-06-13 13:27:13.210000
2933,Ophtalmic Kinetic HR+ 150 Transitions GEN8,ORG,1.5,OPHTALMIC COMPAGNIE,K ou KS,https://www.france-optique.com/gravures/fournisseur=2395,2025-06-13 13:27:13.220000
2934,EPSY 167 Transitions GEN8,ORG,1.67,OPHTALMIC COMPAGNIE,https://si.france-optique.com/img/gravures/nasal/web_852-oph-com_2019.tif.jpg,https://www.france-optique.com/gravures/fournisseur=2395,2025-06-13 13:27:13.233333
2935,EPSY 160 Transitions GEN8,ORG,1.6,OPHTALMIC COMPAGNIE,https://si.france-optique.com/img/gravures/nasal/web_852-oph-com_2019.tif.jpg,https://www.france-optique.com/gravures/fournisseur=2395,2025-06-13 13:27:13.243333
2936,EPSY Poly Transitions GEN8,POLY,1.59,OPHTALMIC COMPAGNIE,https://si.france-optique.com/img/gravures/nasal/web_852-oph-com_2019.tif.jpg,https://www.france-optique.com/gravures/fournisseur=2395,2025-06-13 13:27:13.256666
2937,EPSY 150 Transitions GEN8,ORG,1.5,OPHTALMIC COMPAGNIE,https://si.france-optique.com/img/gravures/nasal/web_852-oph-com_2019.tif.jpg,https://www.france-optique.com/gravures/fournisseur=2395,2025-06-13 13:27:13.270000
2938,Ophtalmic Maxview 174,ORG,1.74,OPHTALMIC COMPAGNIE,MV ou MVS ou MVXS,https://www.france-optique.com/gravures/fournisseur=2395,2025-06-13 13:27:13.283333
2939,Ophtalmic Maxview 174 Cozylens,ORG,1.74,OPHTALMIC COMPAGNIE,MV ou MVS ou MVXS,https://www.france-optique.com/gravures/fournisseur=2395,2025-06-13 13:27:13.296666
2940,Ophtalmic Maxview 174 Transitions GEN8,ORG,1.74,OPHTALMIC COMPAGNIE,MV ou MVS ou MVXS,https://www.france-optique.com/gravures/fournisseur=2395,2025-06-13 13:27:13.310000
2941,Ophtalmic Maxview 167,ORG,1.67,OPHTALMIC COMPAGNIE,MV ou MVS ou MVXS,https://www.france-optique.com/gravures/fournisseur=2395,2025-06-13 13:27:13.320000
2942,Ophtalmic Maxview 167 Cozylens,ORG,1.67,OPHTALMIC COMPAGNIE,MV ou MVS ou MVXS,https://www.france-optique.com/gravures/fournisseur=2395,2025-06-13 13:27:13.333333
2943,Ophtalmic Maxview 167 Transitions GEN8- XTRActive- XTRActive Polarized,ORG,1.67,OPHTALMIC COMPAGNIE,MV ou MVS ou MVXS,https://www.france-optique.com/gravures/fournisseur=2395,2025-06-13 13:27:13.350000
2944,Ophtalmic Maxview 167 Sunlite,ORG,1.67,OPHTALMIC COMPAGNIE,MV ou MVS ou MVXS,https://www.france-optique.com/gravures/fournisseur=2395,2025-06-13 13:27:13.360000
2945,Ophtalmic Maxview 160,ORG,1.6,OPHTALMIC COMPAGNIE,MV ou MVS ou MVXS,https://www.france-optique.com/gravures/fournisseur=2395,2025-06-13 13:27:13.373333
2946,Ophtalmic Maxview 160 Cozylens,ORG,1.6,OPHTALMIC COMPAGNIE,MV ou MVS ou MVXS,https://www.france-optique.com/gravures/fournisseur=2395,2025-06-13 13:27:13.383333
2947,Ophtalmic Maxview 160 Transitions GEN8- XTRActive- XTRActive Polarized,ORG,1.6,OPHTALMIC COMPAGNIE,MV ou MVS ou MVXS,https://www.france-optique.com/gravures/fournisseur=2395,2025-06-13 13:27:13.396666
2948,Ophtalmic Maxview 160 Sunlite,ORG,1.6,OPHTALMIC COMPAGNIE,MV ou MVS ou MVXS,https://www.france-optique.com/gravures/fournisseur=2395,2025-06-13 13:27:13.410000
2949,Ophtalmic Maxview 160 PolarPlus,ORG,1.6,OPHTALMIC COMPAGNIE,MV ou MVS ou MVXS,https://www.france-optique.com/gravures/fournisseur=2395,2025-06-13 13:27:13.423333
2950,Ophtalmic Maxview Poly,POLY,1.59,OPHTALMIC COMPAGNIE,MV ou MVS ou MVXS,https://www.france-optique.com/gravures/fournisseur=2395,2025-06-13 13:27:13.440000
2951,Ophtalmic Maxview Poly Transitions GEN8- XTRActive,POLY,1.59,OPHTALMIC COMPAGNIE,MV ou MVS ou MVXS,https://www.france-optique.com/gravures/fournisseur=2395,2025-06-13 13:27:13.453333
2952,Ophtalmic Maxview Poly Nupolar,POLY,1.59,OPHTALMIC COMPAGNIE,MV ou MVS ou MVXS,https://www.france-optique.com/gravures/fournisseur=2395,2025-06-13 13:27:13.470000
2953,Ophtalmic Maxview 154 Sunlite,ORG,1.54,OPHTALMIC COMPAGNIE,MV ou MVS ou MVXS,https://www.france-optique.com/gravures/fournisseur=2395,2025-06-13 13:27:13.483333
2954,Ophtalmic Maxview Trilogy,TVX,1.53,OPHTALMIC COMPAGNIE,MV ou MVS ou MVXS,https://www.france-optique.com/gravures/fournisseur=2395,2025-06-13 13:27:13.493333
2955,Ophtalmic Maxview Trilogy Transitions GEN8- XTRActive,TVX,1.53,OPHTALMIC COMPAGNIE,MV ou MVS ou MVXS,https://www.france-optique.com/gravures/fournisseur=2395,2025-06-13 13:27:13.510000
2956,Ophtalmic Maxview 150,ORG,1.5,OPHTALMIC COMPAGNIE,MV ou MVS ou MVXS,https://www.france-optique.com/gravures/fournisseur=2395,2025-06-13 13:27:13.523333
2957,Ophtalmic Maxview 150 UV400,ORG,1.5,OPHTALMIC COMPAGNIE,MV ou MVS ou MVXS,https://www.france-optique.com/gravures/fournisseur=2395,2025-06-13 13:27:13.536666
2958,Ophtalmic Maxview 150 Cozylens,ORG,1.5,OPHTALMIC COMPAGNIE,MV ou MVS ou MVXS,https://www.france-optique.com/gravures/fournisseur=2395,2025-06-13 13:27:13.546666
2959,Ophtalmic Maxview 150 Transitions GEN8- XTRActive- XTRActive Polarized,ORG,1.5,OPHTALMIC COMPAGNIE,MV ou MVS ou MVXS,https://www.france-optique.com/gravures/fournisseur=2395,2025-06-13 13:27:13.560000
2960,Ophtalmic Maxview 150 Acclimates,ORG,1.5,OPHTALMIC COMPAGNIE,MV ou MVS ou MVXS,https://www.france-optique.com/gravures/fournisseur=2395,2025-06-13 13:27:13.573333
2961,Ophtalmic Maxview 150 PolarPlus,ORG,1.5,OPHTALMIC COMPAGNIE,MV ou MVS ou MVXS,https://www.france-optique.com/gravures/fournisseur=2395,2025-06-13 13:27:13.583333
2962,Ophtalmic Maxview 150 Nupolar,ORG,1.5,OPHTALMIC COMPAGNIE,MV ou MVS ou MVXS,https://www.france-optique.com/gravures/fournisseur=2395,2025-06-13 13:27:13.596666
2963,Ophtalmic Maxview 150 Drivewear,ORG,1.5,OPHTALMIC COMPAGNIE,MV ou MVS ou MVXS,https://www.france-optique.com/gravures/fournisseur=2395,2025-06-13 13:27:13.610000
2964,Ophtalmic Insight 174,ORG,1.74,OPHTALMIC COMPAGNIE,IN ou IN-S,https://www.france-optique.com/gravures/fournisseur=2395,2025-06-13 13:27:13.620000
2965,Ophtalmic Insight 167,ORG,1.67,OPHTALMIC COMPAGNIE,IN ou IN-S,https://www.france-optique.com/gravures/fournisseur=2395,2025-06-13 13:27:13.633333
2966,Ophtalmic Insight 167 Cozylens,ORG,1.67,OPHTALMIC COMPAGNIE,IN ou IN-S,https://www.france-optique.com/gravures/fournisseur=2395,2025-06-13 13:27:13.646666
2967,Ophtalmic Insight 167 Sunlite,ORG,1.67,OPHTALMIC COMPAGNIE,IN ou IN-S,https://www.france-optique.com/gravures/fournisseur=2395,2025-06-13 13:27:13.656666
2968,Ophtalmic Insight 160,ORG,1.6,OPHTALMIC COMPAGNIE,IN ou IN-S,https://www.france-optique.com/gravures/fournisseur=2395,2025-06-13 13:27:13.670000
2969,Ophtalmic Insight 160 Cozylens,ORG,1.6,OPHTALMIC COMPAGNIE,IN ou IN-S,https://www.france-optique.com/gravures/fournisseur=2395,2025-06-13 13:27:13.680000
2970,Ophtalmic Insight 160 Transitions GEN8,ORG,1.6,OPHTALMIC COMPAGNIE,IN ou IN-S,https://www.france-optique.com/gravures/fournisseur=2395,2025-06-13 13:27:13.693333
2971,Ophtalmic Insight 160 Sunlite,ORG,1.6,OPHTALMIC COMPAGNIE,IN ou IN-S,https://www.france-optique.com/gravures/fournisseur=2395,2025-06-13 13:27:13.706666
2972,Ophtalmic Insight 160 PolarPlus,ORG,1.6,OPHTALMIC COMPAGNIE,IN ou IN-S,https://www.france-optique.com/gravures/fournisseur=2395,2025-06-13 13:27:13.720000
2973,Ophtalmic Insight Poly,POLY,1.59,OPHTALMIC COMPAGNIE,IN ou IN-S,https://www.france-optique.com/gravures/fournisseur=2395,2025-06-13 13:27:13.733333
2974,Ophtalmic Insight 154 Sunlite,ORG,1.54,OPHTALMIC COMPAGNIE,IN ou IN-S,https://www.france-optique.com/gravures/fournisseur=2395,2025-06-13 13:27:13.746666
2975,Ophtalmic Insight 150,ORG,1.5,OPHTALMIC COMPAGNIE,IN ou IN-S,https://www.france-optique.com/gravures/fournisseur=2395,2025-06-13 13:27:13.766666
2976,Ophtalmic Insight 150 UV 400,ORG,1.5,OPHTALMIC COMPAGNIE,IN ou IN-S,https://www.france-optique.com/gravures/fournisseur=2395,2025-06-13 13:27:13.780000
2977,Ophtalmic Insight 150 Cozylens,ORG,1.5,OPHTALMIC COMPAGNIE,IN ou IN-S,https://www.france-optique.com/gravures/fournisseur=2395,2025-06-13 13:27:13.793333
2978,Ophtalmic Insight 150 Transitions GEN8,ORG,1.5,OPHTALMIC COMPAGNIE,IN ou IN-S,https://www.france-optique.com/gravures/fournisseur=2395,2025-06-13 13:27:13.806666
2979,Ophtalmic Insight 150 Acclimates,ORG,1.5,OPHTALMIC COMPAGNIE,IN ou IN-S,https://www.france-optique.com/gravures/fournisseur=2395,2025-06-13 13:27:13.820000
2980,Ophtalmic Insight 150 PolarPlus,ORG,1.5,OPHTALMIC COMPAGNIE,IN ou IN-S,https://www.france-optique.com/gravures/fournisseur=2395,2025-06-13 13:27:13.833333
2981,Ophtalmic Insight 150 Nupolar,ORG,1.5,OPHTALMIC COMPAGNIE,IN ou IN-S,https://www.france-optique.com/gravures/fournisseur=2395,2025-06-13 13:27:13.846666
2982,Ophtalmic Insight Sun,ORG,1.5,OPHTALMIC COMPAGNIE,IN ou IN-S,https://www.france-optique.com/gravures/fournisseur=2395,2025-06-13 13:27:13.856666
2983,ZEISS unifocal SmartLife Individual 50/75/100 1.6,ORG,1.6,ZEISS VISION CARE FRANCE,DLI60,https://www.france-optique.com/gravures/fournisseur=2414,2025-06-13 13:27:13.870000
2984,ZEISS unifocal SmartLife Individual 50/75/100 1.67,ORG,1.67,ZEISS VISION CARE FRANCE,DLI67,https://www.france-optique.com/gravures/fournisseur=2414,2025-06-13 13:27:13.880000
2985,ZEISS unifocal SmartLife Individual 50/75/100 1.74,ORG,1.74,ZEISS VISION CARE FRANCE,DLI74,https://www.france-optique.com/gravures/fournisseur=2414,2025-06-13 13:27:13.893333
2986,ZEISS unifocal SmartLife Individual 50/75/100 Poly,POLY,1.59,ZEISS VISION CARE FRANCE,DLI59,https://www.france-optique.com/gravures/fournisseur=2414,2025-06-13 13:27:13.910000
2987,ZEISS progressif SmartLife Individual 1.5,ORG,1.5,ZEISS VISION CARE FRANCE,SIN50,https://www.france-optique.com/gravures/fournisseur=2414,2025-06-13 13:27:13.920000
2988,ZEISS progressif SmartLife Individual 1.53,TVX,1.53,ZEISS VISION CARE FRANCE,SIN53,https://www.france-optique.com/gravures/fournisseur=2414,2025-06-13 13:27:13.936666
2989,ZEISS progressif SmartLife Individual 1.6,ORG,1.6,ZEISS VISION CARE FRANCE,SIN60,https://www.france-optique.com/gravures/fournisseur=2414,2025-06-13 13:27:13.946666
2990,ZEISS progressif SmartLife Individual 1.67,ORG,1.67,ZEISS VISION CARE FRANCE,SIN67,https://www.france-optique.com/gravures/fournisseur=2414,2025-06-13 13:27:13.960000
2991,ZEISS progressif SmartLife Individual 1.74,ORG,1.74,ZEISS VISION CARE FRANCE,SIN74,https://www.france-optique.com/gravures/fournisseur=2414,2025-06-13 13:27:13.970000
2992,ZEISS progressif SmartLife Individual Poly,POLY,1.59,ZEISS VISION CARE FRANCE,SIN59,https://www.france-optique.com/gravures/fournisseur=2414,2025-06-13 13:27:13.986666
2993,ZEISS progressif SmartLife Superb 1.5,ORG,1.5,ZEISS VISION CARE FRANCE,SSB50,https://www.france-optique.com/gravures/fournisseur=2414,2025-06-13 13:27:14.000000
2994,ZEISS progressif SmartLife Superb 1.53,TVX,1.53,ZEISS VISION CARE FRANCE,SSB53,https://www.france-optique.com/gravures/fournisseur=2414,2025-06-13 13:27:14.013333
2995,ZEISS progressif SmartLife Superb 1.6,ORG,1.6,ZEISS VISION CARE FRANCE,SSB60,https://www.france-optique.com/gravures/fournisseur=2414,2025-06-13 13:27:14.026666
2996,ZEISS progressif SmartLife Superb 1.67,ORG,1.67,ZEISS VISION CARE FRANCE,SSB67,https://www.france-optique.com/gravures/fournisseur=2414,2025-06-13 13:27:14.040000
2997,ZEISS progressif SmartLife Superb 1.74,ORG,1.74,ZEISS VISION CARE FRANCE,SSB74,https://www.france-optique.com/gravures/fournisseur=2414,2025-06-13 13:27:14.050000
2998,ZEISS progressif SmartLife Superb Poly,POLY,1.59,ZEISS VISION CARE FRANCE,SSB59,https://www.france-optique.com/gravures/fournisseur=2414,2025-06-13 13:27:14.063333
2999,ZEISS progressif SmartLife Plus 1.5,ORG,1.5,ZEISS VISION CARE FRANCE,SPL50,https://www.france-optique.com/gravures/fournisseur=2414,2025-06-13 13:27:14.076666
3000,ZEISS progressif SmartLife Plus 1.53,TVX,1.53,ZEISS VISION CARE FRANCE,SPL53,https://www.france-optique.com/gravures/fournisseur=2414,2025-06-13 13:27:14.090000
3001,ZEISS progressif SmartLife Plus 1.6,ORG,1.6,ZEISS VISION CARE FRANCE,SPL60,https://www.france-optique.com/gravures/fournisseur=2414,2025-06-13 13:27:14.100000
3002,ZEISS progressif SmartLife Plus 1.67,ORG,1.67,ZEISS VISION CARE FRANCE,SPL67,https://www.france-optique.com/gravures/fournisseur=2414,2025-06-13 13:27:14.116666
3003,ZEISS progressif SmartLife Plus 1.74,ORG,1.74,ZEISS VISION CARE FRANCE,SPL74,https://www.france-optique.com/gravures/fournisseur=2414,2025-06-13 13:27:14.133333
3004,ZEISS progressif SmartLife Plus Poly,POLY,1.59,ZEISS VISION CARE FRANCE,SPL59,https://www.france-optique.com/gravures/fournisseur=2414,2025-06-13 13:27:14.146666
3005,ZEISS progressif SmartLife Pure 1.5,ORG,1.5,ZEISS VISION CARE FRANCE,SPU50 18,https://www.france-optique.com/gravures/fournisseur=2414,2025-06-13 13:27:14.160000
3006,ZEISS progressif SmartLife Pure 1.53,TVX,1.53,ZEISS VISION CARE FRANCE,SPU53 18,https://www.france-optique.com/gravures/fournisseur=2414,2025-06-13 13:27:14.173333
3007,ZEISS progressif SmartLife Pure 1.6,ORG,1.6,ZEISS VISION CARE FRANCE,SPU60 18,https://www.france-optique.com/gravures/fournisseur=2414,2025-06-13 13:27:14.186666
3008,ZEISS progressif SmartLife Pure 1.67,ORG,1.67,ZEISS VISION CARE FRANCE,SPU67 18,https://www.france-optique.com/gravures/fournisseur=2414,2025-06-13 13:27:14.200000
3009,ZEISS progressif SmartLife Pure 1.74,ORG,1.74,ZEISS VISION CARE FRANCE,SPU74 18,https://www.france-optique.com/gravures/fournisseur=2414,2025-06-13 13:27:14.210000
3010,ZEISS progressif SmartLife Pure Poly,POLY,1.59,ZEISS VISION CARE FRANCE,SPU59 18,https://www.france-optique.com/gravures/fournisseur=2414,2025-06-13 13:27:14.223333
3011,ZEISS unifocal SmartLife 50/75/100 1.5,ORG,1.5,ZEISS VISION CARE FRANCE,DSL50,https://www.france-optique.com/gravures/fournisseur=2414,2025-06-13 13:27:14.236666
3012,ZEISS unifocal SmartLife 50/75/100 1.53,TVX,1.53,ZEISS VISION CARE FRANCE,DSL53,https://www.france-optique.com/gravures/fournisseur=2414,2025-06-13 13:27:14.250000
3013,ZEISS unifocal SmartLife 50/75/100 1.6,ORG,1.6,ZEISS VISION CARE FRANCE,DSL60,https://www.france-optique.com/gravures/fournisseur=2414,2025-06-13 13:27:14.260000
3014,ZEISS unifocal SmartLife 50/75/100 1.67,ORG,1.67,ZEISS VISION CARE FRANCE,DSL67,https://www.france-optique.com/gravures/fournisseur=2414,2025-06-13 13:27:14.273333
3015,ZEISS unifocal SmartLife 50/75/100 1.74,ORG,1.74,ZEISS VISION CARE FRANCE,DSL74,https://www.france-optique.com/gravures/fournisseur=2414,2025-06-13 13:27:14.286666
3016,ZEISS unifocal SmartLife 50/75/100 Poly,POLY,1.59,ZEISS VISION CARE FRANCE,DSL59,https://www.france-optique.com/gravures/fournisseur=2414,2025-06-13 13:27:14.300000
3017,ZEISS unifocal SmartLife Individual 1.5,ORG,1.5,ZEISS VISION CARE FRANCE,SLI50,https://www.france-optique.com/gravures/fournisseur=2414,2025-06-13 13:27:14.310000
3018,ZEISS unifocal SmartLife Individual 1.53,TVX,1.53,ZEISS VISION CARE FRANCE,SLI53,https://www.france-optique.com/gravures/fournisseur=2414,2025-06-13 13:27:14.323333
3019,ZEISS unifocal SmartLife Individual 1.6,ORG,1.6,ZEISS VISION CARE FRANCE,SLI60,https://www.france-optique.com/gravures/fournisseur=2414,2025-06-13 13:27:14.336666
3020,ZEISS unifocal SmartLife Individual 1.67,ORG,1.67,ZEISS VISION CARE FRANCE,SLI67,https://www.france-optique.com/gravures/fournisseur=2414,2025-06-13 13:27:14.350000
3021,ZEISS unifocal SmartLife Individual 1.74,ORG,1.74,ZEISS VISION CARE FRANCE,SLI74,https://www.france-optique.com/gravures/fournisseur=2414,2025-06-13 13:27:14.360000
3022,ZEISS unifocal SmartLife Individual Poly,POLY,1.59,ZEISS VISION CARE FRANCE,SLI59,https://www.france-optique.com/gravures/fournisseur=2414,2025-06-13 13:27:14.373333
3023,be 4ty+ S-Fusion Perfect.i / UV / B-UV / Photo Trans / Transitions Gen S / XTRActive / Polar / Drivewear,ORG,1.5,OPTISWISS FRANCE SARL,SFI,https://www.france-optique.com/gravures/fournisseur=659,2025-06-13 13:27:14.386666
3024,One S-Fusion / UV / B-UV / Photo Trans / Transitions Gen S / XTRActive / Polar / Drivewear,ORG,1.5,OPTISWISS FRANCE SARL,ONE,https://www.france-optique.com/gravures/fournisseur=659,2025-06-13 13:27:14.400000
3025,be 4ty+ S-Fusion Life / UV / B-UV / Photo Trans / Transitions Gen S / XTRActive / Polar / Drivewear,ORG,1.5,OPTISWISS FRANCE SARL,SFL,https://www.france-optique.com/gravures/fournisseur=659,2025-06-13 13:27:14.413333
3026,be 4ty+ S-Fusion Easy / UV / B-UV / Photo Trans / Transitions Gen S / XTRActive / Polar / Drivewear,ORG,1.5,OPTISWISS FRANCE SARL,SFE,https://www.france-optique.com/gravures/fournisseur=659,2025-06-13 13:27:14.423333
3027,be 4ty+ HD Perfect / UV / B-UV / Photo Trans / Transitions Gen S / XTRActive / Polar / Drivewear,ORG,1.5,OPTISWISS FRANCE SARL,HDP,https://www.france-optique.com/gravures/fournisseur=659,2025-06-13 13:27:14.440000
3028,be 4ty+ HD Life / UV / B-UV / Photo Trans / Transitions Gen S / XTRActive / Polar / Drivewear,ORG,1.5,OPTISWISS FRANCE SARL,HDL,https://www.france-optique.com/gravures/fournisseur=659,2025-06-13 13:27:14.453333
3029,SMYLE UV / B-UV / Photo Trans,ORG,1.5,OPTISWISS FRANCE SARL,SMY,https://www.france-optique.com/gravures/fournisseur=659,2025-06-13 13:27:14.466666
3030,be 4ty+ S-Fusion Perfect.i / B-UV / Photo Trans / Transitions Gen S / XTRActive / Polar,ORG,1.6,OPTISWISS FRANCE SARL,SFI,https://www.france-optique.com/gravures/fournisseur=659,2025-06-13 13:27:14.483333
3031,be 4ty+ S-Fusion Life / B-UV / Photo Trans / Transitions Gen S / XTRActive / Polar,ORG,1.6,OPTISWISS FRANCE SARL,SFL,https://www.france-optique.com/gravures/fournisseur=659,2025-06-13 13:27:14.500000
3032,be 4ty+ S-Fusion Easy / B-UV / Photo Trans / Transitions Gen S / XTRActive / Polar,ORG,1.6,OPTISWISS FRANCE SARL,SFE,https://www.france-optique.com/gravures/fournisseur=659,2025-06-13 13:27:14.513333
3033,be 4ty+ HD Perfect / B-UV / Photo Trans / Transitions Gen S / XTRActive / Polar,ORG,1.6,OPTISWISS FRANCE SARL,HDP,https://www.france-optique.com/gravures/fournisseur=659,2025-06-13 13:27:14.530000
3034,be 4ty+ HD Life / B-UV / Photo Trans / Transitions Gen S / XTRActive / Polar,ORG,1.6,OPTISWISS FRANCE SARL,HDL,https://www.france-optique.com/gravures/fournisseur=659,2025-06-13 13:27:14.543333
3035,One S-Fusion / B-UV / Photo Trans / Transitions Gen S / XTRActive / Polar,ORG,1.6,OPTISWISS FRANCE SARL,ONE,https://www.france-optique.com/gravures/fournisseur=659,2025-06-13 13:27:14.560000
3036,SMYLE / B-UV / Photo Trans,ORG,1.6,OPTISWISS FRANCE SARL,SMY,https://www.france-optique.com/gravures/fournisseur=659,2025-06-13 13:27:14.570000
3037,be 4ty+ S-Fusion Qube / Transitions Gen S / Polar,ORG,1.5,OPTISWISS FRANCE SARL,SFQ,https://www.france-optique.com/gravures/fournisseur=659,2025-06-13 13:27:14.586666
3038,be 4ty+ S-Fusion Perfect.i / B-UV / Photo Trans / Transitions Gen S / Polar,ORG,1.67,OPTISWISS FRANCE SARL,SFI,https://www.france-optique.com/gravures/fournisseur=659,2025-06-13 13:27:14.600000
3039,be 4ty+ S-Fusion Life / B-UV / Photo Trans / Transitions Gen S / Polar,ORG,1.67,OPTISWISS FRANCE SARL,SFL,https://www.france-optique.com/gravures/fournisseur=659,2025-06-13 13:27:14.616666
3040,be 4ty+ S-Fusion Easy / B-UV / Photo Trans / Transitions Gen S / Polar,ORG,1.67,OPTISWISS FRANCE SARL,SFE,https://www.france-optique.com/gravures/fournisseur=659,2025-06-13 13:27:14.630000
3041,be 4ty+ HD Perfect / B-UV / Photo Trans / Transitions Gen S / Polar,ORG,1.67,OPTISWISS FRANCE SARL,HDP,https://www.france-optique.com/gravures/fournisseur=659,2025-06-13 13:27:14.646666
3042,be 4ty+ HD Life / B-UV / Photo Trans / Transitions Gen S / Polar,ORG,1.67,OPTISWISS FRANCE SARL,HDL,https://www.france-optique.com/gravures/fournisseur=659,2025-06-13 13:27:14.660000
3043,One S-Fusion / B-UV / Photo Trans / Transitions Gen S / Polar,ORG,1.67,OPTISWISS FRANCE SARL,ONE,https://www.france-optique.com/gravures/fournisseur=659,2025-06-13 13:27:14.676666
3044,SMYLE / B-UV / Photo Trans,ORG,1.67,OPTISWISS FRANCE SARL,SMY,https://www.france-optique.com/gravures/fournisseur=659,2025-06-13 13:27:14.686666
3045,be 4ty+ S-Fusion Perfect.i,ORG,1.74,OPTISWISS FRANCE SARL,SFI,https://www.france-optique.com/gravures/fournisseur=659,2025-06-13 13:27:14.700000
3046,be 4ty+ S-Fusion Life,ORG,1.74,OPTISWISS FRANCE SARL,SFL,https://www.france-optique.com/gravures/fournisseur=659,2025-06-13 13:27:14.710000
3047,be 4ty+ S-Fusion Easy,ORG,1.74,OPTISWISS FRANCE SARL,SFE,https://www.france-optique.com/gravures/fournisseur=659,2025-06-13 13:27:14.723333
3048,be 4ty+ HD Perfect,ORG,1.74,OPTISWISS FRANCE SARL,HDP,https://www.france-optique.com/gravures/fournisseur=659,2025-06-13 13:27:14.733333
3049,be 4ty+ HD Life,ORG,1.74,OPTISWISS FRANCE SARL,HDL,https://www.france-optique.com/gravures/fournisseur=659,2025-06-13 13:27:14.746666
3050,One S-Fusion,ORG,1.74,OPTISWISS FRANCE SARL,ONE,https://www.france-optique.com/gravures/fournisseur=659,2025-06-13 13:27:14.760000
3051,SMYLE,ORG,1.74,OPTISWISS FRANCE SARL,SMY,https://www.france-optique.com/gravures/fournisseur=659,2025-06-13 13:27:14.773333
3052,SMYLE,TVX,1.53,OPTISWISS FRANCE SARL,SMY,https://www.france-optique.com/gravures/fournisseur=659,2025-06-13 13:27:14.786666
3053,be 4ty+ S-Fusion Qube / Transitions Gen S / Polar,ORG,1.6,OPTISWISS FRANCE SARL,SFQ,https://www.france-optique.com/gravures/fournisseur=659,2025-06-13 13:27:14.796666
3054,SMYLE,POLY,1.59,OPTISWISS FRANCE SARL,SMY,https://www.france-optique.com/gravures/fournisseur=659,2025-06-13 13:27:14.810000
3055,be 4ty+ S-Fusion Qube / Transitions Gen S,ORG,1.67,OPTISWISS FRANCE SARL,SFQ,https://www.france-optique.com/gravures/fournisseur=659,2025-06-13 13:27:14.823333
3056,be 4ty+ S-Fusion Qube,TVX,1.53,OPTISWISS FRANCE SARL,SFQ,https://www.france-optique.com/gravures/fournisseur=659,2025-06-13 13:27:14.833333
3057,be 4ty+ S-Fusion Qube,POLY,1.59,OPTISWISS FRANCE SARL,SFQ,https://www.france-optique.com/gravures/fournisseur=659,2025-06-13 13:27:14.846666
3058,be 4ty+ S-Fusion Perfect.i / Transitions Gen S,TVX,1.53,OPTISWISS FRANCE SARL,SFI,https://www.france-optique.com/gravures/fournisseur=659,2025-06-13 13:27:14.860000
3059,be 4ty+ S-Fusion Perfect.i,POLY,1.59,OPTISWISS FRANCE SARL,SFI,https://www.france-optique.com/gravures/fournisseur=659,2025-06-13 13:27:14.873333
3060,be 4ty+ S-Fusion Perfect.i / Photo,MIN,1.6,OPTISWISS FRANCE SARL,SFI,https://www.france-optique.com/gravures/fournisseur=659,2025-06-13 13:27:14.886666
3061,be 4ty+ S-Fusion Perfect.i,MIN,1.71,OPTISWISS FRANCE SARL,SFI,https://www.france-optique.com/gravures/fournisseur=659,2025-06-13 13:27:14.896666
3062,be 4ty+ S-Fusion Perfect.i,MIN,1.81,OPTISWISS FRANCE SARL,SFI,https://www.france-optique.com/gravures/fournisseur=659,2025-06-13 13:27:14.910000
3063,be 4ty+ S-Fusion Life / Transitions Gen S,TVX,1.53,OPTISWISS FRANCE SARL,SFL,https://www.france-optique.com/gravures/fournisseur=659,2025-06-13 13:27:14.920000
3064,be 4ty+ S-Fusion Life,POLY,1.59,OPTISWISS FRANCE SARL,SFL,https://www.france-optique.com/gravures/fournisseur=659,2025-06-13 13:27:14.930000
3065,be 4ty+ S-Fusion Life / Photo,MIN,1.6,OPTISWISS FRANCE SARL,SFL,https://www.france-optique.com/gravures/fournisseur=659,2025-06-13 13:27:14.943333
3066,be 4ty+ S-Fusion Life,MIN,1.71,OPTISWISS FRANCE SARL,SFL,https://www.france-optique.com/gravures/fournisseur=659,2025-06-13 13:27:14.953333
3067,be 4ty+ S-Fusion Life,MIN,1.81,OPTISWISS FRANCE SARL,SFL,https://www.france-optique.com/gravures/fournisseur=659,2025-06-13 13:27:14.963333
3068,be 4ty+ S-Fusion Easy / Transitions Gen S,TVX,1.53,OPTISWISS FRANCE SARL,SFE,https://www.france-optique.com/gravures/fournisseur=659,2025-06-13 13:27:14.976666
3069,be 4ty+ S-Fusion Easy,POLY,1.59,OPTISWISS FRANCE SARL,SFE,https://www.france-optique.com/gravures/fournisseur=659,2025-06-13 13:27:14.986666
3070,be 4ty+ S-Fusion Easy / Photo,MIN,1.6,OPTISWISS FRANCE SARL,SFE,https://www.france-optique.com/gravures/fournisseur=659,2025-06-13 13:27:15.000000
3071,be 4ty+ S-Fusion Easy,MIN,1.71,OPTISWISS FRANCE SARL,SFE,https://www.france-optique.com/gravures/fournisseur=659,2025-06-13 13:27:15.010000
3072,be 4ty+ S-Fusion Easy,MIN,1.81,OPTISWISS FRANCE SARL,SFE,https://www.france-optique.com/gravures/fournisseur=659,2025-06-13 13:27:15.023333
3073,be 4ty+ HD Perfect / Transitions Gen S,TVX,1.53,OPTISWISS FRANCE SARL,HDP,https://www.france-optique.com/gravures/fournisseur=659,2025-06-13 13:27:15.036666
3074,be 4ty+ HD Perfect,POLY,1.59,OPTISWISS FRANCE SARL,HDP,https://www.france-optique.com/gravures/fournisseur=659,2025-06-13 13:27:15.050000
3075,be 4ty+ HD Perfect / Photo,MIN,1.6,OPTISWISS FRANCE SARL,HDP,https://www.france-optique.com/gravures/fournisseur=659,2025-06-13 13:27:15.060000
3076,be 4ty+ HD Perfect,MIN,1.71,OPTISWISS FRANCE SARL,HDP,https://www.france-optique.com/gravures/fournisseur=659,2025-06-13 13:27:15.073333
3077,be 4ty+ HD Perfect,MIN,1.81,OPTISWISS FRANCE SARL,HDP,https://www.france-optique.com/gravures/fournisseur=659,2025-06-13 13:27:15.083333
3078,be 4ty+ HD Life / Transitions Gen S,TVX,1.53,OPTISWISS FRANCE SARL,HDL,https://www.france-optique.com/gravures/fournisseur=659,2025-06-13 13:27:15.096666
3079,be 4ty+ HD Life,POLY,1.59,OPTISWISS FRANCE SARL,HDL,https://www.france-optique.com/gravures/fournisseur=659,2025-06-13 13:27:15.110000
3080,be 4ty+ HD Life / Photo,MIN,1.6,OPTISWISS FRANCE SARL,HDL,https://www.france-optique.com/gravures/fournisseur=659,2025-06-13 13:27:15.123333
3081,be 4ty+ HD Life,MIN,1.71,OPTISWISS FRANCE SARL,HDL,https://www.france-optique.com/gravures/fournisseur=659,2025-06-13 13:27:15.133333
3082,be 4ty+ HD Life,MIN,1.81,OPTISWISS FRANCE SARL,HDL,https://www.france-optique.com/gravures/fournisseur=659,2025-06-13 13:27:15.146666
3083,be 4ty+ HD Easy / UV / B-UV / Photo Trans / Transitions Gen S / XTRActive / Polar / Drivewear,ORG,1.5,OPTISWISS FRANCE SARL,HDE,https://www.france-optique.com/gravures/fournisseur=659,2025-06-13 13:27:15.156666
3084,be 4ty+ HD Easy,ORG,1.74,OPTISWISS FRANCE SARL,HDE,https://www.france-optique.com/gravures/fournisseur=659,2025-06-13 13:27:15.166666
3085,be 4ty+ HD Easy / Transitions Gen S,TVX,1.53,OPTISWISS FRANCE SARL,HDE,https://www.france-optique.com/gravures/fournisseur=659,2025-06-13 13:27:15.180000
3086,be 4ty+ HD Easy,POLY,1.59,OPTISWISS FRANCE SARL,HDE,https://www.france-optique.com/gravures/fournisseur=659,2025-06-13 13:27:15.190000
3087,be 4ty+ HD Easy / Photo,MIN,1.6,OPTISWISS FRANCE SARL,HDE,https://www.france-optique.com/gravures/fournisseur=659,2025-06-13 13:27:15.200000
3088,be 4ty+ HD Easy,MIN,1.71,OPTISWISS FRANCE SARL,HDE,https://www.france-optique.com/gravures/fournisseur=659,2025-06-13 13:27:15.213333
3089,be 4ty+ HD Easy,MIN,1.81,OPTISWISS FRANCE SARL,HDE,https://www.france-optique.com/gravures/fournisseur=659,2025-06-13 13:27:15.226666
3090,be 4ty+ HD RoadSafe Drivewear,ORG,1.5,OPTISWISS FRANCE SARL,HDRS,https://www.france-optique.com/gravures/fournisseur=659,2025-06-13 13:27:15.240000
3091,be 4ty+ HD RoadSafe / XTRActive,ORG,1.6,OPTISWISS FRANCE SARL,HDRS,https://www.france-optique.com/gravures/fournisseur=659,2025-06-13 13:27:15.253333
3092,be 4ty+ HD RoadSafe,ORG,1.67,OPTISWISS FRANCE SARL,HDRS,https://www.france-optique.com/gravures/fournisseur=659,2025-06-13 13:27:15.266666
3093,PX+ Life / UV / B-UV / Photo Trans / Transitions Gen S / Polar,ORG,1.5,OPTISWISS FRANCE SARL,PX+L,https://www.france-optique.com/gravures/fournisseur=659,2025-06-13 13:27:15.280000
3094,PX+ Life / B-UV / Photo Trans / Transitions Gen S / Polar,ORG,1.6,OPTISWISS FRANCE SARL,PX+L,https://www.france-optique.com/gravures/fournisseur=659,2025-06-13 13:27:15.296666
3095,PX+ Life / B-UV / Photo Trans / Transitions Gen S,ORG,1.67,OPTISWISS FRANCE SARL,PX+L,https://www.france-optique.com/gravures/fournisseur=659,2025-06-13 13:27:15.310000
3096,PX+ Life,POLY,1.59,OPTISWISS FRANCE SARL,PX+L,https://www.france-optique.com/gravures/fournisseur=659,2025-06-13 13:27:15.320000
3097,PX+ Easy / UV / B-UV / Photo Trans / Transitions Gen S / Polar,ORG,1.5,OPTISWISS FRANCE SARL,PX+E,https://www.france-optique.com/gravures/fournisseur=659,2025-06-13 13:27:15.336666
3098,PX+ Easy / B-UV / Photo Trans / Transitions Gen S / Polar,ORG,1.6,OPTISWISS FRANCE SARL,PX+E,https://www.france-optique.com/gravures/fournisseur=659,2025-06-13 13:27:15.350000
3099,PX+ Easy / B-UV / Photo Trans / Transitions Gen S,ORG,1.67,OPTISWISS FRANCE SARL,PX+E,https://www.france-optique.com/gravures/fournisseur=659,2025-06-13 13:27:15.360000
3100,PX+ Easy,POLY,1.59,OPTISWISS FRANCE SARL,PX+E,https://www.france-optique.com/gravures/fournisseur=659,2025-06-13 13:27:15.370000
3101,Pro Orga / UV / B-UV / Photo Trans / Transitions Gen S / Polar,ORG,1.5,OPTISWISS FRANCE SARL,PRO,https://www.france-optique.com/gravures/fournisseur=659,2025-06-13 13:27:15.386666
3102,Pro Poly,POLY,1.59,OPTISWISS FRANCE SARL,PRO,https://www.france-optique.com/gravures/fournisseur=659,2025-06-13 13:27:15.400000
3103,Pro Sport S-Fusion / Transitions Gen S / XTRActive / Polar / Drivewear,ORG,1.5,OPTISWISS FRANCE SARL,SPSF,https://www.france-optique.com/gravures/fournisseur=659,2025-06-13 13:27:15.410000
3104,Pro Sport S-Fusion / Transitions Gen S / Polar,ORG,1.6,OPTISWISS FRANCE SARL,SPSF,https://www.france-optique.com/gravures/fournisseur=659,2025-06-13 13:27:15.426666
3105,Pro Sport S-Fusion / Transitions Gen S / Polar,ORG,1.67,OPTISWISS FRANCE SARL,SPSF,https://www.france-optique.com/gravures/fournisseur=659,2025-06-13 13:27:15.436666
3106,Pro Sport S-Fusion / Transitions Gen S / Sun / Photo Daynite / Photo Copper / Photo Orange / Photo Polar / Polar,TVX,1.53,OPTISWISS FRANCE SARL,SPSF,https://www.france-optique.com/gravures/fournisseur=659,2025-06-13 13:27:15.453333
3107,Pro Sport S-Fusion / Sun / Polar / Polar Energy,POLY,1.59,OPTISWISS FRANCE SARL,SPSF,https://www.france-optique.com/gravures/fournisseur=659,2025-06-13 13:27:15.470000
3108,Pro Sport IBS,POLY,1.59,OPTISWISS FRANCE SARL,PSP,https://www.france-optique.com/gravures/fournisseur=659,2025-06-13 13:27:15.480000
3109,One S-Fusion / Transitions Gen S,TVX,1.53,OPTISWISS FRANCE SARL,ONE,https://www.france-optique.com/gravures/fournisseur=659,2025-06-13 13:27:15.496666
3110,One S-Fusion / Photo,MIN,1.6,OPTISWISS FRANCE SARL,ONE,https://www.france-optique.com/gravures/fournisseur=659,2025-06-13 13:27:15.506666
3111,One S-Fusion,MIN,1.71,OPTISWISS FRANCE SARL,ONE,https://www.france-optique.com/gravures/fournisseur=659,2025-06-13 13:27:15.520000
3112,One S-Fusion,MIN,1.81,OPTISWISS FRANCE SARL,ONE,https://www.france-optique.com/gravures/fournisseur=659,2025-06-13 13:27:15.530000
3113,One HD RoadSafe Drivewear,ORG,1.5,OPTISWISS FRANCE SARL,HDRS,https://www.france-optique.com/gravures/fournisseur=659,2025-06-13 13:27:15.540000
3114,One HD RoadSafe / XTRActive,ORG,1.6,OPTISWISS FRANCE SARL,HDRS,https://www.france-optique.com/gravures/fournisseur=659,2025-06-13 13:27:15.553333
3115,One HD RoadSafe,ORG,1.67,OPTISWISS FRANCE SARL,HDRS,https://www.france-optique.com/gravures/fournisseur=659,2025-06-13 13:27:15.573333
3116,Relax S-Fusion / UV / B-UV / Photo Trans / Transitions Gen S / XTRActive / Polar / Drivewear,ORG,1.5,OPTISWISS FRANCE SARL,RLX A*,https://www.france-optique.com/gravures/fournisseur=659,2025-06-13 13:27:15.586666
3117,Relax S-Fusion / B-UV / Photo Trans / Transitions Gen S / XTRActive / Polar,ORG,1.6,OPTISWISS FRANCE SARL,RLX A*,https://www.france-optique.com/gravures/fournisseur=659,2025-06-13 13:27:15.600000
3118,Relax S-Fusion / B-UV / Photo Trans / Transitions Gen S / Polar,ORG,1.67,OPTISWISS FRANCE SARL,RLX A*,https://www.france-optique.com/gravures/fournisseur=659,2025-06-13 13:27:15.616666
3119,Relax S-Fusion,ORG,1.74,OPTISWISS FRANCE SARL,RLX A*,https://www.france-optique.com/gravures/fournisseur=659,2025-06-13 13:27:15.630000
3120,Relax S-Fusion / Transitions Gen S,TVX,1.53,OPTISWISS FRANCE SARL,RLX A*,https://www.france-optique.com/gravures/fournisseur=659,2025-06-13 13:27:15.643333
3121,Relax S-Fusion / Photo,MIN,1.6,OPTISWISS FRANCE SARL,RLX A*,https://www.france-optique.com/gravures/fournisseur=659,2025-06-13 13:27:15.660000
3122,Relax S-Fusion,MIN,1.71,OPTISWISS FRANCE SARL,RLX A*,https://www.france-optique.com/gravures/fournisseur=659,2025-06-13 13:27:15.676666
3123,Relax S-Fusion,MIN,1.81,OPTISWISS FRANCE SARL,RLX A*,https://www.france-optique.com/gravures/fournisseur=659,2025-06-13 13:27:15.690000
3124,Relax / UV / B-UV / Photo Trans / Transitions Gen S,ORG,1.5,OPTISWISS FRANCE SARL,RLX A*,https://www.france-optique.com/gravures/fournisseur=659,2025-06-13 13:27:15.703333
3125,Relax / B-UV / Photo Trans / Transitions Gen S,ORG,1.6,OPTISWISS FRANCE SARL,RLX A*,https://www.france-optique.com/gravures/fournisseur=659,2025-06-13 13:27:15.720000
3126,Relax / B-UV / Photo Trans / Transitions Gen S,ORG,1.67,OPTISWISS FRANCE SARL,RLX A*,https://www.france-optique.com/gravures/fournisseur=659,2025-06-13 13:27:15.730000
3127,Relax,ORG,1.74,OPTISWISS FRANCE SARL,RLX A*,https://www.france-optique.com/gravures/fournisseur=659,2025-06-13 13:27:15.746666
3128,One Sport S-Fusion / Transitions Gen S / XTRActive / Polar / Drivewear,ORG,1.5,OPTISWISS FRANCE SARL,SPSF,https://www.france-optique.com/gravures/fournisseur=659,2025-06-13 13:27:15.760000
3129,One Sport S-Fusion / Transitions Gen S / XTRActive / Polar,ORG,1.6,OPTISWISS FRANCE SARL,SPSF,https://www.france-optique.com/gravures/fournisseur=659,2025-06-13 13:27:15.773333
3130,One Sport S-Fusion / Transitions Gen S / Polar,ORG,1.67,OPTISWISS FRANCE SARL,SPSF,https://www.france-optique.com/gravures/fournisseur=659,2025-06-13 13:27:15.786666
3131,One Sport S-Fusion / Transitions Gen S / Sun / Photo Daynite / Photo Copper / Photo Orange / Photo Polar / Polar,TVX,1.53,OPTISWISS FRANCE SARL,SPSF,https://www.france-optique.com/gravures/fournisseur=659,2025-06-13 13:27:15.796666
3132,One Sport S-Fusion / Sun / Polar / Polar Energy,POLY,1.59,OPTISWISS FRANCE SARL,SPSF,https://www.france-optique.com/gravures/fournisseur=659,2025-06-13 13:27:15.810000
3133,One Sport IBS,POLY,1.59,OPTISWISS FRANCE SARL,OSP,https://www.france-optique.com/gravures/fournisseur=659,2025-06-13 13:27:15.823333
3134,Nearis S-Fusion Office / UV / B-UV / Photo Trans / Transitions Gen S,ORG,1.5,OPTISWISS FRANCE SARL,NESO,https://www.france-optique.com/gravures/fournisseur=659,2025-06-13 13:27:15.836666
3135,Nearis S-Fusion Office / B-UV / Photo Trans / Transitions Gen S,ORG,1.6,OPTISWISS FRANCE SARL,NESO,https://www.france-optique.com/gravures/fournisseur=659,2025-06-13 13:27:15.850000
3136,Nearis S-Fusion Office / B-UV,ORG,1.67,OPTISWISS FRANCE SARL,NESO,https://www.france-optique.com/gravures/fournisseur=659,2025-06-13 13:27:15.863333
3137,Nearis S-Fusion Office,ORG,1.74,OPTISWISS FRANCE SARL,NESO,https://www.france-optique.com/gravures/fournisseur=659,2025-06-13 13:27:15.876666
3138,Nearis S-Fusion Office / Transitions Gen S,TVX,1.53,OPTISWISS FRANCE SARL,NESO,https://www.france-optique.com/gravures/fournisseur=659,2025-06-13 13:27:15.890000
3139,Nearis S-Fusion Office / Photo,MIN,1.6,OPTISWISS FRANCE SARL,NESO,https://www.france-optique.com/gravures/fournisseur=659,2025-06-13 13:27:15.903333
3140,Nearis S-Fusion Office,MIN,1.71,OPTISWISS FRANCE SARL,NESO,https://www.france-optique.com/gravures/fournisseur=659,2025-06-13 13:27:15.916666
3141,Nearis S-Fusion Office,MIN,1.81,OPTISWISS FRANCE SARL,NESO,https://www.france-optique.com/gravures/fournisseur=659,2025-06-13 13:27:15.930000
3142,Nearis S-Fusion Desk / UV / B-UV / Photo Trans / Transitions Gen S,ORG,1.5,OPTISWISS FRANCE SARL,NESD,https://www.france-optique.com/gravures/fournisseur=659,2025-06-13 13:27:15.940000
3143,Nearis S-Fusion Desk / Photo / B-UV / PhotoTrans / Transitions Gen S,ORG,1.6,OPTISWISS FRANCE SARL,NESD,https://www.france-optique.com/gravures/fournisseur=659,2025-06-13 13:27:15.953333
3144,Nearis S-Fusion Desk / B-UV,ORG,1.67,OPTISWISS FRANCE SARL,NESD,https://www.france-optique.com/gravures/fournisseur=659,2025-06-13 13:27:15.966666
3145,Nearis S-Fusion Desk,ORG,1.74,OPTISWISS FRANCE SARL,NESD,https://www.france-optique.com/gravures/fournisseur=659,2025-06-13 13:27:15.980000
3146,Nearis S-Fusion Desk / Transitions Gen S,TVX,1.53,OPTISWISS FRANCE SARL,NESD,https://www.france-optique.com/gravures/fournisseur=659,2025-06-13 13:27:15.993333
3147,Nearis S-Fusion Desk / Photo,MIN,1.6,OPTISWISS FRANCE SARL,NESD,https://www.france-optique.com/gravures/fournisseur=659,2025-06-13 13:27:16.006666
3148,Nearis S-Fusion Desk,MIN,1.71,OPTISWISS FRANCE SARL,NESD,https://www.france-optique.com/gravures/fournisseur=659,2025-06-13 13:27:16.016666
3149,Nearis S-Fusion Desk,MIN,1.81,OPTISWISS FRANCE SARL,NESD,https://www.france-optique.com/gravures/fournisseur=659,2025-06-13 13:27:16.030000
3150,Nearis S-Fusion Reader / UV / B-UV / Photo Trans / Transitions Gen S,ORG,1.5,OPTISWISS FRANCE SARL,NESR,https://www.france-optique.com/gravures/fournisseur=659,2025-06-13 13:27:16.040000
3151,Nearis S-Fusion Reader / B-UV / Photo Trans / Transitions Gen S,ORG,1.6,OPTISWISS FRANCE SARL,NESR,https://www.france-optique.com/gravures/fournisseur=659,2025-06-13 13:27:16.053333
3152,Nearis S-Fusion Reader / B-UV,ORG,1.67,OPTISWISS FRANCE SARL,NESR,https://www.france-optique.com/gravures/fournisseur=659,2025-06-13 13:27:16.063333
3153,Nearis S-Fusion Reader,ORG,1.74,OPTISWISS FRANCE SARL,NESR,https://www.france-optique.com/gravures/fournisseur=659,2025-06-13 13:27:16.076666
3154,Nearis S-Fusion Reader / Transitions Gen S,TVX,1.53,OPTISWISS FRANCE SARL,NESR,https://www.france-optique.com/gravures/fournisseur=659,2025-06-13 13:27:16.090000
3155,Nearis S-Fusion Reader / Photo,MIN,1.6,OPTISWISS FRANCE SARL,NESR,https://www.france-optique.com/gravures/fournisseur=659,2025-06-13 13:27:16.100000
3156,Nearis S-Fusion Reader,MIN,1.71,OPTISWISS FRANCE SARL,NESR,https://www.france-optique.com/gravures/fournisseur=659,2025-06-13 13:27:16.113333
3157,Nearis S-Fusion Reader,MIN,1.81,OPTISWISS FRANCE SARL,NESR,https://www.france-optique.com/gravures/fournisseur=659,2025-06-13 13:27:16.123333
3158,Nearis S-Fusion 7 / UV / B-UV / Photo Trans / Transitions Gen S,ORG,1.5,OPTISWISS FRANCE SARL,NES7,https://www.france-optique.com/gravures/fournisseur=659,2025-06-13 13:27:16.133333
3159,Nearis S-Fusion 7 / B-UV / Photo Trans / Transitions Gen S,ORG,1.6,OPTISWISS FRANCE SARL,NES7,https://www.france-optique.com/gravures/fournisseur=659,2025-06-13 13:27:16.143333
3160,Nearis S-Fusion 7 / B-UV,ORG,1.67,OPTISWISS FRANCE SARL,NES7,https://www.france-optique.com/gravures/fournisseur=659,2025-06-13 13:27:16.156666
3161,Nearis S-Fusion 7,ORG,1.74,OPTISWISS FRANCE SARL,NES7,https://www.france-optique.com/gravures/fournisseur=659,2025-06-13 13:27:16.170000
3162,Nearis S-Fusion 7 / Transitions Gen S,TVX,1.53,OPTISWISS FRANCE SARL,NES7,https://www.france-optique.com/gravures/fournisseur=659,2025-06-13 13:27:16.183333
3163,Nearis S-Fusion 7 / Photo,MIN,1.6,OPTISWISS FRANCE SARL,NES7,https://www.france-optique.com/gravures/fournisseur=659,2025-06-13 13:27:16.193333
3164,Nearis S-Fusion 7,MIN,1.71,OPTISWISS FRANCE SARL,NES7,https://www.france-optique.com/gravures/fournisseur=659,2025-06-13 13:27:16.203333
3165,Nearis S-Fusion 7,MIN,1.81,OPTISWISS FRANCE SARL,NES7,https://www.france-optique.com/gravures/fournisseur=659,2025-06-13 13:27:16.216666
3166,Access Typ A,ORG,1.5,OPTISWISS FRANCE SARL,AC,https://www.france-optique.com/gravures/fournisseur=659,2025-06-13 13:27:16.230000
3167,Access Typ B,ORG,1.5,OPTISWISS FRANCE SARL,AC,https://www.france-optique.com/gravures/fournisseur=659,2025-06-13 13:27:16.240000
3168,BIOMETRICS HORIZON / UV / B-UV / Photo Trans / Transitions Gen S / XTRActive / Polar / Drivewear,ORG,1.5,OPTISWISS FRANCE SARL,BIOH,https://www.france-optique.com/gravures/fournisseur=659,2025-06-13 13:27:16.253333
3169,BIOMETRICS HORIZON,POLY,1.59,OPTISWISS FRANCE SARL,BIOH,https://www.france-optique.com/gravures/fournisseur=659,2025-06-13 13:27:16.266666
3170,BIOMETRICS HORIZON / B-UV / Photo Trans / Transitions Gen S / XTRActive / Polar,ORG,1.6,OPTISWISS FRANCE SARL,BIOH,https://www.france-optique.com/gravures/fournisseur=659,2025-06-13 13:27:16.280000
3171,BIOMETRICS HORIZON / B-UV / Photo Trans / Transitions Gen S / Polar,ORG,1.67,OPTISWISS FRANCE SARL,BIOH,https://www.france-optique.com/gravures/fournisseur=659,2025-06-13 13:27:16.290000
3172,BIOMETRICS HORIZON,ORG,1.74,OPTISWISS FRANCE SARL,BIOH,https://www.france-optique.com/gravures/fournisseur=659,2025-06-13 13:27:16.303333
3173,BIOMETRICS HORIZON,MIN,1.71,OPTISWISS FRANCE SARL,BIOH,https://www.france-optique.com/gravures/fournisseur=659,2025-06-13 13:27:16.313333
3174,BIOMETRICS HORIZON,MIN,1.81,OPTISWISS FRANCE SARL,BIOH,https://www.france-optique.com/gravures/fournisseur=659,2025-06-13 13:27:16.326666
3175,BIOMETRICS HORIZON / Photo,MIN,1.6,OPTISWISS FRANCE SARL,BIOH,https://www.france-optique.com/gravures/fournisseur=659,2025-06-13 13:27:16.336666
3176,BIOMETRICS HORIZON / Transition GEN S,TVX,1.53,OPTISWISS FRANCE SARL,BIOH,https://www.france-optique.com/gravures/fournisseur=659,2025-06-13 13:27:16.350000
3177,be 4ty+ HD Easy / B-UV / Photo Trans / Transitions Gen S / XTRActive / Polar,ORG,1.6,OPTISWISS FRANCE SARL,HDE,https://www.france-optique.com/gravures/fournisseur=659,2025-06-13 13:27:16.360000
3178,be 4ty+ HD Easy / B-UV / Photo Trans / Transitions Gen S / Polar,ORG,1.67,OPTISWISS FRANCE SARL,HDE,https://www.france-optique.com/gravures/fournisseur=659,2025-06-13 13:27:16.370000
3179,Pro Orga / B-UV / Photo Trans / Transitions Gen S / Polar,ORG,1.6,OPTISWISS FRANCE SARL,PRO,https://www.france-optique.com/gravures/fournisseur=659,2025-06-13 13:27:16.386666
3180,One BIOMETRICS / UV / B-UV / Photo Trans / Transitions Gen S / XTRActive / Polar / Drivewear,ORG,1.5,OPTISWISS FRANCE SARL,OBIO,https://www.france-optique.com/gravures/fournisseur=659,2025-06-13 13:27:16.396666
3181,One BIOMETRICS / B-UV / Photo Trans / Transitions Gen S / XTRActive / Polar,ORG,1.6,OPTISWISS FRANCE SARL,OBIO,https://www.france-optique.com/gravures/fournisseur=659,2025-06-13 13:27:16.410000
3182,One BIOMETRICS / B-UV / Photo Trans / Transitions Gen S / Polar,ORG,1.67,OPTISWISS FRANCE SARL,OBIO,https://www.france-optique.com/gravures/fournisseur=659,2025-06-13 13:27:16.423333
3183,One BIOMETRICS,ORG,1.74,OPTISWISS FRANCE SARL,OBIO,https://www.france-optique.com/gravures/fournisseur=659,2025-06-13 13:27:16.436666
3184,One BIOMETRICS / Transitions Gen S,TVX,1.53,OPTISWISS FRANCE SARL,OBIO,https://www.france-optique.com/gravures/fournisseur=659,2025-06-13 13:27:16.450000
3185,One BIOMETRICS / Photo,MIN,1.6,OPTISWISS FRANCE SARL,OBIO,https://www.france-optique.com/gravures/fournisseur=659,2025-06-13 13:27:16.463333
3186,One BIOMETRICS,MIN,1.71,OPTISWISS FRANCE SARL,OBIO,https://www.france-optique.com/gravures/fournisseur=659,2025-06-13 13:27:16.473333
3187,One BIOMETRICS,MIN,1.81,OPTISWISS FRANCE SARL,OBIO,https://www.france-optique.com/gravures/fournisseur=659,2025-06-13 13:27:16.483333
3188,Relax BIOMETRICS / UV / B-UV / Photo Trans / Transitions Gen S / XTRActive / Polar / Drivewear,ORG,1.5,OPTISWISS FRANCE SARL,RBIO A*,https://www.france-optique.com/gravures/fournisseur=659,2025-06-13 13:27:16.496666
3189,Relax BIOMETRICS / B-UV / Photo Trans / Transitions Gen S / XTRActive / Polar,ORG,1.6,OPTISWISS FRANCE SARL,RBIO A*,https://www.france-optique.com/gravures/fournisseur=659,2025-06-13 13:27:16.510000
3190,Relax BIOMETRICS / B-UV / Photo Trans / Transitions Gen S / Polar,ORG,1.67,OPTISWISS FRANCE SARL,RBIO A*,https://www.france-optique.com/gravures/fournisseur=659,2025-06-13 13:27:16.523333
3191,Relax BIOMETRICS,ORG,1.74,OPTISWISS FRANCE SARL,RBIO A*,https://www.france-optique.com/gravures/fournisseur=659,2025-06-13 13:27:16.536666
3192,Relax BIOMETRICS / Transitions Gen S,TVX,1.53,OPTISWISS FRANCE SARL,RBIO A*,https://www.france-optique.com/gravures/fournisseur=659,2025-06-13 13:27:16.553333
3193,Relax BIOMETRICS / Photo,MIN,1.6,OPTISWISS FRANCE SARL,RBIO A*,https://www.france-optique.com/gravures/fournisseur=659,2025-06-13 13:27:16.563333
3194,Relax BIOMETRICS,MIN,1.71,OPTISWISS FRANCE SARL,RBIO A*,https://www.france-optique.com/gravures/fournisseur=659,2025-06-13 13:27:16.576666
3195,Relax BIOMETRICS,MIN,1.81,OPTISWISS FRANCE SARL,RBIO A*,https://www.france-optique.com/gravures/fournisseur=659,2025-06-13 13:27:16.586666
3196,Nearis BIOMETRICS Office / UV / B-UV / Photo Trans / Transitions Gen S,ORG,1.5,OPTISWISS FRANCE SARL,NBIO O,https://www.france-optique.com/gravures/fournisseur=659,2025-06-13 13:27:16.600000
3197,Nearis BIOMETRICS Office / B-UV / PhotoTrans / Transitions Gen S,ORG,1.6,OPTISWISS FRANCE SARL,NBIO O,https://www.france-optique.com/gravures/fournisseur=659,2025-06-13 13:27:16.613333
3198,Nearis BIOMETRICS Office / B-UV,ORG,1.67,OPTISWISS FRANCE SARL,NBIO O,https://www.france-optique.com/gravures/fournisseur=659,2025-06-13 13:27:16.630000
3199,Nearis BIOMETRICS Office,ORG,1.74,OPTISWISS FRANCE SARL,NBIO O,https://www.france-optique.com/gravures/fournisseur=659,2025-06-13 13:27:16.640000
3200,Nearis BIOMETRICS Office / Transitions Gen S,TVX,1.53,OPTISWISS FRANCE SARL,NBIO O,https://www.france-optique.com/gravures/fournisseur=659,2025-06-13 13:27:16.653333
3201,Nearis BIOMETRICS Office / Photo,MIN,1.6,OPTISWISS FRANCE SARL,NBIO O,https://www.france-optique.com/gravures/fournisseur=659,2025-06-13 13:27:16.670000
3202,Nearis BIOMETRICS Office,MIN,1.71,OPTISWISS FRANCE SARL,NBIO O,https://www.france-optique.com/gravures/fournisseur=659,2025-06-13 13:27:16.680000
3203,Nearis BIOMETRICS Office,MIN,1.81,OPTISWISS FRANCE SARL,NBIO O,https://www.france-optique.com/gravures/fournisseur=659,2025-06-13 13:27:16.693333
3204,Nearis BIOMETRICS Desk / UV / B-UV / Photo Trans / Transitions Gen S,ORG,1.5,OPTISWISS FRANCE SARL,NBIO D,https://www.france-optique.com/gravures/fournisseur=659,2025-06-13 13:27:16.706666
3205,Nearis BIOMETRICS Desk / B-UV / PhotoTrans / Transitions Gen S,ORG,1.6,OPTISWISS FRANCE SARL,NBIO D,https://www.france-optique.com/gravures/fournisseur=659,2025-06-13 13:27:16.720000
3206,Nearis BIOMETRICS Desk / B-UV,ORG,1.67,OPTISWISS FRANCE SARL,NBIO D,https://www.france-optique.com/gravures/fournisseur=659,2025-06-13 13:27:16.733333
3207,Nearis BIOMETRICS Desk,ORG,1.74,OPTISWISS FRANCE SARL,NBIO D,https://www.france-optique.com/gravures/fournisseur=659,2025-06-13 13:27:16.746666
3208,Nearis BIOMETRICS Desk / Transitions Gen S,TVX,1.53,OPTISWISS FRANCE SARL,NBIO D,https://www.france-optique.com/gravures/fournisseur=659,2025-06-13 13:27:16.760000
3209,Nearis BIOMETRICS Desk / Photo,MIN,1.6,OPTISWISS FRANCE SARL,NBIO D,https://www.france-optique.com/gravures/fournisseur=659,2025-06-13 13:27:16.770000
3210,Nearis BIOMETRICS Desk,MIN,1.71,OPTISWISS FRANCE SARL,NBIO D,https://www.france-optique.com/gravures/fournisseur=659,2025-06-13 13:27:16.783333
3211,Nearis BIOMETRICS Desk,MIN,1.81,OPTISWISS FRANCE SARL,NBIO D,https://www.france-optique.com/gravures/fournisseur=659,2025-06-13 13:27:16.793333
3212,Nearis BIOMETRICS Reader / UV / B-UV / Photo Trans / Transitions Gen S,ORG,1.5,OPTISWISS FRANCE SARL,NBIO R,https://www.france-optique.com/gravures/fournisseur=659,2025-06-13 13:27:16.806666
3213,Nearis BIOMETRICS Reader / B-UV / PhotoTrans / Transitions Gen S,ORG,1.6,OPTISWISS FRANCE SARL,NBIO R,https://www.france-optique.com/gravures/fournisseur=659,2025-06-13 13:27:16.816666
3214,Nearis BIOMETRICS Reader / B-UV,ORG,1.67,OPTISWISS FRANCE SARL,NBIO R,https://www.france-optique.com/gravures/fournisseur=659,2025-06-13 13:27:16.830000
3215,Nearis BIOMETRICS Reader,ORG,1.74,OPTISWISS FRANCE SARL,NBIO R,https://www.france-optique.com/gravures/fournisseur=659,2025-06-13 13:27:16.840000
3216,Nearis BIOMETRICS Reader / Transitions Gen S,TVX,1.53,OPTISWISS FRANCE SARL,NBIO R,https://www.france-optique.com/gravures/fournisseur=659,2025-06-13 13:27:16.850000
3217,Nearis BIOMETRICS Reader / Photo,MIN,1.6,OPTISWISS FRANCE SARL,NBIO R,https://www.france-optique.com/gravures/fournisseur=659,2025-06-13 13:27:16.863333
3218,Nearis BIOMETRICS Reader,MIN,1.71,OPTISWISS FRANCE SARL,NBIO R,https://www.france-optique.com/gravures/fournisseur=659,2025-06-13 13:27:16.873333
3219,Nearis BIOMETRICS Reader,MIN,1.81,OPTISWISS FRANCE SARL,NBIO R,https://www.france-optique.com/gravures/fournisseur=659,2025-06-13 13:27:16.886666
3220,Nearis BIOMETRICS 7 / UV / B-UV / Photo Trans / Transitions Gen S,ORG,1.5,OPTISWISS FRANCE SARL,NBIO 7,https://www.france-optique.com/gravures/fournisseur=659,2025-06-13 13:27:16.900000
3221,Nearis BIOMETRICS 7 / B-UV / PhotoTrans / Transitions Gen S,ORG,1.6,OPTISWISS FRANCE SARL,NBIO 7,https://www.france-optique.com/gravures/fournisseur=659,2025-06-13 13:27:16.916666
3222,Nearis BIOMETRICS 7 / B-UV,ORG,1.67,OPTISWISS FRANCE SARL,NBIO 7,https://www.france-optique.com/gravures/fournisseur=659,2025-06-13 13:27:16.930000
3223,Nearis BIOMETRICS 7,ORG,1.74,OPTISWISS FRANCE SARL,NBIO 7,https://www.france-optique.com/gravures/fournisseur=659,2025-06-13 13:27:16.940000
3224,Nearis BIOMETRICS 7 / Transitions Gen S,TVX,1.53,OPTISWISS FRANCE SARL,NBIO 7,https://www.france-optique.com/gravures/fournisseur=659,2025-06-13 13:27:16.953333
3225,Nearis BIOMETRICS 7 / Photo,MIN,1.6,OPTISWISS FRANCE SARL,NBIO 7,https://www.france-optique.com/gravures/fournisseur=659,2025-06-13 13:27:16.966666
3226,Nearis BIOMETRICS 7,MIN,1.71,OPTISWISS FRANCE SARL,NBIO 7,https://www.france-optique.com/gravures/fournisseur=659,2025-06-13 13:27:16.980000
3227,Nearis BIOMETRICS 7,MIN,1.81,OPTISWISS FRANCE SARL,NBIO 7,https://www.france-optique.com/gravures/fournisseur=659,2025-06-13 13:27:16.990000
