id,source_url,nom_verre,gravure_nasale,indice,materiaux,fournisseur,created_at
1,https://www.france-optique.com/gravures/fournisseur=70,ETEREA / Blue Natural / Fotocolor / Fotochroma / Transition / Xtractive / Fotocar / Speedy / Polarisant,https://si.france-optique.com/img/gravures/nasal/web_1807-nas-rond.tif.jpg,1.5,ORG,Fournisseur : DIVEL FRAN ...,2025-06-13 13:22:08.510000
2,https://www.france-optique.com/gravures/fournisseur=70,ETEREA / Blue Natural / Fotocolor / Transition / Xtractive / Polarisant,https://si.france-optique.com/img/gravures/nasal/web_1807-nas-rond.tif.jpg,1.6,ORG,Fournisseur : DIVEL FRAN ...,2025-06-13 13:22:08.610000
3,https://www.france-optique.com/gravures/fournisseur=70,ETEREA / Blue Natural / Transition / Polarisant,https://si.france-optique.com/img/gravures/nasal/web_1807-nas-rond.tif.jpg,1.67,ORG,Fournisseur : DIVEL FRAN ...,2025-06-13 13:22:08.706666
4,https://www.france-optique.com/gravures/fournisseur=70,ALIENA / Blue Natural / Fotocolor / Fotochroma / Transition / Xtractive / Fotocar / Speedy / Polarisant,https://si.france-optique.com/img/gravures/nasal/web_1808-nas-trianglecarre.tif.jpg,1.5,ORG,Fournisseur : DIVEL FRAN ...,2025-06-13 13:22:08.830000
5,https://www.france-optique.com/gravures/fournisseur=70,ALIENA / Blue Natural / Fotocolor / Transition / Xtractive / Polarisant,https://si.france-optique.com/img/gravures/nasal/web_1808-nas-trianglecarre.tif.jpg,1.6,ORG,Fournisseur : DIVEL FRAN ...,2025-06-13 13:22:08.940000
6,https://www.france-optique.com/gravures/fournisseur=70,ALIENA / Blue Natural / Transition / Polarisant,https://si.france-optique.com/img/gravures/nasal/web_1808-nas-trianglecarre.tif.jpg,1.67,ORG,Fournisseur : DIVEL FRAN ...,2025-06-13 13:22:09.033333
7,https://www.france-optique.com/gravures/fournisseur=70,ALIENA / Transition,https://si.france-optique.com/img/gravures/nasal/web_1808-nas-trianglecarre.tif.jpg,1.74,ORG,Fournisseur : DIVEL FRAN ...,2025-06-13 13:22:09.123333
8,https://www.france-optique.com/gravures/fournisseur=70,ACLEAR / Blue Natural / Fotocolor / Fotochroma / Transition / Xtractive / Fotocar / Speedy / Polarisant,https://si.france-optique.com/img/gravures/nasal/web_1809-nas-4symboles.tif.jpg,1.5,ORG,Fournisseur : DIVEL FRAN ...,2025-06-13 13:22:09.216666
9,https://www.france-optique.com/gravures/fournisseur=70,ACLEAR / Blue Natural / Fotocolor / Transition / Xtractive / Polarisant,https://si.france-optique.com/img/gravures/nasal/web_1809-nas-4symboles.tif.jpg,1.6,ORG,Fournisseur : DIVEL FRAN ...,2025-06-13 13:22:09.326666
10,https://www.france-optique.com/gravures/fournisseur=70,ACLEAR / Blue Natural / Transition / Polarisant,https://si.france-optique.com/img/gravures/nasal/web_1809-nas-4symboles.tif.jpg,1.67,ORG,Fournisseur : DIVEL FRAN ...,2025-06-13 13:22:09.433333
11,https://www.france-optique.com/gravures/fournisseur=70,ACLEAR / Transition,https://si.france-optique.com/img/gravures/nasal/web_1809-nas-4symboles.tif.jpg,1.74,ORG,Fournisseur : DIVEL FRAN ...,2025-06-13 13:22:09.550000
12,https://www.france-optique.com/gravures/fournisseur=70,GEMINI / Polarisant,https://si.france-optique.com/img/gravures/nasal/web_1810-nas-3symboles.tif.jpg,1.5,ORG,Fournisseur : DIVEL FRAN ...,2025-06-13 13:22:09.670000
13,https://www.france-optique.com/gravures/fournisseur=70,GEMINI / Polarisant,https://si.france-optique.com/img/gravures/nasal/web_1810-nas-3symboles.tif.jpg,1.6,ORG,Fournisseur : DIVEL FRAN ...,2025-06-13 13:22:09.780000
14,https://www.france-optique.com/gravures/fournisseur=70,GEMINI / Polarisant,https://si.france-optique.com/img/gravures/nasal/web_1810-nas-3symboles.tif.jpg,1.67,ORG,Fournisseur : DIVEL FRAN ...,2025-06-13 13:22:09.890000
15,https://www.france-optique.com/gravures/fournisseur=70,GEMINI,https://si.france-optique.com/img/gravures/nasal/web_1810-nas-3symboles.tif.jpg,1.74,ORG,Fournisseur : DIVEL FRAN ...,2025-06-13 13:22:09.993333
16,https://www.france-optique.com/gravures/fournisseur=70,ACLEAR OFFICE / Blue Natural,https://si.france-optique.com/img/gravures/nasal/web_1811-octo.tif.jpg,1.5,ORG,Fournisseur : DIVEL FRAN ...,2025-06-13 13:22:10.120000
17,https://www.france-optique.com/gravures/fournisseur=70,ACLEAR OFFICE / Blue Natural,https://si.france-optique.com/img/gravures/nasal/web_1811-octo.tif.jpg,1.6,ORG,Fournisseur : DIVEL FRAN ...,2025-06-13 13:22:10.210000
18,https://www.france-optique.com/gravures/fournisseur=70,SERENA+ / Blue Natural / Fotocolor / Transition,https://si.france-optique.com/img/gravures/nasal/web_1811-octo.tif.jpg,1.5,ORG,Fournisseur : DIVEL FRAN ...,2025-06-13 13:22:10.310000
19,https://www.france-optique.com/gravures/fournisseur=70,SERENA+ / Blue Natural / Fotocolor / Transition,https://si.france-optique.com/img/gravures/nasal/web_1811-octo.tif.jpg,1.6,ORG,Fournisseur : DIVEL FRAN ...,2025-06-13 13:22:10.426666
20,https://www.france-optique.com/gravures/fournisseur=70,SERENA+ / Fotocolor / Transition,https://si.france-optique.com/img/gravures/nasal/web_1811-octo.tif.jpg,1.67,ORG,Fournisseur : DIVEL FRAN ...,2025-06-13 13:22:10.536666
21,https://www.france-optique.com/gravures/fournisseur=70,ALIENA MAX / ALIENA MAX TRANSITION,https://si.france-optique.com/img/gravures/nasal/web_1808-nas-trianglecarre.tif.jpg,1.74,ORG,Fournisseur : DIVEL FRAN ...,2025-06-13 13:22:10.630000
22,https://www.france-optique.com/gravures/fournisseur=70,ALIENA MAX / ALIENA MAX BLUE NATURAL / ALIENA MAX FOTOCOLOR / ALIENA MAX FOTOCHROMA / ALIENA MAX TRANSITION / ALIENA MAX XTRACTIVE / ALIENA MAX FOTOCAR / ALIENA MAX SPEEDY / ALIENA MAX POLARISANT,https://si.france-optique.com/img/gravures/nasal/web_1808-nas-trianglecarre.tif.jpg,1.5,ORG,Fournisseur : DIVEL FRAN ...,2025-06-13 13:22:10.750000
23,https://www.france-optique.com/gravures/fournisseur=70,ALIENA MAX / ALIENA MAX BLUE NATURAL / ALIENA MAX FOTOCOLOR /  ALIENA MAX TRANSITION / ALIENA MAX XTRACTIVE /  ALIENA MAX POLARISANT,https://si.france-optique.com/img/gravures/nasal/web_1808-nas-trianglecarre.tif.jpg,1.6,ORG,Fournisseur : DIVEL FRAN ...,2025-06-13 13:22:10.876666
24,https://www.france-optique.com/gravures/fournisseur=70,ALIENA MAX / ALIENA MAX BLUE NATURAL /  ALIENA MAX TRANSITION /  ALIENA MAX POLARISANT,https://si.france-optique.com/img/gravures/nasal/web_1808-nas-trianglecarre.tif.jpg,1.67,ORG,Fournisseur : DIVEL FRAN ...,2025-06-13 13:22:10.976666
25,https://www.france-optique.com/gravures/fournisseur=70,ETEREA / ETEREA TRANSITION,https://si.france-optique.com/img/gravures/nasal/web_1807-nas-rond.tif.jpg,1.74,ORG,Fournisseur : DIVEL FRAN ...,2025-06-13 13:22:11.080000
26,https://www.france-optique.com/gravures/fournisseur=1958,NeoMADE/16 1.67,7N2,1.67,ORG AR blanc/couleur - Trans. - Photo - Pola,INDO OPTICAL France,2025-06-13 13:22:11.346666
35,https://www.france-optique.com/gravures/fournisseur=1958,NeoMADE/19 1.67,7N1,1.67,ORG AR blanc/couleur - Trans. - Photo - Pola,INDO OPTICAL France,2025-06-13 13:22:12.126666
36,https://www.france-optique.com/gravures/fournisseur=1958,NeoMADE/22 1.67,7N0,1.67,ORG AR blanc/couleur - Trans. - Photo - Pola,INDO OPTICAL France,2025-06-13 13:22:12.180000
37,https://www.france-optique.com/gravures/fournisseur=1958,NeoMADE/16 1.6,6N2,1.6,ORG AR blanc/couleur - Trans. - Photo - Pola,INDO OPTICAL France,2025-06-13 13:22:12.233333
38,https://www.france-optique.com/gravures/fournisseur=1958,NeoMADE/19 1.6,6N1,1.6,ORG AR blanc/couleur - Trans. - Photo - Pola,INDO OPTICAL France,2025-06-13 13:22:12.280000
39,https://www.france-optique.com/gravures/fournisseur=1958,NeoMADE/22 1.6,6N0,1.6,ORG AR blanc/couleur - Trans. - Photo - Pola,INDO OPTICAL France,2025-06-13 13:22:12.330000
40,https://www.france-optique.com/gravures/fournisseur=1958,NeoMADE/16 1.5,5N2,1.5,ORG AR blanc/couleur - Trans. - XTRActive - Photo,INDO OPTICAL France,2025-06-13 13:22:12.383333
41,https://www.france-optique.com/gravures/fournisseur=1958,NeoMADE/19 1.5,5N1,1.5,ORG AR blanc/couleur - Trans. - XTRActive - Photo,INDO OPTICAL France,2025-06-13 13:22:12.430000
42,https://www.france-optique.com/gravures/fournisseur=1958,NeoMADE/22 1.5,5N0,1.5,ORG AR blanc/couleur - Trans. - XTRActive - Photo,INDO OPTICAL France,2025-06-13 13:22:12.483333
43,https://www.france-optique.com/gravures/fournisseur=1958,Adapta-Short 1.6,Aps6,1.6,ORG AR blanc/couleur - Trans. - Photo,INDO OPTICAL France,2025-06-13 13:22:12.536666
44,https://www.france-optique.com/gravures/fournisseur=1958,Adapta-Short 1.5,Aps5,1.5,ORG AR blanc/couleur - Trans. - XTRActive - Photo,INDO OPTICAL France,2025-06-13 13:22:12.593333
45,https://www.france-optique.com/gravures/fournisseur=1958,Work Indofin 1.67/Work Indoor If-1.67,wr67 /wir67,1.67,ORG,INDO OPTICAL France,2025-06-13 13:22:12.646666
46,https://www.france-optique.com/gravures/fournisseur=1958,Work Indofin 1.6/Work Indoor If-1.6,wr6 / wir6,1.6,ORG,INDO OPTICAL France,2025-06-13 13:22:12.700000
47,https://www.france-optique.com/gravures/fournisseur=1958,Work Superfin 1.5/Work Indoor Sf-1.5,wr / wir,1.5,ORG,INDO OPTICAL France,2025-06-13 13:22:12.753333
48,https://www.france-optique.com/gravures/fournisseur=1958,Work Indoor If-1.6,wir6,1.6,ORG / AR Blanc,INDO OPTICAL France,2025-06-13 13:22:12.803333
49,https://www.france-optique.com/gravures/fournisseur=1958,Work Indoor Sf-1.5,wir,1.5,ORG / AR Blanc,INDO OPTICAL France,2025-06-13 13:22:12.853333
50,https://www.france-optique.com/gravures/fournisseur=1958,Drive Indofin 1.67,dv67,1.67,ORG / Day-Night,INDO OPTICAL France,2025-06-13 13:22:12.906666
51,https://www.france-optique.com/gravures/fournisseur=1958,Drive Indofin 1.67 Polar,dvP67,1.67,ORG Pola,INDO OPTICAL France,2025-06-13 13:22:12.960000
52,https://www.france-optique.com/gravures/fournisseur=1958,Drive Indofin 1.6,dv6,1.6,ORG / Day-Night,INDO OPTICAL France,2025-06-13 13:22:13.010000
53,https://www.france-optique.com/gravures/fournisseur=1958,Drive Indofin 1.6 Polar,dvP6,1.6,ORG Pola,INDO OPTICAL France,2025-06-13 13:22:13.063333
54,https://www.france-optique.com/gravures/fournisseur=1958,Drive Superfin 1.5,dv,1.5,ORG / Day-Night / XTRActive,INDO OPTICAL France,2025-06-13 13:22:13.116666
55,https://www.france-optique.com/gravures/fournisseur=1958,Drive Sf-1.5 Polar,dvP,1.5,ORG Pola,INDO OPTICAL France,2025-06-13 13:22:13.170000
56,https://www.france-optique.com/gravures/fournisseur=1958,Admira 1.8 Mineral,18,1.8,MIN,INDO OPTICAL France,2025-06-13 13:22:13.223333
57,https://www.france-optique.com/gravures/fournisseur=1958,Admira 1.6 Mineral,H,1.6,MIN Blanc / Photo,INDO OPTICAL France,2025-06-13 13:22:13.276666
58,https://www.france-optique.com/gravures/fournisseur=1958,UNImax 1.74,mf74,1.74,ORG AR Blanc - Trans.,INDO OPTICAL France,2025-06-13 13:22:13.330000
59,https://www.france-optique.com/gravures/fournisseur=1958,UNImax 1.67,mf67,1.67,ORG AR Blanc/Couleur - Trans. - Photo.,INDO OPTICAL France,2025-06-13 13:22:13.386666
60,https://www.france-optique.com/gravures/fournisseur=1958,UNImax 1.67 Polar,mfP67,1.67,ORG Pola,INDO OPTICAL France,2025-06-13 13:22:13.453333
61,https://www.france-optique.com/gravures/fournisseur=1958,UNImax 1.6,mf6,1.6,ORG AR Blanc/Couleur - Trans. - Photo.,INDO OPTICAL France,2025-06-13 13:22:13.510000
62,https://www.france-optique.com/gravures/fournisseur=1958,UNImax 1.6 Polar,mfP6,1.6,ORG Pola,INDO OPTICAL France,2025-06-13 13:22:13.566666
63,https://www.france-optique.com/gravures/fournisseur=1958,UNImax 1.5,mf,1.5,ORG AR Blanc/Couleur - Trans. - XTRActive - Photo.,INDO OPTICAL France,2025-06-13 13:22:13.613333
64,https://www.france-optique.com/gravures/fournisseur=1958,UNImax 1.5 Polar,mfP,1.5,ORG Pola,INDO OPTICAL France,2025-06-13 13:22:13.666666
65,https://www.france-optique.com/gravures/fournisseur=1958,UNImax Sport 1.67 Polar N10,mfsP67,1.67,ORG Pola,INDO OPTICAL France,2025-06-13 13:22:13.716666
66,https://www.france-optique.com/gravures/fournisseur=1958,UNImax Sport 1.67 Couleur,mfs67,1.67,ORG*,INDO OPTICAL France,2025-06-13 13:22:13.770000
67,https://www.france-optique.com/gravures/fournisseur=1958,UNImax Sport 1.6 Polar N10,mfsP6,1.6,ORG Pola,INDO OPTICAL France,2025-06-13 13:22:13.823333
68,https://www.france-optique.com/gravures/fournisseur=1958,UNImax Sport 1.6 Couleur,mfs6,1.6,ORG*,INDO OPTICAL France,2025-06-13 13:22:13.873333
69,https://www.france-optique.com/gravures/fournisseur=1958,UNImax Sport 1.5 Polar N10,mfsP,1.5,ORG Pola,INDO OPTICAL France,2025-06-13 13:22:13.926666
70,https://www.france-optique.com/gravures/fournisseur=1958,UNImax Sport 1.5 Couleur,mfs,1.5,ORG*,INDO OPTICAL France,2025-06-13 13:22:13.983333
71,https://www.france-optique.com/gravures/fournisseur=1958,Forza 1.67,PY67/P8Y67,1.67,ORG AR blanc - Trans.,INDO OPTICAL France,2025-06-13 13:22:14.036666
72,https://www.france-optique.com/gravures/fournisseur=1958,Forza 1.67 Polar,PYP67/P8YP67,1.67,ORG Pola,INDO OPTICAL France,2025-06-13 13:22:14.093333
73,https://www.france-optique.com/gravures/fournisseur=1958,Forza 1.6,PY6/P8Y6,1.6,ORG AR blanc - Trans.,INDO OPTICAL France,2025-06-13 13:22:14.143333
74,https://www.france-optique.com/gravures/fournisseur=1958,Forza 1.6 Polar,PYP6/P8YP6,1.6,ORG Pola,INDO OPTICAL France,2025-06-13 13:22:14.193333
75,https://www.france-optique.com/gravures/fournisseur=1958,Forza 1.5,P/P8,1.5,ORG AR blanc/couleur - Trans. - XTRActive,INDO OPTICAL France,2025-06-13 13:22:14.253333
76,https://www.france-optique.com/gravures/fournisseur=1958,Forza 1.5 Polar,PP/P8P,1.5,ORG Pola,INDO OPTICAL France,2025-06-13 13:22:14.303333
77,https://www.france-optique.com/gravures/fournisseur=1958,Indofin 1.67AS IndoPolar,R,1.67,ORG Pola,INDO OPTICAL France,2025-06-13 13:22:14.356666
78,https://www.france-optique.com/gravures/fournisseur=1958,Indofin 1.6 IndoPolar,R,1.6,ORG Pola,INDO OPTICAL France,2025-06-13 13:22:14.410000
79,https://www.france-optique.com/gravures/fournisseur=1958,Superfin IndoPolar,R,1.5,ORG Pola,INDO OPTICAL France,2025-06-13 13:22:14.460000
80,https://www.france-optique.com/gravures/fournisseur=1958,Lecta Superfin,L,1.5,ORG,INDO OPTICAL France,2025-06-13 13:22:14.510000
81,https://www.france-optique.com/gravures/fournisseur=1958,Basic/16 1.5,5c,1.5,ORG / AR Blanc,INDO OPTICAL France,2025-06-13 13:22:14.563333
82,https://www.france-optique.com/gravures/fournisseur=1958,Basic/19 1.5,5b,1.5,ORG / AR Blanc,INDO OPTICAL France,2025-06-13 13:22:14.610000
83,https://www.france-optique.com/gravures/fournisseur=1958,Basic/16 1.6,6c,1.6,ORG / AR Blanc,INDO OPTICAL France,2025-06-13 13:22:14.663333
84,https://www.france-optique.com/gravures/fournisseur=1958,Basic/19 1.6,6b,1.6,ORG / AR Blanc,INDO OPTICAL France,2025-06-13 13:22:14.716666
85,https://www.france-optique.com/gravures/fournisseur=1958,Basic/16 1.67,7c,1.67,ORG / AR Blanc,INDO OPTICAL France,2025-06-13 13:22:14.766666
86,https://www.france-optique.com/gravures/fournisseur=1958,Basic/19 1.67,7b,1.67,ORG / AR Blanc,INDO OPTICAL France,2025-06-13 13:22:14.823333
87,https://www.france-optique.com/gravures/fournisseur=1958,Basic/16 1.74,8c,1.74,ORG / AR Blanc,INDO OPTICAL France,2025-06-13 13:22:14.873333
88,https://www.france-optique.com/gravures/fournisseur=1958,Basic/19 1.74,8b,1.74,ORG / AR Blanc,INDO OPTICAL France,2025-06-13 13:22:14.930000
89,https://www.france-optique.com/gravures/fournisseur=1958,MaxView-U 1.74,mWU74,1.74,ORG AR blanc - Trans.,INDO OPTICAL France,2025-06-13 13:22:14.980000
90,https://www.france-optique.com/gravures/fournisseur=1958,MaxView-U 1.67,mWU67,1.67,ORG AR blanc/couleur-Trans.-XTRActive-Photo-Pola,INDO OPTICAL France,2025-06-13 13:22:15.033333
132,https://www.france-optique.com/gravures/fournisseur=1958,MaxView-U 1.6,mWU6,1.6,ORG AR blanc/couleur - Trans. - Photo - Pola,INDO OPTICAL France,2025-06-13 13:22:18.546666
133,https://www.france-optique.com/gravures/fournisseur=1958,MaxView-U 1.5,mWU,1.5,ORG AR blanc/couleur-Trans.-XTRActive-Photo-Pola,INDO OPTICAL France,2025-06-13 13:22:18.600000
134,https://www.france-optique.com/gravures/fournisseur=1958,Maxima-U 1.74,mxU74,1.74,ORG AR blanc/couleur - Trans.,INDO OPTICAL France,2025-06-13 13:22:18.650000
135,https://www.france-optique.com/gravures/fournisseur=1958,Maxima-U 1.67,mxU67,1.67,ORG AR blanc/couleur - Trans. - Photo - Pola,INDO OPTICAL France,2025-06-13 13:22:18.703333
136,https://www.france-optique.com/gravures/fournisseur=1958,Maxima-U 1.6,mxU6,1.6,ORG AR blanc/couleur - Trans. - Photo - Pola,INDO OPTICAL France,2025-06-13 13:22:18.753333
137,https://www.france-optique.com/gravures/fournisseur=1958,Maxima-U 1.5,mxU,1.5,ORG AR blanc/couleur-Trans.-XTRActive-Photo-Pola,INDO OPTICAL France,2025-06-13 13:22:18.810000
138,https://www.france-optique.com/gravures/fournisseur=1958,Maxima Sport-U 1.67,mxsU67,1.67,ORG Couleur - Pola,INDO OPTICAL France,2025-06-13 13:22:18.860000
139,https://www.france-optique.com/gravures/fournisseur=1958,Maxima Sport-U 1.6,mxsU6,1.6,ORG Couleur - Pola,INDO OPTICAL France,2025-06-13 13:22:18.913333
140,https://www.france-optique.com/gravures/fournisseur=1958,Maxima Sport-U 1.5,mxsU,1.5,ORG Couleur - Pola,INDO OPTICAL France,2025-06-13 13:22:18.966666
141,https://www.france-optique.com/gravures/fournisseur=1958,EasyMax-U 1.67,esU67,1.67,ORG AR blanc/couleur - Trans. - Photo - Pola,INDO OPTICAL France,2025-06-13 13:22:19.020000
142,https://www.france-optique.com/gravures/fournisseur=1958,EasyMax-U 1.6,esU6,1.6,ORG AR blanc/couleur - Trans. - Photo - Pola,INDO OPTICAL France,2025-06-13 13:22:19.070000
143,https://www.france-optique.com/gravures/fournisseur=1958,EasyMax-U 1.5,esU,1.5,ORG AR blanc/couleur-Trans.-XTRActive-Photo-Pola,INDO OPTICAL France,2025-06-13 13:22:19.120000
144,https://www.france-optique.com/gravures/fournisseur=1958,Ingenia-U 1.74,InU74,1.74,ORG AR Blanc - Transitions,INDO OPTICAL France,2025-06-13 13:22:19.176666
145,https://www.france-optique.com/gravures/fournisseur=1958,Ingenia-U 1.67,InU67,1.67,ORG AR blanc/couleur - Trans. - Photo - Pola,INDO OPTICAL France,2025-06-13 13:22:19.230000
146,https://www.france-optique.com/gravures/fournisseur=1958,Ingenia-U 1.6,InU6,1.6,ORG AR blanc/couleur - Trans. - Photo - Pola,INDO OPTICAL France,2025-06-13 13:22:19.280000
147,https://www.france-optique.com/gravures/fournisseur=1958,Ingenia-U 1.5,InU,1.5,ORG AR blanc/couleur - Trans. - Photo - Pola,INDO OPTICAL France,2025-06-13 13:22:19.333333
148,https://www.france-optique.com/gravures/fournisseur=1958,Activa-U 1.67,acU67,1.67,ORG AR blanc/couleur - Trans. - Photo - Pola,INDO OPTICAL France,2025-06-13 13:22:19.380000
149,https://www.france-optique.com/gravures/fournisseur=1958,Activa-U 1.6,acU6,1.6,ORG AR blanc/couleur - Trans. - Photo - Pola,INDO OPTICAL France,2025-06-13 13:22:19.430000
150,https://www.france-optique.com/gravures/fournisseur=1958,Activa-U 1.5,acU,1.5,ORG AR blanc/couleur - Trans. - Photo - Pola,INDO OPTICAL France,2025-06-13 13:22:19.483333
151,https://www.france-optique.com/gravures/fournisseur=1958,Superkid Miofocal 1.5 N-SuperClear,SMF,1.5,ORG,INDO OPTICAL France,2025-06-13 13:22:19.533333
152,https://www.france-optique.com/gravures/fournisseur=1958,Superkid Miofocal 1.5 eNGY Blue IR,SMF,1.5,ORG,INDO OPTICAL France,2025-06-13 13:22:19.583333
153,https://www.france-optique.com/gravures/fournisseur=1958,Superkid Miofocal 1.6 N-SuperClear,SMF6,1.6,ORG,INDO OPTICAL France,2025-06-13 13:22:19.636666
154,https://www.france-optique.com/gravures/fournisseur=1958,Superkid Miofocal 1.6 eNGY Blue IR,SMF6,1.6,ORG,INDO OPTICAL France,2025-06-13 13:22:19.690000
155,https://www.france-optique.com/gravures/fournisseur=1958,Superkid Miofocal 1.67 N-SuperClear,SMF67,1.67,ORG,INDO OPTICAL France,2025-06-13 13:22:19.753333
156,https://www.france-optique.com/gravures/fournisseur=1958,Superkid Miofocal 1.67 eNGY Blue IR,SMF67,1.67,ORG,INDO OPTICAL France,2025-06-13 13:22:19.803333
157,https://www.france-optique.com/gravures/fournisseur=1958,Superkid Miofocal 1.74 N-SuperClear,SMF74,1.74,ORG,INDO OPTICAL France,2025-06-13 13:22:19.853333
158,https://www.france-optique.com/gravures/fournisseur=1958,Superkid Miofocal 1.74 eNGY Blue IR,SMF74,1.74,ORG,INDO OPTICAL France,2025-06-13 13:22:19.910000
159,https://www.france-optique.com/gravures/fournisseur=130,Yuniku Progressive Eyvia 1.74 UV2.0 (11 à 16mm) Blanc,YP_7,1.74,ORG Blanc,Fournisseur : HOYA Visio ...,2025-06-13 13:22:20.033333
161,https://www.france-optique.com/gravures/fournisseur=130,MyStyle V+ EyeGenius Eyvia 1.74 UV2.0 (11 à 16mm) Blanc,EG,1.74,ORG Blanc,Fournisseur : HOYA Visio ...,2025-06-13 13:22:20.130000
162,https://www.france-optique.com/gravures/fournisseur=130,MyStyle V+ EyeGenius Eyas 1.60 UV2.0 (11 à 16mm) Blanc/Sensity 2/Sensity Dark,EG,1.6,ORG Blanc / PHO,Fournisseur : HOYA Visio ...,2025-06-13 13:22:20.183333
163,https://www.france-optique.com/gravures/fournisseur=130,MyStyle V+ EyeGenius PNX 1.53 UV2.0 (11 à 16mm) Blanc/Sensity 2,EG,1.53,ORG Blanc / PHO,Fournisseur : HOYA Visio ...,2025-06-13 13:22:20.236666
164,https://www.france-optique.com/gravures/fournisseur=130,MyStyle V+ EyeGenius Organique 1.50 (11 à 16mm) Blanc/Sensity 2/Sensity Dark,EG,1.5,ORG Blanc / PHO,Fournisseur : HOYA Visio ...,2025-06-13 13:22:20.286666
165,https://www.france-optique.com/gravures/fournisseur=130,LifeStyle 3i Indoor/Outdoor/Urban Eyvia 1.74 UV2.0 (11 à 14mm) Blanc,LI_7I ou LI_7O ou LI_7U,1.74,ORG Blanc,Fournisseur : HOYA Visio ...,2025-06-13 13:22:20.340000
166,https://www.france-optique.com/gravures/fournisseur=130,LifeStyle 3 Indoor/Outdoor/Urban Eyvia 1.74 UV2.0 (11 à 14mm) Blanc,L_7I ou L_7O ou L_7U,1.74,ORG Blanc,Fournisseur : HOYA Visio ...,2025-06-13 13:22:20.393333
167,https://www.france-optique.com/gravures/fournisseur=130,Balansis Eyvia 1.74 UV2.0 (11mm - 14mm) Blanc,B17 ou B47,1.74,ORG Blanc,Fournisseur : HOYA Visio ...,2025-06-13 13:22:20.443333
168,https://www.france-optique.com/gravures/fournisseur=130,Daynamic 1.53 (11mm - 14mm) Polarisant,DP1X ou DP4X,1.53,ORG POLA,Fournisseur : HOYA Visio ...,2025-06-13 13:22:20.500000
169,https://www.france-optique.com/gravures/fournisseur=130,Amplitude Plus Eynoa 1.67 UV2.0 (11mm - 15mm) Blanc/Sensity 2/Sensity Dark/Sensity Fast,DA15 ou DA55,1.67,ORG Blanc/ PHO,Fournisseur : HOYA Visio ...,2025-06-13 13:22:20.550000
170,https://www.france-optique.com/gravures/fournisseur=130,Yuniku Digital T5/T9/T13 Eyvia 1.74 UV2.0 Blanc,YD7,1.74,ORG Blanc,Fournisseur : HOYA Visio ...,2025-06-13 13:22:20.606666
171,https://www.france-optique.com/gravures/fournisseur=130,Yuniku Single Vision Eyvia 1.74 UV2.0 Blanc,YS7,1.74,ORG Blanc,Fournisseur : HOYA Visio ...,2025-06-13 13:22:20.656666
172,https://www.france-optique.com/gravures/fournisseur=130,Nulux iDentity V+ EyeGenius Eyvia 1.74 UV2.0 Blanc,EG,1.74,ORG Blanc,Fournisseur : HOYA Visio ...,2025-06-13 13:22:20.706666
173,https://www.france-optique.com/gravures/fournisseur=130,Sync IIIi T5/T9/T13 Eyvia 1.74 UV2.0 Blanc,SYi7,1.74,ORG Blanc,Fournisseur : HOYA Visio ...,2025-06-13 13:22:20.753333
174,https://www.france-optique.com/gravures/fournisseur=130,MySelf Eyvia 1.74 UV2.0 (11 à 16mm) Blanc,MY_7,1.74,ORG Blanc,Fournisseur : HOYA Visio ...,2025-06-13 13:22:20.803333
175,https://www.france-optique.com/gravures/fournisseur=130,Balansis i Eyvia 1.74 UV2.0 (11mm - 14mm) Blanc,Bi17 ou Bi47,1.74,ORG Blanc,Fournisseur : HOYA Visio ...,2025-06-13 13:22:20.856666
176,https://www.france-optique.com/gravures/fournisseur=130,Daynamic 1.67 Advanced Lights Protection (11mm - 14mm) Blanc,DP14L ou DP45L,1.67,ORG Blanc,Fournisseur : HOYA Visio ...,2025-06-13 13:22:20.906666
177,https://www.france-optique.com/gravures/fournisseur=130,Lifestyle 3i Indoor/Outdoor/Urban 1.67 Advanced Lights Protection (11 à 14mm) Blanc,LI_5LI ou LI_5LO ou LI_5LU,1.67,ORG Blanc,Fournisseur : HOYA Visio ...,2025-06-13 13:22:20.966666
178,https://www.france-optique.com/gravures/fournisseur=130,Yuniku Progressive Eynoa 1.67 UV2.0 (11 à 16mm) Blanc/Sensity 2/Sensity Dark,YP_5,1.67,ORG Blanc / PHO,Fournisseur : HOYA Visio ...,2025-06-13 13:22:21.016666
179,https://www.france-optique.com/gravures/fournisseur=130,MyStyle V+ EyeGenius Eynoa 1.67 UV2.0 (11 à 16mm) Blanc/Sensity 2/Sensity Dark,EG,1.67,ORG Blanc / PHO,Fournisseur : HOYA Visio ...,2025-06-13 13:22:21.070000
180,https://www.france-optique.com/gravures/fournisseur=130,Lifestyle 3i  Indoor/Outdoor/Urban Eynoa 1.67 UV2.0 (11 à 14mm) Blanc/Sensity 2/Sensity Dark,LI_5I ou LI_5O ou LI_5U,1.67,ORG Blanc / PHO,Fournisseur : HOYA Visio ...,2025-06-13 13:22:21.120000
181,https://www.france-optique.com/gravures/fournisseur=130,Lifestyle 3  Indoor/Outdoor/Urban 1.67 Advanced Lights Protection (11 à 14mm) Blanc,L_5LI ou L_5LO ou L_5LU,1.67,ORG Blanc,Fournisseur : HOYA Visio ...,2025-06-13 13:22:21.173333
182,https://www.france-optique.com/gravures/fournisseur=130,Balansis Eynoa 1.67 UV2.0 (11mm - 14mm) Blanc/Sensity 2/Sensity Dark/Sensity Fast,B15 ou B45,1.67,ORG Blanc / PHO,Fournisseur : HOYA Visio ...,2025-06-13 13:22:21.226666
183,https://www.france-optique.com/gravures/fournisseur=130,Yuniku Digital T5/T9/T13 Eynoa 1.67 UV2.0 Blanc/Sensity 2/Sensity Dark/Fin Polarisant,YD5,1.67,ORG Blanc / PHO / POLA,Fournisseur : HOYA Visio ...,2025-06-13 13:22:21.276666
184,https://www.france-optique.com/gravures/fournisseur=130,Yuniku Single Vision Eynoa 1.67 UV2.0 Blanc/Sensity 2/Sensity Dark/Fin Polarisant,YS5,1.67,ORG Blanc / PHO / POLA,Fournisseur : HOYA Visio ...,2025-06-13 13:22:21.326666
185,https://www.france-optique.com/gravures/fournisseur=130,Nulux iDentity V+ EyeGenius Eynoa 1.67 UV2.0 Blanc/Sensity 2/Sensity Dark,EG,1.67,ORG Blanc/ PHO,Fournisseur : HOYA Visio ...,2025-06-13 13:22:21.380000
186,https://www.france-optique.com/gravures/fournisseur=130,Balansis i 1.67 Advanced Lights Protection (11mm - 14mm) Blanc,Bi15L ou Bi45L,1.67,ORG Blanc,Fournisseur : HOYA Visio ...,2025-06-13 13:22:21.433333
187,https://www.france-optique.com/gravures/fournisseur=130,Daynamic PNX 1.53 UV2.0 (11mm - 14mm) Blanc/Sensity 2/Sensity Fast,DP1X ou DP4X,1.53,ORG Blanc / PHO,Fournisseur : HOYA Visio ...,2025-06-13 13:22:21.490000
188,https://www.france-optique.com/gravures/fournisseur=130,MySelf 1.67 Advanced Lights Protection (11 à 16mm) Blanc,MY_5L,1.67,ORG Blanc,Fournisseur : HOYA Visio ...,2025-06-13 13:22:21.540000
189,https://www.france-optique.com/gravures/fournisseur=130,MyStyle V+ Eyas 1.60 UV2.0 (11 à 16mm) Blanc/Sensity 2/Sensity Dark/Sensity Fast,MSV _3,1.6,ORG Blanc / PHO,Fournisseur : HOYA Visio ...,2025-06-13 13:22:21.593333
190,https://www.france-optique.com/gravures/fournisseur=130,MyStyle V+ PNX 1.53 UV2.0 (11 à 16mm) Blanc/Sensity 2/Sensity Fast,MSV _X,1.53,ORG Blanc / PHO,Fournisseur : HOYA Visio ...,2025-06-13 13:22:21.646666
191,https://www.france-optique.com/gravures/fournisseur=130,MyStyle V+ Organique 1.50 (11 à 16mm) Blanc/Sensity 2/Sensity Dark/Sensity Fast,MSV _1,1.5,ORG Blanc / PHO,Fournisseur : HOYA Visio ...,2025-06-13 13:22:21.700000
192,https://www.france-optique.com/gravures/fournisseur=130,LifeStyle 3i Close/Active/Allround 1.67 (11 à 14mm) Fin Polarisant,LI_5I ou LI_5O ou LI_5U,1.67,ORG POLA,Fournisseur : HOYA Visio ...,2025-06-13 13:22:21.760000
193,https://www.france-optique.com/gravures/fournisseur=130,Daynamic 1.67 (11mm - 14mm) Fin Polarisant,DP14 ou DP45,1.67,ORG POLA,Fournisseur : HOYA Visio ...,2025-06-13 13:22:21.813333
194,https://www.france-optique.com/gravures/fournisseur=130,Amplitude Plus Eyas 1.60 UV2.0 (11mm - 15mm) Blanc/Sensity 2/Sensity Dark/Sensity Fast,DA13 ou DA53,1.6,ORG Blanc/ PHO,Fournisseur : HOYA Visio ...,2025-06-13 13:22:21.863333
195,https://www.france-optique.com/fournisseur/1488-hephilens,Camber Freestyle,CFXA CORRIDOR,1.53,TVX,Gravures de verres de HEPHILENS,2025-06-13 13:22:21.916666
196,https://www.france-optique.com/fournisseur/1488-hephilens,Camber Freestyle,CFXA CORRIDOR,1.59,POLY,Gravures de verres de HEPHILENS,2025-06-13 13:22:21.970000
197,https://www.france-optique.com/fournisseur/1488-hephilens,Innovator Individual,IIA CORRIDOR,1.53,TVX,Gravures de verres de HEPHILENS,2025-06-13 13:22:22.020000
199,https://www.france-optique.com/fournisseur/1488-hephilens,Innovator Individual,IIA CORRIDOR,1.59,POLY,Gravures de verres de HEPHILENS,2025-06-13 13:22:22.093333
201,https://www.france-optique.com/fournisseur/1488-hephilens,Innovator Plus,IPA CORRIDOR,1.53,TVX,Gravures de verres de HEPHILENS,2025-06-13 13:22:22.170000
202,https://www.france-optique.com/fournisseur/1488-hephilens,Innovator Plus,IPA CORRIDOR,1.59,POLY,Gravures de verres de HEPHILENS,2025-06-13 13:22:22.223333
204,https://www.france-optique.com/fournisseur/1488-hephilens,Innovator,ISA CORRIDOR,1.53,TVX,Gravures de verres de HEPHILENS,2025-06-13 13:22:22.303333
205,https://www.france-optique.com/fournisseur/1488-hephilens,Innovator,ISA CORRIDOR,1.59,POLY,Gravures de verres de HEPHILENS,2025-06-13 13:22:22.356666
207,https://www.france-optique.com/fournisseur/1488-hephilens,Innovator Computer,ICA CORRIDOR,1.53,TVX,Gravures de verres de HEPHILENS,2025-06-13 13:22:22.426666
208,https://www.france-optique.com/fournisseur/1488-hephilens,Innovator Computer,ICA CORRIDOR,1.59,POLY,Gravures de verres de HEPHILENS,2025-06-13 13:22:22.480000
210,https://www.france-optique.com/fournisseur/1488-hephilens,Innovator Desktop,IDA CORRIDOR,1.53,TVX,Gravures de verres de HEPHILENS,2025-06-13 13:22:22.556666
211,https://www.france-optique.com/fournisseur/1488-hephilens,Innovator Desktop,IDA CORRIDOR,1.59,POLY,Gravures de verres de HEPHILENS,2025-06-13 13:22:22.606666
213,https://www.france-optique.com/fournisseur/1488-hephilens,Innovator Office,IOA CORRIDOR,1.59,POLY,Gravures de verres de HEPHILENS,2025-06-13 13:22:22.680000
214,https://www.france-optique.com/fournisseur/1488-hephilens,Innovator Office,IOA CORRIDOR,1.53,TVX,Gravures de verres de HEPHILENS,2025-06-13 13:22:22.736666
216,https://www.france-optique.com/fournisseur/1488-hephilens,Innovator Home,IHA CORRIDOR,1.59,POLY,Gravures de verres de HEPHILENS,2025-06-13 13:22:22.800000
217,https://www.france-optique.com/fournisseur/1488-hephilens,Innovator Home,IHA CORRIDOR,1.53,TVX,Gravures de verres de HEPHILENS,2025-06-13 13:22:22.853333
219,https://www.france-optique.com/fournisseur/1488-hephilens,Camber Computer,CCA CORRIDOR,1.59,POLY,Gravures de verres de HEPHILENS,2025-06-13 13:22:22.926666
220,https://www.france-optique.com/fournisseur/1488-hephilens,Camber Computer,CCA CORRIDOR,1.53,TVX,Gravures de verres de HEPHILENS,2025-06-13 13:22:22.976666
221,https://www.france-optique.com/fournisseur/1488-hephilens,Camber Desktop,CDA CORRIDOR,1.59,POLY,Gravures de verres de HEPHILENS,2025-06-13 13:22:23.023333
222,https://www.france-optique.com/fournisseur/1488-hephilens,Camber Desktop,CDA CORRIDOR,1.53,TVX,Gravures de verres de HEPHILENS,2025-06-13 13:22:23.073333
225,https://www.france-optique.com/fournisseur/1488-hephilens,Camber Office,COA CORRIDOR,1.59,POLY,Gravures de verres de HEPHILENS,2025-06-13 13:22:23.173333
226,https://www.france-optique.com/fournisseur/1488-hephilens,Camber Office,COA CORRIDOR,1.53,TVX,Gravures de verres de HEPHILENS,2025-06-13 13:22:23.223333
227,https://www.france-optique.com/fournisseur/1488-hephilens,Camber Home,CHA CORRIDOR,1.59,POLY,Gravures de verres de HEPHILENS,2025-06-13 13:22:23.276666
228,https://www.france-optique.com/fournisseur/1488-hephilens,Camber Home,CHA CORRIDOR,1.53,TVX,Gravures de verres de HEPHILENS,2025-06-13 13:22:23.330000
231,https://www.france-optique.com/fournisseur/1488-hephilens,Facile,FA,1.59,POLY,Gravures de verres de HEPHILENS,2025-06-13 13:22:23.426666
232,https://www.france-optique.com/fournisseur/1488-hephilens,Facile,FA,1.53,TVX,Gravures de verres de HEPHILENS,2025-06-13 13:22:23.480000
233,https://www.france-optique.com/fournisseur/1488-hephilens,ProDrive,PDA CORRIDOR,1.59,POLY,Gravures de verres de HEPHILENS,2025-06-13 13:22:23.533333
234,https://www.france-optique.com/fournisseur/1488-hephilens,ProDrive,PDA CORRIDOR,1.53,TVX,Gravures de verres de HEPHILENS,2025-06-13 13:22:23.586666
237,https://www.france-optique.com/fournisseur/1488-hephilens,Bifocal Digital,BDA,1.59,POLY,Gravures de verres de HEPHILENS,2025-06-13 13:22:23.690000
238,https://www.france-optique.com/fournisseur/1488-hephilens,Bifocal Digital,BDA,1.53,TVX,Gravures de verres de HEPHILENS,2025-06-13 13:22:23.740000
240,https://www.france-optique.com/fournisseur/1488-hephilens,Single Vision Individual,SVIA,1.59,POLY,Gravures de verres de HEPHILENS,2025-06-13 13:22:23.810000
241,https://www.france-optique.com/gravures/fournisseur=130,MySelf Eynoa 1.67 UV2.0 (11 à 16mm) Blanc/Sensity 2/Sensity Dark/Sensity Fast,MY_5,1.67,ORG Blanc / PHO,Fournisseur : HOYA Visio ...,2025-06-13 13:22:23.886666
242,https://www.france-optique.com/gravures/fournisseur=130,Balansis i Eynoa 1.67 UV2.0 (11mm - 14mm) Blanc/Sensity 2/Sensity Dark/Sensity Fast,Bi15 ou Bi45,1.67,ORG Blanc / PHO,Fournisseur : HOYA Visio ...,2025-06-13 13:22:23.940000
243,https://www.france-optique.com/gravures/fournisseur=130,Yuniku Progressive Eyas 1.60 UV2.0 (11 à 16mm) Blanc/Sensity 2/Sensity Dark,YP_3,1.6,ORG Blanc / PHO,Fournisseur : HOYA Visio ...,2025-06-13 13:22:23.990000
244,https://www.france-optique.com/gravures/fournisseur=130,LifeStyle 3 Close/Active/Allround 1.67 (11 à 14mm) Fin Polarisant,L_5I ou L_5O ou L_5U,1.67,ORG POLA,Fournisseur : HOYA Visio ...,2025-06-13 13:22:24.040000
245,https://www.france-optique.com/gravures/fournisseur=130,Balansis 1.67 (11mm - 14mm) Fin Polarisant,B15 ou B45,1.67,ORG POLA,Fournisseur : HOYA Visio ...,2025-06-13 13:22:24.093333
246,https://www.france-optique.com/gravures/fournisseur=130,Yuniku Digital T5/T9/T13 Eyas 1.60 UV2.0 Blanc/Sensity 2/Sensity Dark/Fin Polarisant,YD3,1.6,ORG Blanc / PHO / POLA,Fournisseur : HOYA Visio ...,2025-06-13 13:22:24.146666
247,https://www.france-optique.com/gravures/fournisseur=130,Yuniku Single Vision Eyas 1.60 UV2.0 Blanc/Sensity 2/Sensity Dark/Fin Polarisant,YS3,1.6,ORG Blanc / PHO / POLA,Fournisseur : HOYA Visio ...,2025-06-13 13:22:24.200000
248,https://www.france-optique.com/gravures/fournisseur=130,Nulux iDentity V+ EyeGenius Eyas 1.60 UV2.0 Blanc/Sensity 2/Sensity Dark,EG,1.6,ORG Blanc/ PHO,Fournisseur : HOYA Visio ...,2025-06-13 13:22:24.253333
249,https://www.france-optique.com/gravures/fournisseur=130,Sync IIIi T5/T9/T13 Eynoa 1.67UV2.0 Blanc/Sensity 2/Sensity Dark/Sensity Fast/Fin Polarisant,SYi5,1.67,ORG PHO POLA,Fournisseur : HOYA Visio ...,2025-06-13 13:22:24.303333
250,https://www.france-optique.com/gravures/fournisseur=130,Daynamic 1.60 Advanced Lights Protection (11mm - 14mm) Blanc,DP13L ou DP43L,1.6,ORG Blanc,Fournisseur : HOYA Visio ...,2025-06-13 13:22:24.353333
251,https://www.france-optique.com/gravures/fournisseur=130,Balansis i 1.60 Advanced Lights Protection (11mm - 14mm) Blanc,Bi13L ou Bi43L,1.6,ORG Blanc,Fournisseur : HOYA Visio ...,2025-06-13 13:22:24.403333
252,https://www.france-optique.com/gravures/fournisseur=130,MySelf 1.60 Advanced Lights Protection (11 à 16mm) Blanc,MY_3L,1.6,ORG Blanc,Fournisseur : HOYA Visio ...,2025-06-13 13:22:24.453333
253,https://www.france-optique.com/gravures/fournisseur=130,Lifestyle 3i Indoor/Outdoor/Urban Eyas 1.60 UV2.0 (11 à 14mm) Blanc/Sensity 2/Sensity Dark,LI_3I ou LI_3O ou LI_3U,1.6,ORG Blanc / PHO,Fournisseur : HOYA Visio ...,2025-06-13 13:22:24.506666
254,https://www.france-optique.com/gravures/fournisseur=130,Lifestyle 3  Indoor/Outdoor/Urban Eyas 1.60 UV2.0 (11 à 14mm) Blanc/Sensity 2/Sensity Dark,L_3I ou L_3O ou L_3U,1.6,ORG Blanc / PHO,Fournisseur : HOYA Visio ...,2025-06-13 13:22:24.556666
255,https://www.france-optique.com/gravures/fournisseur=130,Balansis Eyas 1.60 UV2.0 (11mm - 14mm) Blanc/Sensity 2/Sensity Dark/Sensity Fast,B13 ou B43,1.6,ORG Blanc / PHO,Fournisseur : HOYA Visio ...,2025-06-13 13:22:24.610000
256,https://www.france-optique.com/gravures/fournisseur=130,MySelf Eyas 1.60 UV2.0 (11 à 16mm) Blanc/Sensity 2/Sensity Dark/Sensity Fast,MY_3,1.6,ORG Blanc / PHO,Fournisseur : HOYA Visio ...,2025-06-13 13:22:24.660000
257,https://www.france-optique.com/gravures/fournisseur=130,Balansis i Eyas 1.60 UV2.0 (11mm - 14mm) Blanc/Sensity 2/Sensity Dark/Sensity Fast,Bi13 ou Bi43,1.6,ORG Blanc / PHO,Fournisseur : HOYA Visio ...,2025-06-13 13:22:24.713333
258,https://www.france-optique.com/gravures/fournisseur=130,Daynamic 1.60 (11mm - 14mm) Fin Polarisant,DP13 ou DP43,1.6,ORG POLA,Fournisseur : HOYA Visio ...,2025-06-13 13:22:24.760000
259,https://www.france-optique.com/gravures/fournisseur=130,Amplitude Plus PNX 1.53 UV2.0 (11mm - 15mm) Blanc/Sensity 2/Sensity Fast,DA1X ou DA5X,1.53,ORG Blanc/ PHO,Fournisseur : HOYA Visio ...,2025-06-13 13:22:24.810000
260,https://www.france-optique.com/gravures/fournisseur=130,Nulux iDentity V+ EyeGenius Organique 1.50 Blanc/Sensity 2/Sensity Dark,EG,1.5,ORG Blanc/ PHO,Fournisseur : HOYA Visio ...,2025-06-13 13:22:24.860000
261,https://www.france-optique.com/gravures/fournisseur=130,MySelf PNX 1.53 UV2.0 (11 à 16mm) Blanc/Sensity 2/Sensity Fast,MY_X,1.53,ORG Blanc / PHO,Fournisseur : HOYA Visio ...,2025-06-13 13:22:24.916666
262,https://www.france-optique.com/gravures/fournisseur=130,Balansis i PNX 1.53 UV2.0 (11mm - 14mm) Blanc/Sensity 2/Sensity Fast,Bi1X ou Bi4X,1.53,ORG Blanc / PHO,Fournisseur : HOYA Visio ...,2025-06-13 13:22:24.976666
263,https://www.france-optique.com/gravures/fournisseur=130,MyStyle V+ Eyvia 1.74 UV2.0 (11 à 16mm) Blanc,MSV _7,1.74,ORG Blanc,Fournisseur : HOYA Visio ...,2025-06-13 13:22:25.033333
264,https://www.france-optique.com/gravures/fournisseur=130,LifeStyle 3i Close/Active/Allround 1.60 (11 à 14mm) Fin Polarisant,LI_3I ou LI_3O ou LI_3U,1.6,ORG POLA,Fournisseur : HOYA Visio ...,2025-06-13 13:22:25.083333
265,https://www.france-optique.com/gravures/fournisseur=130,LifeStyle 3 Close/Active/Allround 1.60 (11 à 14mm) Fin Polarisant,L_3I ou L_3O ou L_3U,1.6,ORG POLA,Fournisseur : HOYA Visio ...,2025-06-13 13:22:25.140000
266,https://www.france-optique.com/gravures/fournisseur=130,Balansis 1.60 (11mm - 14mm) Fin Polarisant,B13 ou B43,1.6,ORG POLA,Fournisseur : HOYA Visio ...,2025-06-13 13:22:25.193333
267,https://www.france-optique.com/gravures/fournisseur=130,Sync IIIi T5/T9/T13 Eyas 1.60 UV2.0 Blanc/Sensity 2/Sensity Dark/Sensity Fast/Fin Polarisant,SYi3,1.6,ORG PHO POLA,Fournisseur : HOYA Visio ...,2025-06-13 13:22:25.243333
268,https://www.france-optique.com/gravures/fournisseur=130,Balansis i 1.50 Advanced Lights Protection (11mm - 14mm) Blanc,Bi11L ou Bi41L,1.5,ORG Blanc,Fournisseur : HOYA Visio ...,2025-06-13 13:22:25.293333
269,https://www.france-optique.com/gravures/fournisseur=130,MySelf 1.50 Advanced Lights Protection (11 à 16mm)  Blanc,MY_1L,1.5,ORG Blanc,Fournisseur : HOYA Visio ...,2025-06-13 13:22:25.346666
270,https://www.france-optique.com/fournisseur/1488-hephilens,Single Vision Individual,SVIA,1.53,TVX,Gravures de verres de HEPHILENS,2025-06-13 13:22:25.400000
271,https://www.france-optique.com/fournisseur/1488-hephilens,Single Vision Plus,SVPA,1.53,TVX,Gravures de verres de HEPHILENS,2025-06-13 13:22:25.450000
272,https://www.france-optique.com/fournisseur/1488-hephilens,Single Vision Plus,SVPA,1.59,POLY,Gravures de verres de HEPHILENS,2025-06-13 13:22:25.500000
275,https://www.france-optique.com/fournisseur/1488-hephilens,Single Vision ProDrive,PDA,1.59,POLY,Gravures de verres de HEPHILENS,2025-06-13 13:22:25.600000
276,https://www.france-optique.com/fournisseur/1488-hephilens,Single Vision ProDrive,PDA,1.53,TVX,Gravures de verres de HEPHILENS,2025-06-13 13:22:25.653333
279,https://www.france-optique.com/fournisseur/1488-hephilens,Perception 770,PER7,1.59,POLY,Gravures de verres de HEPHILENS,2025-06-13 13:22:25.773333
280,https://www.france-optique.com/fournisseur/1488-hephilens,Myoshield,MYO,1.59,POLY,Gravures de verres de HEPHILENS,2025-06-13 13:22:25.823333
282,https://www.france-optique.com/fournisseur/1488-hephilens,Perception,PER,1.59,POLY,Gravures de verres de HEPHILENS,2025-06-13 13:22:25.900000
283,https://www.france-optique.com/gravures/fournisseur=130,MyStyle V+ Eynoa 1.67 UV2.0 (11 à 16mm) Blanc/Sensity 2/Sensity Dark/Sensity Fast,MSV _5,1.67,ORG Blanc / PHO,Fournisseur : HOYA Visio ...,2025-06-13 13:22:25.960000
284,https://www.france-optique.com/gravures/fournisseur=130,Lifestyle 3i Indoor/Outdoor/Urban PNX 1.53 UV2.0 (11 à 14mm) Blanc/Sensity 2,LI_XI ou LI_XO ou LI_XU,1.53,ORG Blanc / PHO,Fournisseur : HOYA Visio ...,2025-06-13 13:22:26.010000
285,https://www.france-optique.com/gravures/fournisseur=130,Lifestyle 3  Indoor/Outdoor/Urban PNX 1.53 UV2.0 (11 à 14mm) Blanc/Sensity 2,L_XI ou L_XO ou L_XU,1.53,ORG Blanc / PHO,Fournisseur : HOYA Visio ...,2025-06-13 13:22:26.060000
286,https://www.france-optique.com/gravures/fournisseur=130,Balansis PNX 1.53 UV2.0 (11mm - 14mm) Blanc/Sensity 2/Sensity Fast,B1X ou B4X,1.53,ORG Blanc / PHO,Fournisseur : HOYA Visio ...,2025-06-13 13:22:26.113333
287,https://www.france-optique.com/gravures/fournisseur=130,Amplitude Plus Organique 1.50 (11mm - 15mm) Blanc/Sensity 2/Sensity Dark/Sensity Fast,DA11 ou DA51,1.5,ORG Blanc/ PHO,Fournisseur : HOYA Visio ...,2025-06-13 13:22:26.166666
288,https://www.france-optique.com/gravures/fournisseur=130,Nulux iDentity V+ Eyvia 1.74 UV2.0 Blanc,Ni7,1.74,ORG Blanc,Fournisseur : HOYA Visio ...,2025-06-13 13:22:26.220000
289,https://www.france-optique.com/gravures/fournisseur=130,Sync IIIi T5/T9/T13 PNX 1.53 UV2.0 Blanc/Sensity 2/Sensity Fast/Polarisant,SYiX,1.53,ORG Blanc/ PHO / POLA,Fournisseur : HOYA Visio ...,2025-06-13 13:22:26.273333
290,https://www.france-optique.com/gravures/fournisseur=130,MySelf Organique 1.50 (11 à 16mm)  Blanc/Sensity 2/Sensity Dark/Sensity Fast,MY_1,1.5,ORG Blanc / PHO,Fournisseur : HOYA Visio ...,2025-06-13 13:22:26.323333
291,https://www.france-optique.com/gravures/fournisseur=130,Balansis i Organique 1.50 (11mm - 14mm) Blanc/Sensity 2/Sensity Dark/Sensity Fast,Bi11 ou Bi41,1.5,ORG Blanc / PHO,Fournisseur : HOYA Visio ...,2025-06-13 13:22:26.373333
292,https://www.france-optique.com/gravures/fournisseur=130,LifeStyle 3i Close/Active/Allround 1.53 (11 à 14mm) Polarisant,LI_XI ou LI_XO ou LI_XU,1.53,ORG POLA,Fournisseur : HOYA Visio ...,2025-06-13 13:22:26.426666
293,https://www.france-optique.com/gravures/fournisseur=130,LifeStyle 3 Close/Active/Allround 1.53 (11 à 14mm) Polarisant,L_XI ou L_XO ou L_XU,1.53,ORG POLA,Fournisseur : HOYA Visio ...,2025-06-13 13:22:26.480000
294,https://www.france-optique.com/gravures/fournisseur=130,Balansis 1.53 (11mm - 14mm) Polarisant,B1X ou B4X,1.53,ORG POLA,Fournisseur : HOYA Visio ...,2025-06-13 13:22:26.550000
295,https://www.france-optique.com/gravures/fournisseur=130,Daynamic Organique 1.50 UV2.0 (11mm - 14mm) Blanc,DP11 ou DP41,1.5,ORG Blanc,Fournisseur : HOYA Visio ...,2025-06-13 13:22:26.603333
296,https://www.france-optique.com/gravures/fournisseur=130,Lifestyle 3i Indoor/Outdoor/Urban Organique 1.50 (11 à 14mm) Blanc/Sensity 2/Sensity Dark,LI_1I ou LI_1O ou LI_1U,1.5,ORG Blanc / PHO,Fournisseur : HOYA Visio ...,2025-06-13 13:22:26.660000
297,https://www.france-optique.com/gravures/fournisseur=130,Lifestyle 3  Indoor/Outdoor/Urban Organique 1.50 UV2.0 (11 à 14mm) Blanc,L_1I ou L_1O ou L_1U,1.5,ORG Blanc,Fournisseur : HOYA Visio ...,2025-06-13 13:22:26.713333
298,https://www.france-optique.com/gravures/fournisseur=130,Balansis Organique 1.50 (11mm - 14mm) Blanc/Sensity 2/Sensity Dark/Sensity Fast,B11 ou B41,1.5,ORG Blanc / PHO,Fournisseur : HOYA Visio ...,2025-06-13 13:22:26.756666
299,https://www.france-optique.com/gravures/fournisseur=130,Summit CD M 1.81,CD6,1.81,MIN Blanc,Fournisseur : HOYA Visio ...,2025-06-13 13:22:26.810000
300,https://www.france-optique.com/gravures/fournisseur=130,Amplitude Plus 1.67 (11mm-15m) Fin Polarisant,DA15 ou DA55,1.67,ORG POLA,Fournisseur : HOYA Visio ...,2025-06-13 13:22:26.863333
301,https://www.france-optique.com/gravures/fournisseur=130,Nulux iDentity V+ Eynoa 1.67 UV2.0 Blanc/Sensity 2/Sensity Dark/Sensity Fast/Fin Polarisant,Ni5,1.67,ORG PHO POLA,Fournisseur : HOYA Visio ...,2025-06-13 13:22:26.916666
302,https://www.france-optique.com/gravures/fournisseur=130,Sync IIIi T5/T9/T13 1.50 Advanced Lights Protection Blanc,SYi1L,1.5,ORG Blanc,Fournisseur : HOYA Visio ...,2025-06-13 13:22:26.966666
303,https://www.france-optique.com/gravures/fournisseur=130,Daynamic Organique 1.50 (11mm - 14mm) Blanc/Sensity 2/Sensity Dark/Sensity Fast,DP11 ou DP41,1.5,ORG Blanc / PHO,Fournisseur : HOYA Visio ...,2025-06-13 13:22:27.016666
304,https://www.france-optique.com/gravures/fournisseur=130,LifeStyle 3 Close/Active/Allround 1.50 (11 à 14mm) Polarisant,L_1I ou L_1O ou L_1U,1.5,ORG POLA,Fournisseur : HOYA Visio ...,2025-06-13 13:22:27.066666
305,https://www.france-optique.com/gravures/fournisseur=130,Daynamic 1.50 (11mm - 14mm) Polarisant,DP11 ou DP41,1.5,ORG POLA,Fournisseur : HOYA Visio ...,2025-06-13 13:22:27.116666
306,https://www.france-optique.com/gravures/fournisseur=130,Summit PRO M 1.70,SP4,1.7,MIN Blanc,Fournisseur : HOYA Visio ...,2025-06-13 13:22:27.170000
307,https://www.france-optique.com/gravures/fournisseur=130,Yuniku Work Close/Screen/Space (18 à 24mm) Eynoa 1.67 UV2.0 Blanc,YW5,1.67,ORG Blanc,Fournisseur : HOYA Visio ...,2025-06-13 13:22:27.226666
308,https://www.france-optique.com/gravures/fournisseur=130,LifeStyle 3i Close/Active/Allround 1.50 (11 à 14mm) Polarisant,LI_1I ou LI_1O ou LI_1U,1.5,ORG POLA,Fournisseur : HOYA Visio ...,2025-06-13 13:22:27.276666
309,https://www.france-optique.com/gravures/fournisseur=130,Balansis 1.50 (11mm - 14mm) Polarisant,B11 ou B41,1.5,ORG POLA,Fournisseur : HOYA Visio ...,2025-06-13 13:22:27.330000
310,https://www.france-optique.com/gravures/fournisseur=130,Amplitude Plus 1.60 (11mm-15m) Fin Polarisant,DA13 ou DA53,1.6,ORG POLA,Fournisseur : HOYA Visio ...,2025-06-13 13:22:27.380000
311,https://www.france-optique.com/gravures/fournisseur=130,Sync IIIi T5/T9/T13 Organique 1.50 Blanc/Sensity 2/Sensity Dark/Sensity Fast/Polarisant,SYi1,1.5,ORG PHO POLA,Fournisseur : HOYA Visio ...,2025-06-13 13:22:27.433333
312,https://www.france-optique.com/gravures/fournisseur=130,Sync III T5/T9/T13 Eyvia 1.74 UV2.0 Blanc,SY7,1.74,ORG Blanc,Fournisseur : HOYA Visio ...,2025-06-13 13:22:27.483333
313,https://www.france-optique.com/gravures/fournisseur=130,Yuniku Work Close/Screen/Space (18 à 24mm) Eyas 1.60 UV2.0 Blanc,YW3,1.6,ORG Blanc,Fournisseur : HOYA Visio ...,2025-06-13 13:22:27.536666
314,https://www.france-optique.com/gravures/fournisseur=130,Summit CD ou PRO M 1.60,CD3 ou SP3,1.6,MIN Blanc/Fotolux,Fournisseur : HOYA Visio ...,2025-06-13 13:22:27.586666
315,https://www.france-optique.com/gravures/fournisseur=130,Nulux iDentity V+ Eyas 1.60 UV2.0 Blanc/Sensity 2/Sensity Dark/Sensity Fast/Fin Polarisant,Ni3,1.6,ORG PHO POLA,Fournisseur : HOYA Visio ...,2025-06-13 13:22:27.640000
316,https://www.france-optique.com/gravures/fournisseur=130,Sync III T5/T9/T13 1.67 Advanced Lights Protection Blanc,SY5L,1.67,ORG Blanc,Fournisseur : HOYA Visio ...,2025-06-13 13:22:27.693333
317,https://www.france-optique.com/gravures/fournisseur=130,Yuniku Lite Progressive Eynoa 1.67 UV2.0 (11 à 14mm) Blanc/Sensity 2/Senity Dark,YL_5,1.67,ORG Blanc / PHO,Fournisseur : HOYA Visio ...,2025-06-13 13:22:27.743333
318,https://www.france-optique.com/gravures/fournisseur=130,Summit PRO M 1.52,SP1,1.52,MIN Blanc/Fotolux,Fournisseur : HOYA Visio ...,2025-06-13 13:22:27.793333
319,https://www.france-optique.com/gravures/fournisseur=130,Amplitude Plus 1.53 (11mm-15m) Polarisant,DA1X ou DA5X,1.53,ORG POLA,Fournisseur : HOYA Visio ...,2025-06-13 13:22:27.850000
320,https://www.france-optique.com/gravures/fournisseur=130,Sync III T5/T9/T13 Eynoa 1.67 UV2.0 Blanc/Sensity 2/Sensity Dark/Sensity Fast/Fin Polarisant,SY5,1.67,ORG PHO POLA,Fournisseur : HOYA Visio ...,2025-06-13 13:22:27.960000
321,https://www.france-optique.com/gravures/fournisseur=130,Yuniku Lite Progressive 1.67 (11 à 14mm) Fin Polarisant,YL_5,1.67,ORG POLA,Fournisseur : HOYA Visio ...,2025-06-13 13:22:28.013333
322,https://www.france-optique.com/gravures/fournisseur=130,Sync III T5/T9/T13 1.60 Advanced Lights Protection Blanc,SY3L,1.6,ORG Blanc,Fournisseur : HOYA Visio ...,2025-06-13 13:22:28.066666
323,https://www.france-optique.com/gravures/fournisseur=130,Yuniku Lite Progressive Eyas 1.60 UV2.0 (11 à 14mm) Blanc/Sensity 2/Sensity Dark,YL_3,1.6,ORG Blanc / PHO,Fournisseur : HOYA Visio ...,2025-06-13 13:22:28.116666
324,https://www.france-optique.com/gravures/fournisseur=130,Amplitude Plus 1.50 (11mm-15m) Polarisant,DA11 ou DA51,1.5,ORG POLA,Fournisseur : HOYA Visio ...,2025-06-13 13:22:28.166666
325,https://www.france-optique.com/gravures/fournisseur=130,Nulux iDentity V+ Organique 1.50 Blanc/Sensity 2/Sensity Dark/Sensity Fast/Polarisant,Ni1,1.5,ORG PHO POLA,Fournisseur : HOYA Visio ...,2025-06-13 13:22:28.220000
326,https://www.france-optique.com/gravures/fournisseur=130,Sync III T5/T9/T13 Eyas 1.60 UV2.0 Blanc/Sensity 2/Sensity Dark/Sensity Fast/Fin Polarisant,SY3,1.6,ORG PHO POLA,Fournisseur : HOYA Visio ...,2025-06-13 13:22:28.273333
327,https://www.france-optique.com/gravures/fournisseur=130,Yuniku Lite Progressive 1.60 (11 à 14mm) Fin Polarisant,YL_3,1.6,ORG POLA,Fournisseur : HOYA Visio ...,2025-06-13 13:22:28.320000
328,https://www.france-optique.com/gravures/fournisseur=130,Sync III T5/T9/T13 PNX 1.53 UV2.0 Blanc/Sensity 2/Sensity Fast/Polarisant,SYX,1.53,ORG PHO POLA,Fournisseur : HOYA Visio ...,2025-06-13 13:22:28.373333
329,https://www.france-optique.com/gravures/fournisseur=130,Sync III T5/T9/T13 1.50 Advanced Lights Protection Blanc,SY1L,1.5,ORG Blanc,Fournisseur : HOYA Visio ...,2025-06-13 13:22:28.420000
330,https://www.france-optique.com/gravures/fournisseur=130,Sync III T5/T9/T13 Organique 1.50 Blanc/Sensity 2/Sensity Dark/Sensity Fast/Polarisant,SY1,1.5,ORG PHO POLA,Fournisseur : HOYA Visio ...,2025-06-13 13:22:28.473333
331,https://www.france-optique.com/gravures/fournisseur=130,EnRoute Pro Progressive 1.67 UV2.0 Blanc,RP55V,1.67,ORG Blanc,Fournisseur : HOYA Visio ...,2025-06-13 13:22:28.530000
332,https://www.france-optique.com/gravures/fournisseur=130,EnRoute Pro Progressive 1.60 UV2.0 Blanc,RP53V,1.6,ORG Blanc,Fournisseur : HOYA Visio ...,2025-06-13 13:22:28.580000
333,https://www.france-optique.com/gravures/fournisseur=130,EnRoute Progressive 1.67 UV2.0 Blanc,R55V,1.67,ORG Blanc,Fournisseur : HOYA Visio ...,2025-06-13 13:22:28.633333
334,https://www.france-optique.com/gravures/fournisseur=130,EnRoute Progressive 1.60 UV2.0 Blanc,R53V,1.6,ORG Blanc,Fournisseur : HOYA Visio ...,2025-06-13 13:22:28.683333
335,https://www.france-optique.com/gravures/fournisseur=130,Maxxee Proximité 100 1.50,L1,1.5,ORG Blanc,Fournisseur : HOYA Visio ...,2025-06-13 13:22:28.736666
336,https://www.france-optique.com/gravures/fournisseur=130,Maxxee Proximité 150 1.50,L1,1.5,ORG Blanc,Fournisseur : HOYA Visio ...,2025-06-13 13:22:28.800000
337,https://www.france-optique.com/gravures/fournisseur=130,Maxxee Proximité 150 1.60,L3,1.6,ORG Blanc,Fournisseur : HOYA Visio ...,2025-06-13 13:22:28.850000
338,https://www.france-optique.com/gravures/fournisseur=130,Maxxee Multifocal FreeForm 1.74  (11-15mm),17FF ou 57FF,1.74,ORG Blanc,Fournisseur : HOYA Visio ...,2025-06-13 13:22:28.900000
339,https://www.france-optique.com/gravures/fournisseur=130,Maxxee Multifocal FreeForm 1.67  (11-15mm),15FF ou 55FF,1.67,ORG Blanc,Fournisseur : HOYA Visio ...,2025-06-13 13:22:28.950000
340,https://www.france-optique.com/gravures/fournisseur=130,Maxxee Multifocal FreeForm 1.60  (11-15mm),13FF ou 53FF,1.6,ORG Blanc,Fournisseur : HOYA Visio ...,2025-06-13 13:22:29.003333
341,https://www.france-optique.com/gravures/fournisseur=130,Maxxee Multifocal FreeForm 1.50  (11-15mm),11FF ou 51FF,1.5,ORG Blanc,Fournisseur : HOYA Visio ...,2025-06-13 13:22:29.056666
342,https://www.france-optique.com/gravures/fournisseur=130,Lifestyle 3  Indoor/Outdoor/Urban Organique 1.50 (11 à 14mm) Blanc/Sensity 2/Sensity Dark,L_1I ou L_1O ou L_1U,1.5,ORG Blanc / PHO,Fournisseur : HOYA Visio ...,2025-06-13 13:22:29.106666
343,https://www.france-optique.com/gravures/fournisseur=130,WorkStyle 3 Close/Screen/space (18 à 24mm),WS37,1.74,ORG Blanc,Fournisseur : HOYA Visio ...,2025-06-13 13:22:29.156666
344,https://www.france-optique.com/gravures/fournisseur=130,WorkStyle 3 Close/Screen/space (18 à 24mm) Eynoa 1.67 UV2.0 Blanc/Sensity 2,WS35,1.67,ORG Blanc / PHO,Fournisseur : HOYA Visio ...,2025-06-13 13:22:29.206666
345,https://www.france-optique.com/gravures/fournisseur=130,WorkStyle 3 Close/Screen/space (18 à 24mm) Eyas 1.60 UV2.0 Blanc/Sensity 2,WS33,1.6,ORG Blanc / PHO,Fournisseur : HOYA Visio ...,2025-06-13 13:22:29.256666
346,https://www.france-optique.com/gravures/fournisseur=130,WorkStyle 3 Close/Screen/space (18 à 24mm) PNX 1.53 UV2.0 Blanc/Sensity 2,WS3X,1.53,ORG Blanc / PHO,Fournisseur : HOYA Visio ...,2025-06-13 13:22:29.310000
347,https://www.france-optique.com/gravures/fournisseur=130,WorkStyle 3 Close/Screen/space (18 à 24mm) Organique 1.50 Blanc/Sensity 2,WS31,1.5,ORG Blanc/ PHO,Fournisseur : HOYA Visio ...,2025-06-13 13:22:29.360000
348,https://www.france-optique.com/gravures/fournisseur=130,WorkSmart Room 200 Eyvia 1.74 UV2.0 Blanc,DT7,1.74,ORG Blanc,Fournisseur : HOYA Visio ...,2025-06-13 13:22:29.410000
349,https://www.france-optique.com/gravures/fournisseur=130,WorkSmart Room 200 Eynoa 1.67 UV2.0 Blanc,DT5,1.67,ORG Blanc,Fournisseur : HOYA Visio ...,2025-06-13 13:22:29.460000
350,https://www.france-optique.com/gravures/fournisseur=130,WorkSmart Room 200 Eyas 1.60 UV2.0 Blanc,DT3,1.6,ORG Blanc,Fournisseur : HOYA Visio ...,2025-06-13 13:22:29.513333
351,https://www.france-optique.com/gravures/fournisseur=130,WorkSmart Room 200 PNX 1.53 UV2.0 Blanc,DTX,1.53,ORG Blanc,Fournisseur : HOYA Visio ...,2025-06-13 13:22:29.566666
352,https://www.france-optique.com/gravures/fournisseur=130,WorkSmart Room 200 Organique 1.50 Blanc,DT1,1.5,ORG Blanc,Fournisseur : HOYA Visio ...,2025-06-13 13:22:29.616666
353,https://www.france-optique.com/gravures/fournisseur=130,WorkSmart Room 400 Eyvia 1.74 UV2.0 Blanc,DT7,1.74,ORG Blanc,Fournisseur : HOYA Visio ...,2025-06-13 13:22:29.666666
354,https://www.france-optique.com/gravures/fournisseur=130,WorkSmart Room 400 Eynoa 1.67 UV2.0 Blanc,DT5,1.67,ORG Blanc,Fournisseur : HOYA Visio ...,2025-06-13 13:22:29.716666
355,https://www.france-optique.com/gravures/fournisseur=130,WorkSmart Room 400 Eyas 1.60 UV2.0 Blanc,DT3,1.6,ORG Blanc,Fournisseur : HOYA Visio ...,2025-06-13 13:22:29.766666
356,https://www.france-optique.com/gravures/fournisseur=130,WorkSmart Room 400 PNX 1.53 UV2.0 Blanc,DTX,1.53,ORG Blanc,Fournisseur : HOYA Visio ...,2025-06-13 13:22:29.810000
357,https://www.france-optique.com/gravures/fournisseur=130,WorkSmart Room 400 Organique 1.50 Blanc,DT1,1.5,ORG Blanc,Fournisseur : HOYA Visio ...,2025-06-13 13:22:29.860000
358,https://www.france-optique.com/gravures/fournisseur=130,SupeReader A Eynoa 1.67 UV2.0 Blanc,DL5,1.67,ORG Blanc,Fournisseur : HOYA Visio ...,2025-06-13 13:22:29.913333
359,https://www.france-optique.com/gravures/fournisseur=130,SupeReader A Eyas 1.60 UV2.0 Blanc,DL3,1.6,ORG Blanc,Fournisseur : HOYA Visio ...,2025-06-13 13:22:29.966666
360,https://www.france-optique.com/gravures/fournisseur=130,SupeReader A Organique 1.50 Blanc,DL1,1.5,ORG Blanc,Fournisseur : HOYA Visio ...,2025-06-13 13:22:30.020000
398,https://www.france-optique.com/gravures/fournisseur=130,LifeStyle 4 Close/Active/Allround 1.53 (11 à 16mm) Polarisant,LS_XI ou LS_XO ou LS_XU,1.53,ORG POLA,Fournisseur : HOYA Visio ...,2025-06-13 13:22:32.683333
361,https://www.france-optique.com/fournisseur/1344-bbgr-optique/gravures,Intuitiv Plus Mio OR15,https://si.france-optique.com/img/gravures/nasal/web_12-nas-bbgr-01.tif.jpg,1.5,Organique,Produits optiques : BBGR OPTIQUE,2025-06-13 13:22:30.146666
362,https://www.france-optique.com/gravures/fournisseur=130,SupeReader B Eynoa 1.67 UV2.0 Blanc,DL5,1.67,ORG Blanc,Fournisseur : HOYA Visio ...,2025-06-13 13:22:30.810000
363,https://www.france-optique.com/gravures/fournisseur=130,SupeReader B Eyas 1.60 UV2.0 Blanc,DL3,1.6,ORG Blanc,Fournisseur : HOYA Visio ...,2025-06-13 13:22:30.860000
364,https://www.france-optique.com/gravures/fournisseur=130,SupeReader B Organique 1.50 Blanc,DL1,1.5,ORG Blanc,Fournisseur : HOYA Visio ...,2025-06-13 13:22:30.910000
365,https://www.france-optique.com/gravures/fournisseur=130,Nulux iDentity V+ 1.67 Advanced Lights Protection Blanc,Ni5L,1.67,ORG Blanc,Fournisseur : HOYA Visio ...,2025-06-13 13:22:30.963333
366,https://www.france-optique.com/gravures/fournisseur=130,Nulux iDentity V+ 1.60 Advanced Lights Protection Blanc,Ni3L,1.6,ORG Blanc,Fournisseur : HOYA Visio ...,2025-06-13 13:22:31.016666
367,https://www.france-optique.com/gravures/fournisseur=130,Nulux iDentity V+ 1.50 Advanced Lights Protection Blanc,Ni1L,1.5,ORG Blanc,Fournisseur : HOYA Visio ...,2025-06-13 13:22:31.066666
368,https://www.france-optique.com/gravures/fournisseur=130,Sync IIIi T5/T9/T13 1.67 Advanced Lights Protection Blanc,SYi5L,1.67,ORG Blanc,Fournisseur : HOYA Visio ...,2025-06-13 13:22:31.120000
369,https://www.france-optique.com/gravures/fournisseur=130,Sync IIIi T5/T9/T13 1.60 Advanced Lights Protection Blanc,SYi3L,1.6,ORG Blanc,Fournisseur : HOYA Visio ...,2025-06-13 13:22:31.173333
370,https://www.france-optique.com/gravures/fournisseur=130,Daynamic Eynoa 1.67 UV2.0 (11mm - 14mm) Blanc/Sensity 2/Sensity Dark/Sensity Fast,DP14 ou DP45,1.67,ORG Blanc / PHO,Fournisseur : HOYA Visio ...,2025-06-13 13:22:31.223333
371,https://www.france-optique.com/gravures/fournisseur=130,Daynamic Eyas 1.60 UV2.0 (11mm - 14mm) Blanc/Sensity 2/Sensity Dark/Sensity Fast,DP13 ou DP43,1.6,ORG Blanc / PHO,Fournisseur : HOYA Visio ...,2025-06-13 13:22:31.283333
372,https://www.france-optique.com/gravures/fournisseur=130,Daynamic 1.50 Advanced Lights Protection (11mm - 14mm) Blanc,DP11L ou DP41L,1.5,ORG Blanc,Fournisseur : HOYA Visio ...,2025-06-13 13:22:31.333333
373,https://www.france-optique.com/gravures/fournisseur=130,Balansis 1.67 Advanced Lights Protection (11mm - 14mm) Blanc,B15L ou B45L,1.67,ORG Blanc,Fournisseur : HOYA Visio ...,2025-06-13 13:22:31.383333
374,https://www.france-optique.com/gravures/fournisseur=130,Balansis 1.60 Advanced Lights Protection (11mm - 14mm) Blanc,B13L ou B43L,1.6,ORG Blanc,Fournisseur : HOYA Visio ...,2025-06-13 13:22:31.433333
375,https://www.france-optique.com/gravures/fournisseur=130,Balansis 1.50 Advanced Lights Protection (11mm - 14mm) Blanc,B11L ou B41L,1.5,ORG Blanc,Fournisseur : HOYA Visio ...,2025-06-13 13:22:31.483333
376,https://www.france-optique.com/gravures/fournisseur=130,Lifestyle 3i Indoor/Outdoor/Urban 1.60 Advanced Lights Protection (11 à 14mm) Blanc,LI_3LI ou LI_3LO ou LI_3LU,1.6,ORG Blanc,Fournisseur : HOYA Visio ...,2025-06-13 13:22:31.533333
377,https://www.france-optique.com/gravures/fournisseur=130,Lifestyle 3i Indoor/Outdoor/Urban 1.50 Advanced Lights Protection (11 à 14mm) Blanc,LI_1LI ou LI_1LO ou LI_1LU,1.5,ORG Blanc,Fournisseur : HOYA Visio ...,2025-06-13 13:22:31.586666
378,https://www.france-optique.com/gravures/fournisseur=130,LifeStyle 4i Indoor/Outdoor/Urban Eyvia 1.74 UV2.0 (11 à 16mm) Blanc,LSI_7I ou LSI_7O ou LSI_7U,1.74,ORG Blanc,Fournisseur : HOYA Visio ...,2025-06-13 13:22:31.636666
379,https://www.france-optique.com/gravures/fournisseur=130,LifeStyle 4i Indoor/Outdoor/Urban 1.67 Advanced Lights Protection (11 à 16mm) Blanc,LSI_5LI ou SLI_5LO ou LSI_5LU,1.67,ORG Blanc,Fournisseur : HOYA Visio ...,2025-06-13 13:22:31.690000
380,https://www.france-optique.com/gravures/fournisseur=130,LifeStyle 4i  Indoor/Outdoor/Urban Eynoa 1.67 UV2.0 (11 à 16mm) Blanc/Sensity 2/Sensity Dark/Sensity Fast,LSI_5I ou LSI_5O ou LSI_5U,1.67,ORG Blanc / PHO,Fournisseur : HOYA Visio ...,2025-06-13 13:22:31.740000
381,https://www.france-optique.com/gravures/fournisseur=130,LifeStyle 4i Close/Active/Allround 1.67 (11 à 16mm) Fin Polarisant,LSI_5I ou LSI_5O ou LSI_5U,1.67,ORG POLA,Fournisseur : HOYA Visio ...,2025-06-13 13:22:31.790000
382,https://www.france-optique.com/gravures/fournisseur=130,LifeStyle 4i Indoor/Outdoor/Urban 1.60 Advanced Lights Protection (11 à 16mm) Blanc,LSI_3LI ou LSI_3LO ou LSI_3LU,1.6,ORG Blanc,Fournisseur : HOYA Visio ...,2025-06-13 13:22:31.840000
383,https://www.france-optique.com/gravures/fournisseur=130,LifeStyle 4i Indoor/Outdoor/Urban Eyas 1.60 UV2.0 (11 à 16mm) Blanc/Sensity 2/Sensity Dark/Sensity Fast,LSI_3I ou LSI_3O ou LSI_3U,1.6,ORG Blanc / PHO,Fournisseur : HOYA Visio ...,2025-06-13 13:22:31.893333
384,https://www.france-optique.com/gravures/fournisseur=130,LifeStyle 4i Close/Active/Allround 1.60 (11 à 16mm) Fin Polarisant,LSI_3I ou LSI_3O ou LSI_3U,1.6,ORG POLA,Fournisseur : HOYA Visio ...,2025-06-13 13:22:31.943333
385,https://www.france-optique.com/gravures/fournisseur=130,LifeStyle 4i Indoor/Outdoor/Urban PNX 1.53 UV2.0 (11 à 16mm) Blanc/Sensity 2/Sensity Fast,LSI_XI ou LSI_XO ou LSI_XU,1.53,ORG Blanc / PHO,Fournisseur : HOYA Visio ...,2025-06-13 13:22:31.996666
386,https://www.france-optique.com/gravures/fournisseur=130,LifeStyle 4i Close/Active/Allround 1.53 (11 à 16mm) Polarisant,LSI_XI ou LSI_XO ou LSI_XU,1.53,ORG POLA,Fournisseur : HOYA Visio ...,2025-06-13 13:22:32.053333
387,https://www.france-optique.com/gravures/fournisseur=130,LifeStyle 4i Indoor/Outdoor/Urban 1.50 Advanced Lights Protection (11 à 16mm) Blanc,LSI_1LI ou LSI_1LO ou LSI_1LU,1.5,ORG Blanc,Fournisseur : HOYA Visio ...,2025-06-13 13:22:32.103333
388,https://www.france-optique.com/gravures/fournisseur=130,LifeStyle 4i Indoor/Outdoor/Urban Organique 1.50 (11 à 16mm) Blanc/Sensity 2/Sensity Dark/Sensity Fast,LSI_1I ou LSI_1O ou LSI_1U,1.5,ORG Blanc / PHO,Fournisseur : HOYA Visio ...,2025-06-13 13:22:32.156666
389,https://www.france-optique.com/gravures/fournisseur=130,LifeStyle 4i Close/Active/Allround 1.50 (11 à 16mm) Polarisant,LSI_1I ou LSI_1O ou LSI_1U,1.5,ORG POLA,Fournisseur : HOYA Visio ...,2025-06-13 13:22:32.206666
390,https://www.france-optique.com/gravures/fournisseur=130,LifeStyle 4 Indoor/Outdoor/Urban Eyvia 1.74 UV2.0 (11 à 16mm) Blanc,LS_7I ou LS_7O ou LS_7U,1.74,ORG Blanc,Fournisseur : HOYA Visio ...,2025-06-13 13:22:32.260000
391,https://www.france-optique.com/gravures/fournisseur=130,LifeStyle 4  Indoor/Outdoor/Urban 1.67 Advanced Lights Protection (11 à 16mm) Blanc,LS_5LI ou LS_5LO ou LS_5LU,1.67,ORG Blanc,Fournisseur : HOYA Visio ...,2025-06-13 13:22:32.313333
392,https://www.france-optique.com/gravures/fournisseur=130,LifeStyle 4  Indoor/Outdoor/Urban Eynoa 1.67 UV2.0 (11 à 16mm) Blanc/Sensity 2/Sensity Dark/Sensity Fast,LS_5I ou LS_5O ou LS_5U,1.67,ORG Blanc / PHO,Fournisseur : HOYA Visio ...,2025-06-13 13:22:32.370000
393,https://www.france-optique.com/gravures/fournisseur=130,LifeStyle 4 Close/Active/Allround 1.67 (11 à 16mm) Fin Polarisant,LS_5I ou LS_5O ou LS_5U,1.67,ORG POLA,Fournisseur : HOYA Visio ...,2025-06-13 13:22:32.423333
394,https://www.france-optique.com/gravures/fournisseur=130,LifeStyle 4  Indoor/Outdoor/Urban 1.60 Advanced Lights Protection (11 à 16mm) Blanc,LS_3LI ou LS_3LO ou LS_3LU,1.6,ORG Blanc,Fournisseur : HOYA Visio ...,2025-06-13 13:22:32.476666
395,https://www.france-optique.com/gravures/fournisseur=130,LifeStyle 4  Indoor/Outdoor/Urban Eyas 1.60 UV2.0 (11 à 16mm) Blanc/Sensity 2/Sensity Dark/Sensity Fast,LS_3I ou LS_3O ou LS_3U,1.6,ORG Blanc / PHO,Fournisseur : HOYA Visio ...,2025-06-13 13:22:32.530000
396,https://www.france-optique.com/gravures/fournisseur=130,LifeStyle 4 Close/Active/Allround 1.60 (11 à 16mm) Fin Polarisant,LS_3I ou LS_3O ou LS_3U,1.6,ORG POLA,Fournisseur : HOYA Visio ...,2025-06-13 13:22:32.583333
397,https://www.france-optique.com/gravures/fournisseur=130,LifeStyle 4  Indoor/Outdoor/Urban PNX 1.53 UV2.0 (11 à 16mm) Blanc/Sensity 2/Sensity Fast,LS_XI ou LS_XO ou LS_XU,1.53,ORG Blanc / PHO,Fournisseur : HOYA Visio ...,2025-06-13 13:22:32.630000
399,https://www.france-optique.com/gravures/fournisseur=130,LifeStyle 4  Indoor/Outdoor/Urban Organique 1.50 UV2.0 (11 à 16mm) Blanc,LS_1I ou LS_1O ou LS_1U,1.5,ORG Blanc,Fournisseur : HOYA Visio ...,2025-06-13 13:22:32.736666
400,https://www.france-optique.com/gravures/fournisseur=130,LifeStyle 4  Indoor/Outdoor/Urban 1.50 Advanced Lights Protection (11 à 16mm) Blanc,LS_1LI ou LS_1LO ou LS_1LU,1.5,ORG Blanc,Fournisseur : HOYA Visio ...,2025-06-13 13:22:32.790000
401,https://www.france-optique.com/gravures/fournisseur=130,LifeStyle 4  Indoor/Outdoor/Urban Organique 1.50 (11 à 16mm) Blanc/Sensity 2/Sensity Dark/Sensity Fast,LS_1I ou LS_1O ou LS_1U,1.5,ORG Blanc / PHO,Fournisseur : HOYA Visio ...,2025-06-13 13:22:32.833333
402,https://www.france-optique.com/gravures/fournisseur=130,LifeStyle 4 Close/Active/Allround 1.50 (11 à 16mm) Polarisant,LS_1I ou LS_1O ou LS_1U,1.5,ORG POLA,Fournisseur : HOYA Visio ...,2025-06-13 13:22:32.890000
403,https://www.france-optique.com/gravures/fournisseur=130,Lifestyle 3  Indoor/Outdoor/Urban Eynoa 1.67 UV2.0 (11 à 14mm) Blanc/Sensity 2/Sensity Dark,L_5I ou L_5O ou L_5U,1.67,ORG Blanc / PHO,Fournisseur : HOYA Visio ...,2025-06-13 13:22:32.940000
404,https://www.france-optique.com/gravures/fournisseur=130,Lifestyle 3  Indoor/Outdoor/Urban 1.60 Advanced Lights Protection (11 à 14mm) Blanc,L_3LI ou L_3LO ou L_3LU,1.6,ORG Blanc,Fournisseur : HOYA Visio ...,2025-06-13 13:22:32.993333
405,https://www.france-optique.com/gravures/fournisseur=130,Lifestyle 3  Indoor/Outdoor/Urban 1.50 Advanced Lights Protection (11 à 14mm) Blanc,L_1LI ou L_1LO ou L_1LU,1.5,ORG Blanc,Fournisseur : HOYA Visio ...,2025-06-13 13:22:33.043333
406,https://www.france-optique.com/gravures/fournisseur=130,WorkStyle 3 Close/Screen/space (18 à 24mm) Eynoa 1.67 Advanced Lights Protection Blanc,WS35L,1.67,ORG blanc,Fournisseur : HOYA Visio ...,2025-06-13 13:22:33.096666
407,https://www.france-optique.com/gravures/fournisseur=130,WorkStyle 3 Close/Screen/space (18 à 24mm) Eyas 1.60  Advanced Lights Protection Blanc,WS33L,1.6,ORG Blanc,Fournisseur : HOYA Visio ...,2025-06-13 13:22:33.143333
408,https://www.france-optique.com/gravures/fournisseur=130,WorkStyle 3 Close/Screen/space (18 à 24mm) 1.50 Advanced Lights Protection Blanc,WS31L,1.5,ORG blanc,Fournisseur : HOYA Visio ...,2025-06-13 13:22:33.193333
409,https://www.france-optique.com/gravures/fournisseur=130,WorkSmart Room 200 Eynoa 1.67 Advanced Lights Protection Blanc,DT5L,1.67,ORG Blanc,Fournisseur : HOYA Visio ...,2025-06-13 13:22:33.246666
410,https://www.france-optique.com/gravures/fournisseur=130,WorkSmart Room 200 Eyas 1.60 Advanced Lights Protection Blanc,DT3L,1.6,ORG Blanc,Fournisseur : HOYA Visio ...,2025-06-13 13:22:33.306666
411,https://www.france-optique.com/gravures/fournisseur=130,WorkSmart Room 200 1.50 Advanced Lights Protection Blanc,DT1L,1.5,ORG Blanc,Fournisseur : HOYA Visio ...,2025-06-13 13:22:33.353333
412,https://www.france-optique.com/gravures/fournisseur=130,WorkSmart Room 400 Eynoa 1.67 Advanced Lights Protection Blanc,DT5L,1.67,ORG Blanc,Fournisseur : HOYA Visio ...,2025-06-13 13:22:33.403333
413,https://www.france-optique.com/gravures/fournisseur=130,WorkSmart Room 400 Eyas 1.60 Advanced Lights Protection Blanc,DT3L,1.6,ORG Blanc,Fournisseur : HOYA Visio ...,2025-06-13 13:22:33.453333
414,https://www.france-optique.com/gravures/fournisseur=130,WorkSmart Room 400 1.50 Advanced Lights Protection Blanc,DT1L,1.5,ORG Blanc,Fournisseur : HOYA Visio ...,2025-06-13 13:22:33.500000
415,https://www.france-optique.com/gravures/fournisseur=130,SupeReader A Eynoa 1.67 Advanced Lights Protection Blanc,DL5L,1.67,ORG Blanc,Fournisseur : HOYA Visio ...,2025-06-13 13:22:33.550000
416,https://www.france-optique.com/gravures/fournisseur=130,SupeReader A Eyas 1.60 Advanced Lights Protection Blanc,DL3L,1.6,ORG Blanc,Fournisseur : HOYA Visio ...,2025-06-13 13:22:33.600000
417,https://www.france-optique.com/gravures/fournisseur=130,SupeReader A 1.50 Advanced Lights Protection Blanc,DL1L,1.5,ORG Blanc,Fournisseur : HOYA Visio ...,2025-06-13 13:22:33.653333
418,https://www.france-optique.com/gravures/fournisseur=130,SupeReader B Eynoa 1.67 Advanced Lights Protection Blanc,DL5L,1.67,ORG Blanc,Fournisseur : HOYA Visio ...,2025-06-13 13:22:33.706666
419,https://www.france-optique.com/gravures/fournisseur=130,SupeReader B Eyas 1.60 Advanced Lights Protection Blanc,DL3L,1.6,ORG Blanc,Fournisseur : HOYA Visio ...,2025-06-13 13:22:33.756666
420,https://www.france-optique.com/fournisseur/1344-bbgr-optique/gravures,Intuitiv Plus Mio Trivex,https://si.france-optique.com/img/gravures/nasal/web_439-nas-bbgr-02.tif.jpg,1.53,Trivex,Produits optiques : BBGR OPTIQUE,2025-06-13 13:22:33.876666
421,https://www.france-optique.com/fournisseur/1344-bbgr-optique/gravures,Intuitiv Plus Mio Tilium,https://si.france-optique.com/img/gravures/nasal/web_440-nas-bbgr-03.tif.jpg,1.59,Polycarbonate,Produits optiques : BBGR OPTIQUE,2025-06-13 13:22:33.986666
422,https://www.france-optique.com/fournisseur/1344-bbgr-optique/gravures,Intuitiv Plus Mio OR16,https://si.france-optique.com/img/gravures/nasal/web_441-nas-bbgr-04.tif.jpg,1.6,Organique,Produits optiques : BBGR OPTIQUE,2025-06-13 13:22:34.093333
423,https://www.france-optique.com/fournisseur/1344-bbgr-optique/gravures,Intuitiv Plus Mio OR167,https://si.france-optique.com/img/gravures/nasal/web_443-nas-bbgr-06.tif.jpg,1.67,Organique,Produits optiques : BBGR OPTIQUE,2025-06-13 13:22:34.200000
424,https://www.france-optique.com/fournisseur/1344-bbgr-optique/gravures,Intuitiv Plus Mio OR174,https://si.france-optique.com/img/gravures/nasal/web_445-nas-bbgr-08.tif.jpg,1.74,Organique,Produits optiques : BBGR OPTIQUE,2025-06-13 13:22:34.323333
425,https://www.france-optique.com/fournisseur/1344-bbgr-optique/gravures,Intuitiv Plus OR15,https://si.france-optique.com/img/gravures/nasal/web_1097-nas-bbgr-165.tif.jpg,1.5,Organique,Produits optiques : BBGR OPTIQUE,2025-06-13 13:22:34.433333
426,https://www.france-optique.com/fournisseur/1344-bbgr-optique/gravures,Intuitiv Plus Trivex,https://si.france-optique.com/img/gravures/nasal/web_1130-nas-bbgr-194.tif.jpg,1.53,Trivex,Produits optiques : BBGR OPTIQUE,2025-06-13 13:22:34.540000
427,https://www.france-optique.com/fournisseur/1344-bbgr-optique/gravures,Intuitiv Plus Tilium,https://si.france-optique.com/img/gravures/nasal/web_1129-nas-bbgr-195.tif.jpg,1.59,Polycarbonate,Produits optiques : BBGR OPTIQUE,2025-06-13 13:22:34.656666
428,https://www.france-optique.com/fournisseur/1344-bbgr-optique/gravures,Intuitiv Plus OR16,https://si.france-optique.com/img/gravures/nasal/web_1127-nas-bbgr-164.tif.jpg,1.6,Organique,Produits optiques : BBGR OPTIQUE,2025-06-13 13:22:34.786666
429,https://www.france-optique.com/fournisseur/1344-bbgr-optique/gravures,Intuitiv Plus OR167,https://si.france-optique.com/img/gravures/nasal/web_1098-nas-bbgr-166.tif.jpg,1.67,Organique,Produits optiques : BBGR OPTIQUE,2025-06-13 13:22:34.963333
430,https://www.france-optique.com/fournisseur/1344-bbgr-optique/gravures,Intuitiv Plus OR174,https://si.france-optique.com/img/gravures/nasal/web_1099-nas-bbgr-167.tif.jpg,1.74,Organique,Produits optiques : BBGR OPTIQUE,2025-06-13 13:22:35.090000
431,https://www.france-optique.com/fournisseur/1344-bbgr-optique/gravures,Anateo Plus Mio OR15,https://si.france-optique.com/img/gravures/nasal/web_454-nas-bbgr-17.tif.jpg,1.5,Organique,Produits optiques : BBGR OPTIQUE,2025-06-13 13:22:35.206666
432,https://www.france-optique.com/fournisseur/1344-bbgr-optique/gravures,Anateo Plus Mio Trivex,https://si.france-optique.com/img/gravures/nasal/web_455-nas-bbgr-18.tif.jpg,1.53,Trivex,Produits optiques : BBGR OPTIQUE,2025-06-13 13:22:35.316666
433,https://www.france-optique.com/fournisseur/1344-bbgr-optique/gravures,Anateo Plus Mio Tilium,https://si.france-optique.com/img/gravures/nasal/web_456-nas-bbgr-19.tif.jpg,1.59,Polycarbonate,Produits optiques : BBGR OPTIQUE,2025-06-13 13:22:35.433333
434,https://www.france-optique.com/fournisseur/1344-bbgr-optique/gravures,Anateo Plus Mio OR16,https://si.france-optique.com/img/gravures/nasal/web_457-nas-bbgr-20.tif.jpg,1.6,Organique,Produits optiques : BBGR OPTIQUE,2025-06-13 13:22:35.700000
435,https://www.france-optique.com/fournisseur/1344-bbgr-optique/gravures,Anateo Plus Mio OR167,https://si.france-optique.com/img/gravures/nasal/web_459-nas-bbgr-22.tif.jpg,1.67,Organique,Produits optiques : BBGR OPTIQUE,2025-06-13 13:22:35.810000
436,https://www.france-optique.com/fournisseur/1344-bbgr-optique/gravures,Anateo Plus Mio OR174,https://si.france-optique.com/img/gravures/nasal/web_460-nas-bbgr-23.tif.jpg,1.74,Organique,Produits optiques : BBGR OPTIQUE,2025-06-13 13:22:35.910000
437,https://www.france-optique.com/fournisseur/1344-bbgr-optique/gravures,Anateo Plus OR15,https://si.france-optique.com/img/gravures/nasal/web_1109-nas-bbgr-177.tif.jpg,1.5,Organique,Produits optiques : BBGR OPTIQUE,2025-06-13 13:22:36.020000
438,https://www.france-optique.com/fournisseur/1344-bbgr-optique/gravures,Anateo Plus Trivex,https://si.france-optique.com/img/gravures/nasal/web_1110-nas-bbgr-178.tif.jpg,1.53,Trivex,Produits optiques : BBGR OPTIQUE,2025-06-13 13:22:36.146666
439,https://www.france-optique.com/fournisseur/1344-bbgr-optique/gravures,Anateo Plus Tilium,https://si.france-optique.com/img/gravures/nasal/web_1111-nas-bbgr-179.tif.jpg,1.59,Polycarbonate,Produits optiques : BBGR OPTIQUE,2025-06-13 13:22:36.270000
440,https://www.france-optique.com/fournisseur/1344-bbgr-optique/gravures,Anateo Plus OR16,https://si.france-optique.com/img/gravures/nasal/web_1112-nas-bbgr-180.tif.jpg,1.6,Organique,Produits optiques : BBGR OPTIQUE,2025-06-13 13:22:36.400000
441,https://www.france-optique.com/fournisseur/1344-bbgr-optique/gravures,Anateo Plus OR167,https://si.france-optique.com/img/gravures/nasal/web_1114-nas-bbgr-182.tif.jpg,1.67,Organique,Produits optiques : BBGR OPTIQUE,2025-06-13 13:22:36.503333
442,https://www.france-optique.com/fournisseur/1344-bbgr-optique/gravures,Anateo Plus OR174,https://si.france-optique.com/img/gravures/nasal/web_1116-nas-bbgr-184.tif.jpg,1.74,Organique,Produits optiques : BBGR OPTIQUE,2025-06-13 13:22:36.630000
443,https://www.france-optique.com/fournisseur/1344-bbgr-optique/gravures,Anateo Plus Mini OR15,https://si.france-optique.com/img/gravures/nasal/web_1121-nas-bbgr-189.tif.jpg,1.5,Organique,Produits optiques : BBGR OPTIQUE,2025-06-13 13:22:36.750000
444,https://www.france-optique.com/fournisseur/1344-bbgr-optique/gravures,Anateo Plus Mini Trivex,https://si.france-optique.com/img/gravures/nasal/web_1120-nas-bbgr-188.tif.jpg,1.53,Trivex,Produits optiques : BBGR OPTIQUE,2025-06-13 13:22:36.876666
445,https://www.france-optique.com/fournisseur/1344-bbgr-optique/gravures,Anateo Plus Mini Tilium,https://si.france-optique.com/img/gravures/nasal/web_1119-nas-bbgr-187.tif.jpg,1.59,Polycarbonate,Produits optiques : BBGR OPTIQUE,2025-06-13 13:22:36.983333
446,https://www.france-optique.com/fournisseur/1344-bbgr-optique/gravures,Anateo Plus Mini OR16,https://si.france-optique.com/img/gravures/nasal/web_1118-nas-bbgr-186.tif.jpg,1.6,Organique,Produits optiques : BBGR OPTIQUE,2025-06-13 13:22:37.110000
447,https://www.france-optique.com/fournisseur/1344-bbgr-optique/gravures,Anateo Plus Mini OR167,https://si.france-optique.com/img/gravures/nasal/web_1123-nas-bbgr-191.tif.jpg,1.67,Organique,Produits optiques : BBGR OPTIQUE,2025-06-13 13:22:37.220000
448,https://www.france-optique.com/gravures/fournisseur=2069,Impression® 2 Minéral 1.6,40 60 / VLP*,1.6,MIN,RODENSTOCK,2025-06-13 13:22:37.273333
449,https://www.france-optique.com/fournisseur/1344-bbgr-optique/gravures,Anateo Plus Mini OR174,https://si.france-optique.com/img/gravures/nasal/web_1125-nas-bbgr-193.tif.jpg,1.74,Organique,Produits optiques : BBGR OPTIQUE,2025-06-13 13:22:37.450000
450,https://www.france-optique.com/fournisseur/1344-bbgr-optique/gravures,Sirus Plus Mio OR15,https://si.france-optique.com/img/gravures/nasal/web_478-nas-bbgr-41.tif.jpg,1.5,Organique,Produits optiques : BBGR OPTIQUE,2025-06-13 13:22:37.563333
451,https://www.france-optique.com/fournisseur/1344-bbgr-optique/gravures,Sirus Plus Mio Trivex,https://si.france-optique.com/img/gravures/nasal/web_479-nas-bbgr-42.tif.jpg,1.53,Trivex,Produits optiques : BBGR OPTIQUE,2025-06-13 13:22:37.670000
452,https://www.france-optique.com/fournisseur/1344-bbgr-optique/gravures,Sirus Plus Mio Tilium,https://si.france-optique.com/img/gravures/nasal/web_480-nas-bbgr-43.tif.jpg,1.59,Polycarbonate,Produits optiques : BBGR OPTIQUE,2025-06-13 13:22:37.780000
453,https://www.france-optique.com/fournisseur/1344-bbgr-optique/gravures,Sirus Plus Mio OR16,https://si.france-optique.com/img/gravures/nasal/web_492-nas-bbgr-55.tif.jpg,1.6,Organique,Produits optiques : BBGR OPTIQUE,2025-06-13 13:22:37.910000
454,https://www.france-optique.com/fournisseur/1344-bbgr-optique/gravures,Sirus Plus Mio OR167,https://si.france-optique.com/img/gravures/nasal/web_482-nas-bbgr-45.tif.jpg,1.67,Organique,Produits optiques : BBGR OPTIQUE,2025-06-13 13:22:38.016666
455,https://www.france-optique.com/fournisseur/1344-bbgr-optique/gravures,Sirus Plus Mio OR174,https://si.france-optique.com/img/gravures/nasal/web_484-nas-bbgr-47.tif.jpg,1.74,Organique,Produits optiques : BBGR OPTIQUE,2025-06-13 13:22:38.120000
456,https://www.france-optique.com/fournisseur/1344-bbgr-optique/gravures,Sirus Plus OR15,https://si.france-optique.com/img/gravures/nasal/web_485-nas-bbgr-48.tif.jpg,1.5,Organique,Produits optiques : BBGR OPTIQUE,2025-06-13 13:22:38.226666
457,https://www.france-optique.com/fournisseur/1344-bbgr-optique/gravures,Sirus Plus Trivex,https://si.france-optique.com/img/gravures/nasal/web_486-nas-bbgr-49.tif.jpg,1.53,Trivex,Produits optiques : BBGR OPTIQUE,2025-06-13 13:22:38.346666
458,https://www.france-optique.com/fournisseur/1344-bbgr-optique/gravures,Sirus Plus Tilium,https://si.france-optique.com/img/gravures/nasal/web_487-nas-bbgr-50.tif.jpg,1.59,Polycarbonate,Produits optiques : BBGR OPTIQUE,2025-06-13 13:22:38.450000
459,https://www.france-optique.com/fournisseur/1344-bbgr-optique/gravures,Sirus Plus OR16,https://si.france-optique.com/img/gravures/nasal/web_493-nas-bbgr-56.tif.jpg,1.6,Organique,Produits optiques : BBGR OPTIQUE,2025-06-13 13:22:38.556666
460,https://www.france-optique.com/fournisseur/1344-bbgr-optique/gravures,Sirus Plus OR167,https://si.france-optique.com/img/gravures/nasal/web_489-nas-bbgr-52.tif.jpg,1.67,Organique,Produits optiques : BBGR OPTIQUE,2025-06-13 13:22:38.690000
461,https://www.france-optique.com/gravures/fournisseur=2069,Multigressiv MyView® 2 Minéral 1.6,40 60,1.6,MIN,RODENSTOCK,2025-06-13 13:22:38.743333
462,https://www.france-optique.com/gravures/fournisseur=2069,Progressiv SI Minéral 1.6,46,1.6,MIN,RODENSTOCK,2025-06-13 13:22:38.796666
463,https://www.france-optique.com/gravures/fournisseur=2069,Progressiv PureLife Minéral 1.8,L 48,1.8,MIN,RODENSTOCK,2025-06-13 13:22:38.846666
464,https://www.france-optique.com/gravures/fournisseur=2069,Progressiv PureLife Minéral 1.6,L 46,1.6,MIN,RODENSTOCK,2025-06-13 13:22:38.900000
465,https://www.france-optique.com/gravures/fournisseur=2069,Dynamic Org. 1.50,65 50,1.5,ORG,RODENSTOCK,2025-06-13 13:22:38.950000
467,https://www.france-optique.com/gravures/fournisseur=2069,Dynamic Org. 1.60,65 60,1.6,ORG,RODENSTOCK,2025-06-13 13:22:39.030000
469,https://www.france-optique.com/gravures/fournisseur=2069,Dynamic Org. 1.67,65 67,1.67,ORG,RODENSTOCK,2025-06-13 13:22:39.103333
470,https://www.france-optique.com/gravures/fournisseur=2069,Dynamic Org. 1.74,65 74,1.74,ORG,RODENSTOCK,2025-06-13 13:22:39.156666
471,https://www.france-optique.com/gravures/fournisseur=2069,Dynamic Min. 1.60,65 60,1.6,MIN,RODENSTOCK,2025-06-13 13:22:39.210000
472,https://www.france-optique.com/gravures/fournisseur=2069,Dynamic Min. 1.80,65 80,1.8,MIN,RODENSTOCK,2025-06-13 13:22:39.260000
473,https://www.france-optique.com/gravures/fournisseur=2069,Informance ELITE 1.67,65 67,1.67,ORG,RODENSTOCK,2025-06-13 13:22:39.313333
474,https://www.france-optique.com/gravures/fournisseur=2069,Informance ELITE 1.60,65 60,1.6,ORG,RODENSTOCK,2025-06-13 13:22:39.366666
475,https://www.france-optique.com/gravures/fournisseur=2069,Informance ELITE 1.50,65 50,1.5,ORG,RODENSTOCK,2025-06-13 13:22:39.420000
476,https://www.france-optique.com/gravures/fournisseur=2069,Informance HD Pro 1.67,65 67,1.67,ORG,RODENSTOCK,2025-06-13 13:22:39.470000
477,https://www.france-optique.com/gravures/fournisseur=2069,Informance HD Pro 1.60,65 60,1.6,ORG,RODENSTOCK,2025-06-13 13:22:39.520000
478,https://www.france-optique.com/gravures/fournisseur=2069,Informance HD Pro 1.50,65 50,1.5,ORG,RODENSTOCK,2025-06-13 13:22:39.570000
479,https://www.france-optique.com/gravures/fournisseur=2069,Informance ONE FREE 1.67,65 67,1.67,ORG,RODENSTOCK,2025-06-13 13:22:39.623333
480,https://www.france-optique.com/gravures/fournisseur=2069,Informance ONE FREE 1.60,65 60,1.6,ORG,RODENSTOCK,2025-06-13 13:22:39.676666
481,https://www.france-optique.com/gravures/fournisseur=2069,Informance ONE FREE 1.50,65 50,1.5,ORG,RODENSTOCK,2025-06-13 13:22:39.726666
482,https://www.france-optique.com/gravures/fournisseur=2069,Informance HD  1.67,65 67,1.67,ORG,RODENSTOCK,2025-06-13 13:22:39.776666
483,https://www.france-optique.com/gravures/fournisseur=2069,Informance HD  1.60,65 60,1.6,ORG,RODENSTOCK,2025-06-13 13:22:39.826666
484,https://www.france-optique.com/gravures/fournisseur=2069,Informance HD  1.50,65 50,1.5,ORG,RODENSTOCK,2025-06-13 13:22:39.880000
485,https://www.france-optique.com/gravures/fournisseur=2069,Informance 1.67,65 67,1.67,ORG,RODENSTOCK,2025-06-13 13:22:39.930000
486,https://www.france-optique.com/gravures/fournisseur=2069,Informance 1.60,65 60,1.6,ORG,RODENSTOCK,2025-06-13 13:22:39.980000
487,https://www.france-optique.com/gravures/fournisseur=2069,Informance 1.50,65 50,1.5,ORG,RODENSTOCK,2025-06-13 13:22:40.030000
488,https://www.france-optique.com/gravures/fournisseur=2069,Pratic (A/B),40 5,1.5,ORG,RODENSTOCK,2025-06-13 13:22:40.080000
489,https://www.france-optique.com/gravures/fournisseur=2069,Informance ONE INFINITE 1.74,45 74,1.74,ORG,RODENSTOCK,2025-06-13 13:22:40.133333
490,https://www.france-optique.com/gravures/fournisseur=2069,Informance ONE INFINITE 1.67,45 67,1.67,ORG,RODENSTOCK,2025-06-13 13:22:40.196666
491,https://www.france-optique.com/gravures/fournisseur=2069,Informance ONE INFINITE 1.60,45 60,1.6,ORG,RODENSTOCK,2025-06-13 13:22:40.243333
492,https://www.france-optique.com/gravures/fournisseur=2069,Informance ONE INFINITE 1.50,45 50,1.5,ORG,RODENSTOCK,2025-06-13 13:22:40.293333
493,https://www.france-optique.com/gravures/fournisseur=2069,Informance INFINITE 1.74,65 74,1.74,ORG,RODENSTOCK,2025-06-13 13:22:40.343333
494,https://www.france-optique.com/gravures/fournisseur=2069,Informance INFINITE 1.67,65 67,1.67,ORG,RODENSTOCK,2025-06-13 13:22:40.390000
495,https://www.france-optique.com/gravures/fournisseur=2069,Informance INFINITE 1.60,65 60,1.6,ORG,RODENSTOCK,2025-06-13 13:22:40.443333
496,https://www.france-optique.com/gravures/fournisseur=2069,Informance INFINITE 1.50,65 50,1.5,ORG,RODENSTOCK,2025-06-13 13:22:40.493333
497,https://www.france-optique.com/gravures/fournisseur=2069, Impression B.I.G. NORM Ergo 1.5  PC / Book / Room,65 50,1.5,ORG,RODENSTOCK,2025-06-13 13:22:40.543333
498,https://www.france-optique.com/gravures/fournisseur=2069,Impression B.I.G. NORM Ergo 1.6  PC / Book / Room,65 60,1.6,ORG,RODENSTOCK,2025-06-13 13:22:40.593333
499,https://www.france-optique.com/gravures/fournisseur=2069, Impression B.I.G. NORM Ergo 1.67  PC / Book / Room,65 67,1.67,ORG,RODENSTOCK,2025-06-13 13:22:40.650000
500,https://www.france-optique.com/gravures/fournisseur=2069, Impression B.I.G. NORM Ergo 1.74  PC / Book / Room,65 74,1.74,ORG,RODENSTOCK,2025-06-13 13:22:40.696666
501,https://www.france-optique.com/gravures/fournisseur=2069, Impression B.I.G. EXACT Ergo 1.5  PC / Book / Room,65 50,1.5,ORG,RODENSTOCK,2025-06-13 13:22:40.750000
502,https://www.france-optique.com/gravures/fournisseur=2069, Impression B.I.G. EXACT Ergo 1.6 PC / Book / Room,65 60,1.6,ORG,RODENSTOCK,2025-06-13 13:22:40.800000
503,https://www.france-optique.com/gravures/fournisseur=2069, Impression B.I.G. EXACT Ergo 1.67 PC / Book / Room,65 67,1.67,ORG,RODENSTOCK,2025-06-13 13:22:40.850000
504,https://www.france-optique.com/gravures/fournisseur=2069, Impression B.I.G. EXACT Ergo 1.74 PC / Book / Room,65 74,1.74,ORG,RODENSTOCK,2025-06-13 13:22:40.896666
505,https://www.france-optique.com/gravures/fournisseur=2069, Multigressiv B.I.G. NORM Ergo 1.5  PC / Book / Room,65 50,1.5,ORG,RODENSTOCK,2025-06-13 13:22:40.950000
506,https://www.france-optique.com/gravures/fournisseur=2069, Multigressiv B.I.G. NORM Ergo 1.6 PC / Book / Room,65 60,1.6,ORG,RODENSTOCK,2025-06-13 13:22:40.996666
507,https://www.france-optique.com/gravures/fournisseur=2069, Multigressiv B.I.G. NORM Ergo 1.67 PC / Book / Room,65 67,1.67,ORG,RODENSTOCK,2025-06-13 13:22:41.040000
508,https://www.france-optique.com/gravures/fournisseur=2069, Multigressiv B.I.G. NORM Ergo 1.74 PC / Book / Room,65 74,1.74,ORG,RODENSTOCK,2025-06-13 13:22:41.093333
509,https://www.france-optique.com/gravures/fournisseur=2069, Multigressiv B.I.G. EXACT Ergo 1.5  PC / Book / Room,65 50,1.5,ORG,RODENSTOCK,2025-06-13 13:22:41.146666
510,https://www.france-optique.com/gravures/fournisseur=2069, Multigressiv B.I.G. EXACT Ergo 1.6 PC / Book / Room,65 60,1.6,ORG,RODENSTOCK,2025-06-13 13:22:41.196666
511,https://www.france-optique.com/fournisseur/2399-adn-optis,"Premier 1,5",PRE5,1.5,CR 39,Gravures de verres de ADN OPTIS,2025-06-13 13:22:41.253333
512,https://www.france-optique.com/fournisseur/2399-adn-optis,"Premier 1,6",PRE6,1.61,MR8,Gravures de verres de ADN OPTIS,2025-06-13 13:22:41.303333
513,https://www.france-optique.com/fournisseur/2399-adn-optis,"Classic 1,5",CLA5,1.5,CR 39,Gravures de verres de ADN OPTIS,2025-06-13 13:22:41.356666
514,https://www.france-optique.com/fournisseur/2399-adn-optis,"Classic 1,6",CLA6,1.61,MR8,Gravures de verres de ADN OPTIS,2025-06-13 13:22:41.410000
515,https://www.france-optique.com/fournisseur/2399-adn-optis,"Classic 1,67",CLA7,1.67,MR10,Gravures de verres de ADN OPTIS,2025-06-13 13:22:41.463333
516,https://www.france-optique.com/fournisseur/2399-adn-optis,"Morpho 1,5",MPH6,1.5,CR39,Gravures de verres de ADN OPTIS,2025-06-13 13:22:41.513333
517,https://www.france-optique.com/gravures/fournisseur=130,SupeReader B 1.50 Advanced Lights Protection Blanc,DL1L,1.5,ORG Blanc,Fournisseur : HOYA Visio ...,2025-06-13 13:22:41.570000
518,https://www.france-optique.com/gravures/fournisseur=2217,K Repos 1.5,KR 1.50,1.5,ORG,K OPTICAL,2025-06-13 13:22:41.626666
519,https://www.france-optique.com/gravures/fournisseur=521,Varilux Comfort Max Short Eye Protect System Ormix,https://si.france-optique.com/img/gravures/nasal/web_1542-variluxcomfort6.tif.jpg,1.6,ORG,Fournisseur : ESSILOR FR ...,2025-06-13 13:22:41.746666
520,https://www.france-optique.com/fournisseur/1344-bbgr-optique/gravures,Sirus Plus OR174,https://si.france-optique.com/img/gravures/nasal/web_491-nas-bbgr-54.tif.jpg,1.74,Organique,Produits optiques : BBGR OPTIQUE,2025-06-13 13:22:41.896666
521,https://www.france-optique.com/fournisseur/1344-bbgr-optique/gravures,Sirus Plus Mini OR15,https://si.france-optique.com/img/gravures/nasal/web_1132-nas-bbgr-198.tif.jpg,1.5,Organique,Produits optiques : BBGR OPTIQUE,2025-06-13 13:22:42.006666
522,https://www.france-optique.com/fournisseur/1344-bbgr-optique/gravures,Sirus Plus Mini Trivex,https://si.france-optique.com/img/gravures/nasal/web_1133-nas-bbgr-199.tif.jpg,1.53,Trivex,Produits optiques : BBGR OPTIQUE,2025-06-13 13:22:42.123333
523,https://www.france-optique.com/fournisseur/1344-bbgr-optique/gravures,Sirus Plus Mini Tilium,https://si.france-optique.com/img/gravures/nasal/web_1134-nas-bbgr-200.tif.jpg,1.59,Polycarbonate,Produits optiques : BBGR OPTIQUE,2025-06-13 13:22:42.246666
524,https://www.france-optique.com/fournisseur/1344-bbgr-optique/gravures,Sirus Plus Mini OR16,https://si.france-optique.com/img/gravures/nasal/web_1135-nas-bbgr-201.tif.jpg,1.6,Organique,Produits optiques : BBGR OPTIQUE,2025-06-13 13:22:42.363333
525,https://www.france-optique.com/fournisseur/1344-bbgr-optique/gravures,Sirus Plus Mini OR167,https://si.france-optique.com/img/gravures/nasal/web_1138-nas-bbgr-204.tif.jpg,1.67,Organique,Produits optiques : BBGR OPTIQUE,2025-06-13 13:22:42.500000
526,https://www.france-optique.com/fournisseur/1344-bbgr-optique/gravures,Sirus Plus Mini OR174,https://si.france-optique.com/img/gravures/nasal/web_1139-nas-bbgr-205.tif.jpg,1.74,Organique,Produits optiques : BBGR OPTIQUE,2025-06-13 13:22:42.613333
527,https://www.france-optique.com/fournisseur/1344-bbgr-optique/gravures,Yseo i OR 15,https://si.france-optique.com/img/gravures/nasal/web_494-nas-bbgr-65.tif.jpg,1.5,Organique,Produits optiques : BBGR OPTIQUE,2025-06-13 13:22:42.743333
528,https://www.france-optique.com/fournisseur/1344-bbgr-optique/gravures,Yseo i Trivex,https://si.france-optique.com/img/gravures/nasal/web_495-nas-bbgr-66.tif.jpg,1.53,Trivex,Produits optiques : BBGR OPTIQUE,2025-06-13 13:22:42.866666
529,https://www.france-optique.com/fournisseur/1344-bbgr-optique/gravures,Yseo i Tilium,https://si.france-optique.com/img/gravures/nasal/web_496-nas-bbgr-67.tif.jpg,1.59,Polycarbonate,Produits optiques : BBGR OPTIQUE,2025-06-13 13:22:42.990000
530,https://www.france-optique.com/fournisseur/1344-bbgr-optique/gravures,Yseo i OR16,https://si.france-optique.com/img/gravures/nasal/web_497-nas-bbgr-68.tif.jpg,1.6,Organique,Produits optiques : BBGR OPTIQUE,2025-06-13 13:22:43.110000
531,https://www.france-optique.com/fournisseur/1344-bbgr-optique/gravures,Yseo i OR167,https://si.france-optique.com/img/gravures/nasal/web_498-nas-bbgr-69.tif.jpg,1.67,Organique,Produits optiques : BBGR OPTIQUE,2025-06-13 13:22:43.240000
532,https://www.france-optique.com/fournisseur/1344-bbgr-optique/gravures,Yseo 18/16/14 OR15,https://si.france-optique.com/img/gravures/nasal/web_494-nas-bbgr-65.tif.jpg,1.5,Organique,Produits optiques : BBGR OPTIQUE,2025-06-13 13:22:43.380000
533,https://www.france-optique.com/fournisseur/1344-bbgr-optique/gravures,Yseo 18/16/14 Trivex,https://si.france-optique.com/img/gravures/nasal/web_495-nas-bbgr-66.tif.jpg,1.53,Trivex,Produits optiques : BBGR OPTIQUE,2025-06-13 13:22:43.490000
534,https://www.france-optique.com/gravures/fournisseur=2069, Multigressiv B.I.G. EXACT Ergo 1.67 PC / Book / Room,65 67,1.67,ORG,RODENSTOCK,2025-06-13 13:22:43.540000
535,https://www.france-optique.com/gravures/fournisseur=2069, Multigressiv B.I.G. EXACT Ergo 1.74 PC / Book / Room,65 74,1.74,ORG,RODENSTOCK,2025-06-13 13:22:43.590000
536,https://www.france-optique.com/gravures/fournisseur=2069, Progressiv B.I.G. NORM Ergo 1.5  PC / Book / Room,65 50,1.5,ORG,RODENSTOCK,2025-06-13 13:22:43.640000
537,https://www.france-optique.com/gravures/fournisseur=2069, Progressiv B.I.G. NORM Ergo 1.6 PC / Book / Room,16 à 22,1.6,ORG,RODENSTOCK,2025-06-13 13:22:43.693333
538,https://www.france-optique.com/gravures/fournisseur=2069, Progressiv B.I.G. NORM Ergo 1.67 PC / Book / Room,65 67,1.67,ORG,RODENSTOCK,2025-06-13 13:22:43.746666
539,https://www.france-optique.com/gravures/fournisseur=2069, Progressiv B.I.G. NORM Ergo 1.74 PC / Book / Room,65 74,1.74,ORG,RODENSTOCK,2025-06-13 13:22:43.796666
540,https://www.france-optique.com/gravures/fournisseur=2069, Progressiv B.I.G. EXACT Ergo 1.5  PC / Book / Room,65 50,1.5,ORG,RODENSTOCK,2025-06-13 13:22:43.843333
541,https://www.france-optique.com/gravures/fournisseur=2069, Progressiv B.I.G. EXACT Ergo 1.6 PC / Book / Room,65 60,1.6,ORG,RODENSTOCK,2025-06-13 13:22:43.896666
542,https://www.france-optique.com/gravures/fournisseur=2069, Progressiv B.I.G. EXACT Ergo 1.67 PC / Book / Room,65 67,1.67,ORG,RODENSTOCK,2025-06-13 13:22:43.950000
543,https://www.france-optique.com/gravures/fournisseur=2069, Progressiv B.I.G. EXACT Ergo 1.74 PC / Book / Room,65 74,1.74,ORG,RODENSTOCK,2025-06-13 13:22:44.003333
544,https://www.france-optique.com/gravures/fournisseur=2069,Impression B.I.G. NORM 1.5,65 50,1.5,ORG,RODENSTOCK,2025-06-13 13:22:44.060000
545,https://www.france-optique.com/gravures/fournisseur=2069,Impression B.I.G. NORM 1.54 ColorMatic 3,65 54,1.54,ORG PHO brun/gris,RODENSTOCK,2025-06-13 13:22:44.110000
546,https://www.france-optique.com/gravures/fournisseur=2069,Impression B.I.G. NORM 1.6,65 60,1.6,ORG,RODENSTOCK,2025-06-13 13:22:44.163333
547,https://www.france-optique.com/gravures/fournisseur=2069,Impression B.I.G. NORM 1.67,65 67,1.67,ORG,RODENSTOCK,2025-06-13 13:22:44.213333
548,https://www.france-optique.com/gravures/fournisseur=2069,Impression B.I.G. NORM 1.74,65 74,1.74,ORG,RODENSTOCK,2025-06-13 13:22:44.266666
549,https://www.france-optique.com/gravures/fournisseur=2069,Impression B.I.G. NORM Sport 1.5,65 50,1.5,ORG,RODENSTOCK,2025-06-13 13:22:44.316666
550,https://www.france-optique.com/gravures/fournisseur=2069,Impression B.I.G. NORM Sport 1.6,65 60,1.6,ORG,RODENSTOCK,2025-06-13 13:22:44.366666
551,https://www.france-optique.com/gravures/fournisseur=2069,Impression B.I.G. NORM Sport 1.67,65 67,1.67,ORG,RODENSTOCK,2025-06-13 13:22:44.420000
552,https://www.france-optique.com/gravures/fournisseur=2069,Impression B.I.G. EXACT 1.5,65 50,1.5,ORG,RODENSTOCK,2025-06-13 13:22:44.470000
553,https://www.france-optique.com/gravures/fournisseur=2069,Impression B.I.G. EXACT 1.54 ColorMatic 3,65 54,1.54,ORG PHO brun/gris,RODENSTOCK,2025-06-13 13:22:44.523333
554,https://www.france-optique.com/gravures/fournisseur=2069,Impression B.I.G. EXACT 1.6,65 60,1.6,ORG,RODENSTOCK,2025-06-13 13:22:44.573333
555,https://www.france-optique.com/gravures/fournisseur=2069,Impression B.I.G. EXACT 1.67,65 67,1.67,ORG,RODENSTOCK,2025-06-13 13:22:44.626666
556,https://www.france-optique.com/gravures/fournisseur=2069,Impression B.I.G. EXACT 1.74,65 74,1.74,ORG,RODENSTOCK,2025-06-13 13:22:44.676666
557,https://www.france-optique.com/gravures/fournisseur=2069,Multigressiv B.I.G. NORM 1.5,65 50,1.5,ORG,RODENSTOCK,2025-06-13 13:22:44.730000
558,https://www.france-optique.com/gravures/fournisseur=2069,Multigressiv B.I.G. NORM 1.54 ColorMatic 3,65 54,1.54,ORG PHO brun/gris,RODENSTOCK,2025-06-13 13:22:44.783333
559,https://www.france-optique.com/gravures/fournisseur=2069,Multigressiv B.I.G. NORM 1.6,65 60,1.6,ORG,RODENSTOCK,2025-06-13 13:22:44.833333
560,https://www.france-optique.com/gravures/fournisseur=2069,Multigressiv B.I.G. NORM 1.67,65 67,1.67,ORG,RODENSTOCK,2025-06-13 13:22:44.883333
561,https://www.france-optique.com/gravures/fournisseur=2069,Multigressiv B.I.G. NORM 1.74,65 74,1.74,ORG,RODENSTOCK,2025-06-13 13:22:44.936666
562,https://www.france-optique.com/gravures/fournisseur=2069,Multigressiv B.I.G. EXACT 1.5,65 50,1.5,ORG,RODENSTOCK,2025-06-13 13:22:44.993333
563,https://www.france-optique.com/gravures/fournisseur=2069,Multigressiv B.I.G. EXACT 1.54 ColorMatic 3,65 54,1.54,ORG PHO brun/gris,RODENSTOCK,2025-06-13 13:22:45.046666
564,https://www.france-optique.com/gravures/fournisseur=2069,Multigressiv B.I.G. EXACT 1.6,65 60,1.6,ORG,RODENSTOCK,2025-06-13 13:22:45.096666
565,https://www.france-optique.com/gravures/fournisseur=2069,Multigressiv B.I.G. EXACT 1.67,65 67,1.67,ORG,RODENSTOCK,2025-06-13 13:22:45.143333
566,https://www.france-optique.com/gravures/fournisseur=2069,Multigressiv B.I.G. EXACT 1.74,65 74,1.74,ORG,RODENSTOCK,2025-06-13 13:22:45.193333
567,https://www.france-optique.com/gravures/fournisseur=2069,Progressiv B.I.G. NORM 1.5,65 50,1.5,ORG,RODENSTOCK,2025-06-13 13:22:45.243333
568,https://www.france-optique.com/gravures/fournisseur=2069,Progressiv B.I.G. NORM 1.6,65 60,1.6,ORG,RODENSTOCK,2025-06-13 13:22:45.296666
569,https://www.france-optique.com/gravures/fournisseur=2069,Progressiv B.I.G. NORM 1.67,65 67,1.67,ORG,RODENSTOCK,2025-06-13 13:22:45.346666
570,https://www.france-optique.com/gravures/fournisseur=2069,Progressiv B.I.G. NORM 1.74,65 74,1.74,ORG,RODENSTOCK,2025-06-13 13:22:45.400000
571,https://www.france-optique.com/gravures/fournisseur=2069,Progressiv Life 1.5,65 50,1.5,ORG,RODENSTOCK,2025-06-13 13:22:45.453333
572,https://www.france-optique.com/gravures/fournisseur=2069,Progressiv Life 1.6,65 60,1.6,ORG,RODENSTOCK,2025-06-13 13:22:45.503333
573,https://www.france-optique.com/gravures/fournisseur=2069,Progressiv Life 1.67,65 67,1.67,ORG,RODENSTOCK,2025-06-13 13:22:45.553333
574,https://www.france-optique.com/gravures/fournisseur=2069,Progressiv Life 1.74,65 74,1.74,ORG,RODENSTOCK,2025-06-13 13:22:45.603333
575,https://www.france-optique.com/gravures/fournisseur=2069,Informance ELITE ColorMatic 3 1.54,65 54,1.54,ORG PHO brun/gris,RODENSTOCK,2025-06-13 13:22:45.653333
576,https://www.france-optique.com/gravures/fournisseur=2069,Informance HD Pro ColorMatic 3 1.54,65 54,1.54,ORG PHO brun/gris,RODENSTOCK,2025-06-13 13:22:45.706666
577,https://www.france-optique.com/gravures/fournisseur=2069,Informance HD ColorMatic 3 1.54,65 54,1.54,ORG PHO brun/gris,RODENSTOCK,2025-06-13 13:22:45.756666
578,https://www.france-optique.com/gravures/fournisseur=2069,Informance ColorMatic 3 1.54,65 54,1.54,ORG PHO brun/gris,RODENSTOCK,2025-06-13 13:22:45.810000
579,https://www.france-optique.com/gravures/fournisseur=2069,Impression B.I.G. NORM Mono 1.5,65 50,1.5,ORG,RODENSTOCK,2025-06-13 13:22:45.866666
580,https://www.france-optique.com/gravures/fournisseur=2069,Impression B.I.G. NORM Mono 1.6,65 60,1.6,ORG,RODENSTOCK,2025-06-13 13:22:45.916666
581,https://www.france-optique.com/gravures/fournisseur=2069,Impression B.I.G. NORM Mono 1.67,65 67,1.67,ORG,RODENSTOCK,2025-06-13 13:22:45.966666
582,https://www.france-optique.com/gravures/fournisseur=2069,Impression B.I.G. NORM Mono 1.74,65 74,1.74,ORG,RODENSTOCK,2025-06-13 13:22:46.016666
583,https://www.france-optique.com/fournisseur/2399-adn-optis,"Morpho 1,6",MPH6,1.61,MR8,Gravures de verres de ADN OPTIS,2025-06-13 13:22:46.066666
584,https://www.france-optique.com/fournisseur/2399-adn-optis,"Morpho 1,67",MPH7,1.67,MR10,Gravures de verres de ADN OPTIS,2025-06-13 13:22:46.123333
585,https://www.france-optique.com/fournisseur/2399-adn-optis,"Sensation 1,5",SEN5,1.5,CR39,Gravures de verres de ADN OPTIS,2025-06-13 13:22:46.176666
586,https://www.france-optique.com/fournisseur/2399-adn-optis,"Sensation 1,6",SEN6,1.61,MR8,Gravures de verres de ADN OPTIS,2025-06-13 13:22:46.230000
587,https://www.france-optique.com/fournisseur/2399-adn-optis,"Sensation 1,67",SEN7,1.67,MR10,Gravures de verres de ADN OPTIS,2025-06-13 13:22:46.280000
588,https://www.france-optique.com/fournisseur/2399-adn-optis,"Bifocal 1,5",BI5,1.5,CR39,Gravures de verres de ADN OPTIS,2025-06-13 13:22:46.333333
589,https://www.france-optique.com/fournisseur/2399-adn-optis,"Bifocal 1,6",BI6,1.61,MR8,Gravures de verres de ADN OPTIS,2025-06-13 13:22:46.383333
590,https://www.france-optique.com/fournisseur/2399-adn-optis,"Bifocal 1,67",BI7,1.67,MR10,Gravures de verres de ADN OPTIS,2025-06-13 13:22:46.440000
591,https://www.france-optique.com/fournisseur/2399-adn-optis,Proximit,PRX5,1.5,CR39,Gravures de verres de ADN OPTIS,2025-06-13 13:22:46.496666
592,https://www.france-optique.com/fournisseur/2399-adn-optis,Proximit,PRX6,1.61,MR8,Gravures de verres de ADN OPTIS,2025-06-13 13:22:46.550000
593,https://www.france-optique.com/fournisseur/2399-adn-optis,Proximit,PRX7,1.67,MR10,Gravures de verres de ADN OPTIS,2025-06-13 13:22:46.600000
594,https://www.france-optique.com/fournisseur/2399-adn-optis,D,DET5,1.5,ORG,Gravures de verres de ADN OPTIS,2025-06-13 13:22:46.653333
595,https://www.france-optique.com/fournisseur/2399-adn-optis,D,DET6,1.61,MR8,Gravures de verres de ADN OPTIS,2025-06-13 13:22:46.710000
596,https://www.france-optique.com/fournisseur/2399-adn-optis,D,DET7,1.67,MR10,Gravures de verres de ADN OPTIS,2025-06-13 13:22:46.760000
597,https://www.france-optique.com/fournisseur/2399-adn-optis,"Bifocal 1,74",B14,1.74,MR174,Gravures de verres de ADN OPTIS,2025-06-13 13:22:46.810000
598,https://www.france-optique.com/fournisseur/2399-adn-optis,"Morpho 1,74",MPH4,1.74,MR174,Gravures de verres de ADN OPTIS,2025-06-13 13:22:46.860000
599,https://www.france-optique.com/fournisseur/2399-adn-optis,"Sensation 1,74",SEN4,1.74,MR174,Gravures de verres de ADN OPTIS,2025-06-13 13:22:46.913333
600,https://www.france-optique.com/gravures/fournisseur=2217,K Repos 1.5 BLUE/KUT SE,KR 1.50 BK,1.5,ORG,K OPTICAL,2025-06-13 13:22:46.966666
601,https://www.france-optique.com/gravures/fournisseur=2217,K Repos 1.5 Kromatic Brun et Gris,KR 1.50 K,1.5,ORG PHO,K OPTICAL,2025-06-13 13:22:47.020000
602,https://www.france-optique.com/gravures/fournisseur=2217,K Repos 1.5 Kromatic BLUE/KUT SE Brun et Gris,"KR 
1.50 KB",1.5,ORG PHO,K OPTICAL,2025-06-13 13:22:47.070000
603,https://www.france-optique.com/gravures/fournisseur=2217,"K Repos 1.5 Polarisant Brun, Gris et Gris-Vert","KR
1.50 POL",1.5,ORG POLA,K OPTICAL,2025-06-13 13:22:47.116666
604,https://www.france-optique.com/gravures/fournisseur=2217,"K Repos 1.5 Polarisant Dégradé Brun, Gris et Gris-Vert","KR
1.50 POL",1.5,ORG POLA,K OPTICAL,2025-06-13 13:22:47.170000
605,https://www.france-optique.com/gravures/fournisseur=2217,"K Repos 1.5 Transitions 8 Brun, Gris et Vert",KR 1.50 T8,1.5,ORG TRANS,K OPTICAL,2025-06-13 13:22:47.220000
606,https://www.france-optique.com/gravures/fournisseur=2217,K Repos 1.5 Transitions Gen S Style,"KR 
1.50 TS",1.5,ORG TRANS,K OPTICAL,2025-06-13 13:22:47.270000
607,https://www.france-optique.com/gravures/fournisseur=2217,K Repos 1.5 Transitions Xtractive Brun et Gris,KR 1.50 XT,1.5,ORG TRANS,K OPTICAL,2025-06-13 13:22:47.326666
608,https://www.france-optique.com/gravures/fournisseur=2217,K Repos Trivex,"KR
1.53",1.53,TVX,K OPTICAL,2025-06-13 13:22:47.383333
609,https://www.france-optique.com/gravures/fournisseur=2217,K Repos Trivex BLUE/KUT SE,"KR
1.53 BK",1.53,TVX,K OPTICAL,2025-06-13 13:22:47.436666
610,https://www.france-optique.com/gravures/fournisseur=2217,K Repos Trivex Polarisant Brun et Gris,"KR
1.53 POL",1.53,TVX POLA,K OPTICAL,2025-06-13 13:22:47.490000
611,https://www.france-optique.com/gravures/fournisseur=2217,K Repos Trivex Transitions 8 Brun et Gris,"KR
1.53 T8",1.53,TVX TRANS,K OPTICAL,2025-06-13 13:22:47.540000
612,https://www.france-optique.com/gravures/fournisseur=2217,K Repos Trivex Transitions Xtractive Gris,"KR
1.53 XT",1.53,TVX TRANS,K OPTICAL,2025-06-13 13:22:47.590000
613,https://www.france-optique.com/gravures/fournisseur=2217,K Repos Polycarbonate,KR PC,1.59,POLY,K OPTICAL,2025-06-13 13:22:47.640000
614,https://www.france-optique.com/gravures/fournisseur=2217,K Repos Polycarbonate BLUE/KUT SE,KR PC BK,1.59,POLY,K OPTICAL,2025-06-13 13:22:47.690000
615,https://www.france-optique.com/gravures/fournisseur=2217,K Repos Polycarbonate Kromatic BLUE/KUT SE Brun et Gris,"KR 
PC KB",1.59,POLY PHO,K OPTICAL,2025-06-13 13:22:47.746666
616,https://www.france-optique.com/gravures/fournisseur=2217,"K Repos Polycarbonate Polarisant Brun, Gris et Gris-Vert","KR
PC POL",1.59,POLY POLA,K OPTICAL,2025-06-13 13:22:47.796666
617,https://www.france-optique.com/gravures/fournisseur=2217,"K Repos Polycarbonate Transitions 8 Brun, Gris et Vert",KR PC T8,1.59,POLY TRANS,K OPTICAL,2025-06-13 13:22:47.853333
618,https://www.france-optique.com/gravures/fournisseur=2217,K Repos Polycarbonate Transitions Xtractive Gris,KR PC XT,1.59,POLY TRANS,K OPTICAL,2025-06-13 13:22:47.906666
619,https://www.france-optique.com/gravures/fournisseur=2217,K Platinium Polycarbonate Transitions Xtractive Gris,K+ PC XT,1.59,POLY TRANS,K OPTICAL,2025-06-13 13:22:47.960000
620,https://www.france-optique.com/gravures/fournisseur=2217,Kléra HD Platinium 1.5,KHD 1.50,1.5,ORG,K OPTICAL,2025-06-13 13:22:48.013333
621,https://www.france-optique.com/gravures/fournisseur=2217,Kléra 1.67 Transitions Xtractive Brun et Gris,"K
1.67 XT",1.67,ORG TRANS,K OPTICAL,2025-06-13 13:22:48.063333
622,https://www.france-optique.com/gravures/fournisseur=2217,Kléra Polycarbonate Kromatic BLUE/KUT SE,"K
PC KB",1.59,POLY PHO,K OPTICAL,2025-06-13 13:22:48.116666
623,https://www.france-optique.com/gravures/fournisseur=2217,Kléra HD Platinium 1.5 BLUE/KUT SE,KHD 1.50 BK,1.5,ORG,K OPTICAL,2025-06-13 13:22:48.166666
624,https://www.france-optique.com/gravures/fournisseur=2217,Kléra Plus Evo 1.6,K+ 1.60,1.6,ORG,K OPTICAL,2025-06-13 13:22:48.220000
625,https://www.france-optique.com/gravures/fournisseur=2217,"Kléra Polycarbonate Transitions 8 Brun, Gris et Vert",K PC T8,1.59,POLY TRANS,K OPTICAL,2025-06-13 13:22:48.270000
626,https://www.france-optique.com/gravures/fournisseur=2217,Kléra 1.74,K 1.74,1.74,ORG,K OPTICAL,2025-06-13 13:22:48.330000
627,https://www.france-optique.com/gravures/fournisseur=2217,Kléra HD Platinium 1.5 Kromatic Brun et Gris,KHD 1.50 K,1.5,ORG PHO.,K OPTICAL,2025-06-13 13:22:48.380000
628,https://www.france-optique.com/gravures/fournisseur=2217,Kléra Plus Evo 1.6 BLUE/KUT SE,K+ 1.60 BK,1.6,ORG,K OPTICAL,2025-06-13 13:22:48.433333
629,https://www.france-optique.com/gravures/fournisseur=2217,Kléra 1.74 BLUE/KUT SE,K 1.74 BK,1.74,ORG,K OPTICAL,2025-06-13 13:22:48.486666
630,https://www.france-optique.com/gravures/fournisseur=2217,Kéolys 1.5,Ky,1.5,ORG,K OPTICAL,2025-06-13 13:22:48.540000
631,https://www.france-optique.com/gravures/fournisseur=2217,K Repos 1.6,KR 1.60,1.6,ORG,K OPTICAL,2025-06-13 13:22:48.590000
632,https://www.france-optique.com/gravures/fournisseur=521,Varilux Comfort Max Short Eye Protect System Orma,https://si.france-optique.com/img/gravures/nasal/web_1661-variluxcomfort.tif.jpg,1.5,ORG,Fournisseur : ESSILOR FR ...,2025-06-13 13:22:48.733333
633,https://www.france-optique.com/gravures/fournisseur=521,Varilux Comfort Max Short Eye Protect System Stylis,https://si.france-optique.com/img/gravures/nasal/web_1543-variluxcomfort67.tif.jpg,1.67,ORG,Fournisseur : ESSILOR FR ...,2025-06-13 13:22:48.853333
634,https://www.france-optique.com/gravures/fournisseur=521,Varilux S 4D Stylis Eye Protect System et Stylis Transitions,https://si.france-optique.com/img/gravures/nasal/web_616-nas-essilor-12.tif.jpg,1.67,ORG,Fournisseur : ESSILOR FR ...,2025-06-13 13:22:48.960000
635,https://www.france-optique.com/gravures/fournisseur=521,Varilux S 4D Ormix Eye Protect System et Ormix Transitions,https://si.france-optique.com/img/gravures/nasal/web_617-nas-essilor-13.tif.jpg,1.6,ORG,Fournisseur : ESSILOR FR ...,2025-06-13 13:22:49.063333
636,https://www.france-optique.com/gravures/fournisseur=521,Varilux S 4D Airwear Eye Protect System et Airwear Transitions,https://si.france-optique.com/img/gravures/nasal/web_618-nas-essilor-14.tif.jpg,1.59,ORG,Fournisseur : ESSILOR FR ...,2025-06-13 13:22:49.186666
709,https://www.france-optique.com/gravures/fournisseur=2217,"Kléra HD Platinium 1.5 Polarisant Dégradé Brun, Gris et Gris-Vert",KHD 1.50 POL,1.5,ORG POLA.,K OPTICAL,2025-06-13 13:22:56.613333
637,https://www.france-optique.com/gravures/fournisseur=521,Varilux S 4D Orma Eye Protect System et Orma Transitions,https://si.france-optique.com/img/gravures/nasal/web_2037-619-nas-essilor-15.tif.jpg,1.5,ORG,Fournisseur : ESSILOR FR ...,2025-06-13 13:22:49.290000
638,https://www.france-optique.com/gravures/fournisseur=521,Varilux S 2 Stylis Eye Protect System et Stylis Transitions,https://si.france-optique.com/img/gravures/nasal/web_616-nas-essilor-12.tif.jpg,1.67,ORG,Fournisseur : ESSILOR FR ...,2025-06-13 13:22:49.420000
639,https://www.france-optique.com/gravures/fournisseur=521,Varilux S 2 Ormix Eye Protect System et Ormix Transitions,https://si.france-optique.com/img/gravures/nasal/web_617-nas-essilor-13.tif.jpg,1.6,ORG,Fournisseur : ESSILOR FR ...,2025-06-13 13:22:49.556666
640,https://www.france-optique.com/gravures/fournisseur=521,Varilux S 2 Airwear Eye Protect System et Airwear Transitions,https://si.france-optique.com/img/gravures/nasal/web_618-nas-essilor-14.tif.jpg,1.59,ORG,Fournisseur : ESSILOR FR ...,2025-06-13 13:22:49.703333
641,https://www.france-optique.com/gravures/fournisseur=521,Varilux S 2 Orma Eye Protect System et Orma Transitions,https://si.france-optique.com/img/gravures/nasal/web_2037-619-nas-essilor-15.tif.jpg,1.5,ORG,Fournisseur : ESSILOR FR ...,2025-06-13 13:22:49.820000
642,https://www.france-optique.com/gravures/fournisseur=521,Varilux S design Stylis Eye Protect System et Stylis Transitions,https://si.france-optique.com/img/gravures/nasal/web_616-nas-essilor-12.tif.jpg,1.67,ORG,Fournisseur : ESSILOR FR ...,2025-06-13 13:22:49.950000
643,https://www.france-optique.com/gravures/fournisseur=521,Varilux S design Ormix Eye Protect System et Ormix Transitions,https://si.france-optique.com/img/gravures/nasal/web_617-nas-essilor-13.tif.jpg,1.6,ORG,Fournisseur : ESSILOR FR ...,2025-06-13 13:22:50.056666
644,https://www.france-optique.com/gravures/fournisseur=521,Varilux S design Airwear Eye Protect System et Airwear Transitions,https://si.france-optique.com/img/gravures/nasal/web_618-nas-essilor-14.tif.jpg,1.59,ORG,Fournisseur : ESSILOR FR ...,2025-06-13 13:22:50.166666
645,https://www.france-optique.com/gravures/fournisseur=521,Varilux S design Orma Eye Protect System et Orma Transitions,https://si.france-optique.com/img/gravures/nasal/web_2037-619-nas-essilor-15.tif.jpg,1.5,ORG,Fournisseur : ESSILOR FR ...,2025-06-13 13:22:50.286666
646,https://www.france-optique.com/gravures/fournisseur=521,Varilux S design short Stylis Eye Protect System et Stylis Transitions,https://si.france-optique.com/img/gravures/nasal/web_616-nas-essilor-12.tif.jpg,1.67,ORG,Fournisseur : ESSILOR FR ...,2025-06-13 13:22:50.396666
647,https://www.france-optique.com/gravures/fournisseur=521,Varilux S design short Ormix Eye Protect System et Ormix Transitions,https://si.france-optique.com/img/gravures/nasal/web_617-nas-essilor-13.tif.jpg,1.6,ORG,Fournisseur : ESSILOR FR ...,2025-06-13 13:22:50.530000
648,https://www.france-optique.com/gravures/fournisseur=521,Varilux S design short Airwear Eye Protect System et Airwear Transitions,https://si.france-optique.com/img/gravures/nasal/web_618-nas-essilor-14.tif.jpg,1.59,ORG,Fournisseur : ESSILOR FR ...,2025-06-13 13:22:50.660000
649,https://www.france-optique.com/gravures/fournisseur=521,Varilux S design short Orma Eye Protect System et Orma Transitions,https://si.france-optique.com/img/gravures/nasal/web_2037-619-nas-essilor-15.tif.jpg,1.5,ORG,Fournisseur : ESSILOR FR ...,2025-06-13 13:22:50.770000
650,https://www.france-optique.com/gravures/fournisseur=521,Varilux E 2 Lineis Eye Protect System,https://si.france-optique.com/img/gravures/nasal/web_623-nas-essilor-16.tif.jpg,1.74,ORG,Fournisseur : ESSILOR FR ...,2025-06-13 13:22:50.873333
651,https://www.france-optique.com/gravures/fournisseur=521,Varilux E 2 Stylis Eye Protect System,https://si.france-optique.com/img/gravures/nasal/web_624-nas-essilor-17.tif.jpg,1.67,ORG,Fournisseur : ESSILOR FR ...,2025-06-13 13:22:51.006666
652,https://www.france-optique.com/gravures/fournisseur=521,Varilux E 2 Ormix Eye Protect System,https://si.france-optique.com/img/gravures/nasal/web_625-nas-essilor-18.tif.jpg,1.6,ORG,Fournisseur : ESSILOR FR ...,2025-06-13 13:22:51.143333
653,https://www.france-optique.com/gravures/fournisseur=521,Varilux E 2 Airwear Eye Protect System,https://si.france-optique.com/img/gravures/nasal/web_626-nas-essilor-19.tif.jpg,1.59,ORG,Fournisseur : ESSILOR FR ...,2025-06-13 13:22:51.266666
654,https://www.france-optique.com/gravures/fournisseur=521,Varilux E 2 Orma Eye Protect System,https://si.france-optique.com/img/gravures/nasal/web_2034-627-nas-essilor-20.tif.jpg,1.5,ORG,Fournisseur : ESSILOR FR ...,2025-06-13 13:22:51.380000
655,https://www.france-optique.com/gravures/fournisseur=521,Varilux E design Lineis Eye Protect System et Lineis Transitions,https://si.france-optique.com/img/gravures/nasal/web_623-nas-essilor-16.tif.jpg,1.74,ORG,Fournisseur : ESSILOR FR ...,2025-06-13 13:22:51.483333
656,https://www.france-optique.com/gravures/fournisseur=521,Varilux E design Stylis Eye Protect System et Stylis Transitions,https://si.france-optique.com/img/gravures/nasal/web_624-nas-essilor-17.tif.jpg,1.67,ORG,Fournisseur : ESSILOR FR ...,2025-06-13 13:22:51.596666
657,https://www.france-optique.com/gravures/fournisseur=521,Varilux E design Ormix Eye Protect System et Ormix Transitions,https://si.france-optique.com/img/gravures/nasal/web_625-nas-essilor-18.tif.jpg,1.6,ORG,Fournisseur : ESSILOR FR ...,2025-06-13 13:22:51.706666
658,https://www.france-optique.com/gravures/fournisseur=521,Varilux E design Airwear Eye Protect System et Airwear Transitions,https://si.france-optique.com/img/gravures/nasal/web_626-nas-essilor-19.tif.jpg,1.59,ORG,Fournisseur : ESSILOR FR ...,2025-06-13 13:22:51.833333
659,https://www.france-optique.com/gravures/fournisseur=521,Varilux E design Orma Eye Protect System et Orma Transitions,https://si.france-optique.com/img/gravures/nasal/web_2034-627-nas-essilor-20.tif.jpg,1.5,ORG,Fournisseur : ESSILOR FR ...,2025-06-13 13:22:51.943333
660,https://www.france-optique.com/gravures/fournisseur=521,Varilux E design Short Lineis Eye Protect System et Lineis Transitions,https://si.france-optique.com/img/gravures/nasal/web_623-nas-essilor-16.tif.jpg,1.74,ORG,Fournisseur : ESSILOR FR ...,2025-06-13 13:22:52.083333
661,https://www.france-optique.com/gravures/fournisseur=521,Varilux E design short Stylis Eye Protect System et Stylis Transitions,https://si.france-optique.com/img/gravures/nasal/web_624-nas-essilor-17.tif.jpg,1.67,ORG,Fournisseur : ESSILOR FR ...,2025-06-13 13:22:52.216666
662,https://www.france-optique.com/gravures/fournisseur=521,Varilux E design short Ormix Eye Protect System et Ormix Transitions,https://si.france-optique.com/img/gravures/nasal/web_625-nas-essilor-18.tif.jpg,1.6,ORG,Fournisseur : ESSILOR FR ...,2025-06-13 13:22:52.326666
663,https://www.france-optique.com/gravures/fournisseur=521,Varilux E design short Airwear Eye Protect System et Airwear Transitions,https://si.france-optique.com/img/gravures/nasal/web_626-nas-essilor-19.tif.jpg,1.59,ORG,Fournisseur : ESSILOR FR ...,2025-06-13 13:22:52.456666
664,https://www.france-optique.com/gravures/fournisseur=521,Varilux E design short Orma Eye Protect System et Orma Transitions,https://si.france-optique.com/img/gravures/nasal/web_2034-627-nas-essilor-20.tif.jpg,1.5,ORG,Fournisseur : ESSILOR FR ...,2025-06-13 13:22:52.586666
665,https://www.france-optique.com/gravures/fournisseur=521,Varilux Physio 3D Near Stylis Eye Protect System et Stylis Transitions,https://si.france-optique.com/img/gravures/nasal/web_633-nas-essilor-26.tif.jpg,1.67,ORG,Fournisseur : ESSILOR FR ...,2025-06-13 13:22:52.720000
666,https://www.france-optique.com/gravures/fournisseur=521,Varilux Physio 3D Near Ormix Eye Protect System et Ormix Transitions,https://si.france-optique.com/img/gravures/nasal/web_634-nas-essilor-27.tif.jpg,1.6,ORG,Fournisseur : ESSILOR FR ...,2025-06-13 13:22:52.856666
667,https://www.france-optique.com/gravures/fournisseur=521,Varilux Physio 3D Near Airwear Eye Protect System et Airwear Transitions,https://si.france-optique.com/img/gravures/nasal/web_635-nas-essilor-28.tif.jpg,1.59,ORG,Fournisseur : ESSILOR FR ...,2025-06-13 13:22:52.956666
668,https://www.france-optique.com/gravures/fournisseur=521,Varilux Physio 3D Near Orma Eye Protect System et Orma Transitions,https://si.france-optique.com/img/gravures/nasal/web_2035-636-nas-essilor-29.tif.jpg,1.5,ORG,Fournisseur : ESSILOR FR ...,2025-06-13 13:22:53.063333
669,https://www.france-optique.com/gravures/fournisseur=521,Varilux Physio 3D Balanced Stylis Eye Protect System et Stylis Transitions,https://si.france-optique.com/img/gravures/nasal/web_633-nas-essilor-26.tif.jpg,1.67,ORG,Fournisseur : ESSILOR FR ...,2025-06-13 13:22:53.173333
670,https://www.france-optique.com/gravures/fournisseur=521,Varilux Physio 3D Balanced Ormix Eye Protect System et Ormix Transitions,https://si.france-optique.com/img/gravures/nasal/web_634-nas-essilor-27.tif.jpg,1.6,ORG,Fournisseur : ESSILOR FR ...,2025-06-13 13:22:53.303333
671,https://www.france-optique.com/gravures/fournisseur=521,Varilux Physio 3D Balanced Airwear Eye Protect System et Airwear Transitions,https://si.france-optique.com/img/gravures/nasal/web_635-nas-essilor-28.tif.jpg,1.59,ORG,Fournisseur : ESSILOR FR ...,2025-06-13 13:22:53.440000
672,https://www.france-optique.com/fournisseur/1344-bbgr-optique/gravures,Yseo 18/16/14 Tilium,https://si.france-optique.com/img/gravures/nasal/web_496-nas-bbgr-67.tif.jpg,1.59,Polycarbonate,Produits optiques : BBGR OPTIQUE,2025-06-13 13:22:53.576666
673,https://www.france-optique.com/fournisseur/1344-bbgr-optique/gravures,Yseo 18/16/14 OR16,https://si.france-optique.com/img/gravures/nasal/web_497-nas-bbgr-68.tif.jpg,1.6,Organique,Produits optiques : BBGR OPTIQUE,2025-06-13 13:22:53.683333
674,https://www.france-optique.com/fournisseur/1344-bbgr-optique/gravures,Yseo 18/16/14 OR167,https://si.france-optique.com/img/gravures/nasal/web_1370-498-nas-bbgr-New.tif.jpg,1.67,Organique,Produits optiques : BBGR OPTIQUE,2025-06-13 13:22:53.790000
675,https://www.france-optique.com/fournisseur/1344-bbgr-optique/gravures,Evolis DS OR15,https://si.france-optique.com/img/gravures/nasal/web_531-nas-bbgr-94.tif.jpg,1.5,Organique,Produits optiques : BBGR OPTIQUE,2025-06-13 13:22:53.913333
676,https://www.france-optique.com/fournisseur/1344-bbgr-optique/gravures,Evolis DS Tilium,https://si.france-optique.com/img/gravures/nasal/web_526-nas-bbgr-89.tif.jpg,1.59,Polycarbonate,Produits optiques : BBGR OPTIQUE,2025-06-13 13:22:54.040000
677,https://www.france-optique.com/fournisseur/1344-bbgr-optique/gravures,Evolis DS OR16,https://si.france-optique.com/img/gravures/nasal/web_527-nas-bbgr-90.tif.jpg,1.6,Organique,Produits optiques : BBGR OPTIQUE,2025-06-13 13:22:54.146666
678,https://www.france-optique.com/fournisseur/1344-bbgr-optique/gravures,Evolis DS OR167,https://si.france-optique.com/img/gravures/nasal/web_528-nas-bbgr-91.tif.jpg,1.67,Organique,Produits optiques : BBGR OPTIQUE,2025-06-13 13:22:54.256666
679,https://www.france-optique.com/fournisseur/1344-bbgr-optique/gravures,Quadro OR15,https://si.france-optique.com/img/gravures/nasal/web_545-nas-bbgr-108.tif.jpg,1.5,Organique,Produits optiques : BBGR OPTIQUE,2025-06-13 13:22:54.360000
680,https://www.france-optique.com/fournisseur/1344-bbgr-optique/gravures,Quadro Trivex,https://si.france-optique.com/img/gravures/nasal/web_546-nas-bbgr-109.tif.jpg,1.53,Trivex,Produits optiques : BBGR OPTIQUE,2025-06-13 13:22:54.463333
681,https://www.france-optique.com/fournisseur/1344-bbgr-optique/gravures,Quadro Tilium,https://si.france-optique.com/img/gravures/nasal/web_547-nas-bbgr-110.tif.jpg,1.59,Polycarbonate,Produits optiques : BBGR OPTIQUE,2025-06-13 13:22:54.576666
682,https://www.france-optique.com/fournisseur/1344-bbgr-optique/gravures,Quadro OR16,https://si.france-optique.com/img/gravures/nasal/web_548-nas-bbgr-111.tif.jpg,1.6,Organique,Produits optiques : BBGR OPTIQUE,2025-06-13 13:22:54.710000
683,https://www.france-optique.com/fournisseur/1344-bbgr-optique/gravures,Quadro OR167,https://si.france-optique.com/img/gravures/nasal/web_551-nas-bbgr-114.tif.jpg,1.67,Organique,Produits optiques : BBGR OPTIQUE,2025-06-13 13:22:54.823333
710,https://www.france-optique.com/gravures/fournisseur=2217,Kléra HD Platinium 1.6 Kromatic Brun et Gris,KHD 1.60 K,1.6,ORG PHO.,K OPTICAL,2025-06-13 13:22:56.670000
684,https://www.france-optique.com/fournisseur/1344-bbgr-optique/gravures,Quadro Mini OR15,https://si.france-optique.com/img/gravures/nasal/web_545-nas-bbgr-108.tif.jpg,1.5,Organique,Produits optiques : BBGR OPTIQUE,2025-06-13 13:22:54.950000
685,https://www.france-optique.com/fournisseur/1344-bbgr-optique/gravures,Quadro Mini Trivex,https://si.france-optique.com/img/gravures/nasal/web_546-nas-bbgr-109.tif.jpg,1.53,Trivex,Produits optiques : BBGR OPTIQUE,2025-06-13 13:22:55.056666
686,https://www.france-optique.com/fournisseur/1344-bbgr-optique/gravures,Quadro Mini Tilium,https://si.france-optique.com/img/gravures/nasal/web_547-nas-bbgr-110.tif.jpg,1.59,Polycarbonate,Produits optiques : BBGR OPTIQUE,2025-06-13 13:22:55.180000
687,https://www.france-optique.com/fournisseur/1344-bbgr-optique/gravures,Quadro Mini OR16,https://si.france-optique.com/img/gravures/nasal/web_548-nas-bbgr-111.tif.jpg,1.6,Organique,Produits optiques : BBGR OPTIQUE,2025-06-13 13:22:55.306666
688,https://www.france-optique.com/fournisseur/1344-bbgr-optique/gravures,Quadro Mini OR167,https://si.france-optique.com/img/gravures/nasal/web_551-nas-bbgr-114.tif.jpg,1.67,Organique,Produits optiques : BBGR OPTIQUE,2025-06-13 13:22:55.423333
689,https://www.france-optique.com/fournisseur/1344-bbgr-optique/gravures,Aptive OR15,https://si.france-optique.com/img/gravures/nasal/web_563-nas-bbgr-126.tif.jpg,1.5,Organique,Produits optiques : BBGR OPTIQUE,2025-06-13 13:22:55.523333
690,https://www.france-optique.com/fournisseur/2399-adn-optis,Proximit,PRX4,1.74,MR174,Gravures de verres de ADN OPTIS,2025-06-13 13:22:55.580000
691,https://www.france-optique.com/fournisseur/2399-adn-optis,D,DET4,1.74,MR174,Gravures de verres de ADN OPTIS,2025-06-13 13:22:55.633333
692,https://www.france-optique.com/fournisseur/2399-adn-optis,"Premier 1,67",PRE7,1.67,MR10,Gravures de verres de ADN OPTIS,2025-06-13 13:22:55.680000
693,https://www.france-optique.com/gravures/fournisseur=2217,Kléra HD Platinium 1.6,KHD 1.60,1.6,ORG,K OPTICAL,2025-06-13 13:22:55.736666
694,https://www.france-optique.com/gravures/fournisseur=2217,Kléra Sport 1.6,KSP 1.60,1.6,ORG,K OPTICAL,2025-06-13 13:22:55.786666
695,https://www.france-optique.com/gravures/fournisseur=2217,Kléra Plus Evo 1.6 Kromatic Brun et Gris,K+ 1.60 K,1.6,ORG PHO.,K OPTICAL,2025-06-13 13:22:55.843333
696,https://www.france-optique.com/gravures/fournisseur=2217,Kéolys 1.5 BLUE/KUT SE,Ky BK,1.5,ORG,K OPTICAL,2025-06-13 13:22:55.893333
697,https://www.france-optique.com/gravures/fournisseur=2217,K Platinium 1.6,K+ 1.60,1.6,ORG,K OPTICAL,2025-06-13 13:22:55.950000
698,https://www.france-optique.com/gravures/fournisseur=2217,K Repos 1.6 BLUE/KUT SE,KR 1.60 BK,1.6,ORG,K OPTICAL,2025-06-13 13:22:56.003333
699,https://www.france-optique.com/gravures/fournisseur=2217,K Sport 1.6,KS 1.60,1.6,ORG,K OPTICAL,2025-06-13 13:22:56.060000
700,https://www.france-optique.com/gravures/fournisseur=2217,Kléra HD Platinium 1.5 Kromatic BLUEKUT SE Brun et Gris,"KHD
1.50 KB",1.5,ORG PHO,K OPTICAL,2025-06-13 13:22:56.110000
701,https://www.france-optique.com/gravures/fournisseur=2217,"Kléra HD Platinium 1.5 Polarisant Brun, Gris et Gris-Vert",KHD 1.50 POL,1.5,ORG POLA.,K OPTICAL,2025-06-13 13:22:56.160000
702,https://www.france-optique.com/gravures/fournisseur=2217,Kléra HD Platinium 1.6 BLUE/KUT SE,KHD 1.60 BK,1.6,ORG,K OPTICAL,2025-06-13 13:22:56.213333
703,https://www.france-optique.com/gravures/fournisseur=2217,Kléra Sport 1.6 BLUE/KUT SE,KSP 1.60 BK,1.6,ORG,K OPTICAL,2025-06-13 13:22:56.266666
704,https://www.france-optique.com/gravures/fournisseur=2217,Kéolys 1.5 Kromatic Brun et Gris,Ky K,1.5,ORG PHO.,K OPTICAL,2025-06-13 13:22:56.316666
705,https://www.france-optique.com/gravures/fournisseur=2217,K Platinium 1.6 BLUE/KUT SE,K+ 1.60 BK,1.6,ORG,K OPTICAL,2025-06-13 13:22:56.370000
706,https://www.france-optique.com/gravures/fournisseur=2217,K Repos 1.6 Kromatic Brun et Gris,KR 1.60 K,1.6,ORG PHO,K OPTICAL,2025-06-13 13:22:56.423333
707,https://www.france-optique.com/gravures/fournisseur=2217,K Sport 1.6 BLUE/KUT SE,KS 1.60 BK,1.6,ORG,K OPTICAL,2025-06-13 13:22:56.480000
708,https://www.france-optique.com/gravures/fournisseur=2217,Kléra Plus Evo 1.6 Kromatic BLUE/KUT SE Brun et Gris,"K+
1.60 KB",1.6,ORG PHO,K OPTICAL,2025-06-13 13:22:56.560000
711,https://www.france-optique.com/gravures/fournisseur=2217,Kléra Sport 1.6 Kromatic Brun et Gris,KSP 1.60 K,1.6,ORG PHO.,K OPTICAL,2025-06-13 13:22:56.723333
712,https://www.france-optique.com/gravures/fournisseur=2217,"Kléra Plus Evo 1.6 Transitions 8 Brun, Gris et Vert",K+ 1.60 T8,1.6,ORG TRANS,K OPTICAL,2025-06-13 13:22:56.773333
713,https://www.france-optique.com/gravures/fournisseur=2217,"Kéolys 1.5 Transitions 8 Brun, Gris et Vert",Ky T8,1.5,ORG TRANS,K OPTICAL,2025-06-13 13:22:56.830000
714,https://www.france-optique.com/gravures/fournisseur=2217,K Platinium 1.6 Kromatic Brun et Gris,K+ 1.60 K,1.6,ORG PHO,K OPTICAL,2025-06-13 13:22:56.883333
715,https://www.france-optique.com/gravures/fournisseur=2217,K Sport 1.6 Kromatic Brun et Gris,KS 1.60 K,1.6,ORG PHO,K OPTICAL,2025-06-13 13:22:56.936666
716,https://www.france-optique.com/gravures/fournisseur=2217,K Repos 1.6 Kromatic BLUE/KUT SE Brun et Gris,"KR 
1.60 KB",1.6,ORG PHO,K OPTICAL,2025-06-13 13:22:56.986666
717,https://www.france-optique.com/gravures/fournisseur=2217,"Kléra HD Platinium 1.5 Transitions 8 Brun, Gris et Vert",KHD 1.50 T8,1.5,ORG TRANS,K OPTICAL,2025-06-13 13:22:57.040000
718,https://www.france-optique.com/gravures/fournisseur=2217,Klassika 1.5,KK,1.5,ORG,K OPTICAL,2025-06-13 13:22:57.093333
719,https://www.france-optique.com/gravures/fournisseur=2217,"K Repos 1.6 Transitions 8 Brun, Gris et Vert",KR 1.60 T8,1.6,ORG TRANS,K OPTICAL,2025-06-13 13:22:57.146666
720,https://www.france-optique.com/gravures/fournisseur=2217,Kléra HD Platinium 1.6 Kromatic BLUEKUT SE Brun et Gris,"KHD
1.60 KB",1.6,ORG PHO,K OPTICAL,2025-06-13 13:22:57.196666
721,https://www.france-optique.com/gravures/fournisseur=2217,Kléra Sport 1.6 Kromatic BLUE/KUT SE Brun et Gris,"KSP
1.60 KB",1.6,ORG PHO,K OPTICAL,2025-06-13 13:22:57.250000
722,https://www.france-optique.com/gravures/fournisseur=2217,Kléra Plus Evo 1.6 Transitions Gen S Style,"K+
1.60 TS",1.6,ORG TRANS,K OPTICAL,2025-06-13 13:22:57.306666
723,https://www.france-optique.com/gravures/fournisseur=2217,K Platinium 1.6 Kromatic BLUE/KUT SE Brun et Gris,"K+ 
1.60 KB",1.6,ORG PHO,K OPTICAL,2025-06-13 13:22:57.356666
724,https://www.france-optique.com/gravures/fournisseur=2217,K Sport 1.6 Kromatic BLUE/KUT SE Brun et Gris,"KS 
1.60 KB",1.6,ORG PHO,K OPTICAL,2025-06-13 13:22:57.410000
725,https://www.france-optique.com/gravures/fournisseur=2217,Kléra HD Platinium 1.6 Polarisant Brun et Gris,KHD 1.60 POL,1.6,ORG POLA.,K OPTICAL,2025-06-13 13:22:57.463333
726,https://www.france-optique.com/gravures/fournisseur=2217,Kléra Sport 1.6 Polarisant Brun et Gris,KSP 1.60 POL,1.6,ORG POLA.,K OPTICAL,2025-06-13 13:22:57.516666
727,https://www.france-optique.com/gravures/fournisseur=2217,Kléra Plus Evo 1.6 Transitions Xtractive Brun et Gris,K+ 1.60 XT,1.6,ORG TRANS,K OPTICAL,2025-06-13 13:22:57.573333
728,https://www.france-optique.com/gravures/fournisseur=2217,Klassika 1.5 BLUE/KUT SE,KK BK,1.5,ORG,K OPTICAL,2025-06-13 13:22:57.626666
729,https://www.france-optique.com/gravures/fournisseur=2217,K Platinium 1.6 Polarisant Brun et Gris,K+ 1.60 POL,1.6,ORG POLA,K OPTICAL,2025-06-13 13:22:57.676666
730,https://www.france-optique.com/gravures/fournisseur=2217,K Repos 1.6 Transitions Xtractive Brun et Gris,KR 1.60 XT,1.6,ORG TRANS,K OPTICAL,2025-06-13 13:22:57.730000
731,https://www.france-optique.com/gravures/fournisseur=2217,K Sport 1.6 Polarisant Brun et Gris,KS 1.60 POL,1.6,ORG POLA,K OPTICAL,2025-06-13 13:22:57.780000
732,https://www.france-optique.com/gravures/fournisseur=2217,Kléra HD Platinium 1.5 Transitions 8 Style,"KHD
1.50 TS",1.5,ORG TRANS,K OPTICAL,2025-06-13 13:22:57.836666
733,https://www.france-optique.com/gravures/fournisseur=2217,"Kléra HD Platinium 1.5 Transitions Xtractive Brun, Gris",KHD 1.50 XT,1.5,ORG TRANS,K OPTICAL,2025-06-13 13:22:57.890000
734,https://www.france-optique.com/gravures/fournisseur=2217,"Kléra HD Platinium 1.6 Transitions8 Brun, Gris et Vert",KHD 1.60 T8,1.6,ORG TRANS,K OPTICAL,2025-06-13 13:22:57.943333
735,https://www.france-optique.com/gravures/fournisseur=2217,"Kléra Sport 1.6 Transitions 8 Brun, Gris et Vert",KSP 1.60 T8,1.6,ORG TRANS,K OPTICAL,2025-06-13 13:22:57.993333
736,https://www.france-optique.com/gravures/fournisseur=2217,Kléra Plus Evo 1.6 Polarisant Brun et Gris,K+ 1.60 POL,1.6,ORG POLA.,K OPTICAL,2025-06-13 13:22:58.046666
737,https://www.france-optique.com/gravures/fournisseur=2217,Klassika 1.5 Kromatic Brun et Gris,KK K,1.5,ORG PHO.,K OPTICAL,2025-06-13 13:22:58.100000
738,https://www.france-optique.com/gravures/fournisseur=2217,"K Platinium 1.6 Transitions 8 Brun, Gris et Vert",K+ 1.60 T8,1.6,ORG TRANS,K OPTICAL,2025-06-13 13:22:58.153333
739,https://www.france-optique.com/gravures/fournisseur=2217,"K Sport 1.6 Transitions 8 Brun, Gris et Vert",KS 1.60 T8,1.6,ORG TRANS,K OPTICAL,2025-06-13 13:22:58.203333
740,https://www.france-optique.com/gravures/fournisseur=2217,"K Repos 1.6 Polarisant Brun, Gris","KR
1.60 POL",1.6,ORG POLA,K OPTICAL,2025-06-13 13:22:58.260000
741,https://www.france-optique.com/gravures/fournisseur=2217,Kléra Plus Evo 1.67,K+ 1.67,1.67,ORG,K OPTICAL,2025-06-13 13:22:58.313333
742,https://www.france-optique.com/gravures/fournisseur=2217,K Desk 1.5,D 1.5,1.5,ORG,K OPTICAL,2025-06-13 13:22:58.373333
743,https://www.france-optique.com/gravures/fournisseur=2217,Kléra HD Platinium 1.6 Transitions 8 Style,"KHD
1.60 TS",1.6,ORG TRANS,K OPTICAL,2025-06-13 13:22:58.423333
744,https://www.france-optique.com/gravures/fournisseur=2217,Kléra Sport 1.6 Transitions Style,"KSP
1.60 TS",1.6,ORG TRANS,K OPTICAL,2025-06-13 13:22:58.480000
745,https://www.france-optique.com/gravures/fournisseur=2217,K Platinium 1.6 Transitions 8 Style,"K+ 
1.60 TS",1.6,ORG TRANS,K OPTICAL,2025-06-13 13:22:58.530000
746,https://www.france-optique.com/gravures/fournisseur=2217,"K Repos 1.6 Polarisant Dégradé Brun, Gris","KR
1.60 POL",1.6,ORG POLA,K OPTICAL,2025-06-13 13:22:58.580000
747,https://www.france-optique.com/gravures/fournisseur=2217,K Sport 1.6 Transitions 8 Style,"KS 
1.60 TS",1.6,ORG TRANS,K OPTICAL,2025-06-13 13:22:58.630000
748,https://www.france-optique.com/gravures/fournisseur=2217,Kléra HD Platinium 1.6 Transitions Xtractive Brun et Gris,KHD 1.60 XT,1.6,ORG TRANS,K OPTICAL,2025-06-13 13:22:58.683333
749,https://www.france-optique.com/gravures/fournisseur=2217,Kléra Sport 1.6 Transitions Xtractive Brun et Gris,KSP 1.60 XT,1.6,ORG TRANS,K OPTICAL,2025-06-13 13:22:58.740000
750,https://www.france-optique.com/gravures/fournisseur=2217,Kléra Plus Evo 1.67 BLUE/KUT SE,K+ 1.67 BK,1.67,ORG,K OPTICAL,2025-06-13 13:22:58.790000
751,https://www.france-optique.com/gravures/fournisseur=521,Varilux Physio 3D Balanced Orma Eye Protect System et Orma Transitions,https://si.france-optique.com/img/gravures/nasal/web_2035-636-nas-essilor-29.tif.jpg,1.5,ORG,Fournisseur : ESSILOR FR ...,2025-06-13 13:22:58.926666
752,https://www.france-optique.com/gravures/fournisseur=521,Varilux Physio 3D Far Stylis Eye Protect System et Stylis Transitions,https://si.france-optique.com/img/gravures/nasal/web_633-nas-essilor-26.tif.jpg,1.67,ORG,Fournisseur : ESSILOR FR ...,2025-06-13 13:22:59.033333
753,https://www.france-optique.com/gravures/fournisseur=521,Varilux Physio 3D Far Ormix Eye Protect System et Ormix Transitions,https://si.france-optique.com/img/gravures/nasal/web_634-nas-essilor-27.tif.jpg,1.6,ORG,Fournisseur : ESSILOR FR ...,2025-06-13 13:22:59.140000
754,https://www.france-optique.com/gravures/fournisseur=521,Varilux Physio 3D Far Airwear Eye Protect System et Airwear Transitions,https://si.france-optique.com/img/gravures/nasal/web_635-nas-essilor-28.tif.jpg,1.59,ORG,Fournisseur : ESSILOR FR ...,2025-06-13 13:22:59.266666
755,https://www.france-optique.com/gravures/fournisseur=521,Varilux Physio 3D Far Orma Eye Protect System et Orma Transitions,https://si.france-optique.com/img/gravures/nasal/web_2035-636-nas-essilor-29.tif.jpg,1.5,ORG,Fournisseur : ESSILOR FR ...,2025-06-13 13:22:59.396666
756,https://www.france-optique.com/gravures/fournisseur=521,Varilux Physio 3.0 Fit Stylis Eye Protect System et Stylis Transitions,https://si.france-optique.com/img/gravures/nasal/web_637-nas-essilor-30.tif.jpg,1.67,ORG,Fournisseur : ESSILOR FR ...,2025-06-13 13:22:59.510000
757,https://www.france-optique.com/gravures/fournisseur=521,Varilux Physio 3.0 Fit Ormix Eye Protect System et Ormix Transitions,https://si.france-optique.com/img/gravures/nasal/web_638-nas-essilor-31.tif.jpg,1.6,ORG,Fournisseur : ESSILOR FR ...,2025-06-13 13:22:59.623333
758,https://www.france-optique.com/gravures/fournisseur=521,Varilux Physio 3.0 Fit Airwear Eye Protect System et Airwear Transitions,https://si.france-optique.com/img/gravures/nasal/web_639-nas-essilor-32.tif.jpg,1.59,ORG,Fournisseur : ESSILOR FR ...,2025-06-13 13:22:59.753333
759,https://www.france-optique.com/gravures/fournisseur=521,Varilux Physio 3.0 Fit Orma Eye Protect System et Orma Transitions,https://si.france-optique.com/img/gravures/nasal/web_2036-640-nas-essilor-33.tif.jpg,1.5,ORG,Fournisseur : ESSILOR FR ...,2025-06-13 13:22:59.856666
760,https://www.france-optique.com/gravures/fournisseur=521,Varilux Physio 3.0 Stylis Eye Protect System et Stylis Transitions,https://si.france-optique.com/img/gravures/nasal/web_637-nas-essilor-30.tif.jpg,1.67,ORG,Fournisseur : ESSILOR FR ...,2025-06-13 13:22:59.963333
761,https://www.france-optique.com/gravures/fournisseur=521,Varilux Physio 3.0 Ormix Eye Protect System et Ormix Transitions,https://si.france-optique.com/img/gravures/nasal/web_638-nas-essilor-31.tif.jpg,1.6,ORG,Fournisseur : ESSILOR FR ...,2025-06-13 13:23:00.076666
762,https://www.france-optique.com/gravures/fournisseur=521,Varilux Physio 3.0 Airwear Eye Protect System et Airwear Transitions,https://si.france-optique.com/img/gravures/nasal/web_639-nas-essilor-32.tif.jpg,1.59,ORG,Fournisseur : ESSILOR FR ...,2025-06-13 13:23:00.206666
763,https://www.france-optique.com/gravures/fournisseur=521,Varilux Physio 3.0 Orma Eye Protect System et Orma Transitions,https://si.france-optique.com/img/gravures/nasal/web_2036-640-nas-essilor-33.tif.jpg,1.5,ORG,Fournisseur : ESSILOR FR ...,2025-06-13 13:23:00.340000
764,https://www.france-optique.com/gravures/fournisseur=521,Varilux Physio 3.0 Short Stylis Eye Protect System et Stylis Transitions,https://si.france-optique.com/img/gravures/nasal/web_637-nas-essilor-30.tif.jpg,1.67,ORG,Fournisseur : ESSILOR FR ...,2025-06-13 13:23:00.450000
765,https://www.france-optique.com/gravures/fournisseur=521,Varilux Physio 3.0 Short Ormix Eye Protect System et Ormix Transitions,https://si.france-optique.com/img/gravures/nasal/web_638-nas-essilor-31.tif.jpg,1.6,ORG,Fournisseur : ESSILOR FR ...,2025-06-13 13:23:00.573333
766,https://www.france-optique.com/gravures/fournisseur=521,Varilux Physio 3.0 Short Airwear Eye Protect System et Airwear Transitions,https://si.france-optique.com/img/gravures/nasal/web_639-nas-essilor-32.tif.jpg,1.59,ORG,Fournisseur : ESSILOR FR ...,2025-06-13 13:23:00.686666
767,https://www.france-optique.com/gravures/fournisseur=521,Varilux Physio 3.0 Short Orma Eye Protect System et Orma Transitions,https://si.france-optique.com/img/gravures/nasal/web_2036-640-nas-essilor-33.tif.jpg,1.5,ORG,Fournisseur : ESSILOR FR ...,2025-06-13 13:23:00.796666
768,https://www.france-optique.com/gravures/fournisseur=521,Varilux Comfort 3.0 Fit Stylis Eye Protect System et Stylis Transitions,https://si.france-optique.com/img/gravures/nasal/web_662-nas-essilor-50.tif.jpg,1.67,ORG,Fournisseur : ESSILOR FR ...,2025-06-13 13:23:00.896666
769,https://www.france-optique.com/gravures/fournisseur=521,Varilux Comfort 3.0 Fit Ormix Eye Protect System et Ormix Transitions,https://si.france-optique.com/img/gravures/nasal/web_659-nas-essilor-47.tif.jpg,1.6,ORG,Fournisseur : ESSILOR FR ...,2025-06-13 13:23:01.030000
770,https://www.france-optique.com/gravures/fournisseur=521,Varilux Comfort 3.0 Fit Airwear Eye Protect System et Airwear Transitions,https://si.france-optique.com/img/gravures/nasal/web_660-nas-essilor-48.tif.jpg,1.59,ORG,Fournisseur : ESSILOR FR ...,2025-06-13 13:23:01.170000
771,https://www.france-optique.com/gravures/fournisseur=521,Varilux Comfort 3.0 Fit Orma Eye Protect System et Orma Transitions,https://si.france-optique.com/img/gravures/nasal/web_2029-661-nas-essilor-49.tif.jpg,1.5,ORG,Fournisseur : ESSILOR FR ...,2025-06-13 13:23:01.283333
772,https://www.france-optique.com/gravures/fournisseur=521,Varilux Comfort 3.0 Stylis Eye Protect System et Stylis Transitions,https://si.france-optique.com/img/gravures/nasal/web_662-nas-essilor-50.tif.jpg,1.67,ORG,Fournisseur : ESSILOR FR ...,2025-06-13 13:23:01.410000
773,https://www.france-optique.com/gravures/fournisseur=521,Varilux Comfort 3.0 Ormix Eye Protect System et Ormix Transitions,https://si.france-optique.com/img/gravures/nasal/web_659-nas-essilor-47.tif.jpg,1.6,ORG,Fournisseur : ESSILOR FR ...,2025-06-13 13:23:01.550000
774,https://www.france-optique.com/gravures/fournisseur=521,Varilux Comfort 3.0 Airwear Eye Protect System et Airwear Transitions,https://si.france-optique.com/img/gravures/nasal/web_660-nas-essilor-48.tif.jpg,1.59,ORG,Fournisseur : ESSILOR FR ...,2025-06-13 13:23:01.676666
775,https://www.france-optique.com/gravures/fournisseur=521,Varilux Comfort 3.0 Orma Eye Protect System et Orma Transitions,https://si.france-optique.com/img/gravures/nasal/web_2029-661-nas-essilor-49.tif.jpg,1.5,ORG,Fournisseur : ESSILOR FR ...,2025-06-13 13:23:01.783333
776,https://www.france-optique.com/gravures/fournisseur=521,Varilux Comfort 3.0 Short Stylis Eye Protect System et Stylis Transitions,https://si.france-optique.com/img/gravures/nasal/web_662-nas-essilor-50.tif.jpg,1.67,ORG,Fournisseur : ESSILOR FR ...,2025-06-13 13:23:01.893333
777,https://www.france-optique.com/gravures/fournisseur=521,Varilux Comfort 3.0 Short Ormix Eye Protect System et Ormix Transitions,https://si.france-optique.com/img/gravures/nasal/web_659-nas-essilor-47.tif.jpg,1.6,ORG,Fournisseur : ESSILOR FR ...,2025-06-13 13:23:02.020000
778,https://www.france-optique.com/gravures/fournisseur=521,Varilux Comfort 3.0 Short Airwear Eye Protect System et Airwear Transitions,https://si.france-optique.com/img/gravures/nasal/web_660-nas-essilor-48.tif.jpg,1.59,ORG,Fournisseur : ESSILOR FR ...,2025-06-13 13:23:02.130000
779,https://www.france-optique.com/gravures/fournisseur=521,Varilux Comfort 3.0 Short Orma Eye Protect System et Orma Transitions,https://si.france-optique.com/img/gravures/nasal/web_2029-661-nas-essilor-49.tif.jpg,1.5,ORG,Fournisseur : ESSILOR FR ...,2025-06-13 13:23:02.240000
780,https://www.france-optique.com/gravures/fournisseur=521,Varilux Digitime Near Stylis Eye Protect System,https://si.france-optique.com/img/gravures/nasal/web_667-nas-essilor-55.tif.jpg,1.67,ORG,Fournisseur : ESSILOR FR ...,2025-06-13 13:23:02.360000
781,https://www.france-optique.com/gravures/fournisseur=521,Varilux Digitime Near Stylis Blanc,https://si.france-optique.com/img/gravures/nasal/web_667-nas-essilor-55.tif.jpg,1.67,ORG,Fournisseur : ESSILOR FR ...,2025-06-13 13:23:02.473333
782,https://www.france-optique.com/gravures/fournisseur=521,Varilux Digitime Near Ormix Eye Protect System,https://si.france-optique.com/img/gravures/nasal/web_668-nas-essilor-56.tif.jpg,1.6,ORG,Fournisseur : ESSILOR FR ...,2025-06-13 13:23:02.580000
783,https://www.france-optique.com/gravures/fournisseur=521,Varilux Digitime Near Ormix Blanc,https://si.france-optique.com/img/gravures/nasal/web_668-nas-essilor-56.tif.jpg,1.6,ORG,Fournisseur : ESSILOR FR ...,2025-06-13 13:23:02.693333
784,https://www.france-optique.com/gravures/fournisseur=521,Varilux Digitime Near Airwear Eye Protect System,https://si.france-optique.com/img/gravures/nasal/web_669-nas-essilor-57.tif.jpg,1.59,ORG,Fournisseur : ESSILOR FR ...,2025-06-13 13:23:02.803333
785,https://www.france-optique.com/gravures/fournisseur=521,Varilux Digitime Near Airwear Blanc,https://si.france-optique.com/img/gravures/nasal/web_669-nas-essilor-57.tif.jpg,1.59,ORG,Fournisseur : ESSILOR FR ...,2025-06-13 13:23:02.910000
786,https://www.france-optique.com/gravures/fournisseur=521,Varilux Digitime Near Orma Eye Protect System,https://si.france-optique.com/img/gravures/nasal/web_2031-670-nas-essilor-58.tif.jpg,1.5,ORG,Fournisseur : ESSILOR FR ...,2025-06-13 13:23:03.020000
787,https://www.france-optique.com/gravures/fournisseur=521,Varilux Digitime Near Orma Blanc,https://si.france-optique.com/img/gravures/nasal/web_2031-670-nas-essilor-58.tif.jpg,1.5,ORG,Fournisseur : ESSILOR FR ...,2025-06-13 13:23:03.126666
788,https://www.france-optique.com/gravures/fournisseur=521,Varilux Digitime Near Fit Stylis Eye Protect System,https://si.france-optique.com/img/gravures/nasal/web_667-nas-essilor-55.tif.jpg,1.67,ORG,Fournisseur : ESSILOR FR ...,2025-06-13 13:23:03.240000
789,https://www.france-optique.com/gravures/fournisseur=521,Varilux Digitime Near Fit Stylis Blanc,https://si.france-optique.com/img/gravures/nasal/web_667-nas-essilor-55.tif.jpg,1.67,ORG,Fournisseur : ESSILOR FR ...,2025-06-13 13:23:03.356666
790,https://www.france-optique.com/gravures/fournisseur=521,Varilux Digitime Near Fit Ormix Eye Protect System,https://si.france-optique.com/img/gravures/nasal/web_668-nas-essilor-56.tif.jpg,1.6,ORG,Fournisseur : ESSILOR FR ...,2025-06-13 13:23:03.480000
791,https://www.france-optique.com/gravures/fournisseur=521,Varilux Digitime Near Fit Ormix Blanc,https://si.france-optique.com/img/gravures/nasal/web_668-nas-essilor-56.tif.jpg,1.6,ORG,Fournisseur : ESSILOR FR ...,2025-06-13 13:23:03.610000
792,https://www.france-optique.com/gravures/fournisseur=521,Varilux Digitime Near Fit Airwear Eye Protect System,https://si.france-optique.com/img/gravures/nasal/web_669-nas-essilor-57.tif.jpg,1.59,ORG,Fournisseur : ESSILOR FR ...,2025-06-13 13:23:03.720000
793,https://www.france-optique.com/gravures/fournisseur=521,Varilux Digitime Near Fit Airwear Blanc,https://si.france-optique.com/img/gravures/nasal/web_669-nas-essilor-57.tif.jpg,1.59,ORG,Fournisseur : ESSILOR FR ...,2025-06-13 13:23:03.833333
794,https://www.france-optique.com/gravures/fournisseur=521,Varilux Digitime Near Fit Orma Eye Protect System,https://si.france-optique.com/img/gravures/nasal/web_2031-670-nas-essilor-58.tif.jpg,1.5,ORG,Fournisseur : ESSILOR FR ...,2025-06-13 13:23:03.950000
795,https://www.france-optique.com/gravures/fournisseur=521,Varilux Digitime Near Fit Orma Blanc,https://si.france-optique.com/img/gravures/nasal/web_2031-670-nas-essilor-58.tif.jpg,1.5,ORG,Fournisseur : ESSILOR FR ...,2025-06-13 13:23:04.063333
796,https://www.france-optique.com/gravures/fournisseur=521,Varilux Digitime Mid Stylis Eye Protect System,https://si.france-optique.com/img/gravures/nasal/web_674-nas-essilor-59.tif.jpg,1.67,ORG,Fournisseur : ESSILOR FR ...,2025-06-13 13:23:04.180000
797,https://www.france-optique.com/gravures/fournisseur=521,Varilux Digitime Mid Stylis Blanc,https://si.france-optique.com/img/gravures/nasal/web_674-nas-essilor-59.tif.jpg,1.67,ORG,Fournisseur : ESSILOR FR ...,2025-06-13 13:23:04.290000
798,https://www.france-optique.com/gravures/fournisseur=521,Varilux Digitime Mid Ormix Eye Protect System,https://si.france-optique.com/img/gravures/nasal/web_675-nas-essilor-60.tif.jpg,1.6,ORG,Fournisseur : ESSILOR FR ...,2025-06-13 13:23:04.403333
799,https://www.france-optique.com/gravures/fournisseur=521,Varilux Digitime Mid Ormix Blanc,https://si.france-optique.com/img/gravures/nasal/web_675-nas-essilor-60.tif.jpg,1.6,ORG,Fournisseur : ESSILOR FR ...,2025-06-13 13:23:04.510000
800,https://www.france-optique.com/gravures/fournisseur=521,Varilux Digitime Mid Airwear Eye Protect System,https://si.france-optique.com/img/gravures/nasal/web_676-nas-essilor-61.tif.jpg,1.59,ORG,Fournisseur : ESSILOR FR ...,2025-06-13 13:23:04.640000
801,https://www.france-optique.com/gravures/fournisseur=521,Varilux Digitime Mid Airwear Blanc,https://si.france-optique.com/img/gravures/nasal/web_676-nas-essilor-61.tif.jpg,1.59,ORG,Fournisseur : ESSILOR FR ...,2025-06-13 13:23:04.750000
802,https://www.france-optique.com/gravures/fournisseur=521,Varilux Digitime Mid Orma Eye Protect System,https://si.france-optique.com/img/gravures/nasal/web_2030-677-nas-essilor-62.tif.jpg,1.5,ORG,Fournisseur : ESSILOR FR ...,2025-06-13 13:23:04.883333
803,https://www.france-optique.com/gravures/fournisseur=521,Varilux Digitime Mid Orma Blanc,https://si.france-optique.com/img/gravures/nasal/web_2030-677-nas-essilor-62.tif.jpg,1.5,ORG,Fournisseur : ESSILOR FR ...,2025-06-13 13:23:05.003333
804,https://www.france-optique.com/gravures/fournisseur=521,Varilux Digitime Mid Fit Stylis Eye Protect System,https://si.france-optique.com/img/gravures/nasal/web_674-nas-essilor-59.tif.jpg,1.67,ORG,Fournisseur : ESSILOR FR ...,2025-06-13 13:23:05.126666
805,https://www.france-optique.com/gravures/fournisseur=521,Varilux Digitime Mid Fit Stylis Blanc,https://si.france-optique.com/img/gravures/nasal/web_674-nas-essilor-59.tif.jpg,1.67,ORG,Fournisseur : ESSILOR FR ...,2025-06-13 13:23:05.226666
806,https://www.france-optique.com/gravures/fournisseur=521,Varilux Digitime Mid Fit Ormix Eye Protect System,https://si.france-optique.com/img/gravures/nasal/web_675-nas-essilor-60.tif.jpg,1.6,ORG,Fournisseur : ESSILOR FR ...,2025-06-13 13:23:05.363333
807,https://www.france-optique.com/gravures/fournisseur=521,Varilux Digitime Mid Fit Ormix Blanc,https://si.france-optique.com/img/gravures/nasal/web_675-nas-essilor-60.tif.jpg,1.6,ORG,Fournisseur : ESSILOR FR ...,2025-06-13 13:23:05.473333
808,https://www.france-optique.com/gravures/fournisseur=521,Varilux Digitime Mid Fit Airwear Eye Protect System,https://si.france-optique.com/img/gravures/nasal/web_676-nas-essilor-61.tif.jpg,1.59,ORG,Fournisseur : ESSILOR FR ...,2025-06-13 13:23:05.573333
809,https://www.france-optique.com/gravures/fournisseur=521,Varilux Digitime Mid Fit Airwear Blanc,https://si.france-optique.com/img/gravures/nasal/web_676-nas-essilor-61.tif.jpg,1.59,ORG,Fournisseur : ESSILOR FR ...,2025-06-13 13:23:05.686666
810,https://www.france-optique.com/gravures/fournisseur=130,Amplitude Plus Eynoa 1.67 (11mm - 15mm) Advanced Lights Protection Blanc,DA15L ou DA55L,1.67,ORG Blanc,Fournisseur : HOYA Visio ...,2025-06-13 13:23:05.740000
811,https://www.france-optique.com/gravures/fournisseur=130,Amplitude Plus Eyas 1.60 (11mm - 15mm) Advanced Lights Protection Blanc,DA13L ou DA53L,1.6,ORG Blanc,Fournisseur : HOYA Visio ...,2025-06-13 13:23:05.790000
812,https://www.france-optique.com/gravures/fournisseur=130,Amplitude Plus Organique 1.50 (11mm - 15mm)Advanced Lights Protection Blanc,DA11L ou DA51L,1.5,ORG Blanc,Fournisseur : HOYA Visio ...,2025-06-13 13:23:05.840000
813,https://www.france-optique.com/fournisseur/1344-bbgr-optique/gravures,Aptive Tilium,https://si.france-optique.com/img/gravures/nasal/web_553-nas-bbgr-116.tif.jpg,1.59,Polycarbonate,Produits optiques : BBGR OPTIQUE,2025-06-13 13:23:05.990000
814,https://www.france-optique.com/fournisseur/1344-bbgr-optique/gravures,Aptive OR16,https://si.france-optique.com/img/gravures/nasal/web_554-nas-bbgr-117.tif.jpg,1.6,Organique,Produits optiques : BBGR OPTIQUE,2025-06-13 13:23:06.093333
815,https://www.france-optique.com/fournisseur/1344-bbgr-optique/gravures,Aptive OR167,https://si.france-optique.com/img/gravures/nasal/web_557-nas-bbgr-120.tif.jpg,1.67,Organique,Produits optiques : BBGR OPTIQUE,2025-06-13 13:23:06.203333
816,https://www.france-optique.com/fournisseur/1344-bbgr-optique/gravures,Aptive Mini OR15,https://si.france-optique.com/img/gravures/nasal/web_560-nas-bbgr-123.tif.jpg,1.5,Organique,Produits optiques : BBGR OPTIQUE,2025-06-13 13:23:06.326666
817,https://www.france-optique.com/fournisseur/1344-bbgr-optique/gravures,Aptive Mini OR16,https://si.france-optique.com/img/gravures/nasal/web_558-nas-bbgr-121.tif.jpg,1.6,Organique,Produits optiques : BBGR OPTIQUE,2025-06-13 13:23:06.466666
818,https://www.france-optique.com/fournisseur/1344-bbgr-optique/gravures,Evolis M16,https://si.france-optique.com/img/gravures/nasal/web_531-nas-bbgr-94.tif.jpg,1.604,MIN,Produits optiques : BBGR OPTIQUE,2025-06-13 13:23:06.570000
819,https://www.france-optique.com/fournisseur/1344-bbgr-optique/gravures,Myofocal,https://si.france-optique.com/img/gravures/nasal/web_940-nas-bbgr-159.tif.jpg,1.807,MIN,Produits optiques : BBGR OPTIQUE,2025-06-13 13:23:06.680000
820,https://www.france-optique.com/fournisseur/1344-bbgr-optique/gravures,EasyWork mi-distance OR15,https://si.france-optique.com/img/gravures/nasal/web_564-nas-bbgr-127.tif.jpg,1.5,Organique,Produits optiques : BBGR OPTIQUE,2025-06-13 13:23:06.820000
821,https://www.france-optique.com/fournisseur/1344-bbgr-optique/gravures,EasyWork mi-distance OR16,https://si.france-optique.com/img/gravures/nasal/web_565-nas-bbgr-128.tif.jpg,1.6,Organique,Produits optiques : BBGR OPTIQUE,2025-06-13 13:23:06.943333
822,https://www.france-optique.com/fournisseur/1344-bbgr-optique/gravures,EasyWork progressif OR15,https://si.france-optique.com/img/gravures/nasal/web_767-nas-optic2000-18.tif.jpg,1.5,Organique,Produits optiques : BBGR OPTIQUE,2025-06-13 13:23:07.066666
823,https://www.france-optique.com/fournisseur/1344-bbgr-optique/gravures,EasyWork progressif OR16,https://si.france-optique.com/img/gravures/nasal/web_938-nas-bbgr-157.tif.jpg,1.6,Organique,Produits optiques : BBGR OPTIQUE,2025-06-13 13:23:07.170000
824,https://www.france-optique.com/fournisseur/1344-bbgr-optique/gravures,EasyWork progressif OR167,https://si.france-optique.com/img/gravures/nasal/web_939-nas-bbgr-158.tif.jpg,1.67,Organique,Produits optiques : BBGR OPTIQUE,2025-06-13 13:23:07.273333
825,https://www.france-optique.com/fournisseur/1344-bbgr-optique/gravures,Pulseo 03 OR15,https://si.france-optique.com/img/gravures/nasal/web_577-nas-bbgr-130.tif.jpg,1.5,Organique,Produits optiques : BBGR OPTIQUE,2025-06-13 13:23:07.386666
826,https://www.france-optique.com/fournisseur/1344-bbgr-optique/gravures,Pulseo 06 OR15,https://si.france-optique.com/img/gravures/nasal/web_577-nas-bbgr-130.tif.jpg,1.5,Organique,Produits optiques : BBGR OPTIQUE,2025-06-13 13:23:07.500000
827,https://www.france-optique.com/gravures/fournisseur=2217,K Desk 1.5 BLUE/KUT SE,D 1.5 BK,1.5,ORG,K OPTICAL,2025-06-13 13:23:07.546666
828,https://www.france-optique.com/gravures/fournisseur=2217,K Platinium 1.6 Transitions Xtractive Brun et Gris,K+ 1.60 XT,1.6,ORG TRANS,K OPTICAL,2025-06-13 13:23:07.600000
829,https://www.france-optique.com/gravures/fournisseur=2217,K Sport 1.6 Transitions Xtractive Brun et Gris,KS 1.60 XT,1.6,ORG TRANS,K OPTICAL,2025-06-13 13:23:07.650000
830,https://www.france-optique.com/gravures/fournisseur=2217,Kléra HD Platinium Trivex,KHD 1.53,1.53,TVX,K OPTICAL,2025-06-13 13:23:07.700000
831,https://www.france-optique.com/gravures/fournisseur=2217,Kléra HD Platinium 1.67,KHD 1.67,1.67,ORG,K OPTICAL,2025-06-13 13:23:07.750000
832,https://www.france-optique.com/gravures/fournisseur=2217,Kléra Sport 1.67,KSP 1.67,1.67,ORG,K OPTICAL,2025-06-13 13:23:07.800000
833,https://www.france-optique.com/gravures/fournisseur=2217,Kléra Plus Evo 1.67 Kromatic Brun et Gris,K+ 1.67 K,1.67,ORG PHO.,K OPTICAL,2025-06-13 13:23:07.853333
834,https://www.france-optique.com/gravures/fournisseur=2217,K Desk 1.5 Kromatic Brun et Gris,D 1.5 K,1.5,ORG PHO.,K OPTICAL,2025-06-13 13:23:07.910000
835,https://www.france-optique.com/gravures/fournisseur=2217,K Platinium 1.67,K+ 1.67,1.67,ORG,K OPTICAL,2025-06-13 13:23:07.960000
836,https://www.france-optique.com/fournisseur/1344-bbgr-optique/gravures,Pulseo 09 OR15,https://si.france-optique.com/img/gravures/nasal/web_577-nas-bbgr-130.tif.jpg,1.5,Organique,Produits optiques : BBGR OPTIQUE,2025-06-13 13:23:08.110000
837,https://www.france-optique.com/fournisseur/1344-bbgr-optique/gravures,Pulseo 03 OR16,https://si.france-optique.com/img/gravures/nasal/web_578-nas-bbgr-131.tif.jpg,1.6,Organique,Produits optiques : BBGR OPTIQUE,2025-06-13 13:23:08.220000
838,https://www.france-optique.com/fournisseur/1344-bbgr-optique/gravures,Pulseo 06 OR16,https://si.france-optique.com/img/gravures/nasal/web_578-nas-bbgr-131.tif.jpg,1.6,Organique,Produits optiques : BBGR OPTIQUE,2025-06-13 13:23:08.350000
839,https://www.france-optique.com/fournisseur/1344-bbgr-optique/gravures,Pulseo 09 OR16,https://si.france-optique.com/img/gravures/nasal/web_578-nas-bbgr-131.tif.jpg,1.6,Organique,Produits optiques : BBGR OPTIQUE,2025-06-13 13:23:08.470000
840,https://www.france-optique.com/fournisseur/1344-bbgr-optique/gravures,Pulseo 03 OR167,https://si.france-optique.com/img/gravures/nasal/web_580-nas-bbgr-133.tif.jpg,1.67,Organique,Produits optiques : BBGR OPTIQUE,2025-06-13 13:23:08.593333
841,https://www.france-optique.com/fournisseur/1344-bbgr-optique/gravures,Pulseo 06 OR167,https://si.france-optique.com/img/gravures/nasal/web_580-nas-bbgr-133.tif.jpg,1.67,Organique,Produits optiques : BBGR OPTIQUE,2025-06-13 13:23:08.716666
842,https://www.france-optique.com/fournisseur/1344-bbgr-optique/gravures,Pulseo 09 OR167,https://si.france-optique.com/img/gravures/nasal/web_580-nas-bbgr-133.tif.jpg,1.67,Organique,Produits optiques : BBGR OPTIQUE,2025-06-13 13:23:08.840000
843,https://www.france-optique.com/fournisseur/1344-bbgr-optique/gravures,Pulseo 03 OR174,https://si.france-optique.com/img/gravures/nasal/web_582-nas-bbgr-135.tif.jpg,1.74,Organique,Produits optiques : BBGR OPTIQUE,2025-06-13 13:23:08.970000
844,https://www.france-optique.com/fournisseur/1344-bbgr-optique/gravures,Pulseo 06 OR174,https://si.france-optique.com/img/gravures/nasal/web_582-nas-bbgr-135.tif.jpg,1.74,Organique,Produits optiques : BBGR OPTIQUE,2025-06-13 13:23:09.080000
845,https://www.france-optique.com/fournisseur/1344-bbgr-optique/gravures,Pulseo 09 OR174,https://si.france-optique.com/img/gravures/nasal/web_582-nas-bbgr-135.tif.jpg,1.74,Organique,Produits optiques : BBGR OPTIQUE,2025-06-13 13:23:09.196666
846,https://www.france-optique.com/fournisseur/1344-bbgr-optique/gravures,Aspheo OR15,https://si.france-optique.com/img/gravures/nasal/web_567-nas-nikon-38.tif.jpg,1.5,Organique,Produits optiques : BBGR OPTIQUE,2025-06-13 13:23:09.320000
847,https://www.france-optique.com/fournisseur/1344-bbgr-optique/gravures,Aspheo Tilium,https://si.france-optique.com/img/gravures/nasal/web_568-nas-nikon-39.tif.jpg,1.59,Polycarbonate,Produits optiques : BBGR OPTIQUE,2025-06-13 13:23:09.446666
848,https://www.france-optique.com/fournisseur/1344-bbgr-optique/gravures,Aspheo OR16,https://si.france-optique.com/img/gravures/nasal/web_569-nas-nikon-40.tif.jpg,1.6,Organique,Produits optiques : BBGR OPTIQUE,2025-06-13 13:23:09.546666
849,https://www.france-optique.com/fournisseur/1344-bbgr-optique/gravures,Aspheo OR167,https://si.france-optique.com/img/gravures/nasal/web_570-nas-nikon-41.tif.jpg,1.67,Organique,Produits optiques : BBGR OPTIQUE,2025-06-13 13:23:09.653333
850,https://www.france-optique.com/gravures/fournisseur=2069,Impression B.I.G. EXACT Mono 1.5,65 50,1.5,ORG,RODENSTOCK,2025-06-13 13:23:09.703333
851,https://www.france-optique.com/fournisseur/1344-bbgr-optique/gravures,Aspheo OR174,https://si.france-optique.com/img/gravures/nasal/web_571-nas-nikon-42.tif.jpg,1.74,Organique,Produits optiques : BBGR OPTIQUE,2025-06-13 13:23:09.856666
852,https://www.france-optique.com/fournisseur/1344-bbgr-optique/gravures,Aspheo PdM OR15,https://si.france-optique.com/img/gravures/nasal/web_572-nas-nikon-43.tif.jpg,1.5,Organique,Produits optiques : BBGR OPTIQUE,2025-06-13 13:23:09.990000
853,https://www.france-optique.com/fournisseur/1344-bbgr-optique/gravures,Aspheo PdM Tilium,https://si.france-optique.com/img/gravures/nasal/web_573-nas-nikon-44.tif.jpg,1.59,Polycarbonate,Produits optiques : BBGR OPTIQUE,2025-06-13 13:23:10.096666
854,https://www.france-optique.com/fournisseur/1344-bbgr-optique/gravures,Aspheo PdM OR16,https://si.france-optique.com/img/gravures/nasal/web_574-nas-nikon-45.tif.jpg,1.6,Organique,Produits optiques : BBGR OPTIQUE,2025-06-13 13:23:10.220000
855,https://www.france-optique.com/fournisseur/1344-bbgr-optique/gravures,Aspheo PdM OR167,https://si.france-optique.com/img/gravures/nasal/web_575-nas-nikon-46.tif.jpg,1.67,Organique,Produits optiques : BBGR OPTIQUE,2025-06-13 13:23:10.326666
856,https://www.france-optique.com/fournisseur/1344-bbgr-optique/gravures,Aspheo PdM OR174,https://si.france-optique.com/img/gravures/nasal/web_576-nas-nikon-47.tif.jpg,1.74,Organique,Produits optiques : BBGR OPTIQUE,2025-06-13 13:23:10.446666
857,https://www.france-optique.com/fournisseur/1344-bbgr-optique/gravures,Progressif OR15,https://si.france-optique.com/img/gravures/nasal/web_1197-Engraving Classe A BBGR PROGRESSIF 15 Nasal.tif.jpg,1.5,ORG,Produits optiques : BBGR OPTIQUE,2025-06-13 13:23:10.550000
858,https://www.france-optique.com/fournisseur/1344-bbgr-optique/gravures,Progressif OR16,https://si.france-optique.com/img/gravures/nasal/web_1199-Engraving Classe A BBGR PROGRESSIF 16 Nasal.tif.jpg,1.6,ORG,Produits optiques : BBGR OPTIQUE,2025-06-13 13:23:10.656666
859,https://www.france-optique.com/fournisseur/1344-bbgr-optique/gravures,Progressif OR167,https://si.france-optique.com/img/gravures/nasal/web_1206-Engraving Classe A BBGR PROGRESSIF 167 Nasal.tif.jpg,1.67,ORG,Produits optiques : BBGR OPTIQUE,2025-06-13 13:23:10.783333
860,https://www.france-optique.com/fournisseur/1344-bbgr-optique/gravures,Progressif OR174,https://si.france-optique.com/img/gravures/nasal/web_1208-Engraving Classe A BBGR PROGRESSIF 174 Nasal.tif.jpg,1.74,ORG,Produits optiques : BBGR OPTIQUE,2025-06-13 13:23:10.906666
861,https://www.france-optique.com/fournisseur/1344-bbgr-optique/gravures,Progressif Forte Puissance OR15,https://si.france-optique.com/img/gravures/nasal/web_1211-BBGR PROGRESSIF 15 Forte Puissance Nasal.tif.jpg,1.5,ORG,Produits optiques : BBGR OPTIQUE,2025-06-13 13:23:11.016666
862,https://www.france-optique.com/fournisseur/1344-bbgr-optique/gravures,Progressif Forte Puissance OR174,https://si.france-optique.com/img/gravures/nasal/web_1210-BBGR PROGRESSIF 174 Forte Puissance Nasal.tif.jpg,1.74,ORG,Produits optiques : BBGR OPTIQUE,2025-06-13 13:23:11.146666
863,https://www.france-optique.com/fournisseur/1344-bbgr-optique/gravures,Mi-distance OR15,https://si.france-optique.com/img/gravures/nasal/web_1203-Engraving Classe A BBGR MIDISTANCE 15 Nasal.tif.jpg,1.5,ORG,Produits optiques : BBGR OPTIQUE,2025-06-13 13:23:11.256666
864,https://www.france-optique.com/fournisseur/1344-bbgr-optique/gravures,Mi-distance OR16,https://si.france-optique.com/img/gravures/nasal/web_1204-Engraving Classe A BBGR MIDISTANCE 16 Nasal.tif.jpg,1.6,ORG,Produits optiques : BBGR OPTIQUE,2025-06-13 13:23:11.363333
865,https://www.france-optique.com/gravures/fournisseur=2217,K Sport 1.67,KS 1.67,1.67,ORG,K OPTICAL,2025-06-13 13:23:11.416666
866,https://www.france-optique.com/gravures/fournisseur=521,Varilux Digitime Mid Fit Orma Eye Protect System,https://si.france-optique.com/img/gravures/nasal/web_2030-677-nas-essilor-62.tif.jpg,1.5,ORG,Fournisseur : ESSILOR FR ...,2025-06-13 13:23:11.553333
867,https://www.france-optique.com/gravures/fournisseur=2069,Impression B.I.G. EXACT Mono 1.6,65 60,1.6,ORG,RODENSTOCK,2025-06-13 13:23:11.603333
868,https://www.france-optique.com/gravures/fournisseur=2069,Impression B.I.G. EXACT Mono 1.67,65 67,1.67,ORG,RODENSTOCK,2025-06-13 13:23:11.656666
869,https://www.france-optique.com/gravures/fournisseur=2069,Impression B.I.G. EXACT Mono 1.74,65 74,1.74,ORG,RODENSTOCK,2025-06-13 13:23:11.703333
870,https://www.france-optique.com/gravures/fournisseur=2069,Impression B.I.G. NORM Mono Plus 1.5,65 50,1.5,ORG,RODENSTOCK,2025-06-13 13:23:11.753333
871,https://www.france-optique.com/gravures/fournisseur=2069,Impression B.I.G. NORM Mono Plus 1.6,65 60,1.6,ORG,RODENSTOCK,2025-06-13 13:23:11.796666
872,https://www.france-optique.com/gravures/fournisseur=2069,Impression B.I.G. NORM Mono Plus 1.67,65 67,1.67,ORG,RODENSTOCK,2025-06-13 13:23:11.846666
873,https://www.france-optique.com/gravures/fournisseur=2069,Impression B.I.G. NORM Mono Plus 1.74,65 74,1.74,ORG,RODENSTOCK,2025-06-13 13:23:11.896666
874,https://www.france-optique.com/gravures/fournisseur=2069,Impression B.I.G. EXACT Mono Plus 1.5,65 50,1.5,ORG,RODENSTOCK,2025-06-13 13:23:11.943333
875,https://www.france-optique.com/gravures/fournisseur=2069,Impression B.I.G. EXACT Mono Plus 1.6,65 60,1.6,ORG,RODENSTOCK,2025-06-13 13:23:11.993333
876,https://www.france-optique.com/gravures/fournisseur=2069,Impression B.I.G. EXACT Mono Plus 1.67,65 67,1.67,ORG,RODENSTOCK,2025-06-13 13:23:12.046666
877,https://www.france-optique.com/gravures/fournisseur=2069,Impression B.I.G. EXACT Mono Plus 1.74,65 74,1.74,ORG,RODENSTOCK,2025-06-13 13:23:12.096666
878,https://www.france-optique.com/gravures/fournisseur=2069,Multigressiv B.I.G. NORM Mono 1.5,65 50,1.5,ORG,RODENSTOCK,2025-06-13 13:23:12.143333
879,https://www.france-optique.com/gravures/fournisseur=2069,Multigressiv B.I.G. NORM Mono 1.6,65 60,1.6,ORG,RODENSTOCK,2025-06-13 13:23:12.193333
880,https://www.france-optique.com/gravures/fournisseur=2069,Multigressiv B.I.G. NORM Mono 1.67,65 67,1.67,ORG,RODENSTOCK,2025-06-13 13:23:12.240000
881,https://www.france-optique.com/gravures/fournisseur=2069,Multigressiv B.I.G. NORM Mono 1.74,65 74,1.74,ORG,RODENSTOCK,2025-06-13 13:23:12.290000
882,https://www.france-optique.com/gravures/fournisseur=2069,Multigressiv B.I.G. EXACT Mono 1.5,65 50,1.5,ORG,RODENSTOCK,2025-06-13 13:23:12.340000
883,https://www.france-optique.com/gravures/fournisseur=2069,Multigressiv B.I.G. EXACT Mono 1.6,65 60,1.6,ORG,RODENSTOCK,2025-06-13 13:23:12.390000
884,https://www.france-optique.com/gravures/fournisseur=2069,Multigressiv B.I.G. EXACT Mono 1.67,65 67,1.67,ORG,RODENSTOCK,2025-06-13 13:23:12.443333
885,https://www.france-optique.com/gravures/fournisseur=2069,Multigressiv B.I.G. EXACT Mono 1.74,65 74,1.74,ORG,RODENSTOCK,2025-06-13 13:23:12.493333
886,https://www.france-optique.com/gravures/fournisseur=2069,Multigressiv B.I.G. NORM Mono Plus 1.5,65 50,1.5,ORG,RODENSTOCK,2025-06-13 13:23:12.550000
887,https://www.france-optique.com/gravures/fournisseur=2069,Multigressiv B.I.G. NORM Mono Plus 1.6,65 60,1.6,ORG,RODENSTOCK,2025-06-13 13:23:12.600000
888,https://www.france-optique.com/gravures/fournisseur=2069,Multigressiv B.I.G. NORM Mono Plus 1.67,65 67,1.67,ORG,RODENSTOCK,2025-06-13 13:23:12.650000
889,https://www.france-optique.com/gravures/fournisseur=2069,Multigressiv B.I.G. NORM Mono Plus 1.74,65 74,1.74,ORG,RODENSTOCK,2025-06-13 13:23:12.706666
890,https://www.france-optique.com/gravures/fournisseur=2069,Multigressiv B.I.G. EXACT Mono Plus 1.5,65 50,1.5,ORG,RODENSTOCK,2025-06-13 13:23:12.763333
891,https://www.france-optique.com/gravures/fournisseur=2069,Multigressiv B.I.G. EXACT Mono Plus 1.6,65 60,1.6,ORg,RODENSTOCK,2025-06-13 13:23:12.826666
892,https://www.france-optique.com/gravures/fournisseur=2069,Multigressiv B.I.G. EXACT Mono Plus 1.67,65 67,1.67,ORG,RODENSTOCK,2025-06-13 13:23:12.876666
893,https://www.france-optique.com/gravures/fournisseur=2069,Multigressiv B.I.G. EXACT Mono Plus 1.74,65 74,1.74,ORG,RODENSTOCK,2025-06-13 13:23:12.926666
894,https://www.france-optique.com/gravures/fournisseur=2069,Cosmolit B.I.G. NORM Mono 1.5,65 50,1.5,ORG,RODENSTOCK,2025-06-13 13:23:12.980000
895,https://www.france-optique.com/gravures/fournisseur=2069,Cosmolit B.I.G. NORM Mono 1.6,65 60,1.6,ORG,RODENSTOCK,2025-06-13 13:23:13.030000
896,https://www.france-optique.com/gravures/fournisseur=2069,Cosmolit B.I.G. NORM Mono 1.67,65 67,1.67,ORG,RODENSTOCK,2025-06-13 13:23:13.083333
897,https://www.france-optique.com/gravures/fournisseur=2069,Cosmolit B.I.G. NORM Mono 1.74,65 74,1.74,ORG,RODENSTOCK,2025-06-13 13:23:13.133333
898,https://www.france-optique.com/gravures/fournisseur=2069,Cosmolit B.I.G. EXACT Mono 1.5,65 50,1.5,ORG,RODENSTOCK,2025-06-13 13:23:13.180000
899,https://www.france-optique.com/gravures/fournisseur=2069,Cosmolit B.I.G. EXACT Mono 1.6,65 60,1.6,ORG,RODENSTOCK,2025-06-13 13:23:13.230000
900,https://www.france-optique.com/gravures/fournisseur=2069,Cosmolit B.I.G. EXACT Mono 1.67,65 67,1.67,ORG,RODENSTOCK,2025-06-13 13:23:13.283333
901,https://www.france-optique.com/gravures/fournisseur=2069,Cosmolit B.I.G. EXACT Mono 1.74,65 74,1.74,ORG,RODENSTOCK,2025-06-13 13:23:13.340000
902,https://www.france-optique.com/gravures/fournisseur=2069,Informance ONE INFINITE ColorMatic 3 1.54,45 54,1.54,ORG,RODENSTOCK,2025-06-13 13:23:13.390000
903,https://www.france-optique.com/gravures/fournisseur=2069,Informance ONE FREE ColorMatic 3 1.54,45 54,1.54,ORG,RODENSTOCK,2025-06-13 13:23:13.440000
904,https://www.france-optique.com/gravures/fournisseur=2069,Cosmolit B.I.G. NORM Mono Plus 1.5,65 50,1.5,ORG,RODENSTOCK,2025-06-13 13:23:13.486666
905,https://www.france-optique.com/gravures/fournisseur=2069,Cosmolit B.I.G. NORM Mono Plus 1.6,65 60,1.6,ORG,RODENSTOCK,2025-06-13 13:23:13.540000
906,https://www.france-optique.com/gravures/fournisseur=2069,Cosmolit B.I.G. NORM Mono Plus 1.67,65 67,1.67,ORG,RODENSTOCK,2025-06-13 13:23:13.590000
907,https://www.france-optique.com/gravures/fournisseur=2069,Cosmolit B.I.G. NORM Mono Plus 1.74,65 74,1.74,ORG,RODENSTOCK,2025-06-13 13:23:13.636666
908,https://www.france-optique.com/gravures/fournisseur=2069,Cosmolit B.I.G. EXACT Mono Plus 1.5,65 50,1.5,ORG,RODENSTOCK,2025-06-13 13:23:13.686666
909,https://www.france-optique.com/gravures/fournisseur=2069,Cosmolit B.I.G. EXACT Mono Plus 1.6,65 60,1.6,ORG,RODENSTOCK,2025-06-13 13:23:13.736666
910,https://www.france-optique.com/gravures/fournisseur=2069,Cosmolit B.I.G. EXACT Mono Plus 1.67,65 67,1.67,ORG,RODENSTOCK,2025-06-13 13:23:13.800000
911,https://www.france-optique.com/gravures/fournisseur=2069,Cosmolit B.I.G. EXACT Mono Plus 1.74,65 74,1.74,ORG,RODENSTOCK,2025-06-13 13:23:13.850000
912,https://www.france-optique.com/gravures/fournisseur=2069,Impression B.I.G. NORM Mono Sport 1.5,65 50,1.5,ORG,RODENSTOCK,2025-06-13 13:23:13.900000
913,https://www.france-optique.com/gravures/fournisseur=2069,Impression B.I.G. NORM Mono Sport 1.6,65 60,1.6,ORG,RODENSTOCK,2025-06-13 13:23:13.946666
914,https://www.france-optique.com/gravures/fournisseur=2069,Impression B.I.G. NORM Mono Sport 1.67,65 67,1.67,ORG,RODENSTOCK,2025-06-13 13:23:14.000000
915,https://www.france-optique.com/gravures/fournisseur=2069,Impression B.I.G. EXACT Mono Sport 1.5,65 50,1.5,ORG,RODENSTOCK,2025-06-13 13:23:14.050000
916,https://www.france-optique.com/gravures/fournisseur=2069,Impression B.I.G. EXACT Mono Sport 1.6,65 60,1.6,ORG,RODENSTOCK,2025-06-13 13:23:14.100000
917,https://www.france-optique.com/gravures/fournisseur=1407,"SEIKO PRIME Xceed 1,74 IP+ Bl.",https://si.france-optique.com/img/gravures/nasal/web_267-nas-seiko-01.tif.jpg,1.74,ORG,SEIKO OPTICAL FRANCE,2025-06-13 13:23:14.236666
918,https://www.france-optique.com/gravures/fournisseur=2532,"VARIOVID®  Cat.4 Blanc, ESM, Transitions®, Transitions® XTRActive™, Polarisant",https://si.france-optique.com/img/gravures/nasal/web_1824-nas-leica-V4L.tif.jpg,1.5,ORG,,2025-06-13 13:23:14.346666
919,https://www.france-optique.com/gravures/fournisseur=2532,"VARIOVID®  Cat.4 Blanc, ESM, Transitions®, Transitions® XTRActive™, Polarisant",https://si.france-optique.com/img/gravures/nasal/web_1824-nas-leica-V4L.tif.jpg,1.6,ORG,,2025-06-13 13:23:14.460000
920,https://www.france-optique.com/gravures/fournisseur=2532,"VARIOVID®  Cat.4 Blanc, ESM, Transitions®, Transitions® XTRActive™, Polarisant",https://si.france-optique.com/img/gravures/nasal/web_1824-nas-leica-V4L.tif.jpg,1.67,ORG,,2025-06-13 13:23:14.563333
921,https://www.france-optique.com/gravures/fournisseur=2532,VARIOVID®  Cat.4,https://si.france-optique.com/img/gravures/nasal/web_1824-nas-leica-V4L.tif.jpg,1.74,ORG,,2025-06-13 13:23:14.680000
922,https://www.france-optique.com/gravures/fournisseur=2532,"VARIOVID®  Cat.3 Blanc, ESM, Transitions®, Transitions® XTRActive™, Polarisant",https://si.france-optique.com/img/gravures/nasal/web_1823-nas-leica-V3L.tif.jpg,1.5,ORG,,2025-06-13 13:23:14.796666
923,https://www.france-optique.com/gravures/fournisseur=2532,"VARIOVID®  Cat.3 Blanc, ESM, Transitions®, Transitions® XTRActive™, Polarisant",https://si.france-optique.com/img/gravures/nasal/web_1823-nas-leica-V3L.tif.jpg,1.6,ORG,,2025-06-13 13:23:14.900000
924,https://www.france-optique.com/gravures/fournisseur=2532,"VARIOVID®  Cat.3 Blanc, ESM, Transitions®, Transitions® XTRActive™, Polarisant",https://si.france-optique.com/img/gravures/nasal/web_1823-nas-leica-V3L.tif.jpg,1.67,ORG,,2025-06-13 13:23:15.000000
925,https://www.france-optique.com/gravures/fournisseur=2532,VARIOVID®  Cat.3,https://si.france-optique.com/img/gravures/nasal/web_1823-nas-leica-V3L.tif.jpg,1.74,ORG,,2025-06-13 13:23:15.123333
926,https://www.france-optique.com/gravures/fournisseur=2532,"VARIOVID®  Cat.2 Blanc, ESM, Transitions®, Transitions® XTRActive™, Polarisant",https://si.france-optique.com/img/gravures/nasal/web_1822-nas-leica-V2L.tif.jpg,1.5,ORG,,2025-06-13 13:23:15.226666
927,https://www.france-optique.com/gravures/fournisseur=2532,"VARIOVID®  Cat.2 Blanc, ESM, Transitions®, Transitions® XTRActive™, Polarisant",https://si.france-optique.com/img/gravures/nasal/web_1822-nas-leica-V2L.tif.jpg,1.6,ORG,,2025-06-13 13:23:15.343333
928,https://www.france-optique.com/gravures/fournisseur=2532,"VARIOVID®  Cat.2 Blanc, ESM, Transitions®, Transitions® XTRActive™, Polarisant",https://si.france-optique.com/img/gravures/nasal/web_1822-nas-leica-V2L.tif.jpg,1.67,ORG,,2025-06-13 13:23:15.446666
929,https://www.france-optique.com/gravures/fournisseur=2532,VARIOVID®  Cat.2,https://si.france-optique.com/img/gravures/nasal/web_1822-nas-leica-V2L.tif.jpg,1.74,ORG,,2025-06-13 13:23:15.553333
930,https://www.france-optique.com/gravures/fournisseur=2532,"VARIOVID®  Cat.1 Blanc, ESM, Transitions®, Transitions® XTRActive™, Polarisant",https://si.france-optique.com/img/gravures/nasal/web_1821-nas-leica-V1L.tif.jpg,1.5,ORG,,2025-06-13 13:23:15.653333
931,https://www.france-optique.com/gravures/fournisseur=2532,"VARIOVID®  Cat.1 Blanc, ESM, Transitions®, Transitions® XTRActive™, Polarisant",https://si.france-optique.com/img/gravures/nasal/web_1821-nas-leica-V1L.tif.jpg,1.6,ORG,,2025-06-13 13:23:15.753333
932,https://www.france-optique.com/gravures/fournisseur=2532,"VARIOVID®  Cat.1 Blanc, ESM, Transitions®, Transitions® XTRActive™, Polarisant",https://si.france-optique.com/img/gravures/nasal/web_1821-nas-leica-V1L.tif.jpg,1.67,ORG,,2025-06-13 13:23:15.860000
933,https://www.france-optique.com/gravures/fournisseur=2532,VARIOVID®  Cat.1,https://si.france-optique.com/img/gravures/nasal/web_1821-nas-leica-V1L.tif.jpg,1.74,ORG,,2025-06-13 13:23:15.970000
934,https://www.france-optique.com/gravures/fournisseur=2532,"MONOVID® Asph Cat.1 Blanc, ESM, Transitions®, Transitions® XTRActive™, Polarisant",https://si.france-optique.com/img/gravures/nasal/web_1817-nas-leica-M1L.tif.jpg,1.5,ORG,,2025-06-13 13:23:16.073333
935,https://www.france-optique.com/gravures/fournisseur=2532,"MONOVID® Asph Cat.1 Blanc, ESM, Transitions®, Transitions® XTRActive™, Polarisant",https://si.france-optique.com/img/gravures/nasal/web_1817-nas-leica-M1L.tif.jpg,1.6,ORG,,2025-06-13 13:23:16.176666
936,https://www.france-optique.com/gravures/fournisseur=2532,"MONOVID® Asph Cat.1 Blanc, ESM, Transitions®, Transitions® XTRActive™, Polarisant",https://si.france-optique.com/img/gravures/nasal/web_1817-nas-leica-M1L.tif.jpg,1.67,ORG,,2025-06-13 13:23:16.276666
937,https://www.france-optique.com/gravures/fournisseur=2532,MONOVID® Asph Cat.1,https://si.france-optique.com/img/gravures/nasal/web_1817-nas-leica-M1L.tif.jpg,1.74,ORG,,2025-06-13 13:23:16.393333
938,https://www.france-optique.com/gravures/fournisseur=2532,"MONOVID® DIGITAL Cat.4 Blanc, ESM, Transitions®, Transitions® XTRActive™, Polarisant",https://si.france-optique.com/img/gravures/nasal/web_1820-nas-leica-MD4L.tif.jpg,1.5,ORG,,2025-06-13 13:23:16.496666
939,https://www.france-optique.com/gravures/fournisseur=2532,"MONOVID® DIGITAL Cat.4 Blanc, ESM, Transitions®, Transitions® XTRActive™, Polarisant",https://si.france-optique.com/img/gravures/nasal/web_1820-nas-leica-MD4L.tif.jpg,1.6,ORG,,2025-06-13 13:23:16.603333
940,https://www.france-optique.com/gravures/fournisseur=2532,"MONOVID® DIGITAL Cat.4 Blanc, ESM, Transitions®, Transitions® XTRActive™, Polarisant",https://si.france-optique.com/img/gravures/nasal/web_1820-nas-leica-MD4L.tif.jpg,1.67,ORG,,2025-06-13 13:23:16.723333
941,https://www.france-optique.com/gravures/fournisseur=2532,MONOVID® DIGITAL Cat.4,https://si.france-optique.com/img/gravures/nasal/web_1820-nas-leica-MD4L.tif.jpg,1.74,ORG,,2025-06-13 13:23:16.846666
942,https://www.france-optique.com/gravures/fournisseur=2532,"MONOVID® DIGITAL Cat.1 Blanc, ESM, Transitions®, Transitions® XTRActive™, Polarisant",https://si.france-optique.com/img/gravures/nasal/web_1819-nas-leica-MD1L.tif.jpg,1.5,ORG,,2025-06-13 13:23:16.973333
943,https://www.france-optique.com/gravures/fournisseur=2532,"MONOVID® DIGITAL Cat.1 Blanc, ESM, Transitions®, Transitions® XTRActive™, Polarisant",https://si.france-optique.com/img/gravures/nasal/web_1819-nas-leica-MD1L.tif.jpg,1.6,ORG,,2025-06-13 13:23:17.076666
944,https://www.france-optique.com/gravures/fournisseur=2532,"MONOVID® DIGITAL Cat.1 Blanc, ESM, Transitions®, Transitions® XTRActive™, Polarisant",https://si.france-optique.com/img/gravures/nasal/web_1819-nas-leica-MD1L.tif.jpg,1.67,ORG,,2025-06-13 13:23:17.183333
945,https://www.france-optique.com/gravures/fournisseur=2532,MONOVID® DIGITAL Cat.1,https://si.france-optique.com/img/gravures/nasal/web_1819-nas-leica-MD1L.tif.jpg,1.74,ORG,,2025-06-13 13:23:17.293333
946,https://www.france-optique.com/gravures/fournisseur=2532,"MONOVID® Cat.3 Blanc, ESM, Transitions®, Transitions® XTRActive™, Polarisant",https://si.france-optique.com/img/gravures/nasal/web_1818-nas-leica-M3L.tif.jpg,1.5,ORG,,2025-06-13 13:23:17.400000
947,https://www.france-optique.com/gravures/fournisseur=2532,"MONOVID® Cat.3 Blanc, ESM, Transitions®, Transitions® XTRActive™, Polarisant",https://si.france-optique.com/img/gravures/nasal/web_1818-nas-leica-M3L.tif.jpg,1.6,ORG,,2025-06-13 13:23:17.506666
948,https://www.france-optique.com/gravures/fournisseur=2532,"MONOVID® Cat.3 Blanc, ESM, Transitions®, Transitions® XTRActive™, Polarisant",https://si.france-optique.com/img/gravures/nasal/web_1818-nas-leica-M3L.tif.jpg,1.67,ORG,,2025-06-13 13:23:17.630000
949,https://www.france-optique.com/gravures/fournisseur=2532,MONOVID® Cat.3,https://si.france-optique.com/img/gravures/nasal/web_1818-nas-leica-M3L.tif.jpg,1.74,ORG,,2025-06-13 13:23:17.746666
950,https://www.france-optique.com/gravures/fournisseur=2532,"MONOVID® Cat.1 Blanc, ESM, Transitions®, Transitions® XTRActive™, Polarisant",https://si.france-optique.com/img/gravures/nasal/web_1817-nas-leica-M1L.tif.jpg,1.5,ORG,,2025-06-13 13:23:17.850000
951,https://www.france-optique.com/gravures/fournisseur=2532,"MONOVID® Cat.1 Blanc, ESM, Transitions®, Transitions® XTRActive™, Polarisant",https://si.france-optique.com/img/gravures/nasal/web_1817-nas-leica-M1L.tif.jpg,1.6,ORG,,2025-06-13 13:23:17.940000
952,https://www.france-optique.com/fournisseur/1344-bbgr-optique/gravures,Progressif Forte Puissance OR167,https://si.france-optique.com/img/gravures/nasal/web_1557-BBGRPROGRESSIFfortepuissance167Nasal.tif.jpg,1.67,ORG,Produits optiques : BBGR OPTIQUE,2025-06-13 13:23:18.070000
953,https://www.france-optique.com/fournisseur/1344-bbgr-optique/gravures,Pulseo PdM 03 OR15,https://si.france-optique.com/img/gravures/nasal/web_1857-Pulseo-Pdm-5.tif.jpg,1.5,ORG,Produits optiques : BBGR OPTIQUE,2025-06-13 13:23:18.193333
954,https://www.france-optique.com/fournisseur/1344-bbgr-optique/gravures,Pulseo PdM 06 OR15,https://si.france-optique.com/img/gravures/nasal/web_1857-Pulseo-Pdm-5.tif.jpg,1.5,ORG,Produits optiques : BBGR OPTIQUE,2025-06-13 13:23:18.316666
955,https://www.france-optique.com/fournisseur/1344-bbgr-optique/gravures,Pulseo PdM 09 OR15,https://si.france-optique.com/img/gravures/nasal/web_1857-Pulseo-Pdm-5.tif.jpg,1.5,ORG,Produits optiques : BBGR OPTIQUE,2025-06-13 13:23:18.420000
956,https://www.france-optique.com/fournisseur/1344-bbgr-optique/gravures,Pulseo PdM 03 OR16,https://si.france-optique.com/img/gravures/nasal/web_1858-Pulseo-Pdm-6.tif.jpg,1.6,ORG,Produits optiques : BBGR OPTIQUE,2025-06-13 13:23:18.523333
957,https://www.france-optique.com/fournisseur/1344-bbgr-optique/gravures,Pulseo PdM 06 OR16,https://si.france-optique.com/img/gravures/nasal/web_1858-Pulseo-Pdm-6.tif.jpg,1.6,ORG,Produits optiques : BBGR OPTIQUE,2025-06-13 13:23:18.663333
958,https://www.france-optique.com/fournisseur/1344-bbgr-optique/gravures,Pulseo PdM 09 OR16,https://si.france-optique.com/img/gravures/nasal/web_1858-Pulseo-Pdm-6.tif.jpg,1.6,ORG,Produits optiques : BBGR OPTIQUE,2025-06-13 13:23:18.790000
959,https://www.france-optique.com/fournisseur/1344-bbgr-optique/gravures,Pulseo PdM 03 OR167,https://si.france-optique.com/img/gravures/nasal/web_1859-Pulseo-Pdm-67.tif.jpg,1.67,ORG,Produits optiques : BBGR OPTIQUE,2025-06-13 13:23:18.906666
960,https://www.france-optique.com/fournisseur/1344-bbgr-optique/gravures,Pulseo PdM 06 OR167,https://si.france-optique.com/img/gravures/nasal/web_1859-Pulseo-Pdm-67.tif.jpg,1.67,ORG,Produits optiques : BBGR OPTIQUE,2025-06-13 13:23:19.036666
961,https://www.france-optique.com/fournisseur/1344-bbgr-optique/gravures,Pulseo PdM 09 OR167,https://si.france-optique.com/img/gravures/nasal/web_1859-Pulseo-Pdm-67.tif.jpg,1.67,ORG,Produits optiques : BBGR OPTIQUE,2025-06-13 13:23:19.163333
962,https://www.france-optique.com/fournisseur/1344-bbgr-optique/gravures,Pulseo PdM 03 OR174,https://si.france-optique.com/img/gravures/nasal/web_1860-Pulseo-Pdm-74.tif.jpg,1.74,ORG,Produits optiques : BBGR OPTIQUE,2025-06-13 13:23:19.286666
963,https://www.france-optique.com/fournisseur/1344-bbgr-optique/gravures,Pulseo PdM 06 OR174,https://si.france-optique.com/img/gravures/nasal/web_1860-Pulseo-Pdm-74.tif.jpg,1.74,ORG,Produits optiques : BBGR OPTIQUE,2025-06-13 13:23:19.386666
964,https://www.france-optique.com/fournisseur/1344-bbgr-optique/gravures,Pulseo PdM 09 OR174,https://si.france-optique.com/img/gravures/nasal/web_1860-Pulseo-Pdm-74.tif.jpg,1.74,ORG,Produits optiques : BBGR OPTIQUE,2025-06-13 13:23:19.516666
965,https://www.france-optique.com/gravures/fournisseur=1407,"SEIKO PRIME Xceed / FR 1,67 IP+ Bl. /Sens./PolarT.",https://si.france-optique.com/img/gravures/nasal/web_268-nas-seiko-02.tif.jpg,1.67,ORG,SEIKO OPTICAL FRANCE,2025-06-13 13:23:19.640000
966,https://www.france-optique.com/gravures/fournisseur=1407,"SEIKO PRIME Xceed / FR 1,60 IP+ Bl./Sens./PolarT.",https://si.france-optique.com/img/gravures/nasal/web_270-nas-seiko-04.tif.jpg,1.6,ORG,SEIKO OPTICAL FRANCE,2025-06-13 13:23:19.740000
967,https://www.france-optique.com/gravures/fournisseur=1407,"SEIKO PRIME Xceed / FR 1,50 Bl./Sens./Pola.",https://si.france-optique.com/img/gravures/nasal/web_271-nas-seiko-05.tif.jpg,1.5,ORG,SEIKO OPTICAL FRANCE,2025-06-13 13:23:19.856666
968,https://www.france-optique.com/gravures/fournisseur=1407,"SEIKO PRIME X 1,74 IP+ Bl.",https://si.france-optique.com/img/gravures/nasal/web_267-nas-seiko-01.tif.jpg,1.74,ORG,SEIKO OPTICAL FRANCE,2025-06-13 13:23:19.986666
969,https://www.france-optique.com/gravures/fournisseur=1407,"SEIKO PRIME X / FR 1,67 IP+ Bl./Sens./PolarT.",https://si.france-optique.com/img/gravures/nasal/web_268-nas-seiko-02.tif.jpg,1.67,ORG,SEIKO OPTICAL FRANCE,2025-06-13 13:23:20.110000
970,https://www.france-optique.com/gravures/fournisseur=1407,"SEIKO PRIME X / FR 1,60 IP+ Bl./Sens./PolarT.",https://si.france-optique.com/img/gravures/nasal/web_270-nas-seiko-04.tif.jpg,1.6,ORG,SEIKO OPTICAL FRANCE,2025-06-13 13:23:20.226666
971,https://www.france-optique.com/gravures/fournisseur=1407,"SEIKO PRIME X / FR 1,50 Bl./Sens./Pola.",https://si.france-optique.com/img/gravures/nasal/web_271-nas-seiko-05.tif.jpg,1.5,ORG,SEIKO OPTICAL FRANCE,2025-06-13 13:23:20.356666
972,https://www.france-optique.com/gravures/fournisseur=1407,"SEIKO SUPERIOR Xcel 1,74 IP+ Bl.",https://si.france-optique.com/img/gravures/nasal/web_267-nas-seiko-01.tif.jpg,1.74,ORG,SEIKO OPTICAL FRANCE,2025-06-13 13:23:20.470000
973,https://www.france-optique.com/gravures/fournisseur=1407,"SEIKO SUPERIOR Xcel 1,67 IP+ Bl./Sens./PolarT.",https://si.france-optique.com/img/gravures/nasal/web_268-nas-seiko-02.tif.jpg,1.67,ORG,SEIKO OPTICAL FRANCE,2025-06-13 13:23:20.583333
974,https://www.france-optique.com/gravures/fournisseur=1407,"SEIKO SUPERIOR Xcel 1,60 IP+ Bl./Sens./PolarT.",https://si.france-optique.com/img/gravures/nasal/web_270-nas-seiko-04.tif.jpg,1.6,ORG,SEIKO OPTICAL FRANCE,2025-06-13 13:23:20.683333
975,https://www.france-optique.com/gravures/fournisseur=1407,"SEIKO SUPERIOR Xcel 1,50 Bl./Sens./Pola.",https://si.france-optique.com/img/gravures/nasal/web_271-nas-seiko-05.tif.jpg,1.5,ORG,SEIKO OPTICAL FRANCE,2025-06-13 13:23:20.793333
976,https://www.france-optique.com/gravures/fournisseur=1407,"SEIKO SUPERIOR 1,74 IP+ Bl.",https://si.france-optique.com/img/gravures/nasal/web_267-nas-seiko-01.tif.jpg,1.74,ORG,SEIKO OPTICAL FRANCE,2025-06-13 13:23:20.920000
977,https://www.france-optique.com/gravures/fournisseur=1407,"SEIKO SUPERIOR 1,67 IP+ Bl./PolarT.",https://si.france-optique.com/img/gravures/nasal/web_268-nas-seiko-02.tif.jpg,1.67,ORG,SEIKO OPTICAL FRANCE,2025-06-13 13:23:21.030000
978,https://www.france-optique.com/gravures/fournisseur=1407,"SEIKO SUPERIOR 1,60 IP+ Bl./PolarT.",https://si.france-optique.com/img/gravures/nasal/web_270-nas-seiko-04.tif.jpg,1.6,ORG,SEIKO OPTICAL FRANCE,2025-06-13 13:23:21.176666
979,https://www.france-optique.com/gravures/fournisseur=1407,"SEIKO SUPERIOR 1,50 Bl./Pola.",https://si.france-optique.com/img/gravures/nasal/web_271-nas-seiko-05.tif.jpg,1.5,ORG,SEIKO OPTICAL FRANCE,2025-06-13 13:23:21.300000
980,https://www.france-optique.com/gravures/fournisseur=1407,"SEIKO EMBLEM XtraWide 1,74 IP+ Bl.",https://si.france-optique.com/img/gravures/nasal/web_267-nas-seiko-01.tif.jpg,1.74,ORG,SEIKO OPTICAL FRANCE,2025-06-13 13:23:21.403333
981,https://www.france-optique.com/gravures/fournisseur=1407,"SEIKO EMBLEM XtraWide / FR 1,67 IP+ Bl./Sens./ PolarT.",https://si.france-optique.com/img/gravures/nasal/web_268-nas-seiko-02.tif.jpg,1.67,ORG,SEIKO OPTICAL FRANCE,2025-06-13 13:23:21.510000
982,https://www.france-optique.com/gravures/fournisseur=1407,"SEIKO EMBLEM XtraWide / FR 1,60 IP+ Bl./Sens./ PolarT.",https://si.france-optique.com/img/gravures/nasal/web_270-nas-seiko-04.tif.jpg,1.6,ORG,SEIKO OPTICAL FRANCE,2025-06-13 13:23:21.630000
983,https://www.france-optique.com/gravures/fournisseur=1407,"SEIKO EMBLEM XtraWide/ FR 1,50 Bl./Sens./Pola.",https://si.france-optique.com/img/gravures/nasal/web_271-nas-seiko-05.tif.jpg,1.5,ORG,SEIKO OPTICAL FRANCE,2025-06-13 13:23:21.736666
984,https://www.france-optique.com/gravures/fournisseur=1407,"SEIKO SYNERGY Xtra 1,74 IP+ Bl.",https://si.france-optique.com/img/gravures/nasal/web_267-nas-seiko-01.tif.jpg,1.74,ORG,SEIKO OPTICAL FRANCE,2025-06-13 13:23:21.870000
985,https://www.france-optique.com/gravures/fournisseur=2069,Impression B.I.G. EXACT Mono Sport 1.67,65 67,1.67,ORg,RODENSTOCK,2025-06-13 13:23:21.920000
986,https://www.france-optique.com/gravures/fournisseur=2069,"""Impression B.I.G. EXACT Sensitive Active/ Allround L/ Allround M/ Allround V/ Allround S/ Expert/ Individual/ Road""",65 50,1.5,ORG,RODENSTOCK,2025-06-13 13:23:21.973333
987,https://www.france-optique.com/gravures/fournisseur=2069,"""Impression B.I.G. EXACT Sensitive Active/ Allround L/ Allround M/ Allround V/ Allround S/ Expert/ Individual/ Road""",65 54,1.54,ORG,RODENSTOCK,2025-06-13 13:23:22.040000
988,https://www.france-optique.com/gravures/fournisseur=2069,"""Impression B.I.G. EXACT Sensitive Active/ Allround L/ Allround M/ Allround V/ Allround S/ Expert/ Individual/ Road""",65 60,1.6,ORG,RODENSTOCK,2025-06-13 13:23:22.090000
989,https://www.france-optique.com/gravures/fournisseur=2069,"""Impression B.I.G. EXACT Sensitive Active/ Allround L/ Allround M/ Allround V/ Allround S/ Expert/ Individual/ Road""",65 67,1.67,ORG,RODENSTOCK,2025-06-13 13:23:22.140000
990,https://www.france-optique.com/gravures/fournisseur=2069,"""Impression B.I.G. EXACT Sensitive Active/ Allround L/ Allround M/ Allround V/ Allround S/ Expert/ Individual/ Road""",65 74,1.74,ORG,RODENSTOCK,2025-06-13 13:23:22.190000
991,https://www.france-optique.com/gravures/fournisseur=2069,Impression B.I.G. EXACT Sensitive Ergo Book / PC / Room,65 50,1.5,OG,RODENSTOCK,2025-06-13 13:23:22.240000
992,https://www.france-optique.com/gravures/fournisseur=2069,Impression B.I.G. EXACT Sensitive Ergo Book / PC / Room,65 54,1.54,ORG,RODENSTOCK,2025-06-13 13:23:22.293333
993,https://www.france-optique.com/gravures/fournisseur=2069,Impression B.I.G. EXACT Sensitive Ergo Book / PC / Room,65 60,1.6,ORG,RODENSTOCK,2025-06-13 13:23:22.346666
994,https://www.france-optique.com/gravures/fournisseur=2069,Impression B.I.G. EXACT Sensitive Ergo Book / PC / Room,65 67,1.67,ORG,RODENSTOCK,2025-06-13 13:23:22.400000
995,https://www.france-optique.com/gravures/fournisseur=2069,Impression B.I.G. EXACT Sensitive Ergo Book / PC / Room,65 74,1.74,ORG,RODENSTOCK,2025-06-13 13:23:22.450000
996,https://www.france-optique.com/gravures/fournisseur=2069,Impression B.I.G. EXACT Sensitive Mono + + 0.5 / + 0.8 / + 1.1,65 50,1.5,ORG,RODENSTOCK,2025-06-13 13:23:22.500000
997,https://www.france-optique.com/gravures/fournisseur=2069,Impression B.I.G. EXACT Sensitive Mono + + 0.5 / + 0.8 / + 1.1,65 54,1.54,ORG,RODENSTOCK,2025-06-13 13:23:22.546666
998,https://www.france-optique.com/gravures/fournisseur=2069,Impression B.I.G. EXACT Sensitive Mono + + 0.5 / + 0.8 / + 1.1,65 60,1.6,ORG,RODENSTOCK,2025-06-13 13:23:22.596666
999,https://www.france-optique.com/gravures/fournisseur=2069,Impression B.I.G. EXACT Sensitive Mono + + 0.5 / + 0.8 / + 1.1,65 67,1.67,ORG,RODENSTOCK,2025-06-13 13:23:22.650000
1000,https://www.france-optique.com/gravures/fournisseur=2069,Impression B.I.G. EXACT Sensitive Mono + + 0.5 / + 0.8 / + 1.1,65 74,1.74,ORG,RODENSTOCK,2025-06-13 13:23:22.696666
1001,https://www.france-optique.com/gravures/fournisseur=2069,Impression B.I.G. EXACT Sensitive Mono,65 50,1.5,ORG,RODENSTOCK,2025-06-13 13:23:22.750000
1002,https://www.france-optique.com/gravures/fournisseur=2069,Impression B.I.G. EXACT Sensitive Mono,65 54,1.54,ORG,RODENSTOCK,2025-06-13 13:23:22.796666
1003,https://www.france-optique.com/gravures/fournisseur=2069,Impression B.I.G. EXACT Sensitive Mono,65 60,1.6,ORG,RODENSTOCK,2025-06-13 13:23:22.850000
1004,https://www.france-optique.com/gravures/fournisseur=2069,Impression B.I.G. EXACT Sensitive Mono,65 67,1.67,ORG,RODENSTOCK,2025-06-13 13:23:22.900000
1005,https://www.france-optique.com/gravures/fournisseur=2069,Impression B.I.G. EXACT Sensitive Mono,65 74,1.74,ORG,RODENSTOCK,2025-06-13 13:23:22.950000
1006,https://www.france-optique.com/gravures/fournisseur=2069,Impression B.I.G. EXACT Sensitive Sport,65 50,1.5,ORG,RODENSTOCK,2025-06-13 13:23:23.000000
1007,https://www.france-optique.com/gravures/fournisseur=2069,Impression B.I.G. EXACT Sensitive Sport,65 60,1.6,ORG,RODENSTOCK,2025-06-13 13:23:23.046666
1008,https://www.france-optique.com/gravures/fournisseur=2069,Impression B.I.G. EXACT Sensitive Sport,65 67,1.67,ORG,RODENSTOCK,2025-06-13 13:23:23.093333
1009,https://www.france-optique.com/gravures/fournisseur=2069,Impression B.I.G. EXACT Sensitive Mono Sport,65 50,1.5,ORG,RODENSTOCK,2025-06-13 13:23:23.143333
1010,https://www.france-optique.com/gravures/fournisseur=2069,Impression B.I.G. EXACT Sensitive Mono Sport,65 60,1.6,ORG,RODENSTOCK,2025-06-13 13:23:23.193333
1011,https://www.france-optique.com/gravures/fournisseur=2069,Impression B.I.G. EXACT Sensitive Mono Sport,65 67,1.67,ORG,RODENSTOCK,2025-06-13 13:23:23.246666
1012,https://www.france-optique.com/gravures/fournisseur=2069,MyCon ou MyCon2,,1.5,ORG,RODENSTOCK,2025-06-13 13:23:23.316666
1013,https://www.france-optique.com/gravures/fournisseur=2069,MyCon ou MyCon2,,1.6,ORG,RODENSTOCK,2025-06-13 13:23:23.383333
1014,https://www.france-optique.com/gravures/fournisseur=2069,MyCon ou MyCon2,,1.67,ORG,RODENSTOCK,2025-06-13 13:23:23.446666
1015,https://www.france-optique.com/gravures/fournisseur=2069,MyCon ou MyCon2,,1.74,ORG,RODENSTOCK,2025-06-13 13:23:23.503333
1016,https://www.france-optique.com/gravures/fournisseur=2217,Kléra HD Platinium 1.67 BLUE/KUT SE,KHD 1.67 BK,1.67,ORG,K OPTICAL,2025-06-13 13:23:23.556666
1017,https://www.france-optique.com/gravures/fournisseur=2217,Kléra Sport 1.67 BLUE/KUT SE,KSP 1.67 BK,1.67,ORG,K OPTICAL,2025-06-13 13:23:23.606666
1018,https://www.france-optique.com/gravures/fournisseur=2217,K Platinium 1.67 BLUE/KUT SE,K+ 1.67 BK,1.67,ORG,K OPTICAL,2025-06-13 13:23:23.656666
1019,https://www.france-optique.com/gravures/fournisseur=2217,K Repos 1.67,KR 1.67,1.67,ORG,K OPTICAL,2025-06-13 13:23:23.710000
1020,https://www.france-optique.com/gravures/fournisseur=2217,K Sport 1.67 BLUE/KUT SE,KS 1.67 BK,1.67,ORG,K OPTICAL,2025-06-13 13:23:23.760000
1021,https://www.france-optique.com/gravures/fournisseur=2217,Kléra HD Platinium Trivex BLUE/KUT SE,"KHD
1.53 BK",1.53,TVX,K OPTICAL,2025-06-13 13:23:23.813333
1022,https://www.france-optique.com/gravures/fournisseur=2217,Kléra Plus Evo 1.67 Kromatic BLUE/KUT SE Brun et Gris,"K+
1.67 KB",1.67,ORG PHO,K OPTICAL,2025-06-13 13:23:23.863333
1023,https://www.france-optique.com/gravures/fournisseur=2217,K Desk 1.5 Kromatic BLUE/KUT SE Brun et Gris,"D
1.5 KB",1.5,ORG PHO,K OPTICAL,2025-06-13 13:23:23.913333
1024,https://www.france-optique.com/gravures/fournisseur=2217,Kléra HD Platinium Trivex Polarisant Brun et Gris,KHD 1.53 POL,1.53,TVX POLA.,K OPTICAL,2025-06-13 13:23:24.036666
1025,https://www.france-optique.com/gravures/fournisseur=2217,Kléra HD Platinium 1.67 Kromatic Brun et Gris,KHD 1.67 K,1.67,ORG PHO.,K OPTICAL,2025-06-13 13:23:24.096666
1026,https://www.france-optique.com/gravures/fournisseur=2217,Kléra Sport 1.67 Kromatic Brun et Gris,KSP 1.67 K,1.67,ORG PHO.,K OPTICAL,2025-06-13 13:23:24.150000
1027,https://www.france-optique.com/gravures/fournisseur=2217,"Kléra Plus Evo 1.67 Transitions 8 Brun, Gris et Vert",K+ 1.67 T8,1.67,ORG TRANS,K OPTICAL,2025-06-13 13:23:24.200000
1028,https://www.france-optique.com/gravures/fournisseur=2217,K Office 1.5,O 1.5,1.5,ORG,K OPTICAL,2025-06-13 13:23:24.250000
1029,https://www.france-optique.com/gravures/fournisseur=2217,K Platinium 1.67 Kromatic Brun et Gris,K+ 1.67 K,1.67,ORG PHO,K OPTICAL,2025-06-13 13:23:24.300000
1030,https://www.france-optique.com/gravures/fournisseur=2217,K Repos 1.67 BLUE/KUT SE,KR 1.67 BK,1.67,ORG,K OPTICAL,2025-06-13 13:23:24.350000
1031,https://www.france-optique.com/gravures/fournisseur=2217,K Sport 1.67 Kromatic Brun et Gris,KS 1.67 K,1.67,ORG PHO,K OPTICAL,2025-06-13 13:23:24.403333
1032,https://www.france-optique.com/gravures/fournisseur=2217,Kléra HD Platinium Trivex Transitions 8 Brun et Gris,KHD 1.53 T8,1.53,TVX TRANS,K OPTICAL,2025-06-13 13:23:24.456666
1033,https://www.france-optique.com/gravures/fournisseur=2217,Kléra Plus Evo 1.67 Transitions Xtractive Brun et Gris,K+ 1.67 XT,1.67,ORG TRANS,K OPTICAL,2025-06-13 13:23:24.510000
1034,https://www.france-optique.com/gravures/fournisseur=2217,K Office 1.5 BLUE/KUT SE,O 1.5 BK,1.5,ORG,K OPTICAL,2025-06-13 13:23:24.566666
1035,https://www.france-optique.com/gravures/fournisseur=2217,K Repos 1.67 Kromatic Brun et Gris,KR 1.67 K,1.67,ORG PHO,K OPTICAL,2025-06-13 13:23:24.613333
1036,https://www.france-optique.com/gravures/fournisseur=2217,Kléra HD Platinium 1.67 Kromatic BLUEKUT SE Brun et Gris,"KHD
1.67 KB",1.67,ORG PHO,K OPTICAL,2025-06-13 13:23:24.666666
1037,https://www.france-optique.com/gravures/fournisseur=2217,Kléra Sport 1.67 Kromatic BLUE/KUT SE Brun et Gris,"KSP
1.67 KB",1.67,ORG PHO,K OPTICAL,2025-06-13 13:23:24.720000
1038,https://www.france-optique.com/gravures/fournisseur=2217,K Platinium 1.67 Kromatic BLUE/KUT SE Brun et Gris,"K+ 
1.67 KB",1.67,ORG PHO,K OPTICAL,2025-06-13 13:23:24.773333
1039,https://www.france-optique.com/gravures/fournisseur=2217,K Sport 1.67 Kromatic BLUE/KUT SE Brun et Gris,"KS 
1.67 KB",1.67,ORG PHO,K OPTICAL,2025-06-13 13:23:24.823333
1040,https://www.france-optique.com/gravures/fournisseur=2217,Kléra HD Platinium Trivex Transitions Xtractive Gris,KHD 1.53 XT,1.53,TVX TRANS,K OPTICAL,2025-06-13 13:23:24.873333
1041,https://www.france-optique.com/gravures/fournisseur=2217,Kléra HD Platinium 1.67 Polarisant Brun et Gris,KHD 1.67 POL,1.67,ORG POLA.,K OPTICAL,2025-06-13 13:23:24.926666
1042,https://www.france-optique.com/gravures/fournisseur=2217,Kléra Sport 1.67 Polarisant Brun et Gris,KSP 1.67 POL,1.67,ORG POLA.,K OPTICAL,2025-06-13 13:23:24.980000
1043,https://www.france-optique.com/gravures/fournisseur=2217,K Office 1.5 Kromatic Brun et Gris,O 1.5 K,1.5,ORG PHO.,K OPTICAL,2025-06-13 13:23:25.036666
1044,https://www.france-optique.com/gravures/fournisseur=2217,K Platinium 1.67 Polarisant Brun et Gris,K+ 1.67 POL,1.67,ORG POLA,K OPTICAL,2025-06-13 13:23:25.090000
1045,https://www.france-optique.com/gravures/fournisseur=2217,K Sport 1.67 Polarisant Brun et Gris,KS 1.67 POL,1.67,ORG POLA,K OPTICAL,2025-06-13 13:23:25.140000
1046,https://www.france-optique.com/gravures/fournisseur=2217,Kléra Plus Evo 1.67 Transitions 8 Style,"K+
1.67 TS",1.67,ORG TRANS,K OPTICAL,2025-06-13 13:23:25.193333
1047,https://www.france-optique.com/gravures/fournisseur=2217,K Repos 1.67 Kromatic BLUE/KUT SE Brun et Gris,"KR 
1.67 KB",1.67,ORG PHO,K OPTICAL,2025-06-13 13:23:25.243333
1048,https://www.france-optique.com/gravures/fournisseur=521,Varilux Digitime Mid Fit Orma Blanc,https://si.france-optique.com/img/gravures/nasal/web_2030-677-nas-essilor-62.tif.jpg,1.5,ORG,Fournisseur : ESSILOR FR ...,2025-06-13 13:23:25.403333
1049,https://www.france-optique.com/gravures/fournisseur=521,Varilux Digitime Room Stylis Eye Protect System,https://si.france-optique.com/img/gravures/nasal/web_678-nas-essilor-63.tif.jpg,1.67,ORG,Fournisseur : ESSILOR FR ...,2025-06-13 13:23:25.513333
1050,https://www.france-optique.com/gravures/fournisseur=521,Varilux Digitime Room Stylis Blanc,https://si.france-optique.com/img/gravures/nasal/web_678-nas-essilor-63.tif.jpg,1.67,ORG,Fournisseur : ESSILOR FR ...,2025-06-13 13:23:25.650000
1051,https://www.france-optique.com/gravures/fournisseur=521,Varilux Digitime Room Ormix Eye Protect System,https://si.france-optique.com/img/gravures/nasal/web_679-nas-essilor-64.tif.jpg,1.6,ORG,Fournisseur : ESSILOR FR ...,2025-06-13 13:23:25.770000
1052,https://www.france-optique.com/gravures/fournisseur=521,Varilux Digitime Room Ormix Blanc,https://si.france-optique.com/img/gravures/nasal/web_679-nas-essilor-64.tif.jpg,1.6,ORG,Fournisseur : ESSILOR FR ...,2025-06-13 13:23:25.896666
1053,https://www.france-optique.com/gravures/fournisseur=521,Varilux Digitime Room Airwear Eye Protect System,https://si.france-optique.com/img/gravures/nasal/web_680-nas-essilor-65.tif.jpg,1.59,ORG,Fournisseur : ESSILOR FR ...,2025-06-13 13:23:26.026666
1054,https://www.france-optique.com/gravures/fournisseur=521,Varilux Digitime Room Airwear Blanc,https://si.france-optique.com/img/gravures/nasal/web_680-nas-essilor-65.tif.jpg,1.59,ORG,Fournisseur : ESSILOR FR ...,2025-06-13 13:23:26.133333
1055,https://www.france-optique.com/gravures/fournisseur=521,Varilux Digitime Room Orma Eye Protect System,https://si.france-optique.com/img/gravures/nasal/web_2032-681-nas-essilor-66.tif.jpg,1.5,ORG,Fournisseur : ESSILOR FR ...,2025-06-13 13:23:26.240000
1056,https://www.france-optique.com/gravures/fournisseur=521,Varilux Digitime Room Orma Blanc,https://si.france-optique.com/img/gravures/nasal/web_2032-681-nas-essilor-66.tif.jpg,1.5,ORG,Fournisseur : ESSILOR FR ...,2025-06-13 13:23:26.370000
1110,https://www.france-optique.com/gravures/fournisseur=1407,"CLASSE A 1,50 Bl.",5,1.5,ORG,SEIKO OPTICAL FRANCE,2025-06-13 13:23:32.273333
1057,https://www.france-optique.com/gravures/fournisseur=521,Varilux Digitime Room Fit Stylis Eye Protect System,https://si.france-optique.com/img/gravures/nasal/web_678-nas-essilor-63.tif.jpg,1.67,ORG,Fournisseur : ESSILOR FR ...,2025-06-13 13:23:26.496666
1058,https://www.france-optique.com/gravures/fournisseur=521,Varilux Digitime Room Fit Stylis Blanc,https://si.france-optique.com/img/gravures/nasal/web_678-nas-essilor-63.tif.jpg,1.67,ORG,Fournisseur : ESSILOR FR ...,2025-06-13 13:23:26.603333
1059,https://www.france-optique.com/gravures/fournisseur=521,Varilux Digitime Room Fit Ormix Eye Protect System,https://si.france-optique.com/img/gravures/nasal/web_679-nas-essilor-64.tif.jpg,1.6,ORG,Fournisseur : ESSILOR FR ...,2025-06-13 13:23:26.720000
1060,https://www.france-optique.com/gravures/fournisseur=521,Varilux Digitime Room Fit Ormix Blanc,https://si.france-optique.com/img/gravures/nasal/web_679-nas-essilor-64.tif.jpg,1.6,ORG,Fournisseur : ESSILOR FR ...,2025-06-13 13:23:26.823333
1061,https://www.france-optique.com/gravures/fournisseur=521,Varilux Digitime Room Fit Airwear Eye Protect System,https://si.france-optique.com/img/gravures/nasal/web_680-nas-essilor-65.tif.jpg,1.59,ORG,Fournisseur : ESSILOR FR ...,2025-06-13 13:23:26.926666
1062,https://www.france-optique.com/gravures/fournisseur=521,Varilux Digitime Room Fit Airwear Blanc,https://si.france-optique.com/img/gravures/nasal/web_680-nas-essilor-65.tif.jpg,1.59,ORG,Fournisseur : ESSILOR FR ...,2025-06-13 13:23:27.033333
1063,https://www.france-optique.com/gravures/fournisseur=521,Varilux Digitime Room Fit Orma Eye Protect System,https://si.france-optique.com/img/gravures/nasal/web_2032-681-nas-essilor-66.tif.jpg,1.5,ORG,Fournisseur : ESSILOR FR ...,2025-06-13 13:23:27.160000
1064,https://www.france-optique.com/gravures/fournisseur=521,Varilux Digitime Room Fit Orma Blanc,https://si.france-optique.com/img/gravures/nasal/web_2032-681-nas-essilor-66.tif.jpg,1.5,ORG,Fournisseur : ESSILOR FR ...,2025-06-13 13:23:27.283333
1065,https://www.france-optique.com/gravures/fournisseur=521,Varilux Sport,https://si.france-optique.com/img/gravures/nasal/web_683-nas-essilor-68.tif.jpg,1.59,ORG,Fournisseur : ESSILOR FR ...,2025-06-13 13:23:27.390000
1066,https://www.france-optique.com/gravures/fournisseur=521,Varilux Road Pilot II Orma ( variation 0.75 ),https://si.france-optique.com/img/gravures/nasal/web_1298-nas-essilor-19%20new.tif.jpg,1.5,ORG,Fournisseur : ESSILOR FR ...,2025-06-13 13:23:27.496666
1067,https://www.france-optique.com/gravures/fournisseur=521,Essilor Amatsi Xtra Fit Stylis et Stylis Transitions,https://si.france-optique.com/img/gravures/nasal/web_688-nas-essilor-71.tif.jpg,1.67,ORG,Fournisseur : ESSILOR FR ...,2025-06-13 13:23:27.606666
1068,https://www.france-optique.com/gravures/fournisseur=521,Essilor Amatsi Xtra Fit Ormix et Ormix Transitions,https://si.france-optique.com/img/gravures/nasal/web_689-nas-essilor-72.tif.jpg,1.6,ORG,Fournisseur : ESSILOR FR ...,2025-06-13 13:23:27.713333
1069,https://www.france-optique.com/gravures/fournisseur=521,Essilor Amatsi Xtra Fit Airwear et Airwear Transitions,https://si.france-optique.com/img/gravures/nasal/web_690-nas-essilor-73.tif.jpg,1.59,ORG,Fournisseur : ESSILOR FR ...,2025-06-13 13:23:27.850000
1070,https://www.france-optique.com/gravures/fournisseur=521,Essilor Amatsi Xtra Fit Orma et Orma Transitions,https://si.france-optique.com/img/gravures/nasal/web_2020-690-nas-essilor-74.tif.jpg,1.5,ORG,Fournisseur : ESSILOR FR ...,2025-06-13 13:23:27.943333
1071,https://www.france-optique.com/gravures/fournisseur=521,Essilor Amatsi Xtra Stylis et Stylis Transitions,https://si.france-optique.com/img/gravures/nasal/web_693-nas-essilor-76.tif.jpg,1.67,ORG,Fournisseur : ESSILOR FR ...,2025-06-13 13:23:28.063333
1072,https://www.france-optique.com/gravures/fournisseur=521,Essilor Amatsi Xtra Ormix et Ormix Transitions,https://si.france-optique.com/img/gravures/nasal/web_694-nas-essilor-77.tif.jpg,1.6,ORG,Fournisseur : ESSILOR FR ...,2025-06-13 13:23:28.193333
1234,https://www.france-optique.com/gravures/fournisseur=2217,K Office 1.5 Kromatic BLUE/KUT SE Brun et Gris,O   1.5 KB,1.5,ORG PHO,K OPTICAL,2025-06-13 13:23:46.256666
1073,https://www.france-optique.com/gravures/fournisseur=521,Essilor Amatsi Xtra Airwear et Airwear Transitions,https://si.france-optique.com/img/gravures/nasal/web_695-nas-essilor-78.tif.jpg,1.59,ORG,Fournisseur : ESSILOR FR ...,2025-06-13 13:23:28.303333
1074,https://www.france-optique.com/gravures/fournisseur=521,Essilor Amatsi Xtra Orma et Orma Transitions,https://si.france-optique.com/img/gravures/nasal/web_2013-692-nas-essilor-75.tif.jpg,1.5,ORG,Fournisseur : ESSILOR FR ...,2025-06-13 13:23:28.406666
1075,https://www.france-optique.com/gravures/fournisseur=521,Essilor Amatsi Xtra Short Stylis,https://si.france-optique.com/img/gravures/nasal/web_697-nas-essilor-80.tif.jpg,1.67,ORG,Fournisseur : ESSILOR FR ...,2025-06-13 13:23:28.540000
1076,https://www.france-optique.com/gravures/fournisseur=521,Essilor Amatsi Xtra Short Ormix,https://si.france-optique.com/img/gravures/nasal/web_698-nas-essilor-81.tif.jpg,1.6,ORG,Fournisseur : ESSILOR FR ...,2025-06-13 13:23:28.663333
1077,https://www.france-optique.com/gravures/fournisseur=2532,"MONOVID® Cat.1 Blanc, ESM, Transitions®, Transitions® XTRActive™, Polarisant",https://si.france-optique.com/img/gravures/nasal/web_1817-nas-leica-M1L.tif.jpg,1.67,ORG,,2025-06-13 13:23:28.776666
1078,https://www.france-optique.com/gravures/fournisseur=2532,MONOVID® Cat.1,https://si.france-optique.com/img/gravures/nasal/web_1817-nas-leica-M1L.tif.jpg,1.74,ORG,,2025-06-13 13:23:28.883333
1079,https://www.france-optique.com/gravures/fournisseur=2532,"DIGIVID® Cat.3 Blanc, ESM, Transitions®, Transitions® XTRActive™, Polarisant",https://si.france-optique.com/img/gravures/nasal/web_1816-nas-leica-D3L.tif.jpg,1.5,ORG,,2025-06-13 13:23:28.983333
1080,https://www.france-optique.com/gravures/fournisseur=2532,"DIGIVID® Cat.3 Blanc, ESM, Transitions®, Transitions® XTRActive™, Polarisant",https://si.france-optique.com/img/gravures/nasal/web_1816-nas-leica-D3L.tif.jpg,1.6,ORG,,2025-06-13 13:23:29.093333
1081,https://www.france-optique.com/gravures/fournisseur=2532,"DIGIVID®  Cat.3 Blanc, ESM, Transitions®, Transitions® XTRActive™, Polarisant",https://si.france-optique.com/img/gravures/nasal/web_1816-nas-leica-D3L.tif.jpg,1.67,ORG,,2025-06-13 13:23:29.196666
1082,https://www.france-optique.com/gravures/fournisseur=2532,DIGIVID® Cat.3,https://si.france-optique.com/img/gravures/nasal/web_1816-nas-leica-D3L.tif.jpg,1.74,ORG,,2025-06-13 13:23:29.326666
1083,https://www.france-optique.com/gravures/fournisseur=2532,"DIGIVID® Cat.1 Blanc, ESM, Transitions®, Transitions® XTRActive™, Polarisant",https://si.france-optique.com/img/gravures/nasal/web_1815-nas-leica-D1L.tif.jpg,1.5,ORG,,2025-06-13 13:23:29.443333
1084,https://www.france-optique.com/gravures/fournisseur=2532,"DIGIVID® Cat.1 Blanc, ESM, Transitions®, Transitions® XTRActive™, Polarisant",https://si.france-optique.com/img/gravures/nasal/web_1815-nas-leica-D1L.tif.jpg,1.6,ORG,,2025-06-13 13:23:29.566666
1085,https://www.france-optique.com/gravures/fournisseur=2532,"DIGIVID® Cat.1 Blanc, ESM, Transitions®, Transitions® XTRActive™, Polarisant",https://si.france-optique.com/img/gravures/nasal/web_1815-nas-leica-D1L.tif.jpg,1.67,ORG,,2025-06-13 13:23:29.673333
1086,https://www.france-optique.com/gravures/fournisseur=2532,DIGIVID® Cat.1,https://si.france-optique.com/img/gravures/nasal/web_1815-nas-leica-D1L.tif.jpg,1.74,ORG,,2025-06-13 13:23:29.776666
1087,https://www.france-optique.com/gravures/fournisseur=1407,"SEIKO SYNERGY Xtra / FR 1,67 IP+ Bl./Sens./PolarT.",https://si.france-optique.com/img/gravures/nasal/web_268-nas-seiko-02.tif.jpg,1.67,ORG,SEIKO OPTICAL FRANCE,2025-06-13 13:23:29.936666
1088,https://www.france-optique.com/gravures/fournisseur=1407,"SEIKO SYNERGY Xtra / FR 1,60 IP+ Bl./Sens./PolarT.",https://si.france-optique.com/img/gravures/nasal/web_270-nas-seiko-04.tif.jpg,1.6,ORG,SEIKO OPTICAL FRANCE,2025-06-13 13:23:30.040000
1089,https://www.france-optique.com/gravures/fournisseur=1407,"SEIKO SYNERGY Xtra / FR 1,50 Bl./Sens./Pola.",https://si.france-optique.com/img/gravures/nasal/web_271-nas-seiko-05.tif.jpg,1.5,ORG,SEIKO OPTICAL FRANCE,2025-06-13 13:23:30.156666
1090,https://www.france-optique.com/gravures/fournisseur=1407,SEIKO INDOOR 200 1.74 IP+ Bl.,https://si.france-optique.com/img/gravures/nasal/web_267-nas-seiko-01.tif.jpg,1.74,ORG,SEIKO OPTICAL FRANCE,2025-06-13 13:23:30.263333
1091,https://www.france-optique.com/gravures/fournisseur=1407,SEIKO INDOOR 200 / FR 1.67 IP+ Bl.,https://si.france-optique.com/img/gravures/nasal/web_268-nas-seiko-02.tif.jpg,1.67,ORG,SEIKO OPTICAL FRANCE,2025-06-13 13:23:30.370000
1092,https://www.france-optique.com/gravures/fournisseur=1407,SEIKO INDOOR 200 / FR 1.60 IP+ Bl.,https://si.france-optique.com/img/gravures/nasal/web_270-nas-seiko-04.tif.jpg,1.6,ORG,SEIKO OPTICAL FRANCE,2025-06-13 13:23:30.470000
1093,https://www.france-optique.com/gravures/fournisseur=1407,SEIKO INDOOR 200 / FR 1.50 Bl.,https://si.france-optique.com/img/gravures/nasal/web_271-nas-seiko-05.tif.jpg,1.5,ORG,SEIKO OPTICAL FRANCE,2025-06-13 13:23:30.590000
1094,https://www.france-optique.com/gravures/fournisseur=1407,SEIKO INDOOR 100 1.74 IP+ Bl.,https://si.france-optique.com/img/gravures/nasal/web_267-nas-seiko-01.tif.jpg,1.74,ORG,SEIKO OPTICAL FRANCE,2025-06-13 13:23:30.703333
1095,https://www.france-optique.com/gravures/fournisseur=1407,SEIKO INDOOR 100 / FR 1.67 IP+ Bl.,https://si.france-optique.com/img/gravures/nasal/web_268-nas-seiko-02.tif.jpg,1.67,ORG,SEIKO OPTICAL FRANCE,2025-06-13 13:23:30.803333
1096,https://www.france-optique.com/gravures/fournisseur=1407,SEIKO INDOOR 100 / FR 1.60 IP+ Bl.,https://si.france-optique.com/img/gravures/nasal/web_270-nas-seiko-04.tif.jpg,1.6,ORG,SEIKO OPTICAL FRANCE,2025-06-13 13:23:30.903333
1097,https://www.france-optique.com/gravures/fournisseur=1407,SEIKO INDOOR 100 / FR 1.50 Bl.,https://si.france-optique.com/img/gravures/nasal/web_271-nas-seiko-05.tif.jpg,1.5,ORG,SEIKO OPTICAL FRANCE,2025-06-13 13:23:31.010000
1098,https://www.france-optique.com/gravures/fournisseur=1407,SEIKO INDOOR PC 1.74 IP+ Bl.,https://si.france-optique.com/img/gravures/nasal/web_267-nas-seiko-01.tif.jpg,1.74,ORG,SEIKO OPTICAL FRANCE,2025-06-13 13:23:31.110000
1099,https://www.france-optique.com/gravures/fournisseur=1407,SEIKO INDOOR PC / FR 1.67 IP+ Bl.,https://si.france-optique.com/img/gravures/nasal/web_268-nas-seiko-02.tif.jpg,1.67,ORG,SEIKO OPTICAL FRANCE,2025-06-13 13:23:31.236666
1100,https://www.france-optique.com/gravures/fournisseur=1407,SEIKO INDOOR PC / FR 1.60 IP+ Bl.,https://si.france-optique.com/img/gravures/nasal/web_270-nas-seiko-04.tif.jpg,1.6,ORG,SEIKO OPTICAL FRANCE,2025-06-13 13:23:31.343333
1101,https://www.france-optique.com/gravures/fournisseur=1407,SEIKO INDOOR PC / FR 1.50 Bl.,https://si.france-optique.com/img/gravures/nasal/web_271-nas-seiko-05.tif.jpg,1.5,ORG,SEIKO OPTICAL FRANCE,2025-06-13 13:23:31.463333
1102,https://www.france-optique.com/gravures/fournisseur=1407,"SEIKO VISION X / FR 1,67 IP+ Bl./Sens.",https://si.france-optique.com/img/gravures/nasal/web_268-nas-seiko-02.tif.jpg,1.67,ORG,SEIKO OPTICAL FRANCE,2025-06-13 13:23:31.566666
1103,https://www.france-optique.com/gravures/fournisseur=1407,"SEIKO VISION X / FR 1,60 IP+ Bl./Sens./PolarT.",https://si.france-optique.com/img/gravures/nasal/web_270-nas-seiko-04.tif.jpg,1.6,ORG,SEIKO OPTICAL FRANCE,2025-06-13 13:23:31.696666
1104,https://www.france-optique.com/gravures/fournisseur=1407,"SEIKO VISION X / FR 1,50 Bl./Sens./Pola.",https://si.france-optique.com/img/gravures/nasal/web_271-nas-seiko-05.tif.jpg,1.5,ORG,SEIKO OPTICAL FRANCE,2025-06-13 13:23:31.800000
1105,https://www.france-optique.com/gravures/fournisseur=1407,"SEIKO WING 1,67 IP+ Bl.",https://si.france-optique.com/img/gravures/nasal/web_288-nas-seiko-20.tif.jpg,1.67,ORG,SEIKO OPTICAL FRANCE,2025-06-13 13:23:31.963333
1106,https://www.france-optique.com/gravures/fournisseur=1407,"SEIKO WING 1,60 IP+ Bl.",https://si.france-optique.com/img/gravures/nasal/web_289-nas-seiko-21.tif.jpg,1.6,ORG,SEIKO OPTICAL FRANCE,2025-06-13 13:23:32.070000
1107,https://www.france-optique.com/gravures/fournisseur=1407,"CLASSE A 1,74 Bl.",C,1.74,ORG,SEIKO OPTICAL FRANCE,2025-06-13 13:23:32.123333
1108,https://www.france-optique.com/gravures/fournisseur=1407,"CLASSE A 1,67 Bl.",67,1.67,ORG,SEIKO OPTICAL FRANCE,2025-06-13 13:23:32.173333
1109,https://www.france-optique.com/gravures/fournisseur=1407,"CLASSE A 1,60 Bl.",6,1.6,ORG,SEIKO OPTICAL FRANCE,2025-06-13 13:23:32.223333
1111,https://www.france-optique.com/gravures/fournisseur=1407,"SEIKO DRIVE X 1,67 IP+ Bl./Sens./PolarT.",https://si.france-optique.com/img/gravures/nasal/web_268-nas-seiko-02.tif.jpg,1.67,ORG,SEIKO OPTICAL FRANCE,2025-06-13 13:23:32.403333
1112,https://www.france-optique.com/gravures/fournisseur=1407,"SEIKO DRIVE X 1,60 IP+ Bl./Sens./PolarT.",https://si.france-optique.com/img/gravures/nasal/web_270-nas-seiko-04.tif.jpg,1.6,ORG,SEIKO OPTICAL FRANCE,2025-06-13 13:23:32.516666
1113,https://www.france-optique.com/gravures/fournisseur=1407,"SEIKO DRIVE X 1,50 Bl./Sens./Pola.",https://si.france-optique.com/img/gravures/nasal/web_271-nas-seiko-05.tif.jpg,1.5,ORG,SEIKO OPTICAL FRANCE,2025-06-13 13:23:32.620000
1114,https://www.france-optique.com/gravures/fournisseur=1407,"SEIKO CURVED X 1,67 IP+ Bl./Sens./PolarT.",https://si.france-optique.com/img/gravures/nasal/web_1356-web_268-nas-seiko-02.tif.jpg,1.67,ORG,SEIKO OPTICAL FRANCE,2025-06-13 13:23:32.743333
1115,https://www.france-optique.com/gravures/fournisseur=1407,"SEIKO CURVED X 1,60 IP+ Bl./Sens./PolarT.",https://si.france-optique.com/img/gravures/nasal/web_1357-web_270-nas-seiko-04.tif.jpg,1.6,ORG,SEIKO OPTICAL FRANCE,2025-06-13 13:23:32.850000
1116,https://www.france-optique.com/gravures/fournisseur=1407,"SEIKO CURVED X 1,50 Bl./Sens./Pola.",https://si.france-optique.com/img/gravures/nasal/web_1358-web_271-nas-seiko-05.tif.jpg,1.5,ORG,SEIKO OPTICAL FRANCE,2025-06-13 13:23:32.960000
1117,https://www.france-optique.com/gravures/fournisseur=1407,"SEIKO COMPUTER Xtra 1,67 IP+ Bl.",https://si.france-optique.com/img/gravures/nasal/web_268-nas-seiko-02.tif.jpg,1.67,ORG,SEIKO OPTICAL FRANCE,2025-06-13 13:23:33.083333
1118,https://www.france-optique.com/gravures/fournisseur=1407,"SEIKO COMPUTER Xtra 1,60 IP+ Bl.",https://si.france-optique.com/img/gravures/nasal/web_270-nas-seiko-04.tif.jpg,1.6,ORG,SEIKO OPTICAL FRANCE,2025-06-13 13:23:33.196666
1119,https://www.france-optique.com/gravures/fournisseur=1407,"SEIKO COMPUTER Xtra 1,50 Bl.",https://si.france-optique.com/img/gravures/nasal/web_270-nas-seiko-04.tif.jpg,1.5,ORG,SEIKO OPTICAL FRANCE,2025-06-13 13:23:33.300000
1120,https://www.france-optique.com/gravures/fournisseur=1407,"SEIKO DRIVE 1,67 IP+ Bl./Sens./PolarT.",https://si.france-optique.com/img/gravures/nasal/web_268-nas-seiko-02.tif.jpg,1.67,ORG,SEIKO OPTICAL FRANCE,2025-06-13 13:23:33.410000
1121,https://www.france-optique.com/gravures/fournisseur=1407,"SEIKO DRIVE 1,60 IP+ Bl./Sens./PolarT.",https://si.france-optique.com/img/gravures/nasal/web_270-nas-seiko-04.tif.jpg,1.6,ORG,SEIKO OPTICAL FRANCE,2025-06-13 13:23:33.530000
1122,https://www.france-optique.com/gravures/fournisseur=1407,"SEIKO DRIVE 1,50 Bl./Sens./Pola.",https://si.france-optique.com/img/gravures/nasal/web_271-nas-seiko-05.tif.jpg,1.5,ORG,SEIKO OPTICAL FRANCE,2025-06-13 13:23:33.630000
1123,https://www.france-optique.com/gravures/fournisseur=1407,"SEIKO CURVED 1,67 IP+ Bl./Sens./PolarT.",https://si.france-optique.com/img/gravures/nasal/web_268-nas-seiko-02.tif.jpg,1.67,ORG,SEIKO OPTICAL FRANCE,2025-06-13 13:23:33.760000
1124,https://www.france-optique.com/gravures/fournisseur=1407,"SEIKO CURVED 1,60 IP+ Bl./Sens./PolarT.",https://si.france-optique.com/img/gravures/nasal/web_270-nas-seiko-04.tif.jpg,1.6,ORG,SEIKO OPTICAL FRANCE,2025-06-13 13:23:33.880000
1125,https://www.france-optique.com/gravures/fournisseur=1407,"SEIKO CURVED 1,50 Bl./Sens./Pola.",https://si.france-optique.com/img/gravures/nasal/web_271-nas-seiko-05.tif.jpg,1.5,ORG,SEIKO OPTICAL FRANCE,2025-06-13 13:23:33.996666
1126,https://www.france-optique.com/gravures/fournisseur=1407,"SEIKO I XCEED 1,74 IP+ Bl.",https://si.france-optique.com/img/gravures/nasal/web_267-nas-seiko-01.tif.jpg,1.74,ORG,SEIKO OPTICAL FRANCE,2025-06-13 13:23:34.096666
1127,https://www.france-optique.com/gravures/fournisseur=1407,"SEIKO I XCEED / FR 1,67 IP+ Bl./Sens./PolarT.",https://si.france-optique.com/img/gravures/nasal/web_268-nas-seiko-02.tif.jpg,1.67,ORG,SEIKO OPTICAL FRANCE,2025-06-13 13:23:34.196666
1128,https://www.france-optique.com/gravures/fournisseur=1407,"SEIKO I XCEED / FR 1,60 IP+ Bl./Sens./PolarT.",https://si.france-optique.com/img/gravures/nasal/web_270-nas-seiko-04.tif.jpg,1.6,ORG,SEIKO OPTICAL FRANCE,2025-06-13 13:23:34.313333
1129,https://www.france-optique.com/gravures/fournisseur=1407,"SEIKO I XCEED / FR 1,50 Bl./Sens./Pola.",https://si.france-optique.com/img/gravures/nasal/web_271-nas-seiko-05.tif.jpg,1.5,ORG,SEIKO OPTICAL FRANCE,2025-06-13 13:23:34.416666
1130,https://www.france-optique.com/gravures/fournisseur=1407,"SEIKO INDI-SV 1,74 IP+ Bl.",https://si.france-optique.com/img/gravures/nasal/web_267-nas-seiko-01.tif.jpg,1.74,ORG,SEIKO OPTICAL FRANCE,2025-06-13 13:23:34.523333
1131,https://www.france-optique.com/gravures/fournisseur=1407,"SEIKO INDI-SV / FR 1,67 IP+ Bl./Sens./PolarT.",https://si.france-optique.com/img/gravures/nasal/web_268-nas-seiko-02.tif.jpg,1.67,ORG,SEIKO OPTICAL FRANCE,2025-06-13 13:23:34.626666
1132,https://www.france-optique.com/gravures/fournisseur=1407,"SEIKO INDI-SV / FR 1,60 IP+ Bl./Sens./PolarT.",https://si.france-optique.com/img/gravures/nasal/web_270-nas-seiko-04.tif.jpg,1.6,ORG,SEIKO OPTICAL FRANCE,2025-06-13 13:23:34.733333
1133,https://www.france-optique.com/gravures/fournisseur=1407,"SEIKO INDI-SV / FR 1,50 Bl./Sens./Pola.",https://si.france-optique.com/img/gravures/nasal/web_271-nas-seiko-05.tif.jpg,1.5,ORG,SEIKO OPTICAL FRANCE,2025-06-13 13:23:34.850000
1134,https://www.france-optique.com/gravures/fournisseur=1407,"SEIKO SMARTZOOM XCEED 1,74 IP+ Bl.",https://si.france-optique.com/img/gravures/nasal/web_267-nas-seiko-01.tif.jpg,1.74,ORG,SEIKO OPTICAL FRANCE,2025-06-13 13:23:34.956666
1135,https://www.france-optique.com/gravures/fournisseur=1407,"SEIKO SMARTZOOM XCEED / FR 1,67 IP+ Bl./Sens./ PolarT.",https://si.france-optique.com/img/gravures/nasal/web_268-nas-seiko-02.tif.jpg,1.67,ORG,SEIKO OPTICAL FRANCE,2025-06-13 13:23:35.073333
1136,https://www.france-optique.com/gravures/fournisseur=1407,"SEIKO SMARTZOOM XCEED / FR 1,60 IP+ Bl./Sens./ PolarT.",https://si.france-optique.com/img/gravures/nasal/web_270-nas-seiko-04.tif.jpg,1.6,ORG,SEIKO OPTICAL FRANCE,2025-06-13 13:23:35.193333
1137,https://www.france-optique.com/gravures/fournisseur=1407,"SEIKO SMARTZOOM XCEED / FR 1,50 Bl./Sens./Pola.",https://si.france-optique.com/img/gravures/nasal/web_271-nas-seiko-05.tif.jpg,1.5,ORG,SEIKO OPTICAL FRANCE,2025-06-13 13:23:35.310000
1138,https://www.france-optique.com/gravures/fournisseur=1407,"SEIKO SMARTZOOM 1,74 IP+ Bl.",https://si.france-optique.com/img/gravures/nasal/web_267-nas-seiko-01.tif.jpg,1.74,ORG,SEIKO OPTICAL FRANCE,2025-06-13 13:23:35.436666
1139,https://www.france-optique.com/gravures/fournisseur=1407,"SEIKO SMARTZOOM/ FR 1,67 IP+ Bl./Sens./PolarT.",https://si.france-optique.com/img/gravures/nasal/web_268-nas-seiko-02.tif.jpg,1.67,ORG,SEIKO OPTICAL FRANCE,2025-06-13 13:23:35.540000
1140,https://www.france-optique.com/gravures/fournisseur=1407,"SEIKO SMARTZOOM/ FR 1,60 IP+ Bl./Sens./PolarT.",https://si.france-optique.com/img/gravures/nasal/web_270-nas-seiko-04.tif.jpg,1.6,ORG,SEIKO OPTICAL FRANCE,2025-06-13 13:23:35.663333
1141,https://www.france-optique.com/gravures/fournisseur=1407,"SEIKO SMARTZOOM / FR 1,50 Bl./Sens./Pola.",https://si.france-optique.com/img/gravures/nasal/web_271-nas-seiko-05.tif.jpg,1.5,ORG,SEIKO OPTICAL FRANCE,2025-06-13 13:23:35.773333
1142,https://www.france-optique.com/gravures/fournisseur=1407,"SEIKO A-Zone 1,74 IP+ Bl.",https://si.france-optique.com/img/gravures/nasal/web_273-nas-seiko-06.tif.jpg,1.74,ORG,SEIKO OPTICAL FRANCE,2025-06-13 13:23:35.880000
1143,https://www.france-optique.com/gravures/fournisseur=1407,"SEIKO A-Zone 1,67 IP+ Bl./Sens.",https://si.france-optique.com/img/gravures/nasal/web_277-nas-seiko-09.tif.jpg,1.67,ORG,SEIKO OPTICAL FRANCE,2025-06-13 13:23:35.983333
1144,https://www.france-optique.com/gravures/fournisseur=1407,"SEIKO A-Zone 1,60 IP+ Bl./Sens.",https://si.france-optique.com/img/gravures/nasal/web_282-nas-seiko-14.tif.jpg,1.6,ORG,SEIKO OPTICAL FRANCE,2025-06-13 13:23:36.110000
1145,https://www.france-optique.com/gravures/fournisseur=1407,"SEIKO AZ HD 1,74 IP+ Bl.",https://si.france-optique.com/img/gravures/nasal/web_274-nas-seiko-07.tif.jpg,1.74,ORG,SEIKO OPTICAL FRANCE,2025-06-13 13:23:36.226666
1146,https://www.france-optique.com/gravures/fournisseur=1407,"SEIKO AZ HD / FR 1,67 IP+ Bl./Sens.",https://si.france-optique.com/img/gravures/nasal/web_278-nas-seiko-10.tif.jpg,1.67,ORG,SEIKO OPTICAL FRANCE,2025-06-13 13:23:36.340000
1147,https://www.france-optique.com/gravures/fournisseur=1407,"SEIKO AZ HD / FR 1,60 IP+ Bl./Sens.",https://si.france-optique.com/img/gravures/nasal/web_283-nas-seiko-15.tif.jpg,1.6,ORG,SEIKO OPTICAL FRANCE,2025-06-13 13:23:36.446666
1148,https://www.france-optique.com/gravures/fournisseur=1407,"SEIKO AS HD 1,74 IP+ Bl.",https://si.france-optique.com/img/gravures/nasal/web_275-nas-seiko-08.tif.jpg,1.74,ORG,SEIKO OPTICAL FRANCE,2025-06-13 13:23:36.560000
1149,https://www.france-optique.com/gravures/fournisseur=1407,"SEIKO AS HD / FR 1,67 IP+ Bl./Sens.",https://si.france-optique.com/img/gravures/nasal/web_279-nas-seiko-11.tif.jpg,1.67,ORG,SEIKO OPTICAL FRANCE,2025-06-13 13:23:36.663333
1150,https://www.france-optique.com/gravures/fournisseur=1407,"SEIKO AS HD / FR 1,60 IP+ Bl./Sens.",https://si.france-optique.com/img/gravures/nasal/web_284-nas-seiko-16.tif.jpg,1.6,ORG,SEIKO OPTICAL FRANCE,2025-06-13 13:23:36.770000
1151,https://www.france-optique.com/gravures/fournisseur=1407,"SEIKO HD / FR 1,67 IP+ Bl./Sens./PolarT.",https://si.france-optique.com/img/gravures/nasal/web_280-nas-seiko-12.tif.jpg,1.67,ORG,SEIKO OPTICAL FRANCE,2025-06-13 13:23:36.870000
1152,https://www.france-optique.com/gravures/fournisseur=1407,"SEIKO HD / FR 1,60 IP+ Bl./Sens./PolarT.",https://si.france-optique.com/img/gravures/nasal/web_285-nas-seiko-17.tif.jpg,1.6,ORG,SEIKO OPTICAL FRANCE,2025-06-13 13:23:36.996666
1153,https://www.france-optique.com/gravures/fournisseur=1407,"SEIKO HD / FR 1,50 Bl./Sens./Pola.",https://si.france-optique.com/img/gravures/nasal/web_286-nas-seiko-18.tif.jpg,1.5,ORG,SEIKO OPTICAL FRANCE,2025-06-13 13:23:37.106666
1154,https://www.france-optique.com/gravures/fournisseur=1407,"SEIKO Kids HD 1,53 IP+ Bl.",https://si.france-optique.com/img/gravures/nasal/web_287-nas-seiko-19.tif.jpg,1.53,TVX,SEIKO OPTICAL FRANCE,2025-06-13 13:23:37.223333
1155,https://www.france-optique.com/gravures/fournisseur=1407,"SEIKO BRILLIANCE Xceed 1,74 IP+ Bl.",https://si.france-optique.com/img/gravures/nasal/web_267-nas-seiko-01.tif.jpg,1.74,ORG,SEIKO OPTICAL FRANCE,2025-06-13 13:23:37.333333
1156,https://www.france-optique.com/gravures/fournisseur=1407,"SEIKO BRILLIANCE Xceed 1,67 IP+ Bl./Sens./PolarT.",https://si.france-optique.com/img/gravures/nasal/web_268-nas-seiko-02.tif.jpg,1.67,ORG,SEIKO OPTICAL FRANCE,2025-06-13 13:23:37.460000
1157,https://www.france-optique.com/gravures/fournisseur=1407,"SEIKO BRILLIANCE Xceed 1,60 IP+ Bl./Sens./PolarT.",https://si.france-optique.com/img/gravures/nasal/web_270-nas-seiko-04.tif.jpg,1.6,ORG,SEIKO OPTICAL FRANCE,2025-06-13 13:23:37.563333
1158,https://www.france-optique.com/gravures/fournisseur=521,Essilor Amatsi Xtra Short Airwear,https://si.france-optique.com/img/gravures/nasal/web_699-nas-essilor-82.tif.jpg,1.59,ORG,Fournisseur : ESSILOR FR ...,2025-06-13 13:23:37.696666
1159,https://www.france-optique.com/gravures/fournisseur=521,Essilor Amatsi Xtra Short Orma,https://si.france-optique.com/img/gravures/nasal/web_2014-696-nas-essilor-79.tif.jpg,1.5,ORG,Fournisseur : ESSILOR FR ...,2025-06-13 13:23:37.796666
1160,https://www.france-optique.com/gravures/fournisseur=521,Essilor Amatsi Stylis et Stylis Transitions,https://si.france-optique.com/img/gravures/nasal/web_700-nas-essilor-83.tif.jpg,1.67,ORG,Fournisseur : ESSILOR FR ...,2025-06-13 13:23:37.903333
1161,https://www.france-optique.com/gravures/fournisseur=521,Essilor Amatsi Ormix et Ormix Transitions,https://si.france-optique.com/img/gravures/nasal/web_701-nas-essilor-84.tif.jpg,1.6,ORG,Fournisseur : ESSILOR FR ...,2025-06-13 13:23:38.033333
1162,https://www.france-optique.com/gravures/fournisseur=521,Essilor Amatsi Airwear et Airwear Transitions,https://si.france-optique.com/img/gravures/nasal/web_702-nas-essilor-85.tif.jpg,1.59,ORG,Fournisseur : ESSILOR FR ...,2025-06-13 13:23:38.153333
1163,https://www.france-optique.com/gravures/fournisseur=521,Essilor Amatsi Orma et Orma Transitions,https://si.france-optique.com/img/gravures/nasal/web_2015-703-nas-essilor-86.tif.jpg,1.5,ORG,Fournisseur : ESSILOR FR ...,2025-06-13 13:23:38.250000
1164,https://www.france-optique.com/gravures/fournisseur=521,Essilor Amatsi Short Stylis,https://si.france-optique.com/img/gravures/nasal/web_704-nas-essilor-87.tif.jpg,1.67,ORG,Fournisseur : ESSILOR FR ...,2025-06-13 13:23:38.360000
1165,https://www.france-optique.com/gravures/fournisseur=521,Essilor Amatsi Short Ormix,https://si.france-optique.com/img/gravures/nasal/web_705-nas-essilor-88.tif.jpg,1.6,ORG,Fournisseur : ESSILOR FR ...,2025-06-13 13:23:38.490000
1166,https://www.france-optique.com/gravures/fournisseur=521,Essilor Amatsi Short Airwear,https://si.france-optique.com/img/gravures/nasal/web_706-nas-essilor-89.tif.jpg,1.59,ORG,Fournisseur : ESSILOR FR ...,2025-06-13 13:23:38.596666
1167,https://www.france-optique.com/gravures/fournisseur=521,Essilor Amatsi Short Orma,https://si.france-optique.com/img/gravures/nasal/web_2016-707-nas-essilor-90.tif.jpg,1.5,ORG,Fournisseur : ESSILOR FR ...,2025-06-13 13:23:38.700000
1168,https://www.france-optique.com/gravures/fournisseur=521,Essilor Prelude Ormix,https://si.france-optique.com/img/gravures/nasal/web_708-nas-essilor-91.tif.jpg,1.6,ORG,Fournisseur : ESSILOR FR ...,2025-06-13 13:23:38.833333
1169,https://www.france-optique.com/gravures/fournisseur=521,Essilor Prelude Airwear,https://si.france-optique.com/img/gravures/nasal/web_709-nas-essilor-92.tif.jpg,1.59,ORG,Fournisseur : ESSILOR FR ...,2025-06-13 13:23:38.946666
1170,https://www.france-optique.com/gravures/fournisseur=521,Essilor Prelude Orma et Orma transitions,https://si.france-optique.com/img/gravures/nasal/web_2017-710-nas-essilor-93.tif.jpg,1.5,ORG,Fournisseur : ESSILOR FR ...,2025-06-13 13:23:39.053333
1171,https://www.france-optique.com/gravures/fournisseur=521,Essilor Prelude Short Ormix,https://si.france-optique.com/img/gravures/nasal/web_711-nas-essilor-94.tif.jpg,1.6,ORG,Fournisseur : ESSILOR FR ...,2025-06-13 13:23:39.180000
1172,https://www.france-optique.com/gravures/fournisseur=521,Essilor Prelude Short Orma et Orma Transitions,https://si.france-optique.com/img/gravures/nasal/web_2018-712-nas-essilor-95.tif.jpg,1.5,ORG,Fournisseur : ESSILOR FR ...,2025-06-13 13:23:39.283333
1173,https://www.france-optique.com/gravures/fournisseur=521,Essilor Inizio Stylis et Stylis Transitions,https://si.france-optique.com/img/gravures/nasal/web_1631-Inizio-Stylis.tif.jpg,1.67,ORG,Fournisseur : ESSILOR FR ...,2025-06-13 13:23:39.386666
1174,https://www.france-optique.com/gravures/fournisseur=521,Essilor Inizio Ormix et Ormix Transitions,https://si.france-optique.com/img/gravures/nasal/web_1630-Inizio-Ormix.tif.jpg,1.6,ORG,Fournisseur : ESSILOR FR ...,2025-06-13 13:23:39.500000
1175,https://www.france-optique.com/gravures/fournisseur=521,Essilor Inizio Airwear et Airwear Transitions,https://si.france-optique.com/img/gravures/nasal/web_1628-Inizio-airwear.tif.jpg,1.59,ORG,Fournisseur : ESSILOR FR ...,2025-06-13 13:23:39.613333
1176,https://www.france-optique.com/gravures/fournisseur=521,Essilor Inizio Orma et Orma Transitions,https://si.france-optique.com/img/gravures/nasal/web_2021-Inizio-Orma.tif.jpg,1.5,ORG,Fournisseur : ESSILOR FR ...,2025-06-13 13:23:39.713333
1177,https://www.france-optique.com/gravures/fournisseur=521,Essilor Inizio short Stylis et Stylis Transitions,https://si.france-optique.com/img/gravures/nasal/web_1634-Inizioshort-stylis.tif.jpg,1.67,ORG,Fournisseur : ESSILOR FR ...,2025-06-13 13:23:39.836666
1178,https://www.france-optique.com/gravures/fournisseur=521,Essilor Inizio short Ormix et Ormix Transitions,https://si.france-optique.com/img/gravures/nasal/web_1635-Inizioshort-Ormix.tif.jpg,1.6,ORG,Fournisseur : ESSILOR FR ...,2025-06-13 13:23:39.946666
1179,https://www.france-optique.com/gravures/fournisseur=521,Essilor Inizio short Airwear et Airwear Transitions,https://si.france-optique.com/img/gravures/nasal/web_1632-Inizioshort-airwear.tif.jpg,1.59,ORG,Fournisseur : ESSILOR FR ...,2025-06-13 13:23:40.060000
1180,https://www.france-optique.com/gravures/fournisseur=521,Essilor Inizio short Orma et Orma Transitions,https://si.france-optique.com/img/gravures/nasal/web_2022-Inizioshort-Orma.tif.jpg,1.5,ORG,Fournisseur : ESSILOR FR ...,2025-06-13 13:23:40.163333
1181,https://www.france-optique.com/gravures/fournisseur=521,Essilor Inizio Ormix Sunmax,https://si.france-optique.com/img/gravures/nasal/web_1635-Inizioshort-Ormix.tif.jpg,1.6,ORG,Fournisseur : ESSILOR FR ...,2025-06-13 13:23:40.250000
1182,https://www.france-optique.com/gravures/fournisseur=521,Essilor Inizio Ormix Sunmax base 7,https://si.france-optique.com/img/gravures/nasal/web_1635-Inizioshort-Ormix.tif.jpg,1.6,ORG,Fournisseur : ESSILOR FR ...,2025-06-13 13:23:40.350000
1183,https://www.france-optique.com/gravures/fournisseur=521,Varilux Ormix Sunmax,https://si.france-optique.com/img/gravures/nasal/web_726-nas-essilor-106.tif.jpg,1.6,ORG,Fournisseur : ESSILOR FR ...,2025-06-13 13:23:40.460000
1184,https://www.france-optique.com/gravures/fournisseur=521,Varilux Ormix Sunmax base 7,https://si.france-optique.com/img/gravures/nasal/web_726-nas-essilor-106.tif.jpg,1.6,ORG,Fournisseur : ESSILOR FR ...,2025-06-13 13:23:40.616666
1185,https://www.france-optique.com/gravures/fournisseur=521,Eyezen BOOST 0.4 Lineis Eye Protect System et Lineis Transitions,https://si.france-optique.com/img/gravures/nasal/web_732-nas-essilor-111.tif.jpg,1.74,ORG,Fournisseur : ESSILOR FR ...,2025-06-13 13:23:40.746666
1186,https://www.france-optique.com/gravures/fournisseur=521,Eyezen BOOST 0.4 Lineis,https://si.france-optique.com/img/gravures/nasal/web_732-nas-essilor-111.tif.jpg,1.74,ORG,Fournisseur : ESSILOR FR ...,2025-06-13 13:23:40.856666
1187,https://www.france-optique.com/gravures/fournisseur=521,Eyezen BOOST 0.4 Stylis,https://si.france-optique.com/img/gravures/nasal/web_736-nas-essilor-115.tif.jpg,1.67,ORG,Fournisseur : ESSILOR FR ...,2025-06-13 13:23:40.983333
1188,https://www.france-optique.com/gravures/fournisseur=521,Eyezen BOOST 0.4 Ormix Eye Protect System et Ormix Transitions,https://si.france-optique.com/img/gravures/nasal/web_733-nas-essilor-112.tif.jpg,1.6,ORG,Fournisseur : ESSILOR FR ...,2025-06-13 13:23:41.113333
1189,https://www.france-optique.com/gravures/fournisseur=521,Eyezen BOOST 0.4 Ormix,https://si.france-optique.com/img/gravures/nasal/web_733-nas-essilor-112.tif.jpg,1.6,ORG,Fournisseur : ESSILOR FR ...,2025-06-13 13:23:41.233333
1190,https://www.france-optique.com/gravures/fournisseur=521,Eyezen BOOST 0.4 Airwear Eye Protect System et Airwear Transitions,https://si.france-optique.com/img/gravures/nasal/web_734-nas-essilor-113.tif.jpg,1.59,ORG,Fournisseur : ESSILOR FR ...,2025-06-13 13:23:41.376666
1191,https://www.france-optique.com/gravures/fournisseur=521,Eyezen BOOST 0.4 Airwear,https://si.france-optique.com/img/gravures/nasal/web_734-nas-essilor-113.tif.jpg,1.59,ORG,Fournisseur : ESSILOR FR ...,2025-06-13 13:23:41.513333
1192,https://www.france-optique.com/gravures/fournisseur=521,Eyezen BOOST 0.4 Orma Eye Protect System et Orma Transitions,https://si.france-optique.com/img/gravures/nasal/web_735-nas-essilor-114.tif.jpg,1.5,ORG,Fournisseur : ESSILOR FR ...,2025-06-13 13:23:41.633333
1193,https://www.france-optique.com/gravures/fournisseur=521,Eyezen BOOST 0.4 Orma,https://si.france-optique.com/img/gravures/nasal/web_735-nas-essilor-114.tif.jpg,1.5,ORG,Fournisseur : ESSILOR FR ...,2025-06-13 13:23:41.756666
1194,https://www.france-optique.com/gravures/fournisseur=521,Eyezen BOOST 0.4  Fit Lineis,https://si.france-optique.com/img/gravures/nasal/web_732-nas-essilor-111.tif.jpg,1.74,ORG,Fournisseur : ESSILOR FR ...,2025-06-13 13:23:41.880000
1195,https://www.france-optique.com/gravures/fournisseur=521,Eyezen BOOST 0.4 Fit Stylis Eye Protect System et Stylis Transitions,https://si.france-optique.com/img/gravures/nasal/web_736-nas-essilor-115.tif.jpg,1.67,ORG,Fournisseur : ESSILOR FR ...,2025-06-13 13:23:41.986666
1196,https://www.france-optique.com/gravures/fournisseur=521,Eyezen BOOST 0.4 Fit Stylis,https://si.france-optique.com/img/gravures/nasal/web_736-nas-essilor-115.tif.jpg,1.67,ORG,Fournisseur : ESSILOR FR ...,2025-06-13 13:23:42.113333
1197,https://www.france-optique.com/gravures/fournisseur=521,Eyezen BOOST 0.4 Fit Ormix Eye Protect System et Ormix Transitions,https://si.france-optique.com/img/gravures/nasal/web_733-nas-essilor-112.tif.jpg,1.6,ORG,Fournisseur : ESSILOR FR ...,2025-06-13 13:23:42.240000
1198,https://www.france-optique.com/gravures/fournisseur=521,Eyezen BOOST 0.4 Fit Ormix,https://si.france-optique.com/img/gravures/nasal/web_733-nas-essilor-112.tif.jpg,1.6,ORG,Fournisseur : ESSILOR FR ...,2025-06-13 13:23:42.376666
1199,https://www.france-optique.com/gravures/fournisseur=521,Eyezen BOOST 0.4 Fit Airwear Eye Protect System et Airwear Transitions,https://si.france-optique.com/img/gravures/nasal/web_734-nas-essilor-113.tif.jpg,1.59,ORG,Fournisseur : ESSILOR FR ...,2025-06-13 13:23:42.500000
1200,https://www.france-optique.com/gravures/fournisseur=521,Eyezen BOOST 0.4 Fit Airwear,https://si.france-optique.com/img/gravures/nasal/web_734-nas-essilor-113.tif.jpg,1.59,ORG,Fournisseur : ESSILOR FR ...,2025-06-13 13:23:42.640000
1201,https://www.france-optique.com/gravures/fournisseur=521,Eyezen BOOST 0.4 Fit Orma Eye Protect System et Orma Transitions,https://si.france-optique.com/img/gravures/nasal/web_735-nas-essilor-114.tif.jpg,1.5,ORG,Fournisseur : ESSILOR FR ...,2025-06-13 13:23:42.763333
1202,https://www.france-optique.com/gravures/fournisseur=521,Eyezen BOOST 0.4 Fit Orma,https://si.france-optique.com/img/gravures/nasal/web_735-nas-essilor-114.tif.jpg,1.5,ORG,Fournisseur : ESSILOR FR ...,2025-06-13 13:23:42.893333
1203,https://www.france-optique.com/gravures/fournisseur=521,Eyezen BOOST 0.6 Lineis Eye Protect System et Lineis Transitions,https://si.france-optique.com/img/gravures/nasal/web_740-nas-essilor-116.tif.jpg,1.74,ORG,Fournisseur : ESSILOR FR ...,2025-06-13 13:23:43.000000
1204,https://www.france-optique.com/gravures/fournisseur=521,Eyezen BOOST 0.6 Lineis,https://si.france-optique.com/img/gravures/nasal/web_740-nas-essilor-116.tif.jpg,1.74,ORG,Fournisseur : ESSILOR FR ...,2025-06-13 13:23:43.120000
1205,https://www.france-optique.com/gravures/fournisseur=521,Eyezen BOOST 0.6 Stylis Eye Protect System et Stylis Transitions,https://si.france-optique.com/img/gravures/nasal/web_741-nas-essilor-117.tif.jpg,1.67,ORG,Fournisseur : ESSILOR FR ...,2025-06-13 13:23:43.230000
1206,https://www.france-optique.com/gravures/fournisseur=521,Eyezen BOOST 0.6 Stylis,https://si.france-optique.com/img/gravures/nasal/web_741-nas-essilor-117.tif.jpg,1.67,ORG,Fournisseur : ESSILOR FR ...,2025-06-13 13:23:43.356666
1207,https://www.france-optique.com/gravures/fournisseur=521,Eyezen BOOST 0.6 Ormix Eye Protect System et Ormix Transitions,https://si.france-optique.com/img/gravures/nasal/web_744-nas-essilor-120.tif.jpg,1.6,ORG,Fournisseur : ESSILOR FR ...,2025-06-13 13:23:43.476666
1208,https://www.france-optique.com/gravures/fournisseur=521,Eyezen BOOST 0.6 Ormix,https://si.france-optique.com/img/gravures/nasal/web_744-nas-essilor-120.tif.jpg,1.6,ORG,Fournisseur : ESSILOR FR ...,2025-06-13 13:23:43.600000
1209,https://www.france-optique.com/gravures/fournisseur=521,Eyezen BOOST 0.6 Airwear Eye Protect System et Airwear Transitions,https://si.france-optique.com/img/gravures/nasal/web_743-nas-essilor-119.tif.jpg,1.59,ORG,Fournisseur : ESSILOR FR ...,2025-06-13 13:23:43.703333
1210,https://www.france-optique.com/gravures/fournisseur=521,Eyezen BOOST 0.6 Airwear,https://si.france-optique.com/img/gravures/nasal/web_743-nas-essilor-119.tif.jpg,1.59,ORG,Fournisseur : ESSILOR FR ...,2025-06-13 13:23:43.830000
1211,https://www.france-optique.com/gravures/fournisseur=521,Eyezen BOOST 0.6 Orma Eye Protect System et Orma Transitions,https://si.france-optique.com/img/gravures/nasal/web_742-nas-essilor-118.tif.jpg,1.5,ORG,Fournisseur : ESSILOR FR ...,2025-06-13 13:23:43.960000
1212,https://www.france-optique.com/gravures/fournisseur=521,Eyezen BOOST 0.6 Orma,https://si.france-optique.com/img/gravures/nasal/web_742-nas-essilor-118.tif.jpg,1.5,ORG,Fournisseur : ESSILOR FR ...,2025-06-13 13:23:44.080000
1213,https://www.france-optique.com/gravures/fournisseur=521,Eyezen BOOST 0.6 Fit Lineis Eye Protect System et Lineis Transitions,https://si.france-optique.com/img/gravures/nasal/web_740-nas-essilor-116.tif.jpg,1.74,ORG,Fournisseur : ESSILOR FR ...,2025-06-13 13:23:44.183333
1214,https://www.france-optique.com/gravures/fournisseur=521,Eyezen BOOST 0.6 Fit Lineis,https://si.france-optique.com/img/gravures/nasal/web_740-nas-essilor-116.tif.jpg,1.74,ORG,Fournisseur : ESSILOR FR ...,2025-06-13 13:23:44.306666
1233,https://www.france-optique.com/gravures/fournisseur=2217,"K Sport 1.67 Transitions 8 Brun, Gris et Vert",KS 1.67 T8,1.67,ORG TRANS,K OPTICAL,2025-06-13 13:23:46.203333
1215,https://www.france-optique.com/gravures/fournisseur=521,Eyezen BOOST 0.6 Fit Stylis Eye Protect System et Stylis Transitions,https://si.france-optique.com/img/gravures/nasal/web_741-nas-essilor-117.tif.jpg,1.67,ORG,Fournisseur : ESSILOR FR ...,2025-06-13 13:23:44.420000
1216,https://www.france-optique.com/gravures/fournisseur=521,Eyezen BOOST 0.6 Fit Stylis,https://si.france-optique.com/img/gravures/nasal/web_741-nas-essilor-117.tif.jpg,1.67,ORG,Fournisseur : ESSILOR FR ...,2025-06-13 13:23:44.540000
1217,https://www.france-optique.com/gravures/fournisseur=521,Eyezen BOOST 0.6 Fit Ormix Eye Protect System et Ormix Transitions,https://si.france-optique.com/img/gravures/nasal/web_744-nas-essilor-120.tif.jpg,1.6,ORG,Fournisseur : ESSILOR FR ...,2025-06-13 13:23:44.663333
1218,https://www.france-optique.com/gravures/fournisseur=521,Eyezen BOOST 0.6 Fit Ormix,https://si.france-optique.com/img/gravures/nasal/web_744-nas-essilor-120.tif.jpg,1.6,ORG,Fournisseur : ESSILOR FR ...,2025-06-13 13:23:44.800000
1219,https://www.france-optique.com/gravures/fournisseur=521,Eyezen BOOST 0.6 Fit Airwear Eye Protect System et Airwear Transitions,https://si.france-optique.com/img/gravures/nasal/web_743-nas-essilor-119.tif.jpg,1.59,ORG,Fournisseur : ESSILOR FR ...,2025-06-13 13:23:44.916666
1220,https://www.france-optique.com/gravures/fournisseur=521,Eyezen BOOST 0.6 Fit Airwear,https://si.france-optique.com/img/gravures/nasal/web_743-nas-essilor-119.tif.jpg,1.59,ORG,Fournisseur : ESSILOR FR ...,2025-06-13 13:23:45.026666
1221,https://www.france-optique.com/gravures/fournisseur=521,Eyezen BOOST 0.6 Fit Orma Eye Protect System et Orma Transitions,https://si.france-optique.com/img/gravures/nasal/web_742-nas-essilor-118.tif.jpg,1.5,ORG,Fournisseur : ESSILOR FR ...,2025-06-13 13:23:45.143333
1222,https://www.france-optique.com/gravures/fournisseur=521,Eyezen BOOST 0.6 Fit Orma,https://si.france-optique.com/img/gravures/nasal/web_742-nas-essilor-118.tif.jpg,1.5,ORG,Fournisseur : ESSILOR FR ...,2025-06-13 13:23:45.266666
1223,https://www.france-optique.com/gravures/fournisseur=521,Eyezen BOOST 0.85 Lineis Eye Protect System et Lineis Transitions,https://si.france-optique.com/img/gravures/nasal/web_745-nas-essilor-121.tif.jpg,1.74,ORG,Fournisseur : ESSILOR FR ...,2025-06-13 13:23:45.373333
1224,https://www.france-optique.com/gravures/fournisseur=521,Eyezen BOOST 0.85 Lineis,https://si.france-optique.com/img/gravures/nasal/web_745-nas-essilor-121.tif.jpg,1.74,ORG,Fournisseur : ESSILOR FR ...,2025-06-13 13:23:45.513333
1225,https://www.france-optique.com/gravures/fournisseur=521,Eyezen BOOST 0.85 Stylis Eye Protect System et Stylis Transitions,https://si.france-optique.com/img/gravures/nasal/web_749-nas-essilor-125.tif.jpg,1.67,ORG,Fournisseur : ESSILOR FR ...,2025-06-13 13:23:45.636666
1226,https://www.france-optique.com/gravures/fournisseur=521,Eyezen BOOST 0.85 Stylis,https://si.france-optique.com/img/gravures/nasal/web_749-nas-essilor-125.tif.jpg,1.67,ORG,Fournisseur : ESSILOR FR ...,2025-06-13 13:23:45.766666
1227,https://www.france-optique.com/gravures/fournisseur=521,Eyezen BOOST 0.85 Ormix Eye Protect System et Ormix Transitions,https://si.france-optique.com/img/gravures/nasal/web_746-nas-essilor-122.tif.jpg,1.6,ORG,Fournisseur : ESSILOR FR ...,2025-06-13 13:23:45.890000
1228,https://www.france-optique.com/gravures/fournisseur=2217,"Kléra HD Platinium 1.67 Transitions 8 Brun, Gris et Vert",KHD 1.67 T8,1.67,ORG TRANS,K OPTICAL,2025-06-13 13:23:45.943333
1229,https://www.france-optique.com/gravures/fournisseur=2217,"Kléra Sport 1.67 Transitions 8 Brun, Gris et Vert",KSP 1.67 T8,1.67,ORG TRANS,K OPTICAL,2025-06-13 13:23:45.996666
1230,https://www.france-optique.com/gravures/fournisseur=2217,Kléra Plus Evo 1.67 Polarisant Brun et Gris,K+ 1.67 POL,1.67,ORG POLA.,K OPTICAL,2025-06-13 13:23:46.050000
1231,https://www.france-optique.com/gravures/fournisseur=2217,"K Platinium 1.67 Transitions 8 Brun, Gris et Vert",K+ 1.67 T8,1.67,ORG TRANS,K OPTICAL,2025-06-13 13:23:46.103333
1232,https://www.france-optique.com/gravures/fournisseur=2217,"K Repos 1.67 Transitions 8 Brun, Gris et Vert",KR 1.67 T8,1.67,ORG TRANS,K OPTICAL,2025-06-13 13:23:46.156666
1235,https://www.france-optique.com/gravures/fournisseur=2217,Kléra Plus Evo 1.74,K+ 1.74,1.74,ORG,K OPTICAL,2025-06-13 13:23:46.310000
1236,https://www.france-optique.com/gravures/fournisseur=2217,K Room 1.5,R 1.5,1.5,ORG,K OPTICAL,2025-06-13 13:23:46.356666
1237,https://www.france-optique.com/gravures/fournisseur=2217,K Repos 1.67 Transitions Xtractive Brun et Gris,KR 1.67 XT,1.67,ORG TRANS,K OPTICAL,2025-06-13 13:23:46.410000
1238,https://www.france-optique.com/gravures/fournisseur=2217,Kléra HD Platinium 1.67 Transitions 8 Style,"KHD
1.67 TS",1.67,ORG TRANS,K OPTICAL,2025-06-13 13:23:46.466666
1239,https://www.france-optique.com/gravures/fournisseur=2217,Kléra Sport 1.67 Transitions Style,"KSP
1.67 TS",1.67,ORG TRANS,K OPTICAL,2025-06-13 13:23:46.520000
1240,https://www.france-optique.com/gravures/fournisseur=2217,K Platinium 1.67 Transitions Style,"K+ 
1.67 TS",1.67,ORG TRANS,K OPTICAL,2025-06-13 13:23:46.566666
1241,https://www.france-optique.com/gravures/fournisseur=2217,K Sport 1.67 Transitions 8 Style,"KS 
1.67 TS",1.67,ORG TRANS,K OPTICAL,2025-06-13 13:23:46.620000
1242,https://www.france-optique.com/gravures/fournisseur=2217,Kléra HD Platinium Polycarbonate,KHD PC,1.59,POLY,K OPTICAL,2025-06-13 13:23:46.670000
1243,https://www.france-optique.com/gravures/fournisseur=2217,Kléra HD Platinium 1.67 Transitions Xtractive Brun et Gris,KHD 1.67 XT,1.67,ORG TRANS,K OPTICAL,2025-06-13 13:23:46.723333
1244,https://www.france-optique.com/gravures/fournisseur=2217,Kléra Sport 1.67 Transitions Xtractive Brun et Gris,KSP 1.67 XT,1.67,ORG TRANS,K OPTICAL,2025-06-13 13:23:46.776666
1245,https://www.france-optique.com/gravures/fournisseur=2217,Kléra Plus Evo 1.74 BLUE/KUT SE,K+ 1.74 BK,1.74,ORG,K OPTICAL,2025-06-13 13:23:46.833333
1246,https://www.france-optique.com/gravures/fournisseur=2217,K Room 1.5 BLUE/KUT SE,R 1.5 BK,1.5,ORG,K OPTICAL,2025-06-13 13:23:46.886666
1247,https://www.france-optique.com/gravures/fournisseur=2217,K Platinium 1.67 Transitions Xtractive Brun et Gris,K+ 1.67 XT,1.67,ORG TRANS,K OPTICAL,2025-06-13 13:23:46.936666
1248,https://www.france-optique.com/gravures/fournisseur=2217,K Sport 1.67 Transitions Xtractive Brun et Gris,KS 1.67 XT,1.67,ORG TRANS,K OPTICAL,2025-06-13 13:23:46.990000
1249,https://www.france-optique.com/gravures/fournisseur=2217,"K Repos 1.67 Polarisant Brun, Gris","KR
1.67 POL",1.67,ORG POLA,K OPTICAL,2025-06-13 13:23:47.040000
1250,https://www.france-optique.com/gravures/fournisseur=2217,Kléra HD Platinium Polycarbonate BLUE/KUT SE,KHD PC BK,1.59,POLY,K OPTICAL,2025-06-13 13:23:47.093333
1251,https://www.france-optique.com/gravures/fournisseur=2217,Kléra HD Platinium 1.74,KHD 1.74,1.74,ORG,K OPTICAL,2025-06-13 13:23:47.143333
1252,https://www.france-optique.com/gravures/fournisseur=2217,Kléra Sport 1.74,KSP 1.74,1.74,ORG,K OPTICAL,2025-06-13 13:23:47.193333
1253,https://www.france-optique.com/gravures/fournisseur=2217,K Room 1.5 Kromatic Brun et Gris,R 1.5 K,1.5,ORG PHO.,K OPTICAL,2025-06-13 13:23:47.243333
1254,https://www.france-optique.com/gravures/fournisseur=2217,K Platinium 1.74,K+ 1.74,1.74,ORG,K OPTICAL,2025-06-13 13:23:47.300000
1255,https://www.france-optique.com/gravures/fournisseur=2217,K Sport 1.74,KS 1.74,1.74,ORG,K OPTICAL,2025-06-13 13:23:47.353333
1256,https://www.france-optique.com/gravures/fournisseur=2217,Kléra Plus Evo 1.74 Kromatic BLUE/KUT SE Brun et Gris,"K+
1.74 KB",1.74,ORG PHO,K OPTICAL,2025-06-13 13:23:47.413333
1257,https://www.france-optique.com/gravures/fournisseur=2217,K Repos 1.74,"KR
1.74",1.74,ORG,K OPTICAL,2025-06-13 13:23:47.530000
1258,https://www.france-optique.com/gravures/fournisseur=2217,Kléra HD Platinium 1.74 BLUE/KUT SE,KHD 1.74 BK,1.74,ORG,K OPTICAL,2025-06-13 13:23:47.580000
1259,https://www.france-optique.com/gravures/fournisseur=2217,Kléra Sport 1.74 BLUE/KUT SE,KSP 1.74 BK,1.74,ORG,K OPTICAL,2025-06-13 13:23:47.633333
1260,https://www.france-optique.com/gravures/fournisseur=2217,Kléra Plus Evo 1.74 Transitions 8 Brun et Gris,K+ 1.74 T8,1.74,ORG TRANS,K OPTICAL,2025-06-13 13:23:47.683333
1261,https://www.france-optique.com/gravures/fournisseur=2217,K Platinium 1.74 BLUE/KUT SE,K+ 1.74 BK,1.74,ORG,K OPTICAL,2025-06-13 13:23:47.736666
1262,https://www.france-optique.com/gravures/fournisseur=2217,K Sport 1.74 BLUE/KUT SE,KS 1.74 BK,1.74,ORG,K OPTICAL,2025-06-13 13:23:47.786666
1263,https://www.france-optique.com/gravures/fournisseur=2217,Kléra HD Platinium Polycarbonate Kromatic BLUE/KUT SE,"KHD
PC KB",1.59,POLY,K OPTICAL,2025-06-13 13:23:47.836666
1264,https://www.france-optique.com/gravures/fournisseur=2217,K Room 1.5 Kromatic BLUE/KUT SE Brun et Gris,"R 
1.5 KB",1.5,ORG PHO,K OPTICAL,2025-06-13 13:23:47.886666
1265,https://www.france-optique.com/gravures/fournisseur=2217,K Repos 1.74 BLUE/KUT SE,"KR
1.74 BK",1.74,ORG,K OPTICAL,2025-06-13 13:23:47.940000
1266,https://www.france-optique.com/gravures/fournisseur=2217,"Kléra HD Platinium Polycarbonate Polarisant Brun, Gris et Gris-Vert",KHD PC POL,1.59,POLY POLA.,K OPTICAL,2025-06-13 13:23:47.990000
1267,https://www.france-optique.com/gravures/fournisseur=2217,K Platinium 1.5,K+ 1.50,1.5,ORG,K OPTICAL,2025-06-13 13:23:48.040000
1268,https://www.france-optique.com/gravures/fournisseur=2217,Kléra HD Platinium 1.74 Kromatic BLUEKUT SE Brun et Gris,"KHD
1.74 KB",1.74,ORG PHO,K OPTICAL,2025-06-13 13:23:48.090000
1269,https://www.france-optique.com/gravures/fournisseur=2217,Kléra Sport 1.74 Kromatic BLUE/KUT SE Brun et Gris,"KSP
1.74 KB",1.74,ORG PHO,K OPTICAL,2025-06-13 13:23:48.140000
1270,https://www.france-optique.com/gravures/fournisseur=2217,K Platinium 1.74 Kromatic BLUE/KUT SE Brun et Gris,"K+ 
1.74 KB",1.74,ORG PHO,K OPTICAL,2025-06-13 13:23:48.193333
1271,https://www.france-optique.com/gravures/fournisseur=2217,K Repos 1.74 Kromatic BLUE/KUT SE Brun et Gris,"KR
1.74 KB",1.74,ORG PHO,K OPTICAL,2025-06-13 13:23:48.246666
1272,https://www.france-optique.com/gravures/fournisseur=2217,K Sport 1.74 Kromatic BLUE/KUT SE Brun et Gris,"KS 
1.74 KB",1.74,ORG PHO,K OPTICAL,2025-06-13 13:23:48.300000
1273,https://www.france-optique.com/gravures/fournisseur=2217,"Kléra HD Platinium Polycarbonate Transitions 8 Brun, Gris et Vert",KHD PC T8,1.59,POLY TRANS,K OPTICAL,2025-06-13 13:23:48.356666
1274,https://www.france-optique.com/gravures/fournisseur=2217,Kléra HD Platinium 1.74 Transitions8 Brun et Gris,KHD 1.74 T8,1.74,ORG TRANS,K OPTICAL,2025-06-13 13:23:48.406666
1275,https://www.france-optique.com/gravures/fournisseur=2217,Kléra Sport 1.74 Transitions 8 Brun et Gris,KSP 1.74 T8,1.74,ORG TRANS,K OPTICAL,2025-06-13 13:23:48.460000
1276,https://www.france-optique.com/gravures/fournisseur=2217,K Platinium 1.5 BLUE/KUT SE,K+ 1.50 BK,1.5,ORG,K OPTICAL,2025-06-13 13:23:48.506666
1277,https://www.france-optique.com/gravures/fournisseur=2217,K Platinium 1.74 Transitions 8 Brun et Gris,K+ 1.74 T8,1.74,ORG TRANS,K OPTICAL,2025-06-13 13:23:48.563333
1278,https://www.france-optique.com/gravures/fournisseur=2217,K Sport 1.74 Transitions 8 Brun et Gris,KS 1.74 T8,1.74,ORG TRANS,K OPTICAL,2025-06-13 13:23:48.616666
1279,https://www.france-optique.com/gravures/fournisseur=2217,K Repos 1.74 Transitions 8 Brun et Gris,"KR 
1.74 T8",1.74,ORG TRANS,K OPTICAL,2025-06-13 13:23:48.670000
1280,https://www.france-optique.com/gravures/fournisseur=2217,K Platinium 1.5 Kromatic Brun et Gris,K+ 1.50 K,1.5,ORG PHO,K OPTICAL,2025-06-13 13:23:48.726666
1281,https://www.france-optique.com/gravures/fournisseur=2217,Kléra HD Platinium Polycarbonate Transitions 8 Style,"KHD
PC TS",1.59,POLY TRANS,K OPTICAL,2025-06-13 13:23:48.780000
1282,https://www.france-optique.com/gravures/fournisseur=2217,Kléra HD Platinium Polycarbonate Transitions Xtractive Gris,KHD PC XT,1.59,POLY TRANS,K OPTICAL,2025-06-13 13:23:48.830000
1283,https://www.france-optique.com/gravures/fournisseur=2217,K Platinium 1.5 Kromatic BLUE/KUT SE Brun et Gris,"K+ 
1.50 KB",1.5,ORG PHO,K OPTICAL,2025-06-13 13:23:48.883333
1284,https://www.france-optique.com/gravures/fournisseur=2217,K Sport 1.5,KS 1.50,1.5,ORG,K OPTICAL,2025-06-13 13:23:48.933333
1285,https://www.france-optique.com/gravures/fournisseur=2217,K Sport 1.5 BLUE/KUT SE,KS 1.50 BK,1.5,ORG,K OPTICAL,2025-06-13 13:23:48.983333
1286,https://www.france-optique.com/gravures/fournisseur=1407,"SEIKO BRILLIANCE Xceed 1,50 IP+ Bl./Sens.",https://si.france-optique.com/img/gravures/nasal/web_271-nas-seiko-05.tif.jpg,1.5,ORG,SEIKO OPTICAL FRANCE,2025-06-13 13:23:51.056666
1287,https://www.france-optique.com/gravures/fournisseur=1407,"SEIKO BRILLIANCE X 1,74 IP+ Bl.",https://si.france-optique.com/img/gravures/nasal/web_267-nas-seiko-01.tif.jpg,1.74,ORG,SEIKO OPTICAL FRANCE,2025-06-13 13:23:51.180000
1288,https://www.france-optique.com/gravures/fournisseur=1407,"SEIKO BRILLIANCE X 1,67 IP+ Bl./Sens./PolarT.",https://si.france-optique.com/img/gravures/nasal/web_268-nas-seiko-02.tif.jpg,1.67,ORG,SEIKO OPTICAL FRANCE,2025-06-13 13:23:51.283333
1289,https://www.france-optique.com/gravures/fournisseur=1407,"SEIKO BRILLIANCE X 1,60 IP+ Bl./Sens./PolarT.",https://si.france-optique.com/img/gravures/nasal/web_270-nas-seiko-04.tif.jpg,1.6,ORG,SEIKO OPTICAL FRANCE,2025-06-13 13:23:51.410000
1290,https://www.france-optique.com/gravures/fournisseur=1407,"SEIKO BRILLIANCE X 1,50 IP+ Bl./Sens.",https://si.france-optique.com/img/gravures/nasal/web_271-nas-seiko-05.tif.jpg,1.5,ORG,SEIKO OPTICAL FRANCE,2025-06-13 13:23:51.533333
1291,https://www.france-optique.com/gravures/fournisseur=1407,"SEIKO SYNERGY Xtra Xceed 1,67 IP+ Bl./Sens./PolarT.",https://si.france-optique.com/img/gravures/nasal/web_268-nas-seiko-02.tif.jpg,1.67,ORG,SEIKO OPTICAL FRANCE,2025-06-13 13:23:51.640000
1292,https://www.france-optique.com/gravures/fournisseur=1407,"SEIKO SYNERGY Xtra Xceed1,60 IP+ Bl./Sens./PolarT.",https://si.france-optique.com/img/gravures/nasal/web_270-nas-seiko-04.tif.jpg,1.6,ORG,SEIKO OPTICAL FRANCE,2025-06-13 13:23:51.760000
1293,https://www.france-optique.com/gravures/fournisseur=1407,"SEIKO SYNERGY Xtra Xceed 1,50 Bl./Sens./Pola.",https://si.france-optique.com/img/gravures/nasal/web_271-nas-seiko-05.tif.jpg,1.5,ORG,SEIKO OPTICAL FRANCE,2025-06-13 13:23:51.870000
1294,https://www.france-optique.com/gravures/fournisseur=2217,K Sport 1.5 Kromatic Brun et Gris,KS 1.50 K,1.5,ORG PHO,K OPTICAL,2025-06-13 13:23:51.926666
1295,https://www.france-optique.com/gravures/fournisseur=2217,K Sport 1.5 Kromatic BLUE/KUT SE Brun et Gris,"KS 
1.50 KB",1.5,ORG PHO,K OPTICAL,2025-06-13 13:23:51.980000
1296,https://www.france-optique.com/gravures/fournisseur=2217,"K Sport 1.5 Polarisant Brun, Gris et Gris-Vert",KS 1.50 POL,1.5,ORG POLA,K OPTICAL,2025-06-13 13:23:52.036666
1297,https://www.france-optique.com/gravures/fournisseur=2217,"K Sport 1.5 Polarisant Dégradé Brun, Gris et Gris-Vert",KS 1.50 POL,1.5,ORG POLA,K OPTICAL,2025-06-13 13:23:52.090000
1298,https://www.france-optique.com/gravures/fournisseur=2217,"K Sport 1.5 Transitions 8 Brun, Gris et Vert",KS 1.50 T8,1.5,ORG TRANS,K OPTICAL,2025-06-13 13:23:52.140000
1299,https://www.france-optique.com/gravures/fournisseur=2217,K Sport 1.5 Transitions 8 Style,"KS 
1.50 TS",1.5,ORG TRANS,K OPTICAL,2025-06-13 13:23:52.213333
1300,https://www.france-optique.com/gravures/fournisseur=2217,K Sport 1.5 Transitions Xtractive Brun et Gris,KS 1.50 XT,1.5,ORG TRANS,K OPTICAL,2025-06-13 13:23:52.263333
1301,https://www.france-optique.com/gravures/fournisseur=2217,K Sport Trivex,KS 1.53,1.53,TVX,K OPTICAL,2025-06-13 13:23:52.316666
1302,https://www.france-optique.com/gravures/fournisseur=2217,K Sport Trivex BLUE/KUT SE,"KS 
1.53 BK",1.53,TVX,K OPTICAL,2025-06-13 13:23:52.373333
1303,https://www.france-optique.com/gravures/fournisseur=2397,"Autograph Intelligence™ 13 1,5",AI13,1.5,ORG,SHAMIR FRANCE,2025-06-13 13:23:52.430000
1304,https://www.france-optique.com/gravures/fournisseur=2397,"Autograph Intelligence™ 15 1,6",AI1516,1.6,ORG,SHAMIR FRANCE,2025-06-13 13:23:52.510000
1305,https://www.france-optique.com/gravures/fournisseur=2397,"Autograph Intelligence™ 18 1,67",AI18 67,1.67,ORG,SHAMIR FRANCE,2025-06-13 13:23:52.566666
1306,https://www.france-optique.com/gravures/fournisseur=2397,"InoTime® FULL FIT 1,6",i2F 16,1.6,ORG,SHAMIR FRANCE,2025-06-13 13:23:52.616666
1307,https://www.france-optique.com/gravures/fournisseur=2397,"InoTime® PRO 18 1,6",iP8 16,1.6,ORG,SHAMIR FRANCE,2025-06-13 13:23:52.673333
1308,https://www.france-optique.com/gravures/fournisseur=2397,"InoTime® Attitude III® Fashion 15 & 18 1,6",https://si.france-optique.com/img/gravures/nasal/web_157-nas-shamir-12.tif.jpg,1.6,ORG,SHAMIR FRANCE,2025-06-13 13:23:52.810000
1309,https://www.france-optique.com/gravures/fournisseur=2397,"Spectrum 2.0 16 & 19 1,5",S26 / S29  15,1.5,ORG,SHAMIR FRANCE,2025-06-13 13:23:52.860000
1310,https://www.france-optique.com/gravures/fournisseur=2397,"InoTime® Attitude III® SV 1,6",AT3 16,1.6,ORG,SHAMIR FRANCE,2025-06-13 13:23:52.913333
1311,https://www.france-optique.com/gravures/fournisseur=2397,"Autograph Intelligence™ 13 1,5 Transitions®",AI13T,1.5,ORG,SHAMIR FRANCE,2025-06-13 13:23:52.966666
1312,https://www.france-optique.com/gravures/fournisseur=2397,"Autograph Intelligence™ 18 1,67 Transitions®",AI18 T67,1.67,ORG,SHAMIR FRANCE,2025-06-13 13:23:53.020000
1313,https://www.france-optique.com/gravures/fournisseur=2397,"InoTime® FULL FIT 1,6 Transitions®",i2F T6,1.6,ORG,SHAMIR FRANCE,2025-06-13 13:23:53.073333
1314,https://www.france-optique.com/gravures/fournisseur=2397,"InoTime® PRO 18 1,6 Transitions®",iP8 T6,1.6,ORG,SHAMIR FRANCE,2025-06-13 13:23:53.126666
1315,https://www.france-optique.com/gravures/fournisseur=2397,"InoTime® Attitude III® Fashion 15 & 18 1,6 Transitions®",https://si.france-optique.com/img/gravures/nasal/web_158-nas-shamir-13.tif.jpg,1.6,ORG,SHAMIR FRANCE,2025-06-13 13:23:53.240000
1316,https://www.france-optique.com/gravures/fournisseur=2397,"Spectrum 2.0 16 & 19 1,5 Blue Zero",S26 / S29  BZ,1.5,ORG,SHAMIR FRANCE,2025-06-13 13:23:53.296666
1317,https://www.france-optique.com/gravures/fournisseur=2397,"InoTime® Attitude III® SV 1,6 Transitions®",AT3 T6,1.6,ORG,SHAMIR FRANCE,2025-06-13 13:23:53.350000
1318,https://www.france-optique.com/gravures/fournisseur=2397,"Autograph Intelligence™1,67 Polarisant",AIPZ67,1.67,ORG,SHAMIR FRANCE,2025-06-13 13:23:53.400000
1319,https://www.france-optique.com/gravures/fournisseur=2397,"Autograph Intelligence™ 13 1,5 Polarisant",AI13PZ,1.5,ORG,SHAMIR FRANCE,2025-06-13 13:23:53.450000
1320,https://www.france-optique.com/gravures/fournisseur=2397,"Autograph Intelligence™ 15 1,6 Transitions®",AI15 T6,1.6,ORG,SHAMIR FRANCE,2025-06-13 13:23:53.503333
1321,https://www.france-optique.com/gravures/fournisseur=2397,"Autograph Intelligence™ 18 1,67 Blue Zero",AI18 BZ67,1.67,ORG,SHAMIR FRANCE,2025-06-13 13:23:53.556666
1322,https://www.france-optique.com/gravures/fournisseur=2397,"InoTime® FULL FIT 1,6 Polarized",i2F PZ6,1.6,ORG,SHAMIR FRANCE,2025-06-13 13:23:53.610000
1323,https://www.france-optique.com/gravures/fournisseur=2397,"InoTime® PRO 18 1,6 Polarized",iP8 PZ6,1.6,ORG,SHAMIR FRANCE,2025-06-13 13:23:53.663333
1324,https://www.france-optique.com/gravures/fournisseur=2397,"InoTime® Attitude III® Fashion 15 & 18 1,6 Polarized",https://si.france-optique.com/img/gravures/nasal/web_194-nas-shamir-47.tif.jpg,1.6,ORG,SHAMIR FRANCE,2025-06-13 13:23:53.776666
1325,https://www.france-optique.com/gravures/fournisseur=2397,"Spectrum 2.0 16 & 19 1,5 Transitions®",S26 / S29  TR,1.5,ORG,SHAMIR FRANCE,2025-06-13 13:23:53.833333
1326,https://www.france-optique.com/gravures/fournisseur=2397,"InoTime® Attitude III® SV 1,6 Polarized",AT3 PZ6,1.6,ORG,SHAMIR FRANCE,2025-06-13 13:23:53.886666
1327,https://www.france-optique.com/gravures/fournisseur=2397,"Autograph Intelligence™ 13 1,5 Blue Zero",AI13BZ,1.5,ORG,SHAMIR FRANCE,2025-06-13 13:23:53.940000
1328,https://www.france-optique.com/gravures/fournisseur=2397,"Autograph Intelligence™ 15 1,6 Polarisant",AI15 PZ6,1.6,ORG,SHAMIR FRANCE,2025-06-13 13:23:53.993333
1329,https://www.france-optique.com/gravures/fournisseur=2397,"Autograph Intelligence™ 18 1,67 Polarisant",AI18 PZ67,1.67,ORG,SHAMIR FRANCE,2025-06-13 13:23:54.046666
1330,https://www.france-optique.com/gravures/fournisseur=2397,"InoTime® FULL FIT 1,67",i2F 67,1.67,ORG,SHAMIR FRANCE,2025-06-13 13:23:54.100000
1331,https://www.france-optique.com/gravures/fournisseur=2397,"InoTime® PRO 18 1,67",iP8 67,1.67,ORG,SHAMIR FRANCE,2025-06-13 13:23:54.153333
1332,https://www.france-optique.com/gravures/fournisseur=2397,"InoTime® Attitude III® Fashion 15 & 18 1,67",https://si.france-optique.com/img/gravures/nasal/web_159-nas-shamir-14.tif.jpg,1.67,ORG,SHAMIR FRANCE,2025-06-13 13:23:54.283333
1333,https://www.france-optique.com/gravures/fournisseur=2397,"Spectrum 2.0 16 & 19 1,5 Polarisant",S26 / S29  PZ,1.5,ORG,SHAMIR FRANCE,2025-06-13 13:23:54.336666
1334,https://www.france-optique.com/gravures/fournisseur=2397,"InoTime® Attitude III® SV 1,67",AT3 67,1.67,ORG,SHAMIR FRANCE,2025-06-13 13:23:54.386666
1335,https://www.france-optique.com/gravures/fournisseur=2397,Autograph Intelligence™ 13 Poly,AI13 P,1.59,POLY,SHAMIR FRANCE,2025-06-13 13:23:54.440000
1336,https://www.france-optique.com/gravures/fournisseur=2397,"Autograph Intelligence™ 15 1,6 Blue Zero",AI15 BZ6,1.6,ORG,SHAMIR FRANCE,2025-06-13 13:23:54.490000
1337,https://www.france-optique.com/gravures/fournisseur=2397,"InoTime® FULL FIT 1,67 Transitions®",i2F T67,1.67,ORG,SHAMIR FRANCE,2025-06-13 13:23:54.550000
1338,https://www.france-optique.com/gravures/fournisseur=2397,"InoTime® PRO 18 1,67 Transitions®",iP8 T67,1.67,ORG,SHAMIR FRANCE,2025-06-13 13:23:54.600000
1339,https://www.france-optique.com/gravures/fournisseur=2397,"InoTime® Attitude III® Fashion 15 & 18 1,67 Transitions®",https://si.france-optique.com/img/gravures/nasal/web_160-nas-shamir-15.tif.jpg,1.67,ORG,SHAMIR FRANCE,2025-06-13 13:23:54.730000
1340,https://www.france-optique.com/gravures/fournisseur=2397,Spectrum 2.0 16 & 19 Poly,S26 / S29  PC,1.59,POLY,SHAMIR FRANCE,2025-06-13 13:23:54.783333
1341,https://www.france-optique.com/gravures/fournisseur=2397,"InoTime® Attitude III® SV 1,67 Transitions®",AT3 T67,1.67,ORG,SHAMIR FRANCE,2025-06-13 13:23:54.833333
1342,https://www.france-optique.com/gravures/fournisseur=2397,Spectrum 2.0 16 & 19 Poly Color,S26 / S29  PCC,1.59,POLY,SHAMIR FRANCE,2025-06-13 13:23:54.886666
1343,https://www.france-optique.com/gravures/fournisseur=2397,"Spectrum 2.0 16 & 19   1,6 (MR8)",S26 / S29  16,1.6,ORG,SHAMIR FRANCE,2025-06-13 13:23:54.940000
1344,https://www.france-optique.com/gravures/fournisseur=2397,"Spectrum 2.0 16 & 19 1,6 (MR8) Blue Zero",S26 / S29  BZ6,1.6,ORG,SHAMIR FRANCE,2025-06-13 13:23:54.993333
1345,https://www.france-optique.com/gravures/fournisseur=2397,"Spectrum 2.0 16 & 19 1,6 (MR8) Transitions®",S26 / S29  T6,1.6,ORG,SHAMIR FRANCE,2025-06-13 13:23:55.046666
1346,https://www.france-optique.com/gravures/fournisseur=2397,"Spectrum 2.0 16 & 19 1,6 (MR8) Polarisant",S26 / S29  PZ6,1.6,ORG,SHAMIR FRANCE,2025-06-13 13:23:55.100000
1347,https://www.france-optique.com/gravures/fournisseur=2397,"Spectrum 2.0 16 & 19 1,67 (MR10)",S26 / S29  67,1.67,ORG,SHAMIR FRANCE,2025-06-13 13:23:55.153333
1348,https://www.france-optique.com/gravures/fournisseur=2397,"Spectrum 2.0 16 & 19 1,67 (MR10) Blue Zero",S26 / S29  BZ67,1.67,ORG,SHAMIR FRANCE,2025-06-13 13:23:55.206666
1349,https://www.france-optique.com/gravures/fournisseur=2397,"Spectrum 2.0 16 & 19 1,67 (MR10) Transitions®",S26 / S29  T67,1.67,ORG,SHAMIR FRANCE,2025-06-13 13:23:55.263333
1350,https://www.france-optique.com/gravures/fournisseur=2397,"Spectrum 2.0 16 & 19 1,74",S26 / S29  74,1.74,ORG,SHAMIR FRANCE,2025-06-13 13:23:55.313333
1351,https://www.france-optique.com/gravures/fournisseur=2397,"Autograph Intelligence™ 18 1,74",AI18 74,1.74,ORG,SHAMIR FRANCE,2025-06-13 13:23:55.366666
1352,https://www.france-optique.com/gravures/fournisseur=2397,"InoTime® Attitude III® Sport 1,6",https://si.france-optique.com/img/gravures/nasal/web_209-nas-shamir-62.tif.jpg,1.6,ORG,SHAMIR FRANCE,2025-06-13 13:23:55.480000
1353,https://www.france-optique.com/gravures/fournisseur=2397,"InoTime® Attitude III® Sport 1,6 Transitions®",https://si.france-optique.com/img/gravures/nasal/web_210-nas-shamir-63.tif.jpg,1.6,ORG,SHAMIR FRANCE,2025-06-13 13:23:55.593333
1354,https://www.france-optique.com/gravures/fournisseur=2397,"InoTime® Attitude III® Sport 1,67",https://si.france-optique.com/img/gravures/nasal/web_213-nas-shamir-66.tif.jpg,1.67,ORG,SHAMIR FRANCE,2025-06-13 13:23:55.720000
1355,https://www.france-optique.com/gravures/fournisseur=2397,"InoTime® Attitude III® Sport 1,67 Transitions®",https://si.france-optique.com/img/gravures/nasal/web_214-nas-shamir-67.tif.jpg,1.67,ORG,SHAMIR FRANCE,2025-06-13 13:23:55.843333
1356,https://www.france-optique.com/gravures/fournisseur=2397,"Autograph Plus 14 - 16 - 18 1,5",+14/+16/+18 15,1.5,ORG,SHAMIR FRANCE,2025-06-13 13:23:55.893333
1357,https://www.france-optique.com/gravures/fournisseur=2397,"Autograph Plus 14 - 16 - 18 1,5 Blue Zero",+14/+16/+18 BZ,1.5,ORG,SHAMIR FRANCE,2025-06-13 13:23:55.946666
1358,https://www.france-optique.com/gravures/fournisseur=2397,"Autograph Plus 14 - 16 - 18 1,5 Transitions®",+14/+16/+18 TR,1.5,ORG,SHAMIR FRANCE,2025-06-13 13:23:56.000000
1359,https://www.france-optique.com/gravures/fournisseur=2397,"Autograph Plus 14 - 16 - 18 1,5 Polarisant",+14/+16/+18 PZ,1.5,ORG,SHAMIR FRANCE,2025-06-13 13:23:56.050000
1360,https://www.france-optique.com/gravures/fournisseur=2397,Autograph Plus 14 - 16 - 18 Poly,+14/+16/+18 PC,1.59,POLY,SHAMIR FRANCE,2025-06-13 13:23:56.103333
1361,https://www.france-optique.com/gravures/fournisseur=2397,Autograph Plus 14 - 16 - 18 Poly Color,+14/+16/+18 PCC,1.59,POLY,SHAMIR FRANCE,2025-06-13 13:23:56.156666
1362,https://www.france-optique.com/gravures/fournisseur=2397,Autograph Plus 14 - 16 - 18 Poly Polarisant,+14/+16/+18 PPZ,1.59,POLY,SHAMIR FRANCE,2025-06-13 13:23:56.210000
1363,https://www.france-optique.com/gravures/fournisseur=2397,"Autograph Plus 14 - 16 - 18 1,6 (MR8)",+14/+16/+18 16,1.6,ORG,SHAMIR FRANCE,2025-06-13 13:23:56.266666
1364,https://www.france-optique.com/gravures/fournisseur=2397,"Autograph Plus 14 - 16 - 18 1,6 (MR8) Blue Zero",+14/+16/+18 BZ6,1.6,ORG,SHAMIR FRANCE,2025-06-13 13:23:56.320000
1365,https://www.france-optique.com/gravures/fournisseur=644,ABSOLU URBAIN 1.5 blanc / X400 / Xblue / Transitions® GenS™ / Transitions® XTRActive® / Pola / Pol Dégradé / Pola DRW™,ABU,1.5,ORG,MEGA OPTIC,2025-06-13 13:23:56.373333
1366,https://www.france-optique.com/gravures/fournisseur=2397,"Autograph Plus 14 - 16 - 18 1,6 (MR8) Transitions®",+14/+16/+18 T6,1.6,ORG,SHAMIR FRANCE,2025-06-13 13:23:56.456666
1367,https://www.france-optique.com/gravures/fournisseur=2397,"Autograph Plus 14 - 16 - 18 1,6 (MR8) Polarisant",+14/+16/+18 PZ6,1.6,ORG,SHAMIR FRANCE,2025-06-13 13:23:56.510000
1368,https://www.france-optique.com/gravures/fournisseur=2397,"Autograph Plus 14 - 16 - 18 1,67 (MR10)",+14/+16/+18 67,1.67,ORG,SHAMIR FRANCE,2025-06-13 13:23:56.560000
1369,https://www.france-optique.com/gravures/fournisseur=2397,"Autograph Plus 14 - 16 - 18 1,67 (MR10) Blue Zero",+14/+16/+18 BZ67,1.67,ORG,SHAMIR FRANCE,2025-06-13 13:23:56.620000
1370,https://www.france-optique.com/gravures/fournisseur=2397,"Autograph Plus 14 - 16 - 18 1,67 (MR10) Transitions®",+14/+16/+18 T67,1.67,ORG,SHAMIR FRANCE,2025-06-13 13:23:56.673333
1371,https://www.france-optique.com/gravures/fournisseur=2397,"Autograph Plus 14 - 16 - 18 1,74",+14/+16/+18 74,1.74,ORG,SHAMIR FRANCE,2025-06-13 13:23:56.730000
1372,https://www.france-optique.com/gravures/fournisseur=2397,Spectrum 2.0 16 &19 Poly,S26 / S29  PC,1.59,POLY,SHAMIR FRANCE,2025-06-13 13:23:56.780000
1373,https://www.france-optique.com/gravures/fournisseur=2397,"Regular HD 16 & 19 1,5",Rd6 / Rd9 15,1.5,ORG,SHAMIR FRANCE,2025-06-13 13:23:56.833333
1374,https://www.france-optique.com/gravures/fournisseur=2397,"Regular HD 16 & 19 1,5 Transitions®",Rd6 / Rd9 TR,1.5,ORG,SHAMIR FRANCE,2025-06-13 13:23:56.886666
1375,https://www.france-optique.com/gravures/fournisseur=2397,Regular HD 16 & 19 Photovision,Rd6 / Rd9 P56,1.56,ORG,SHAMIR FRANCE,2025-06-13 13:23:56.940000
1376,https://www.france-optique.com/gravures/fournisseur=2397,Regular HD 16 & 19 Poly,Rd6 / Rd9 PC,1.59,POLY,SHAMIR FRANCE,2025-06-13 13:23:56.993333
1377,https://www.france-optique.com/gravures/fournisseur=2397,"Regular HD 16 & 19 1,6 (MR8)",Rd6 / Rd9 16,1.6,ORG,SHAMIR FRANCE,2025-06-13 13:23:57.046666
1378,https://www.france-optique.com/gravures/fournisseur=2397,"Regular HD 16 & 19 1,6 (MR8) Blue Zero",Rd6 / Rd9 BZ6,1.6,ORG,SHAMIR FRANCE,2025-06-13 13:23:57.100000
1379,https://www.france-optique.com/gravures/fournisseur=2397,"Regular HD 16 & 19 1,6 (MR8) Transition®",Rd6 / Rd9 16,1.6,ORG,SHAMIR FRANCE,2025-06-13 13:23:57.153333
1380,https://www.france-optique.com/gravures/fournisseur=2397,"Regular HD 16 & 19 1,67 (MR10)",Rd6 / Rd9 67,1.67,ORG,SHAMIR FRANCE,2025-06-13 13:23:57.210000
1381,https://www.france-optique.com/gravures/fournisseur=2397,"Regular HD 16 & 19 1,67 (MR10) Blue Zero",Rd6 / Rd9 BZ67,1.67,ORG,SHAMIR FRANCE,2025-06-13 13:23:57.263333
1382,https://www.france-optique.com/gravures/fournisseur=2397,"Regular HD 16 & 19 1,67 (MR10) Transitions®",Rd6 / Rd9 T67,1.67,ORG,SHAMIR FRANCE,2025-06-13 13:23:57.313333
1383,https://www.france-optique.com/gravures/fournisseur=2397,"First HD 16 & 19 1,5",Fd6 / Fd9 15,1.5,ORG,SHAMIR FRANCE,2025-06-13 13:23:57.363333
1384,https://www.france-optique.com/gravures/fournisseur=2397,"First HD 16 & 19 1,5 Transitions®",Fd6 / Fd9 TR,1.5,ORG,SHAMIR FRANCE,2025-06-13 13:23:57.420000
1385,https://www.france-optique.com/gravures/fournisseur=2397,First HD 16 & 19 Photovision,Fd6 / Fd9 P56,1.56,ORG,SHAMIR FRANCE,2025-06-13 13:23:57.473333
1386,https://www.france-optique.com/gravures/fournisseur=2397,First HD 16 & 19 Poly,Fd6 / Fd9 PC,1.59,POLY,SHAMIR FRANCE,2025-06-13 13:23:57.526666
1387,https://www.france-optique.com/gravures/fournisseur=2397,"First HD 16 & 19 1,6 (MR8)",Fd6 / Fd9 16,1.6,ORG,SHAMIR FRANCE,2025-06-13 13:23:57.580000
1388,https://www.france-optique.com/gravures/fournisseur=2397,"Attitude III Sport 18 1,5",https://si.france-optique.com/img/gravures/nasal/web_185-nas-shamir-38.tif.jpg,1.5,ORG,SHAMIR FRANCE,2025-06-13 13:23:57.703333
1389,https://www.france-optique.com/gravures/fournisseur=2397,"Attitude III Sport 18 1,5 Transitions®",https://si.france-optique.com/img/gravures/nasal/web_186-nas-shamir-39.tif.jpg,1.5,ORG,SHAMIR FRANCE,2025-06-13 13:23:57.813333
1390,https://www.france-optique.com/gravures/fournisseur=2397,"Attitude III Sport 18 1,5 Polarized",https://si.france-optique.com/img/gravures/nasal/web_188-nas-shamir-41.tif.jpg,1.5,ORG,SHAMIR FRANCE,2025-06-13 13:23:57.930000
1391,https://www.france-optique.com/gravures/fournisseur=2397,"Attitude III Sport 18 1,6",https://si.france-optique.com/img/gravures/nasal/web_157-nas-shamir-12.tif.jpg,1.6,ORG,SHAMIR FRANCE,2025-06-13 13:23:58.053333
1392,https://www.france-optique.com/gravures/fournisseur=2397,"Attitude III Sport 18 1,6 Transitions®",https://si.france-optique.com/img/gravures/nasal/web_158-nas-shamir-13.tif.jpg,1.6,ORG,SHAMIR FRANCE,2025-06-13 13:23:58.173333
1393,https://www.france-optique.com/gravures/fournisseur=2397,"Attitude III Fashion 15 & 18 1,67",https://si.france-optique.com/img/gravures/nasal/web_213-nas-shamir-66.tif.jpg,1.67,ORG,SHAMIR FRANCE,2025-06-13 13:23:58.300000
1394,https://www.france-optique.com/gravures/fournisseur=2397,"Attitude III Fashion 15 & 18 1,67 Transitions®",https://si.france-optique.com/img/gravures/nasal/web_214-nas-shamir-67.tif.jpg,1.67,ORG,SHAMIR FRANCE,2025-06-13 13:23:58.406666
1395,https://www.france-optique.com/gravures/fournisseur=2397,Attitude III Fashion 15 & 18 Poly,https://si.france-optique.com/img/gravures/nasal/web_217-nas-shamir-70.tif.jpg,1.59,POLY,SHAMIR FRANCE,2025-06-13 13:23:58.540000
1396,https://www.france-optique.com/gravures/fournisseur=2397,Attitude III Fashion 15 & 18 Poly Transitions®,https://si.france-optique.com/img/gravures/nasal/web_218-nas-shamir-71.tif.jpg,1.59,POLY,SHAMIR FRANCE,2025-06-13 13:23:58.663333
1397,https://www.france-optique.com/gravures/fournisseur=2397,Attitude III Fashion 15 & 18 Poly Polarized,https://si.france-optique.com/img/gravures/nasal/web_222-nas-shamir-75.tif.jpg,1.59,POLY,SHAMIR FRANCE,2025-06-13 13:23:58.770000
1398,https://www.france-optique.com/gravures/fournisseur=2397,Attitude III Fashion 15 & 18 Poly Color,https://si.france-optique.com/img/gravures/nasal/web_223-nas-shamir-76.tif.jpg,1.59,POLY,SHAMIR FRANCE,2025-06-13 13:23:58.876666
1399,https://www.france-optique.com/gravures/fournisseur=2397,Attitude III Fashion 15 & 18 NXT Varia Color / Varia Polar / Polar / Color Mirror / Color,https://si.france-optique.com/img/gravures/nasal/web_221-nas-shamir-74.tif.jpg,1.53,NXT,SHAMIR FRANCE,2025-06-13 13:23:59.020000
1400,https://www.france-optique.com/gravures/fournisseur=2397,"InoTime® SV 1,6",FF 16,1.6,ORG,SHAMIR FRANCE,2025-06-13 13:23:59.076666
1401,https://www.france-optique.com/gravures/fournisseur=2397,"InoTime® SV 1,6 Transitions®",FF T6,1.6,ORG,SHAMIR FRANCE,2025-06-13 13:23:59.126666
1402,https://www.france-optique.com/gravures/fournisseur=2397,"InoTime® SV 1,67",FF 67,1.67,ORG,SHAMIR FRANCE,2025-06-13 13:23:59.180000
1403,https://www.france-optique.com/gravures/fournisseur=2397,"InoTime® SV 1,67 Transitions®",FF T67,1.67,ORG,SHAMIR FRANCE,2025-06-13 13:23:59.230000
1404,https://www.france-optique.com/gravures/fournisseur=644,ABSOLU URBAIN TVX® 1.53 blanc / Transitions® GenS™ / Transitions® XTRActive® / Pola,ABU,1.53,TVX,MEGA OPTIC,2025-06-13 13:23:59.283333
1405,https://www.france-optique.com/gravures/fournisseur=644,ABSOLU URBAIN 1.59 blanc / Transitions® GenS™ / Transitions® XTRActive® / Pola / Pola DRW™,ABU,1.59,POLY,MEGA OPTIC,2025-06-13 13:23:59.336666
1406,https://www.france-optique.com/gravures/fournisseur=644,ABSOLU URBAIN 1.6 blanc / Xblue / Transitions® GenS™ / Transitions® XTRActive® / Pola,ABU,1.6,MR8,MEGA OPTIC,2025-06-13 13:23:59.393333
1407,https://www.france-optique.com/gravures/fournisseur=644,ABSOLU URBAIN 1.67 blanc / Xblue / Transitions® GenS™ / Transitions® XTRActive® / Pola,ABU,1.67,ORG,MEGA OPTIC,2025-06-13 13:23:59.446666
1408,https://www.france-optique.com/gravures/fournisseur=644,ABSOLU URBAIN 1.74 blanc / Xblue / Transitions® GenS™,ABU,1.74,ORG,MEGA OPTIC,2025-06-13 13:23:59.500000
1409,https://www.france-optique.com/gravures/fournisseur=644,ABSOLU SCRIPT 1.5 blanc / X400 / Xblue / Transitions® GenS™ / Transitions® XTRActive® / Pola / Pola Dégradé / Pola DRW™,ABS,1.5,ORG,MEGA OPTIC,2025-06-13 13:23:59.550000
1410,https://www.france-optique.com/gravures/fournisseur=644,ABSOLU SCRIPT TVX® 1.53 blanc / Transitions® GenS™ / Transitions® XTRActive® / Pola,ABS,1.53,TVX,MEGA OPTIC,2025-06-13 13:23:59.596666
1411,https://www.france-optique.com/gravures/fournisseur=644,ABSOLU SCRIPT 1.59 blanc /Transitions® GenS™ / Transitions® XTRActive® / Pola / Pola DRW™,ABS,1.59,POLY,MEGA OPTIC,2025-06-13 13:23:59.640000
1412,https://www.france-optique.com/gravures/fournisseur=644,ABSOLU SCRIPT 1.6 blanc / Xblue / Transitions® GenS™ / Transitions® XTRActive® / Pola,ABS,1.6,MR8,MEGA OPTIC,2025-06-13 13:23:59.690000
1413,https://www.france-optique.com/gravures/fournisseur=644,ABSOLU SCRIPT 1.67 blanc / Xblue / Transitions® GenS™ / Transitions® XTRActive® / Pola,ABS,1.67,ORG,MEGA OPTIC,2025-06-13 13:23:59.743333
1414,https://www.france-optique.com/gravures/fournisseur=644,ABSOLU SCRIPT 1.74 blanc / Xblue / Transitions® GenS™,ABS,1.74,ORG,MEGA OPTIC,2025-06-13 13:23:59.793333
1415,https://www.france-optique.com/gravures/fournisseur=644,ABSOLU EVASION 1.5 blanc / X400 / Xblue / Transitions® GenS™ / Transitions® XTRActive® / Pola / Pola Dégradé / Pola DRW™,ABE,1.5,ORG,MEGA OPTIC,2025-06-13 13:23:59.850000
1416,https://www.france-optique.com/gravures/fournisseur=644,ABSOLU EVASION TVX® 1.53 blanc / Transitions® GenS™ / Transitions® XTRActive® / Pola,ABE,1.53,TVX,MEGA OPTIC,2025-06-13 13:23:59.903333
1417,https://www.france-optique.com/gravures/fournisseur=644,ABSOLU EVASION 1.59 blanc / Transitions® GenS™ / Transitions® XTRActive® / Pola / Pola DRW™,ABE,1.59,POLY,MEGA OPTIC,2025-06-13 13:23:59.953333
1418,https://www.france-optique.com/gravures/fournisseur=644,ABSOLU EVASION 1.6 blanc / Xblue / Transitions® GenS™ / Transitions® XTRActive® / Pola,ABE,1.6,ORG,MEGA OPTIC,2025-06-13 13:24:00.006666
1419,https://www.france-optique.com/gravures/fournisseur=644,ABSOLU EVASION 1.67 blanc / Xblue / Transitions® GenS™ / Transitions® XTRActive® / Pola,ABE,1.67,ORG,MEGA OPTIC,2025-06-13 13:24:00.056666
1420,https://www.france-optique.com/gravures/fournisseur=644,ABSOLU EVASION 1.74 blanc / Xblue / Transitions® GenS™,ABE,1.74,ORG,MEGA OPTIC,2025-06-13 13:24:00.110000
1421,https://www.france-optique.com/gravures/fournisseur=644,ATRIA 1.5 blanc / X400 / Xblue / Transitions® GenS™ / Transitions® XTRActive® / Pola / Pola Dégradé / Pola DRW™,IA,1.5,ORG,MEGA OPTIC,2025-06-13 13:24:00.163333
1422,https://www.france-optique.com/gravures/fournisseur=644,ATRIA TVX® 1.53 blanc / Trans® GenS™ / Trans® XTRActive® / Pola,IA,1.53,TVX,MEGA OPTIC,2025-06-13 13:24:00.213333
1423,https://www.france-optique.com/gravures/fournisseur=644,ATRIA 1.59 blanc / Transitions® GenS™ / Transitions® XTRActive® / Pola / Pola DRW™,IA,1.59,POLY,MEGA OPTIC,2025-06-13 13:24:00.266666
1424,https://www.france-optique.com/gravures/fournisseur=644,ATRIA 1.6 blanc / Xblue / Transitions® GenS™ / Transitions® XTRActive® / Pola,IA,1.6,MR8,MEGA OPTIC,2025-06-13 13:24:00.320000
1425,https://www.france-optique.com/gravures/fournisseur=644,ATRIA 1.67 blanc / Xblue / Transitions® GenS™ / Transitions® XTRActive® / Pola,IA,1.67,ORG,MEGA OPTIC,2025-06-13 13:24:00.373333
1426,https://www.france-optique.com/gravures/fournisseur=644,ATRIA 1.74 blanc / Xblue / Transitions® GenS™,IA,1.74,ORG,MEGA OPTIC,2025-06-13 13:24:00.426666
1427,https://www.france-optique.com/gravures/fournisseur=644,3D Fit 1.5 blanc / X400 / Xblue / Trans® GenS™ / Trans® XTRActive® / Trans® XTRActive® Pola / Pola / Pola Dégradé / Pola DRW™,3DFIT,1.5,ORG,MEGA OPTIC,2025-06-13 13:24:00.480000
1428,https://www.france-optique.com/gravures/fournisseur=644,3D Fit TVX® 1.53 blanc / Trans® GenS™ / Transitions® XTRActive® / Pola,3DFIT,1.53,TVX,MEGA OPTIC,2025-06-13 13:24:00.533333
1429,https://www.france-optique.com/gravures/fournisseur=644,3D Fit 1.59 blanc / Trans® GenS™ / Transitions® XTRActive® / Pola / Pola DRW™,3DFIT,1.59,POLY,MEGA OPTIC,2025-06-13 13:24:00.583333
1430,https://www.france-optique.com/gravures/fournisseur=644,3D Fit 1.6 blanc / Xblue / Trans® GenS™ / Trans® XTRActive® / Trans® XTRActive® Pola / Pola,3DFIT,1.6,ORG,MEGA OPTIC,2025-06-13 13:24:00.633333
1431,https://www.france-optique.com/gravures/fournisseur=644,3D Fit 1.67 blanc / Xblue / Trans® GenS™ / Trans® XTRActive® / Trans® XTRActive® Pola / Pola,3DFIT,1.67,ORG,MEGA OPTIC,2025-06-13 13:24:00.683333
1432,https://www.france-optique.com/gravures/fournisseur=644,3D Fit 1.74 blanc/Xblue/Trans™,3DFIT,1.74,ORG,MEGA OPTIC,2025-06-13 13:24:00.736666
1433,https://www.france-optique.com/gravures/fournisseur=644,3D Full Tech 1.5 blanc / X400 / Xblue / Trans® GenS™ / Trans® XTRActive® / Trans® XTRActive® Pola / Pola / Pola Dégradé / Pola DRW™,3DFT,1.5,ORG,MEGA OPTIC,2025-06-13 13:24:00.790000
1434,https://www.france-optique.com/gravures/fournisseur=644,3D Full Tech TVX® 1.53 blanc / Trans® GenS™ / Trans® XTRActive® / Pola,3DFT,1.53,TVX,MEGA OPTIC,2025-06-13 13:24:00.843333
1435,https://www.france-optique.com/gravures/fournisseur=644,3D Full Tech 1.59 blanc / Trans® GenS™ / Trans® XTRActive® / Pola / Pola DRW™,3DFT,1.59,POLY,MEGA OPTIC,2025-06-13 13:24:00.896666
1436,https://www.france-optique.com/gravures/fournisseur=644,3D Full Tech 1.6 blanc / Xblue / Trans® GenS™ / Trans® XTRActive® / Trans® XTRActive® Pola / Pola,3DFT,1.6,MR8,MEGA OPTIC,2025-06-13 13:24:00.950000
1437,https://www.france-optique.com/gravures/fournisseur=2217,K Sport Trivex Polarisant Brun et Gris,KS 1.53 POL,1.53,TVX POLA,K OPTICAL,2025-06-13 13:24:01.003333
1438,https://www.france-optique.com/gravures/fournisseur=521,Eyezen BOOST 0.85 Ormix,https://si.france-optique.com/img/gravures/nasal/web_746-nas-essilor-122.tif.jpg,1.6,ORG,Fournisseur : ESSILOR FR ...,2025-06-13 13:24:01.130000
1439,https://www.france-optique.com/gravures/fournisseur=644,3D Full Tech 1.67 blanc / Xblue / Trans® GenS™ / Trans® XTRActive® / Trans® XTRActive® Pola / Pola,3DFT,1.67,ORG,MEGA OPTIC,2025-06-13 13:24:01.230000
1440,https://www.france-optique.com/gravures/fournisseur=644,3D Full Tech 1.74 blanc/Xblue/Trans™,3DFT,1.74,ORG,MEGA OPTIC,2025-06-13 13:24:01.280000
1441,https://www.france-optique.com/gravures/fournisseur=644,VIPHD 1.5 blanc / X400 / Xblue / Transitions® GenS™ / Transitions® XTRActive® / Pola / Pola Dégradé / Pola DRW™,VI,1.5,ORG,MEGA OPTIC,2025-06-13 13:24:01.340000
1442,https://www.france-optique.com/gravures/fournisseur=644,VIPHD TVX® 1.53 blanc / Transitions® GenS™ / Transitions® XTRActive® / Pola,VI,1.53,TVX,MEGA OPTIC,2025-06-13 13:24:01.390000
1443,https://www.france-optique.com/gravures/fournisseur=644,VIPHD 1.59 blanc / Transitions® GenS™ / Transitions® XTRActive® / Pola / Pola DRW™,VI,1.59,POLY,MEGA OPTIC,2025-06-13 13:24:01.443333
1444,https://www.france-optique.com/gravures/fournisseur=644,VIPHD 1.6 blanc / Xblue / Transitions® GenS™ / Transitions® XTRActive® / Pola,VI,1.6,MR8,MEGA OPTIC,2025-06-13 13:24:01.493333
1445,https://www.france-optique.com/gravures/fournisseur=644,VIPHD 1.67 blanc / Xblue / Transitions® GenS™ / Transitions® XTRActive® / Pola,VI,1.67,ORG,MEGA OPTIC,2025-06-13 13:24:01.546666
1446,https://www.france-optique.com/gravures/fournisseur=644,VIPHD 1.74 blanc / Xblue / Transitions® GenS™,VI,1.74,ORG,MEGA OPTIC,2025-06-13 13:24:01.603333
1447,https://www.france-optique.com/gravures/fournisseur=644,AGILAHD 1.5 blanc,AG/AGm,1.5,ORG,MEGA OPTIC,2025-06-13 13:24:01.666666
1448,https://www.france-optique.com/gravures/fournisseur=644,AGILAHD 1.6 blanc,AG/AGm,1.6,ORG,MEGA OPTIC,2025-06-13 13:24:01.720000
1449,https://www.france-optique.com/gravures/fournisseur=644,PRISMAHD 1.5 blanc / Xblue / Transitions® GenS™ / Pola,PR/PRm,1.5,ORG,MEGA OPTIC,2025-06-13 13:24:01.776666
1450,https://www.france-optique.com/gravures/fournisseur=644,PRISMAHD 1.59 blanc / Transitions® GenS™,PR/PRm,1.59,POLY,MEGA OPTIC,2025-06-13 13:24:01.826666
1451,https://www.france-optique.com/gravures/fournisseur=644,PRISMAHD 1.6 blanc / Xblue / Transitions® GenS™ / Pola,PR/PRm,1.6,MR8,MEGA OPTIC,2025-06-13 13:24:01.880000
1452,https://www.france-optique.com/gravures/fournisseur=644,PRISMAHD 1.67 blanc / Xblue / Transitions® GenS™ / Pola,PR/PRm,1.67,ORG,MEGA OPTIC,2025-06-13 13:24:01.930000
1453,https://www.france-optique.com/gravures/fournisseur=644,PRISMAHD 1.74 blanc / Xblue,PR/PRm,1.74,ORG,MEGA OPTIC,2025-06-13 13:24:01.983333
1454,https://www.france-optique.com/gravures/fournisseur=644,PSEHD 1.5 blanc / Xblue / Transitions® GenS™ / Pola,PS/PSm,1.5,ORG,MEGA OPTIC,2025-06-13 13:24:02.036666
1455,https://www.france-optique.com/gravures/fournisseur=644,PSEHD 1.59 blanc,PS/PSm,1.59,POLY,MEGA OPTIC,2025-06-13 13:24:02.093333
1456,https://www.france-optique.com/gravures/fournisseur=644,PSEHD 1.6 blanc / Xblue / Transitions® GenS™ / Pola,PS/PSm,1.6,MR8,MEGA OPTIC,2025-06-13 13:24:02.146666
1457,https://www.france-optique.com/gravures/fournisseur=644,PSEHD 1.67 blanc / Xblue,PS/PSm,1.67,ORG,MEGA OPTIC,2025-06-13 13:24:02.200000
1458,https://www.france-optique.com/gravures/fournisseur=644,POWER DESK 1.5 blanc/X400/Xblue/Trans™/Trans™ XTRActive® NG,PW,1.5,ORG,MEGA OPTIC,2025-06-13 13:24:02.250000
1459,https://www.france-optique.com/gravures/fournisseur=644,POWER DESK TVX® 1.53 blanc/Xblue//Trans™/Trans™ XTRActive® NG,PW,1.53,TVX,MEGA OPTIC,2025-06-13 13:24:02.303333
1460,https://www.france-optique.com/gravures/fournisseur=644,POWER DESK 1.59 blanc/Trans™/Trans™ XTRActive® NG,PW,1.59,POLY,MEGA OPTIC,2025-06-13 13:24:02.356666
1461,https://www.france-optique.com/gravures/fournisseur=644,POWER DESK 1.6 blanc/X400/Xblue/Trans™/Trans™ XTRActive® NG,PW,1.6,MR8,MEGA OPTIC,2025-06-13 13:24:02.410000
1462,https://www.france-optique.com/gravures/fournisseur=644,POWER DESK 1.67 blanc/Xblue/Trans™/Trans™ XTRActive® NG,PW,1.67,ORG,MEGA OPTIC,2025-06-13 13:24:02.470000
1463,https://www.france-optique.com/gravures/fournisseur=644,POWER DESK 1.74 blanc/Xblue/Trans™,PW,1.74,ORG,MEGA OPTIC,2025-06-13 13:24:02.520000
1464,https://www.france-optique.com/gravures/fournisseur=644,E-TOUCH 1.5 blanc / Xblue / Trans® GenS™ / Trans® XTRActive®,ET,1.5,ORG,MEGA OPTIC,2025-06-13 13:24:02.573333
1465,https://www.france-optique.com/gravures/fournisseur=644,E-TOUCH 1.6 blanc / Xblue / Trans® GenS™ / Trans® XTRActive®,ET,1.6,MR8,MEGA OPTIC,2025-06-13 13:24:02.623333
1466,https://www.france-optique.com/gravures/fournisseur=644,E-TOUCH 1.67 blanc / Xblue / Trans® GenS™ / Trans® XTRActive®,ET,1.67,ORG,MEGA OPTIC,2025-06-13 13:24:02.676666
1467,https://www.france-optique.com/gravures/fournisseur=644,€SPRIX MD 1.5 AR,"ESPmdF
ESPmdA
ESPmdM",1.5,ORG,MEGA OPTIC,2025-06-13 13:24:02.730000
1468,https://www.france-optique.com/gravures/fournisseur=644,€SPRIX MD 1.6 AR,"ESPmdF
ESPmdA
ESPmdM",1.6,MR8,MEGA OPTIC,2025-06-13 13:24:02.780000
1469,https://www.france-optique.com/gravures/fournisseur=644,€SPRIX MD 1.67 AR,"ESPmdF
ESPmdA
ESPmdM",1.67,ORG,MEGA OPTIC,2025-06-13 13:24:02.830000
1470,https://www.france-optique.com/gravures/fournisseur=644,€SPRIX MD 1.74 AR,"ESPmdF
ESPmdA
ESPmdM",1.74,ORG,MEGA OPTIC,2025-06-13 13:24:02.880000
1471,https://www.france-optique.com/gravures/fournisseur=644,€SPRIX PROG & Mini 1.5 AR,ESP/ESPm,1.5,ORG,MEGA OPTIC,2025-06-13 13:24:02.933333
1472,https://www.france-optique.com/gravures/fournisseur=644,€SPRIX PROG & Min 1.59 AR,ESP/ESPm,1.59,POLY,MEGA OPTIC,2025-06-13 13:24:02.983333
1473,https://www.france-optique.com/gravures/fournisseur=644,€SPRIX PROG & Min 1.6 AR,ESP/ESPm,1.6,MR8,MEGA OPTIC,2025-06-13 13:24:03.036666
1474,https://www.france-optique.com/gravures/fournisseur=644,€SPRIX PROG  & Min 1.67 AR,ESP/ESPm,1.67,ORG,MEGA OPTIC,2025-06-13 13:24:03.093333
1475,https://www.france-optique.com/gravures/fournisseur=644,€SPRIX PROG  & Min 1.74 AR,ESP/ESPm,1.74,ORG,MEGA OPTIC,2025-06-13 13:24:03.146666
1476,https://www.france-optique.com/gravures/fournisseur=644,IDEO 1.5 blanc / XBlue,ID,1.5,ORG,MEGA OPTIC,2025-06-13 13:24:03.206666
1477,https://www.france-optique.com/gravures/fournisseur=644,IDEO 1.6 blanc / XBlue,ID,1.6,MR8,MEGA OPTIC,2025-06-13 13:24:03.260000
1478,https://www.france-optique.com/gravures/fournisseur=521,Eyezen BOOST 0.85 Airwear Eye Protect System et Airwear Transitions,https://si.france-optique.com/img/gravures/nasal/web_747-nas-essilor-123.tif.jpg,1.59,ORG,Fournisseur : ESSILOR FR ...,2025-06-13 13:24:03.386666
1479,https://www.france-optique.com/gravures/fournisseur=521,Eyezen BOOST 0.85 Airwear,https://si.france-optique.com/img/gravures/nasal/web_747-nas-essilor-123.tif.jpg,1.59,ORG,Fournisseur : ESSILOR FR ...,2025-06-13 13:24:03.510000
1480,https://www.france-optique.com/gravures/fournisseur=521,Eyezen BOOST 0.85 Orma Eye Protect System et Orma Transitions,https://si.france-optique.com/img/gravures/nasal/web_748-nas-essilor-124.tif.jpg,1.5,ORG,Fournisseur : ESSILOR FR ...,2025-06-13 13:24:03.616666
1481,https://www.france-optique.com/gravures/fournisseur=521,Eyezen BOOST 0.85 Orma,https://si.france-optique.com/img/gravures/nasal/web_748-nas-essilor-124.tif.jpg,1.5,ORG,Fournisseur : ESSILOR FR ...,2025-06-13 13:24:03.720000
1482,https://www.france-optique.com/gravures/fournisseur=521,Eyezen BOOST 0.85 Fit Lineis Eye Protect System,https://si.france-optique.com/img/gravures/nasal/web_745-nas-essilor-121.tif.jpg,1.74,ORG,Fournisseur : ESSILOR FR ...,2025-06-13 13:24:03.833333
1483,https://www.france-optique.com/gravures/fournisseur=521,Eyezen BOOST 0.85 Fit Lineis,https://si.france-optique.com/img/gravures/nasal/web_745-nas-essilor-121.tif.jpg,1.74,ORG,Fournisseur : ESSILOR FR ...,2025-06-13 13:24:03.966666
1484,https://www.france-optique.com/gravures/fournisseur=521,Eyezen BOOST 0.85 Fit Stylis Eye Protect System et Stylis Transitions,https://si.france-optique.com/img/gravures/nasal/web_749-nas-essilor-125.tif.jpg,1.67,ORG,Fournisseur : ESSILOR FR ...,2025-06-13 13:24:04.073333
1485,https://www.france-optique.com/gravures/fournisseur=521,Eyezen BOOST 0.85 Fit Stylis,https://si.france-optique.com/img/gravures/nasal/web_749-nas-essilor-125.tif.jpg,1.67,ORG,Fournisseur : ESSILOR FR ...,2025-06-13 13:24:04.193333
1486,https://www.france-optique.com/gravures/fournisseur=521,Eyezen BOOST 0.85 Fit Ormix Eye Protect System et Ormix Transitions,https://si.france-optique.com/img/gravures/nasal/web_746-nas-essilor-122.tif.jpg,1.6,ORG,Fournisseur : ESSILOR FR ...,2025-06-13 13:24:04.320000
1487,https://www.france-optique.com/gravures/fournisseur=521,Eyezen BOOST 0.85 Fit Ormix,https://si.france-optique.com/img/gravures/nasal/web_746-nas-essilor-122.tif.jpg,1.6,ORG,Fournisseur : ESSILOR FR ...,2025-06-13 13:24:04.450000
1488,https://www.france-optique.com/gravures/fournisseur=521,Eyezen BOOST 0.85 Fit Airwear Eye Protect System et Airwear Transitions,https://si.france-optique.com/img/gravures/nasal/web_747-nas-essilor-123.tif.jpg,1.59,ORG,Fournisseur : ESSILOR FR ...,2025-06-13 13:24:04.563333
1489,https://www.france-optique.com/gravures/fournisseur=521,Eyezen BOOST 0.85 Fit Airwear,https://si.france-optique.com/img/gravures/nasal/web_747-nas-essilor-123.tif.jpg,1.59,ORG,Fournisseur : ESSILOR FR ...,2025-06-13 13:24:04.706666
1490,https://www.france-optique.com/gravures/fournisseur=521,Eyezen BOOST 0.85 Fit Orma Eye Protect System et Orma Transitions,https://si.france-optique.com/img/gravures/nasal/web_748-nas-essilor-124.tif.jpg,1.5,ORG,Fournisseur : ESSILOR FR ...,2025-06-13 13:24:04.826666
1491,https://www.france-optique.com/gravures/fournisseur=521,Eyezen BOOST 0.85 Fit Orma,https://si.france-optique.com/img/gravures/nasal/web_748-nas-essilor-124.tif.jpg,1.5,ORG,Fournisseur : ESSILOR FR ...,2025-06-13 13:24:04.960000
1492,https://www.france-optique.com/gravures/fournisseur=521,Eyezen Start Stylis,https://si.france-optique.com/img/gravures/nasal/web_833-grav-essilor-19-01.tif.jpg,1.67,ORG,Fournisseur : ESSILOR FR ...,2025-06-13 13:24:05.080000
1493,https://www.france-optique.com/gravures/fournisseur=521,Eyezen Start Airwear,https://si.france-optique.com/img/gravures/nasal/web_835-grav-essilor-19-03.tif.jpg,1.59,ORG,Fournisseur : ESSILOR FR ...,2025-06-13 13:24:05.183333
1494,https://www.france-optique.com/gravures/fournisseur=521,Eyezen Start Fit Stylis,https://si.france-optique.com/img/gravures/nasal/web_833-grav-essilor-19-01.tif.jpg,1.67,ORG,Fournisseur : ESSILOR FR ...,2025-06-13 13:24:05.280000
1495,https://www.france-optique.com/gravures/fournisseur=521,Eyezen BOOST 1.1 Fit Airwear Eye Protect System et Airwear Transitions,https://si.france-optique.com/img/gravures/nasal/web_1179-nas-essilor-11.tif.jpg,1.59,ORG,Fournisseur : ESSILOR FR ...,2025-06-13 13:24:05.396666
1496,https://www.france-optique.com/gravures/fournisseur=521,Eyezen Start Fit Airwear,https://si.france-optique.com/img/gravures/nasal/web_835-grav-essilor-19-03.tif.jpg,1.59,ORG,Fournisseur : ESSILOR FR ...,2025-06-13 13:24:05.510000
1497,https://www.france-optique.com/gravures/fournisseur=521,Eyezen Start Fit Orma,https://si.france-optique.com/img/gravures/nasal/web_836-grav-essilor-19-04.tif.jpg,1.5,ORG,Fournisseur : ESSILOR FR ...,2025-06-13 13:24:05.626666
1498,https://www.france-optique.com/gravures/fournisseur=521,Eyezen BOOST 1.1 Lineis Eye Protect System et Lineis Transitions,https://si.france-optique.com/img/gravures/nasal/web_1177-nas-essilor-9.tif.jpg,1.74,ORG,Fournisseur : ESSILOR FR ...,2025-06-13 13:24:05.733333
1499,https://www.france-optique.com/gravures/fournisseur=521,Eyezen BOOST 1.1 Lineis,https://si.france-optique.com/img/gravures/nasal/web_1177-nas-essilor-9.tif.jpg,1.74,ORG,Fournisseur : ESSILOR FR ...,2025-06-13 13:24:05.866666
1500,https://www.france-optique.com/gravures/fournisseur=521,Eyezen BOOST 1.1 Stylis Eye Protect System et Lineis Transitions,https://si.france-optique.com/img/gravures/nasal/web_1175-nas-essilor-7.tif.jpg,1.67,ORG,Fournisseur : ESSILOR FR ...,2025-06-13 13:24:05.990000
1501,https://www.france-optique.com/gravures/fournisseur=521,Eyezen BOOST 1.1 Stylis,https://si.france-optique.com/img/gravures/nasal/web_1175-nas-essilor-7.tif.jpg,1.67,ORG,Fournisseur : ESSILOR FR ...,2025-06-13 13:24:06.130000
1502,https://www.france-optique.com/gravures/fournisseur=521,Eyezen BOOST 1.1 Ormix Eye Protect System et Lineis Transitions,https://si.france-optique.com/img/gravures/nasal/web_1176-nas-essilor-8.tif.jpg,1.6,ORG,Fournisseur : ESSILOR FR ...,2025-06-13 13:24:06.240000
1503,https://www.france-optique.com/gravures/fournisseur=521,Eyezen BOOST 1.1 Ormix,https://si.france-optique.com/img/gravures/nasal/web_1176-nas-essilor-8.tif.jpg,1.6,ORG,Fournisseur : ESSILOR FR ...,2025-06-13 13:24:06.376666
1504,https://www.france-optique.com/gravures/fournisseur=521,Eyezen BOOST 1.1 Airwear Eye Protect System et Lineis Transitions,https://si.france-optique.com/img/gravures/nasal/web_1179-nas-essilor-11.tif.jpg,1.59,ORG,Fournisseur : ESSILOR FR ...,2025-06-13 13:24:06.493333
1505,https://www.france-optique.com/gravures/fournisseur=521,Eyezen BOOST 1.1 Airwear,https://si.france-optique.com/img/gravures/nasal/web_1179-nas-essilor-11.tif.jpg,1.59,ORG,Fournisseur : ESSILOR FR ...,2025-06-13 13:24:06.623333
1506,https://www.france-optique.com/gravures/fournisseur=521,Eyezen BOOST 1.1 Orma Eye Protect System et Lineis Transitions,https://si.france-optique.com/img/gravures/nasal/web_1178-nas-essilor-10.tif.jpg,1.5,ORG,Fournisseur : ESSILOR FR ...,2025-06-13 13:24:06.723333
1507,https://www.france-optique.com/gravures/fournisseur=2217,K Sport Trivex Transitions Xtractive Gris,KS 1.53 XT,1.53,TVX TRANS,K OPTICAL,2025-06-13 13:24:06.776666
1508,https://www.france-optique.com/gravures/fournisseur=2217,Kléra Plus Evo 1.5 Kromatic BLUE/KUT SE Brun et Gris,"K+
1.50 KB",1.5,ORG PHO,K OPTICAL,2025-06-13 13:24:06.826666
1509,https://www.france-optique.com/gravures/fournisseur=2217,"Kléra Plus Evo 1.5 Polarisant Brun, Gris et Gris-Vert",K+ 1.50 POL,1.5,ORG POLA.,K OPTICAL,2025-06-13 13:24:06.876666
1510,https://www.france-optique.com/gravures/fournisseur=2217,"Kléra Plus Evo 1.5 Polarisant Dégradé Brun, Gris et Gris-Vert",K+ 1.50 POL,1.5,ORG POLA.,K OPTICAL,2025-06-13 13:24:06.930000
1511,https://www.france-optique.com/gravures/fournisseur=2217,"Kléra Plus Evo 1.5 Transitions 8 Brun, Gris et Vert",K+ 1.50 T8,1.5,ORG TRANS,K OPTICAL,2025-06-13 13:24:06.980000
1512,https://www.france-optique.com/gravures/fournisseur=2217,Kléra Plus Evo 1.5 Transitions 8 Style,"K+
1.50 TS",1.5,ORG TRANS,K OPTICAL,2025-06-13 13:24:07.033333
1513,https://www.france-optique.com/gravures/fournisseur=2217,Kléra Plus Evo 1.5 Transitions Xtractive Brun et Gris,K+ 1.50 XT,1.5,ORG TRANS,K OPTICAL,2025-06-13 13:24:07.086666
1514,https://www.france-optique.com/gravures/fournisseur=2217,Kléra Sport 1.5,KSP 1.50,1.5,ORG,K OPTICAL,2025-06-13 13:24:07.136666
1515,https://www.france-optique.com/gravures/fournisseur=2217,Kléra Sport 1.5 BLUE/KUT SE,KSP 1.50 BK,1.5,ORG,K OPTICAL,2025-06-13 13:24:07.190000
1516,https://www.france-optique.com/gravures/fournisseur=2217,"Kléra Sport 1.5 Polarisant Dégradé Brun, Gris et Gris-Vert",KSP 1.50 POL,1.5,ORG POLA.,K OPTICAL,2025-06-13 13:24:07.240000
1517,https://www.france-optique.com/gravures/fournisseur=2217,"Kléra Sport 1.5 Polarisant Brun, Gris et Gris-Vert",KSP 1.50 POL,1.5,ORG POLA.,K OPTICAL,2025-06-13 13:24:07.290000
1518,https://www.france-optique.com/gravures/fournisseur=2217,"Kléra Sport 1.5 Transitions 8 Brun, Gris et Vert",KSP 1.50 T8,1.5,ORG TRANS,K OPTICAL,2025-06-13 13:24:07.346666
1519,https://www.france-optique.com/gravures/fournisseur=2217,Kléra Sport 1.5 Transitions Style,"KSP
1.50 TS",1.5,ORG TRANS,K OPTICAL,2025-06-13 13:24:07.393333
1520,https://www.france-optique.com/gravures/fournisseur=2217,Kléra Sport 1.5 Transitions Xtractive Brun et Gris,KSP 1.50 XT,1.5,ORG TRANS,K OPTICAL,2025-06-13 13:24:07.446666
1521,https://www.france-optique.com/gravures/fournisseur=2217,Kléra Sport Trivex,KSP 1.53,1.53,TVX,K OPTICAL,2025-06-13 13:24:07.496666
1522,https://www.france-optique.com/gravures/fournisseur=2217,Kléra Sport Trivex BLUE/KUT SE,"KSP
1.53 BK",1.53,TVX,K OPTICAL,2025-06-13 13:24:07.546666
1523,https://www.france-optique.com/gravures/fournisseur=2217,Kléra Sport Trivex Polarisant Brun et Gris,KSP 1.53 POL,1.53,TVX POLA.,K OPTICAL,2025-06-13 13:24:07.600000
1524,https://www.france-optique.com/gravures/fournisseur=2217,"Kléra 1.5 Polarisant Brun, Gris et Gris-Vert",K 1.50 POL,1.5,ORG POLA.,K OPTICAL,2025-06-13 13:24:07.650000
1525,https://www.france-optique.com/gravures/fournisseur=2217,"Kléra 1.5 Polarisant Dégradé Brun, Gris et Gris-Vert",K 1.50 POL,1.5,ORG POLA.,K OPTICAL,2025-06-13 13:24:07.700000
1526,https://www.france-optique.com/gravures/fournisseur=2217,"Kléra 1.5 Transitions 8 Brun, Gris et Vert",K 1.50 T8,1.5,ORG TRANS,K OPTICAL,2025-06-13 13:24:07.760000
1527,https://www.france-optique.com/gravures/fournisseur=2217,"Klassika 1.5 Polarisant Brun, Gris et Gris-Vert",KK POL,1.5,ORG POLA.,K OPTICAL,2025-06-13 13:24:07.810000
1528,https://www.france-optique.com/gravures/fournisseur=2217,"Klassika 1.5 Polarisant Dégradé Brun, Gris et Gris-Vert",KK POL,1.5,ORG POLA.,K OPTICAL,2025-06-13 13:24:07.860000
1529,https://www.france-optique.com/gravures/fournisseur=2217,Klassika Polycarbonate,KK PC,1.59,POLY,K OPTICAL,2025-06-13 13:24:07.913333
1530,https://www.france-optique.com/gravures/fournisseur=2217,"K Desk 1.5 Transitions 8 Brun, Gris et Vert",D 1.5 T8,1.5,ORG TRANS,K OPTICAL,2025-06-13 13:24:07.966666
1531,https://www.france-optique.com/gravures/fournisseur=2217,K Desk Polycarbonate,D 1.59,1.59,POLY,K OPTICAL,2025-06-13 13:24:08.016666
1532,https://www.france-optique.com/gravures/fournisseur=2217,K Desk Polycarbonate BLUE/KUT SE,D 1.59 BK,1.59,POLY,K OPTICAL,2025-06-13 13:24:08.070000
1533,https://www.france-optique.com/gravures/fournisseur=2217,"K Desk Polycarbonate Transitions 8 Brun , Gris et Vert",D 1.59 T8,1.59,POLY TRANS,K OPTICAL,2025-06-13 13:24:08.120000
1534,https://www.france-optique.com/gravures/fournisseur=2217,K Desk 1.6,D 1.6,1.6,ORG,K OPTICAL,2025-06-13 13:24:08.173333
1535,https://www.france-optique.com/gravures/fournisseur=2217,"Kéolys 1.5 Polarisant Dégradé Gris, Brun, et Gris vert",Ky   POL,1.5,ORG POLA,K OPTICAL,2025-06-13 13:24:08.223333
1536,https://www.france-optique.com/gravures/fournisseur=2217,"Kéolys 1.5 Polarisant Gris, Brun, et Gris vert",Ky POL,1.5,ORG POLA,K OPTICAL,2025-06-13 13:24:08.273333
1537,https://www.france-optique.com/gravures/fournisseur=644,IDEO 1.67 blanc / XBlue,ID,1.67,ORG,MEGA OPTIC,2025-06-13 13:24:10.190000
1538,https://www.france-optique.com/gravures/fournisseur=644,IDEO 1.74 blanc / XBlue,ID,1.74,ORG,MEGA OPTIC,2025-06-13 13:24:10.240000
1539,https://www.france-optique.com/gravures/fournisseur=644,MOVILENS 1.5 blanc / XBlue,MO,1.5,ORG,MEGA OPTIC,2025-06-13 13:24:10.293333
1540,https://www.france-optique.com/gravures/fournisseur=644,MOVILENS 1.6 blanc / XBlue,MO,1.6,MR8,MEGA OPTIC,2025-06-13 13:24:10.343333
1541,https://www.france-optique.com/gravures/fournisseur=644,MOVILENS 1.67 blanc / XBlue,MO,1.67,ORG,MEGA OPTIC,2025-06-13 13:24:10.396666
1542,https://www.france-optique.com/gravures/fournisseur=644,MOVILENS 1.74 blanc / XBlue,MO,1.74,ORG,MEGA OPTIC,2025-06-13 13:24:10.446666
1543,https://www.france-optique.com/gravures/fournisseur=644,OFFICEHD 1.5 blanc / X400 / Xblue,OF,1.5,ORG,MEGA OPTIC,2025-06-13 13:24:10.496666
1544,https://www.france-optique.com/gravures/fournisseur=644,OFFICEHD TVX® 1.53 blanc,OF,1.53,TVX,MEGA OPTIC,2025-06-13 13:24:10.546666
1545,https://www.france-optique.com/gravures/fournisseur=644,OFFICEHD 1.59 blanc,OF,1.59,POLY,MEGA OPTIC,2025-06-13 13:24:10.600000
1546,https://www.france-optique.com/gravures/fournisseur=644,OFFICEHD 1.6 blanc / Xblue,OF,1.6,MR8,MEGA OPTIC,2025-06-13 13:24:10.646666
1547,https://www.france-optique.com/gravures/fournisseur=644,OFFICEHD 1.67 blanc / Xblue,OF,1.67,ORG,MEGA OPTIC,2025-06-13 13:24:10.700000
1548,https://www.france-optique.com/gravures/fournisseur=644,OFFICEHD 1.74 blanc / Xblue,OF,1.74,ORG,MEGA OPTIC,2025-06-13 13:24:10.756666
1549,https://www.france-optique.com/gravures/fournisseur=644,STRESS-LESS 1.5 blanc / X400 / Xblue / Transitions® GenS™ / Transitions® XTRActive® / Pola / Pola DRW™,SL,1.5,ORG,MEGA OPTIC,2025-06-13 13:24:10.806666
1550,https://www.france-optique.com/gravures/fournisseur=644,STRESS-LESS TVX® 1.53 blanc / Transitions® GenS™ / Transitions® XTRActive® / Pola,SL,1.53,TVX,MEGA OPTIC,2025-06-13 13:24:10.860000
1551,https://www.france-optique.com/gravures/fournisseur=644,STRESS-LESS 1.59 blanc / Transitions® GenS™ / Transitions® XTRActive® / Pola / Pola DRW™,SL,1.59,POLY,MEGA OPTIC,2025-06-13 13:24:10.910000
1552,https://www.france-optique.com/gravures/fournisseur=644,STRESS-LESS 1.6 blanc / Xblue / Transitions® GenS™ / Transitions® XTRActive® / Pola,SL,1.6,MR8,MEGA OPTIC,2025-06-13 13:24:10.963333
1553,https://www.france-optique.com/gravures/fournisseur=644,STRESS-LESS 1.67 blanc / Xblue / Transitions® GenS™ / Transitions® XTRActive® / Pola,SL,1.67,ORG,MEGA OPTIC,2025-06-13 13:24:11.016666
1554,https://www.france-optique.com/gravures/fournisseur=644,STRESS-LESS 1.74 blanc / Xblue / Transitions® GenS™,SL,1.74,ORG,MEGA OPTIC,2025-06-13 13:24:11.063333
1555,https://www.france-optique.com/gravures/fournisseur=644,OrgaINDIVIDUAL 1.5 blanc / X400 / Xblue / Transitions® GenS™ / Transitions® XTRActive® / Pola / Pola Dégradé / Pola DRW™,OI,1.5,ORG,MEGA OPTIC,2025-06-13 13:24:11.116666
1556,https://www.france-optique.com/gravures/fournisseur=644,OrgaINDIVIDUAL TVX® 1.53 blanc / Transitions® GenS™ / Transitions® XTRActive® / Pola,OI,1.53,TVX,MEGA OPTIC,2025-06-13 13:24:11.166666
1557,https://www.france-optique.com/gravures/fournisseur=644,OrgaINDIVIDUAL 1.59 blanc / Transitions® GenS™ / Transitions® XTRActive® / Pola / Pola DRW™,OI,1.59,POLY,MEGA OPTIC,2025-06-13 13:24:11.220000
1558,https://www.france-optique.com/gravures/fournisseur=644,OrgaINDIVIDUAL 1.6 blanc / Xblue / Transitions® GenS™ / Transitions® XTRActive® / Pola,OI,1.6,MR8,MEGA OPTIC,2025-06-13 13:24:11.273333
1559,https://www.france-optique.com/gravures/fournisseur=644,OrgaINDIVIDUAL 1.67 blanc / Xblue / Transitions® GenS™ / Transitions® XTRActive® / Pola,OI,1.67,ORG,MEGA OPTIC,2025-06-13 13:24:11.330000
1560,https://www.france-optique.com/gravures/fournisseur=644,OrgaINDIVIDUAL 1.74 blanc / Xblue / Transitions® GenS™,OI,1.74,ORG,MEGA OPTIC,2025-06-13 13:24:11.410000
1561,https://www.france-optique.com/gravures/fournisseur=644,VIPSPORT 1.5 blanc / Transitions® GenS™ / Transitions® XTRActive® / Pola / Pola DRW™,VS,1.5,ORG,MEGA OPTIC,2025-06-13 13:24:11.460000
1562,https://www.france-optique.com/gravures/fournisseur=644,VIPSPORT TVX® 1.53 blanc / Transitions® GenS™ / Transitions® XTRActive® / Pola,VS,1.53,TVX,MEGA OPTIC,2025-06-13 13:24:11.510000
1563,https://www.france-optique.com/gravures/fournisseur=644,VIPSPORT 1.59 blanc / Transitions® GenS™ / Transitions® XTRActive® / Pola / Pola DRW™,VS,1.59,POLY,MEGA OPTIC,2025-06-13 13:24:11.563333
1564,https://www.france-optique.com/gravures/fournisseur=2217,"K Office 1.5 Transitions 8 Brun, Gris et Vert",O 1.5 T8,1.5,ORG TRANS,K OPTICAL,2025-06-13 13:24:11.616666
1565,https://www.france-optique.com/gravures/fournisseur=2217,K Office Polycarbonate,O 1.59,1.59,POLY,K OPTICAL,2025-06-13 13:24:11.670000
1566,https://www.france-optique.com/gravures/fournisseur=2217,"K Room 1.5 Transitions 8 Brun, Gris et Vert",R 1.5 T8,1.5,ORG TRANS,K OPTICAL,2025-06-13 13:24:11.720000
1567,https://www.france-optique.com/gravures/fournisseur=2217,K Room Polycarbonate,R 1.59,1.59,POLY,K OPTICAL,2025-06-13 13:24:11.766666
1568,https://www.france-optique.com/gravures/fournisseur=2217,K Office Polycarbonate BLUE/KUT SE,O 1.59 BK,1.59,POLY,K OPTICAL,2025-06-13 13:24:11.820000
1569,https://www.france-optique.com/gravures/fournisseur=2217,"K Platinium 1.5 Polarisant Dégradé Brun, Gris et Gris-Vert",K+ 1.50 POL,1.5,ORG POLA,K OPTICAL,2025-06-13 13:24:11.870000
1570,https://www.france-optique.com/gravures/fournisseur=2217,Kéolys Polycarbonate,Ky PC,1.59,POLY,K OPTICAL,2025-06-13 13:24:11.923333
1571,https://www.france-optique.com/gravures/fournisseur=2217,K Room Polycarbonate BLUE/KUT SE,R 1.59 BK,1.59,POLY,K OPTICAL,2025-06-13 13:24:11.973333
1572,https://www.france-optique.com/gravures/fournisseur=2217,"K Platinium 1.5 Transitions 8 Brun, Gris et Vert",K+ 1.50 T8,1.5,ORG TRANS,K OPTICAL,2025-06-13 13:24:12.026666
1573,https://www.france-optique.com/gravures/fournisseur=2217,Kléra 1.5 Transitions 8 Style,K   1.50 TS,1.5,ORG TRANS,K OPTICAL,2025-06-13 13:24:12.076666
1574,https://www.france-optique.com/gravures/fournisseur=2217,K Office Polycarbonate Kromatic BLUE/KUT SE Brun et Gris,"O 
1.59 KB",1.59,POLY PHO,K OPTICAL,2025-06-13 13:24:12.130000
1575,https://www.france-optique.com/gravures/fournisseur=2217,K Room Polycarbonate Kromatic BLUE/KUT SE Brun et Gris,"R 
1.59 KB",1.59,POLY PHO,K OPTICAL,2025-06-13 13:24:12.176666
1576,https://www.france-optique.com/gravures/fournisseur=2217,K Desk Polycarbonate Kromatic BLUE/KUT SE Brun et Gris,"D
1.59 KB",1.59,POLY PHO,K OPTICAL,2025-06-13 13:24:12.230000
1577,https://www.france-optique.com/gravures/fournisseur=2217,"K Platinium 1.5 Polarisant Brun, Gris et Gris-Vert",K+ 1.50 POL,1.5,ORG POLA,K OPTICAL,2025-06-13 13:24:12.280000
1578,https://www.france-optique.com/gravures/fournisseur=2217,K Platinium 1.5 Transitions 8 Style,"K+ 
1.50 TS",1.5,ORG TRANS,K OPTICAL,2025-06-13 13:24:12.330000
1579,https://www.france-optique.com/gravures/fournisseur=2217,Kéolys Polycarbonate BLUE/KUT SE,Ky PC BK,1.59,POLY,K OPTICAL,2025-06-13 13:24:12.383333
1580,https://www.france-optique.com/gravures/fournisseur=2217,Klassika Polycarbonate BLUE/KUT SE,KK PC BK,1.59,POLY,K OPTICAL,2025-06-13 13:24:12.436666
1581,https://www.france-optique.com/gravures/fournisseur=2217,Kléra 1.5 Transitions Xtractive Brun et Gris,K   1.50 XT,1.5,ORG TRANS,K OPTICAL,2025-06-13 13:24:12.490000
1582,https://www.france-optique.com/gravures/fournisseur=2217,Klassika 1.6,KK 1.6,1.6,ORG,K OPTICAL,2025-06-13 13:24:12.543333
1583,https://www.france-optique.com/gravures/fournisseur=2217,"Kéolys Polycarbonate Transitions 8 Brun, Gris et Vert","Ky 
PC T8",1.59,POLY TRANS,K OPTICAL,2025-06-13 13:24:12.593333
1584,https://www.france-optique.com/gravures/fournisseur=2217,"K Office Polycarbonate Transitions 8 Brun, Gris et Vert",O 1.59 T8,1.59,POLY TRANS,K OPTICAL,2025-06-13 13:24:12.646666
1585,https://www.france-optique.com/gravures/fournisseur=2217,"K Room Polycarbonate Transitions 8 Brun, Gris et Vert",R 1.59 T8,1.59,POLY TRANS,K OPTICAL,2025-06-13 13:24:12.703333
1586,https://www.france-optique.com/gravures/fournisseur=2217,K Platinium 1.5 Transitions Xtractive Brun et Gris,K+ 1.50 XT,1.5,ORG TRANS,K OPTICAL,2025-06-13 13:24:12.756666
1587,https://www.france-optique.com/gravures/fournisseur=2217,Kéolys 1.6,Ky 16,1.6,ORG,K OPTICAL,2025-06-13 13:24:12.810000
1588,https://www.france-optique.com/gravures/fournisseur=2217,Klassika 1.6 BLUE/KUT SE,KK 1.6 BK,1.6,ORG,K OPTICAL,2025-06-13 13:24:12.863333
1589,https://www.france-optique.com/gravures/fournisseur=2217,K Office 1.6,O 1.6,1.6,ORG,K OPTICAL,2025-06-13 13:24:12.913333
1590,https://www.france-optique.com/gravures/fournisseur=2217,K Room 1.6,R 1.6,1.6,ORG,K OPTICAL,2025-06-13 13:24:12.963333
1591,https://www.france-optique.com/gravures/fournisseur=2217,Kéolys 1.6 BLUE/KUT SE,Ky 16 BK,1.6,ORG,K OPTICAL,2025-06-13 13:24:13.013333
1592,https://www.france-optique.com/gravures/fournisseur=2217,Klassika 1.6 Kromatic Brun et Gris,KK 1.6 K,1.6,ORG PHO.,K OPTICAL,2025-06-13 13:24:13.063333
1593,https://www.france-optique.com/gravures/fournisseur=2217,K Desk 1.6 BLUE/KUT SE,D 1.6 BK,1.6,ORG,K OPTICAL,2025-06-13 13:24:13.116666
1594,https://www.france-optique.com/gravures/fournisseur=2217,Kléra Plus Evo Trivex,K+ 1.53,1.53,TVX,K OPTICAL,2025-06-13 13:24:13.166666
1595,https://www.france-optique.com/gravures/fournisseur=2217,K Office 1.6 BLUE/KUT SE,O 1.6 BK,1.6,ORG,K OPTICAL,2025-06-13 13:24:13.220000
1596,https://www.france-optique.com/gravures/fournisseur=2217,K Room 1.6 BLUE/KUT SE,R 1.6 BK,1.6,ORG,K OPTICAL,2025-06-13 13:24:13.273333
1597,https://www.france-optique.com/gravures/fournisseur=2217,Kléra 1.6,K 1.60,1.6,ORG,K OPTICAL,2025-06-13 13:24:13.323333
1598,https://www.france-optique.com/gravures/fournisseur=2217,Kéolys 1.6 Kromatic Brun et Gris,Ky 16 K,1.6,ORG PHO.,K OPTICAL,2025-06-13 13:24:13.376666
1599,https://www.france-optique.com/gravures/fournisseur=2217,K Desk 1.6 Kromatic Brun et Gris,D 1.6 K,1.6,ORG PHO.,K OPTICAL,2025-06-13 13:24:13.426666
1600,https://www.france-optique.com/gravures/fournisseur=2217,"Klassika 1.6 Polarisant Brun, Gris et Gris-Vert","KK 
1.6 POL",1.6,ORG POLA,K OPTICAL,2025-06-13 13:24:13.476666
1601,https://www.france-optique.com/gravures/fournisseur=2217,K Office 1.6 Kromatic Brun et Gris,O 1.6 K,1.6,ORG PHO.,K OPTICAL,2025-06-13 13:24:13.526666
1602,https://www.france-optique.com/gravures/fournisseur=2217,K Room 1.6 Kromatic Brun et Gris,R 1.6 K,1.6,ORG PHO,K OPTICAL,2025-06-13 13:24:13.580000
1603,https://www.france-optique.com/gravures/fournisseur=2217,K Platinium Trivex,K+ 1.53,1.53,TVX,K OPTICAL,2025-06-13 13:24:13.630000
1604,https://www.france-optique.com/gravures/fournisseur=2217,K Office 1.6 Kromatic BLUE/KUT SE Brun et Gris,"O 
1.6 KB",1.6,ORG PHO,K OPTICAL,2025-06-13 13:24:13.680000
1605,https://www.france-optique.com/gravures/fournisseur=2217,K Room 1.6 Kromatic BLUE/KUT SE Brun et Gris,"R 
1.6 KB",1.6,ORG PHO,K OPTICAL,2025-06-13 13:24:13.730000
1606,https://www.france-optique.com/gravures/fournisseur=2217,K Desk 1.6 Kromatic BLUE/KUT SE Brun et Gris,"D
1.6 KB",1.6,ORG PHO,K OPTICAL,2025-06-13 13:24:13.776666
1607,https://www.france-optique.com/gravures/fournisseur=2217,K Platinium Trivex BLUE/KUT SE,"K+ 
1.53 BK",1.53,TVX,K OPTICAL,2025-06-13 13:24:13.826666
1608,https://www.france-optique.com/gravures/fournisseur=2217,Kléra 1.6 BLUE/KUT SE,K 1.60 BK,1.6,ORG,K OPTICAL,2025-06-13 13:24:13.876666
1609,https://www.france-optique.com/gravures/fournisseur=2217,"Kéolys 1.6 Transitions 8 Brun, Gris et Vert",Ky 16 T8,1.6,ORG TRANS,K OPTICAL,2025-06-13 13:24:13.933333
1610,https://www.france-optique.com/gravures/fournisseur=2217,Klassika 1.67,KK 1.67,1.67,ORG,K OPTICAL,2025-06-13 13:24:13.983333
1611,https://www.france-optique.com/gravures/fournisseur=521,Eyezen BOOST 1.1 Orma,https://si.france-optique.com/img/gravures/nasal/web_1178-nas-essilor-10.tif.jpg,1.5,ORG,Fournisseur : ESSILOR FR ...,2025-06-13 13:24:14.123333
1612,https://www.france-optique.com/gravures/fournisseur=521,Eyezen BOOST 1.1 Fit Lineis Eye Protect System et Lineis Transitions,https://si.france-optique.com/img/gravures/nasal/web_1177-nas-essilor-9.tif.jpg,1.74,ORG,Fournisseur : ESSILOR FR ...,2025-06-13 13:24:14.223333
1613,https://www.france-optique.com/gravures/fournisseur=521,Eyezen BOOST 1.1 Fit Lineis,https://si.france-optique.com/img/gravures/nasal/web_1177-nas-essilor-9.tif.jpg,1.74,ORG,Fournisseur : ESSILOR FR ...,2025-06-13 13:24:14.320000
1614,https://www.france-optique.com/gravures/fournisseur=521,Eyezen BOOST 1.1 Fit Stylis Eye Protect System et Stylis Transitions,https://si.france-optique.com/img/gravures/nasal/web_1175-nas-essilor-7.tif.jpg,1.67,ORG,Fournisseur : ESSILOR FR ...,2025-06-13 13:24:14.443333
1615,https://www.france-optique.com/gravures/fournisseur=521,Eyezen BOOST 1.1 Fit Stylis,https://si.france-optique.com/img/gravures/nasal/web_1175-nas-essilor-7.tif.jpg,1.67,ORG,Fournisseur : ESSILOR FR ...,2025-06-13 13:24:14.546666
1616,https://www.france-optique.com/gravures/fournisseur=521,Eyezen BOOST 1.1 Fit Ormix Eye Protect System et Ormix Transitions,https://si.france-optique.com/img/gravures/nasal/web_1176-nas-essilor-8.tif.jpg,1.6,ORG,Fournisseur : ESSILOR FR ...,2025-06-13 13:24:14.656666
1617,https://www.france-optique.com/gravures/fournisseur=521,Eyezen BOOST 1.1 Fit Ormix,https://si.france-optique.com/img/gravures/nasal/web_1176-nas-essilor-8.tif.jpg,1.6,ORG,Fournisseur : ESSILOR FR ...,2025-06-13 13:24:14.796666
1618,https://www.france-optique.com/gravures/fournisseur=521,Eyezen BOOST 1.1 Fit Airwear,https://si.france-optique.com/img/gravures/nasal/web_1179-nas-essilor-11.tif.jpg,1.59,ORG,Fournisseur : ESSILOR FR ...,2025-06-13 13:24:14.900000
1619,https://www.france-optique.com/gravures/fournisseur=521,Eyezen BOOST 1.1 Fit Orma Eye Protect System et Orma Transitions,https://si.france-optique.com/img/gravures/nasal/web_1178-nas-essilor-10.tif.jpg,1.5,ORG,Fournisseur : ESSILOR FR ...,2025-06-13 13:24:15.020000
1620,https://www.france-optique.com/gravures/fournisseur=521,Eyezen BOOST 1.1 Fit Orma,https://si.france-optique.com/img/gravures/nasal/web_1178-nas-essilor-10.tif.jpg,1.5,ORG,Fournisseur : ESSILOR FR ...,2025-06-13 13:24:15.123333
1621,https://www.france-optique.com/gravures/fournisseur=521,Essidrive Orma et Orma Transitions,https://si.france-optique.com/img/gravures/nasal/web_2012-Essidrive.tif.jpg,1.5,ORG,Fournisseur : ESSILOR FR ...,2025-06-13 13:24:15.223333
1622,https://www.france-optique.com/gravures/fournisseur=521,Eyezen BOOST 0.4 Fit Lineis Eye Protect System et Lineis Transitions,https://si.france-optique.com/img/gravures/nasal/web_732-nas-essilor-111.tif.jpg,1.74,ORG,Fournisseur : ESSILOR FR ...,2025-06-13 13:24:15.350000
1623,https://www.france-optique.com/gravures/fournisseur=521,Varilux Comfort 18,https://si.france-optique.com/img/gravures/nasal/web_1173-nas-essilor-5.tif.jpg,1.8,ORG,Fournisseur : ESSILOR FR ...,2025-06-13 13:24:15.456666
1624,https://www.france-optique.com/gravures/fournisseur=521,Varilux Comfort 16 et 16 Isorapid,https://si.france-optique.com/img/gravures/nasal/web_1174-nas-essilor-6.tif.jpg,1.6,ORG,Fournisseur : ESSILOR FR ...,2025-06-13 13:24:15.580000
1625,https://www.france-optique.com/gravures/fournisseur=521,Varilux Road Pilot II Orma (variation 1.25),https://si.france-optique.com/img/gravures/nasal/web_1192-nas-essilor-19.tif.jpg,1.5,ORG,Fournisseur : ESSILOR FR ...,2025-06-13 13:24:15.720000
1626,https://www.france-optique.com/gravures/fournisseur=521,Eyezen Start Stylis Eye Protect System et Stylis Transitions,https://si.france-optique.com/img/gravures/nasal/web_833-grav-essilor-19-01.tif.jpg,1.67,ORG,Fournisseur : ESSILOR FR ...,2025-06-13 13:24:15.830000
1627,https://www.france-optique.com/gravures/fournisseur=521,Eyezen Start Ormix Eye Protect System et Ormix Transitions,https://si.france-optique.com/img/gravures/nasal/web_834-grav-essilor-19-02.tif.jpg,1.6,ORG,Fournisseur : ESSILOR FR ...,2025-06-13 13:24:15.930000
1628,https://www.france-optique.com/gravures/fournisseur=521,Eyezen Start Ormix,https://si.france-optique.com/img/gravures/nasal/web_834-grav-essilor-19-02.tif.jpg,1.6,ORG,Fournisseur : ESSILOR FR ...,2025-06-13 13:24:16.046666
1629,https://www.france-optique.com/gravures/fournisseur=521,Eyezen Start Airwear Eye Protect System et Airwear Transitions,https://si.france-optique.com/img/gravures/nasal/web_835-grav-essilor-19-03.tif.jpg,1.59,ORG,Fournisseur : ESSILOR FR ...,2025-06-13 13:24:16.140000
1630,https://www.france-optique.com/gravures/fournisseur=521,Eyezen Start Orma Eye Protect System et Orma Transitions,https://si.france-optique.com/img/gravures/nasal/web_836-grav-essilor-19-04.tif.jpg,1.5,ORG,Fournisseur : ESSILOR FR ...,2025-06-13 13:24:16.260000
1631,https://www.france-optique.com/gravures/fournisseur=521,Eyezen Start Orma,https://si.france-optique.com/img/gravures/nasal/web_836-grav-essilor-19-04.tif.jpg,1.5,ORG,Fournisseur : ESSILOR FR ...,2025-06-13 13:24:16.356666
1632,https://www.france-optique.com/gravures/fournisseur=521,Eyezen Start Fit Stylis Eye Protect System et Stylis Transitions,https://si.france-optique.com/img/gravures/nasal/web_833-grav-essilor-19-01.tif.jpg,1.67,ORG,Fournisseur : ESSILOR FR ...,2025-06-13 13:24:16.473333
1633,https://www.france-optique.com/gravures/fournisseur=521,Eyezen Start Fit Ormix Eye Protect System et Ormix Transitions,https://si.france-optique.com/img/gravures/nasal/web_834-grav-essilor-19-02.tif.jpg,1.6,ORG,Fournisseur : ESSILOR FR ...,2025-06-13 13:24:16.566666
1634,https://www.france-optique.com/gravures/fournisseur=521,Eyezen Start Fit Ormix,https://si.france-optique.com/img/gravures/nasal/web_834-grav-essilor-19-02.tif.jpg,1.6,ORG,Fournisseur : ESSILOR FR ...,2025-06-13 13:24:16.683333
1635,https://www.france-optique.com/gravures/fournisseur=521,Eyezen Start Fit Airwear Eye Protect System et Airwear Transitions,https://si.france-optique.com/img/gravures/nasal/web_835-grav-essilor-19-03.tif.jpg,1.59,ORG,Fournisseur : ESSILOR FR ...,2025-06-13 13:24:16.790000
1636,https://www.france-optique.com/gravures/fournisseur=521,Eyezen Start Fit Orma Eye Protect System et Orma Transitions,https://si.france-optique.com/img/gravures/nasal/web_836-grav-essilor-19-04.tif.jpg,1.5,ORG,Fournisseur : ESSILOR FR ...,2025-06-13 13:24:16.883333
1637,https://www.france-optique.com/gravures/fournisseur=521,Essilor Symphony Orma et Orma Transitions,https://si.france-optique.com/img/gravures/nasal/web_1286-nas-essilor-symphony-1.tif.jpg,1.5,ORG,Fournisseur : ESSILOR FR ...,2025-06-13 13:24:16.996666
1638,https://www.france-optique.com/gravures/fournisseur=521,Essilor Symphony Fit Orma et Orma Transitions,https://si.france-optique.com/img/gravures/nasal/web_1287-nas-essilor-symphony-2.tif.jpg,1.5,ORG,Fournisseur : ESSILOR FR ...,2025-06-13 13:24:17.100000
1639,https://www.france-optique.com/gravures/fournisseur=521,Essilor Symphony Short Orma et Orma Transitions,https://si.france-optique.com/img/gravures/nasal/web_1288-nas-essilor-symphony-3.tif.jpg,1.5,ORG,Fournisseur : ESSILOR FR ...,2025-06-13 13:24:17.206666
1640,https://www.france-optique.com/gravures/fournisseur=521,Essilor Symphony Airwear et Airwear Transitions,https://si.france-optique.com/img/gravures/nasal/web_1289-nas-essilor-symphony-4.tif.jpg,1.59,ORG,Fournisseur : ESSILOR FR ...,2025-06-13 13:24:17.323333
1641,https://www.france-optique.com/gravures/fournisseur=521,Essilor Symphony Fit Airwear et Airwear Transitions,https://si.france-optique.com/img/gravures/nasal/web_1290-nas-essilor-symphony-5.tif.jpg,1.59,ORG,Fournisseur : ESSILOR FR ...,2025-06-13 13:24:17.450000
1642,https://www.france-optique.com/gravures/fournisseur=521,Essilor Symphony Short Airwear et Airwear Transitions,https://si.france-optique.com/img/gravures/nasal/web_1291-nas-essilor-symphony-6.tif.jpg,1.59,ORG,Fournisseur : ESSILOR FR ...,2025-06-13 13:24:17.553333
1643,https://www.france-optique.com/gravures/fournisseur=521,Essilor Symphony Ormix et Ormix Transitions,https://si.france-optique.com/img/gravures/nasal/web_1292-nas-essilor-symphony-7.tif.jpg,1.6,ORG,Fournisseur : ESSILOR FR ...,2025-06-13 13:24:17.663333
1644,https://www.france-optique.com/gravures/fournisseur=521,Essilor Symphony Fit Ormix et Ormix Transitions,https://si.france-optique.com/img/gravures/nasal/web_1293-nas-essilor-symphony-8.tif.jpg,1.6,ORG,Fournisseur : ESSILOR FR ...,2025-06-13 13:24:17.783333
1645,https://www.france-optique.com/gravures/fournisseur=521,Essilor Symphony Short Ormix et Ormix Transitions,https://si.france-optique.com/img/gravures/nasal/web_1294-nas-essilor-symphony-9.tif.jpg,1.6,ORG,Fournisseur : ESSILOR FR ...,2025-06-13 13:24:17.893333
1646,https://www.france-optique.com/gravures/fournisseur=521,Essilor Symphony Stylis et Stylis Transitions,https://si.france-optique.com/img/gravures/nasal/web_1295-nas-essilor-symphony-10.tif.jpg,1.67,ORG,Fournisseur : ESSILOR FR ...,2025-06-13 13:24:18.000000
1647,https://www.france-optique.com/gravures/fournisseur=521,Essilor Symphony Fit Stylis et Stylis Transitions,https://si.france-optique.com/img/gravures/nasal/web_1296-nas-essilor-symphony-11.tif.jpg,1.67,ORG,Fournisseur : ESSILOR FR ...,2025-06-13 13:24:18.123333
1648,https://www.france-optique.com/gravures/fournisseur=521,Essilor Symphony Short Stylis et Stylis Transitions,https://si.france-optique.com/img/gravures/nasal/web_1297-nas-essilor-symphony-12.tif.jpg,1.67,ORG,Fournisseur : ESSILOR FR ...,2025-06-13 13:24:18.226666
1649,https://www.france-optique.com/gravures/fournisseur=521,Essilor Prems HD Orma et Orma Transitions,https://si.france-optique.com/img/gravures/nasal/web_1299-nas-essilor-PREMS1.tif.jpg,1.5,ORG,Fournisseur : ESSILOR FR ...,2025-06-13 13:24:18.336666
1650,https://www.france-optique.com/gravures/fournisseur=521,Essilor Prems HD Short Orma et Orma Transitions,https://si.france-optique.com/img/gravures/nasal/web_1300-nas-essilor-PREMS2.tif.jpg,1.5,ORG,Fournisseur : ESSILOR FR ...,2025-06-13 13:24:18.446666
1651,https://www.france-optique.com/gravures/fournisseur=521,Essilor Prems HD Airwear et Airwear Transitions,https://si.france-optique.com/img/gravures/nasal/web_1301-nas-essilor-PREMS3.tif.jpg,1.59,ORG,Fournisseur : ESSILOR FR ...,2025-06-13 13:24:18.570000
1652,https://www.france-optique.com/gravures/fournisseur=521,Essilor Prems HD Short Airwear et Airwear Transitions,https://si.france-optique.com/img/gravures/nasal/web_1302-nas-essilor-PREMS4.tif.jpg,1.59,ORG,Fournisseur : ESSILOR FR ...,2025-06-13 13:24:18.693333
1653,https://www.france-optique.com/gravures/fournisseur=2644,KODAK Unique DRO HD 1.5 blanc / UVBlue / Trans® GenSTM / Transitions® XTRActive® / UVSun Polarisé,KUD   K   E,1.5,ORG,VERRES KODAK,2025-06-13 13:24:18.746666
1654,https://www.france-optique.com/gravures/fournisseur=2644,KODAK Unique DRO HD 1.6 blanc / UVBlue / Trans® GenSTM / Trans® XTRActive® / UVSun Polarisé,"KUD
K
E",1.6,ORG,VERRES KODAK,2025-06-13 13:24:18.796666
1655,https://www.france-optique.com/gravures/fournisseur=2644,KODAK Unique DRO HD 1.67 blanc / UVBlue / Trans® GenSTM / Trans® XTRActive® / UVSun Polarisé,"KUD
K
E",1.67,ORG,VERRES KODAK,2025-06-13 13:24:18.850000
1656,https://www.france-optique.com/gravures/fournisseur=2644,KODAK Unique DRO HD 1.74 blanc / UVBlue / Trans® GenSTM,"KUD
K
E",1.74,ORG,VERRES KODAK,2025-06-13 13:24:18.893333
1657,https://www.france-optique.com/gravures/fournisseur=2644,KODAK Unique DRO 1.5 blanc / UVBlue / Trans® GenSTM / Trans® XTRActive® / UVSun Polarisé,"KUD
K
B",1.5,ORG,VERRES KODAK,2025-06-13 13:24:18.943333
1658,https://www.france-optique.com/gravures/fournisseur=2644,KODAK Unique DRO 1.6 blanc / UVBlue / Trans® GenSTM / Trans® XTRActive® / UVSun Polarisé,"KUD
K
B",1.6,ORG,VERRES KODAK,2025-06-13 13:24:18.993333
1659,https://www.france-optique.com/gravures/fournisseur=2644,KODAK Unique DRO 1.67 blanc / UVBlue / Trans® GenSTM / Trans® XTRActive® / UVSun Polarisé,"KUD
K
B",1.67,ORG,VERRES KODAK,2025-06-13 13:24:19.043333
1660,https://www.france-optique.com/gravures/fournisseur=2644,KODAK Unique DRO 1.74 blanc / UVBlue / Trans® GenSTM,"KUD
K
B",1.74,ORG,VERRES KODAK,2025-06-13 13:24:19.096666
1661,https://www.france-optique.com/gravures/fournisseur=2644,KODAK Network 1.5 blanc / UVBlue / Trans® GenSTM / Trans® XTRActive® / UVSun Polarisé,"KNW
K
A",1.5,ORG,VERRES KODAK,2025-06-13 13:24:19.146666
1662,https://www.france-optique.com/gravures/fournisseur=2644,KODAK Network 1.6 blanc / UVBlue / Trans® GenS TM / Trans® XTRActive®,"KNW
K
A",1.6,ORG,VERRES KODAK,2025-06-13 13:24:19.200000
1663,https://www.france-optique.com/gravures/fournisseur=2644,KODAK Network 1.67 blanc / UVBlue / Trans® GenS TM / Trans® XTRActive®,"KNW
K
A",1.67,ORG,VERRES KODAK,2025-06-13 13:24:19.250000
1664,https://www.france-optique.com/gravures/fournisseur=2644,KODAK Network 1.74 blanc/UVBlue,"KNW
K
A",1.74,ORG,VERRES KODAK,2025-06-13 13:24:19.300000
1665,https://www.france-optique.com/gravures/fournisseur=2644,KODAK Precise Digital 1.5 blanc / UVBlue / Trans® GenS TM / Trans® XTRActive® / UVSun Polarisé,"K+D
K",1.5,ORG,VERRES KODAK,2025-06-13 13:24:19.356666
1666,https://www.france-optique.com/gravures/fournisseur=2644,KODAK Precise Digital 1.6 blanc / UVBlue / Trans® GenS TM / Trans® XTRActive®,"K+D
K",1.6,ORG,VERRES KODAK,2025-06-13 13:24:19.410000
1667,https://www.france-optique.com/gravures/fournisseur=2644,KODAK Precise Digital 1.67 blanc / UVBlue / Trans® GenS TM / Trans® XTRActive®,"K+D
K",1.67,ORG,VERRES KODAK,2025-06-13 13:24:19.460000
1668,https://www.france-optique.com/gravures/fournisseur=2644,KODAK Precise Digital 1.74 blanc/UVBlue,"K+D
K",1.74,ORG,VERRES KODAK,2025-06-13 13:24:19.513333
1669,https://www.france-optique.com/gravures/fournisseur=2644,KODAK Concise Digital 1.5 blanc / UVBlue / Trans® GenS TM / Trans® XTRActive® / UVSun Polarisé,"KcD
K",1.5,ORG,VERRES KODAK,2025-06-13 13:24:19.563333
1670,https://www.france-optique.com/gravures/fournisseur=2644,KODAK Concise Digital 1.6 blanc / UVBlue / Trans® GenS TM / Trans® XTRActive®,"KcD
K",1.6,ORG,VERRES KODAK,2025-06-13 13:24:19.616666
1671,https://www.france-optique.com/gravures/fournisseur=2644,KODAK Concise Digital 1.67 blanc / UVBlue / Trans® GenS TM / Trans® XTRActive®,"KcD
K",1.67,ORG,VERRES KODAK,2025-06-13 13:24:19.666666
1672,https://www.france-optique.com/gravures/fournisseur=2644,KODAK Concise Digital 1.74 blanc/UVBlue,"KcD
K",1.74,ORG,VERRES KODAK,2025-06-13 13:24:19.716666
1673,https://www.france-optique.com/gravures/fournisseur=2644,KODAK SoftWear 1.5 blanc/UVBlue,"Ks
K",1.5,ORG,VERRES KODAK,2025-06-13 13:24:19.766666
1674,https://www.france-optique.com/gravures/fournisseur=2644,KODAK SoftWear 1.6 blanc/UVBlue,"Ks
K",1.6,ORG,VERRES KODAK,2025-06-13 13:24:19.816666
1675,https://www.france-optique.com/gravures/fournisseur=2644,KODAK SoftWear 1.67 blanc/UVBlue,"Ks
K",1.67,ORG,VERRES KODAK,2025-06-13 13:24:19.870000
1676,https://www.france-optique.com/gravures/fournisseur=2644,KODAK SoftWear 1.74 blanc/UVBlue,"Ks
K",1.74,ORG,VERRES KODAK,2025-06-13 13:24:19.920000
1677,https://www.france-optique.com/gravures/fournisseur=2644,KODAK Digital Single Vision 1.5 blanc / UVBlue / Trans® GenS TM / Trans® XTRActive® / UVSun Polarisé,"KD
K",1.5,ORG,VERRES KODAK,2025-06-13 13:24:19.970000
1678,https://www.france-optique.com/gravures/fournisseur=2644,KODAK Digital Single Vision 1.6 blanc / UVBlue / Trans® GenS TM / Trans® XTRActive® / UVSun Polarisé,"KD
K",1.6,ORG,VERRES KODAK,2025-06-13 13:24:20.020000
1679,https://www.france-optique.com/gravures/fournisseur=2644,KODAK Digital Single Vision 1.67 blanc / UVBlue / Trans® GenS TM / Trans® XTRActive® / UVSun Polarisé,"KD
K",1.67,ORG,VERRES KODAK,2025-06-13 13:24:20.073333
1680,https://www.france-optique.com/gravures/fournisseur=2644,KODAK Digital Single Vision 1.74 blanc / UVBlue / Trans® GenS TM,"KD
K",1.74,ORG,VERRES KODAK,2025-06-13 13:24:20.126666
1681,https://www.france-optique.com/gravures/fournisseur=2644,KODAK PowerUp 1.5 blanc / UVBlue / Trans® GenS TM,"Kpu
K",1.5,ORG,VERRES KODAK,2025-06-13 13:24:20.176666
1682,https://www.france-optique.com/gravures/fournisseur=2644,KODAK PowerUp 1.6 blanc / UVBlue / Trans® GenS TM,"Kpu
K",1.6,ORG,VERRES KODAK,2025-06-13 13:24:20.226666
1683,https://www.france-optique.com/gravures/fournisseur=2644,KODAK PowerUp 1.67 blanc / UVBlue / Trans® GenS TM,"Kpu
K",1.67,ORG,VERRES KODAK,2025-06-13 13:24:20.276666
1684,https://www.france-optique.com/gravures/fournisseur=2644,KODAK PowerUp 1.74 blanc/UVBlue,"Kpu
K",1.74,ORG,VERRES KODAK,2025-06-13 13:24:20.330000
1685,https://www.france-optique.com/gravures/fournisseur=2644,KODAK Unique Infinite HD 1.5 blanc / UVBlue / Trans® GenSTM / Trans® XTRActive® / UVSun Polarisé,"KUIHD
K   E",1.5,ORG,VERRES KODAK,2025-06-13 13:24:20.380000
1686,https://www.france-optique.com/gravures/fournisseur=2644,KODAK Unique Infinite HD 1.6 blanc / UVBlue / Trans® GenSTM / Trans® XTRActive® / UVSun Polarisé,"KUIHD
K   E",1.6,ORG,VERRES KODAK,2025-06-13 13:24:20.430000
1687,https://www.france-optique.com/gravures/fournisseur=2644,KODAK Unique Infinite HD 1.67 blanc / UVBlue / Trans® GenSTM / Trans® XTRActive® / UVSun Polarisé,"KUIHD
K   E",1.67,ORG,VERRES KODAK,2025-06-13 13:24:20.483333
1688,https://www.france-optique.com/gravures/fournisseur=2217,Kléra Plus Evo Trivex BLUE/KUT SE,"K+
1.53 BK",1.53,TVX,K OPTICAL,2025-06-13 13:24:20.570000
1689,https://www.france-optique.com/gravures/fournisseur=2217,Kléra Sport Trivex Transitions 8 Brun et Gris,KSP 1.53 T8,1.53,TVX TRANS,K OPTICAL,2025-06-13 13:24:20.620000
1690,https://www.france-optique.com/gravures/fournisseur=2217,Kléra Plus Evo Trivex Transitions 8 Brun et Gris,K+ 1.53 T8,1.53,TVX TRANS,K OPTICAL,2025-06-13 13:24:20.670000
1691,https://www.france-optique.com/gravures/fournisseur=2217,Kléra 1.6 Kromatic Brun et Gris,K 1.60 K,1.6,ORG PHO.,K OPTICAL,2025-06-13 13:24:20.723333
1692,https://www.france-optique.com/gravures/fournisseur=2217,Klassika 1.67 BLUE/KUT SE,KK 1.67 BK,1.67,ORG,K OPTICAL,2025-06-13 13:24:20.773333
1693,https://www.france-optique.com/gravures/fournisseur=2217,"K Desk 1.6 Transitions 8 Brun, Gris et Vert",D 1.6 T8,1.6,ORG TRANS,K OPTICAL,2025-06-13 13:24:20.823333
1694,https://www.france-optique.com/gravures/fournisseur=2217,"Kéolys 1.6 Polarisant Gris, Brun, et Gris vert",Ky  16 POL,1.6,ORG POLA,K OPTICAL,2025-06-13 13:24:20.873333
1695,https://www.france-optique.com/gravures/fournisseur=2217,"K Office 1.6 Transitions 8 Brun, Gris et Vert",O 1.6 T8,1.6,ORG TRANS,K OPTICAL,2025-06-13 13:24:20.940000
1696,https://www.france-optique.com/gravures/fournisseur=2217,"K Room 1.6 Transitions 8 Brun, Gris et Vert",R 1.6 T8,1.6,ORG TRANS,K OPTICAL,2025-06-13 13:24:20.996666
1697,https://www.france-optique.com/gravures/fournisseur=2217,K Platinium Trivex Polarisant Brun et Gris,K+ 1.53 POL,1.53,TVX POLA,K OPTICAL,2025-06-13 13:24:21.046666
1698,https://www.france-optique.com/gravures/fournisseur=2217,Kléra 1.6 Kromatic BLUE/KUT SE Brun et Gris,"K
1.60 KB",1.6,ORG PHO,K OPTICAL,2025-06-13 13:24:21.096666
1699,https://www.france-optique.com/gravures/fournisseur=2217,K Sport Trivex Transitions 8 Brun et Gris,KS 1.53 T8,1.53,TVX TRANS,K OPTICAL,2025-06-13 13:24:21.150000
1700,https://www.france-optique.com/gravures/fournisseur=2217,Kléra Sport 1.5 Kromatic Brun et Gris,KSP 1.50 K,1.5,ORG PHO.,K OPTICAL,2025-06-13 13:24:21.200000
1701,https://www.france-optique.com/gravures/fournisseur=2217,Kléra Sport Trivex Transitions Xtractive Gris,KSP 1.53 XT,1.53,TVX TRANS,K OPTICAL,2025-06-13 13:24:21.253333
1702,https://www.france-optique.com/gravures/fournisseur=2217,Kléra Plus Evo Trivex Transitions Xtractive Gris,K+ 1.53 XT,1.53,TVX TRANS,K OPTICAL,2025-06-13 13:24:21.306666
1703,https://www.france-optique.com/gravures/fournisseur=2217,Kéolys 1.67,Ky 167,1.67,ORG,K OPTICAL,2025-06-13 13:24:21.370000
1704,https://www.france-optique.com/gravures/fournisseur=2217,Klassika 1.67 Kromatic Brun et Gris,KK 1.67 K,1.67,ORG PHO.,K OPTICAL,2025-06-13 13:24:21.423333
1705,https://www.france-optique.com/gravures/fournisseur=2217,K Desk 1.67,D 1.67,1.67,ORG,K OPTICAL,2025-06-13 13:24:21.476666
1706,https://www.france-optique.com/gravures/fournisseur=2217,K Office 1.67,O 1.67,1.67,ORG,K OPTICAL,2025-06-13 13:24:21.530000
1707,https://www.france-optique.com/gravures/fournisseur=2217,K Room 1.67,R 1.67,1.67,ORG,K OPTICAL,2025-06-13 13:24:21.583333
1708,https://www.france-optique.com/gravures/fournisseur=2217,K Platinium Trivex Transitions 8 Brun et Gris,K+ 1.53 T8,1.53,TVX TRANS,K OPTICAL,2025-06-13 13:24:21.633333
1709,https://www.france-optique.com/gravures/fournisseur=2217,Kléra 1.6 Polarisant Brun et Gris,"K
1.60 POL",1.6,ORG POLA,K OPTICAL,2025-06-13 13:24:21.690000
1710,https://www.france-optique.com/gravures/fournisseur=521,Essilor Prems HD Ormix et Ormix Transitions,https://si.france-optique.com/img/gravures/nasal/web_1303-nas-essilor-PREMS5.tif.jpg,1.6,ORG,Fournisseur : ESSILOR FR ...,2025-06-13 13:24:21.820000
1711,https://www.france-optique.com/gravures/fournisseur=521,Essilor Prems HD Short Ormix et Ormix Transitions,https://si.france-optique.com/img/gravures/nasal/web_1304-nas-essilor-PREMS6.tif.jpg,1.6,ORG,Fournisseur : ESSILOR FR ...,2025-06-13 13:24:21.936666
1712,https://www.france-optique.com/gravures/fournisseur=521,Varilux Comfort Max FIT Eye Protect System Ormix,https://si.france-optique.com/img/gravures/nasal/web_1542-variluxcomfort6.tif.jpg,1.6,ORG,Fournisseur : ESSILOR FR ...,2025-06-13 13:24:22.043333
1713,https://www.france-optique.com/gravures/fournisseur=521,Varilux Comfort Max FIT Eye Protect System Airwear,https://si.france-optique.com/img/gravures/nasal/web_1544-variluxcomfortP.tif.jpg,1.59,ORG,Fournisseur : ESSILOR FR ...,2025-06-13 13:24:22.170000
1714,https://www.france-optique.com/gravures/fournisseur=521,Varilux Comfort Max Eye Protect System Stylis,https://si.france-optique.com/img/gravures/nasal/web_1543-variluxcomfort67.tif.jpg,1.67,ORG,Fournisseur : ESSILOR FR ...,2025-06-13 13:24:22.296666
1715,https://www.france-optique.com/gravures/fournisseur=521,Varilux Comfort Max Eye Protect System Airwear,https://si.france-optique.com/img/gravures/nasal/web_1544-variluxcomfortP.tif.jpg,1.59,ORG,Fournisseur : ESSILOR FR ...,2025-06-13 13:24:22.400000
1716,https://www.france-optique.com/gravures/fournisseur=521,Varilux Comfort Max Eye Protect System Orma,https://si.france-optique.com/img/gravures/nasal/web_1661-variluxcomfort.tif.jpg,1.5,ORG,Fournisseur : ESSILOR FR ...,2025-06-13 13:24:22.533333
1717,https://www.france-optique.com/gravures/fournisseur=521,Varilux Comfort Max Short Eye Protect System Airwear,https://si.france-optique.com/img/gravures/nasal/web_1544-variluxcomfortP.tif.jpg,1.59,ORG,Fournisseur : ESSILOR FR ...,2025-06-13 13:24:22.653333
1718,https://www.france-optique.com/gravures/fournisseur=521,Varilux  Physio  3D  Near  Lineis  Eye  Protect  System  et  Lineis Transitions,https://si.france-optique.com/img/gravures/nasal/web_651-nas-essilor-39.tif.jpg,1.74,ORG,Fournisseur : ESSILOR FR ...,2025-06-13 13:24:22.763333
1719,https://www.france-optique.com/gravures/fournisseur=521,Varilux  Physio  3D  Balanced  Lineis  Eye  Protect  System  et Lineis Transitions,https://si.france-optique.com/img/gravures/nasal/web_651-nas-essilor-39.tif.jpg,1.74,ORG,Fournisseur : ESSILOR FR ...,2025-06-13 13:24:22.890000
1755,https://www.france-optique.com/gravures/fournisseur=1838,ULTRA HD Short TEK 1.74,https://si.france-optique.com/img/gravures/nasal/web_95-nas-mont-royal-02.tif.jpg,1.74,ORG,MONT-ROYAL,2025-06-13 13:24:26.733333
1720,https://www.france-optique.com/gravures/fournisseur=521,Varilux  Physio  3D  Far  Lineis  Eye  Protect  System  et  Lineis Transitions,https://si.france-optique.com/img/gravures/nasal/web_651-nas-essilor-39.tif.jpg,1.74,ORG,Fournisseur : ESSILOR FR ...,2025-06-13 13:24:23.000000
1721,https://www.france-optique.com/gravures/fournisseur=521,Varilux  Physio  3.0  Fit  Lineis  Eye  Protect  System  et  Lineis Transitions,https://si.france-optique.com/img/gravures/nasal/web_1540-nas-essilor-Physio74.tif.jpg,1.74,ORG,Fournisseur : ESSILOR FR ...,2025-06-13 13:24:23.120000
1722,https://www.france-optique.com/gravures/fournisseur=521,Varilux Physio 3.0 Lineis Eye Protect System et Lineis Transitions,https://si.france-optique.com/img/gravures/nasal/web_1540-nas-essilor-Physio74.tif.jpg,1.74,ORG,Fournisseur : ESSILOR FR ...,2025-06-13 13:24:23.243333
1723,https://www.france-optique.com/gravures/fournisseur=521,Varilux  Physio  3.0  Short  Lineis Eye  Protect  System  et Lineis Transitions,https://si.france-optique.com/img/gravures/nasal/web_1540-nas-essilor-Physio74.tif.jpg,1.74,ORG,Fournisseur : ESSILOR FR ...,2025-06-13 13:24:23.366666
1724,https://www.france-optique.com/gravures/fournisseur=521,Essilor Prems HD Short Lineis et Lineis Transitions,https://si.france-optique.com/img/gravures/nasal/web_1396-nas-essilor-PREMSHD.tif.jpg,1.74,ORG,Fournisseur : ESSILOR FR ...,2025-06-13 13:24:23.490000
1725,https://www.france-optique.com/gravures/fournisseur=521,Essilor Prems HD Lineis et Lineis Transitions,https://si.france-optique.com/img/gravures/nasal/web_1397-nas-essilor-PREMSHD2.tif.jpg,1.74,ORG,Fournisseur : ESSILOR FR ...,2025-06-13 13:24:23.616666
1726,https://www.france-optique.com/gravures/fournisseur=521,Essilor Prems HD Short Stylis et Stylis Transitions,https://si.france-optique.com/img/gravures/nasal/web_1398-nas-essilor-PREMSHD3.tif.jpg,1.67,ORG,Fournisseur : ESSILOR FR ...,2025-06-13 13:24:23.723333
1727,https://www.france-optique.com/gravures/fournisseur=521,Essilor Prems HD Stylis et Stylis Transitions,https://si.france-optique.com/img/gravures/nasal/web_1399-nas-essilor-PREMSHD4.tif.jpg,1.67,ORG,Fournisseur : ESSILOR FR ...,2025-06-13 13:24:23.850000
1728,https://www.france-optique.com/gravures/fournisseur=521,Eyezen BOOST 0.4 Stylis Eye Protect System et Stylis Transitions,https://si.france-optique.com/img/gravures/nasal/web_736-nas-essilor-115.tif.jpg,1.67,ORG,Fournisseur : ESSILOR FR ...,2025-06-13 13:24:23.956666
1729,https://www.france-optique.com/gravures/fournisseur=521,Eyezen Kids Fit Ormix Eye Protect System et Ormix Transitions,https://si.france-optique.com/img/gravures/nasal/web_1546-EK6.tif.jpg,1.6,ORG,Fournisseur : ESSILOR FR ...,2025-06-13 13:24:24.080000
1730,https://www.france-optique.com/gravures/fournisseur=521,Eyezen Kids Fit Airwear Eye Protect System et Airwear Transitions,https://si.france-optique.com/img/gravures/nasal/web_1547-EKP.tif.jpg,1.59,ORG,Fournisseur : ESSILOR FR ...,2025-06-13 13:24:24.176666
1731,https://www.france-optique.com/gravures/fournisseur=521,Eyezen Kids Fit Orma Eye Protect System et Orma Transitions,https://si.france-optique.com/img/gravures/nasal/web_2028-ek5.tif.jpg,1.5,ORG,Fournisseur : ESSILOR FR ...,2025-06-13 13:24:24.290000
1732,https://www.france-optique.com/gravures/fournisseur=521,Eyezen Kids Ormix Eye Protect System et Ormix Transitions,https://si.france-optique.com/img/gravures/nasal/web_1546-EK6.tif.jpg,1.6,ORG,Fournisseur : ESSILOR FR ...,2025-06-13 13:24:24.386666
1733,https://www.france-optique.com/gravures/fournisseur=521,Eyezen Kids Airwear Eye Protect System et Airwear Transitions,https://si.france-optique.com/img/gravures/nasal/web_1547-EKP.tif.jpg,1.59,ORG,Fournisseur : ESSILOR FR ...,2025-06-13 13:24:24.493333
1734,https://www.france-optique.com/gravures/fournisseur=521,Eyezen Kids Orma Eye Protect System et Orma Transitions,https://si.france-optique.com/img/gravures/nasal/web_2028-ek5.tif.jpg,1.5,ORG,Fournisseur : ESSILOR FR ...,2025-06-13 13:24:24.590000
1735,https://www.france-optique.com/gravures/fournisseur=521,Essilor Symphony Lineis et Lineis Transitions,https://si.france-optique.com/img/gravures/nasal/web_1636-symphony74.tif.jpg,1.74,ORG,Fournisseur : ESSILOR FR ...,2025-06-13 13:24:24.723333
1736,https://www.france-optique.com/gravures/fournisseur=521,Essilor Symphony Short Lineis et Lineis Transitions,https://si.france-optique.com/img/gravures/nasal/web_1638-symphonyshort74.tif.jpg,1.74,ORG,Fournisseur : ESSILOR FR ...,2025-06-13 13:24:24.836666
1737,https://www.france-optique.com/gravures/fournisseur=521,Essilor Symphony FIT Lineis et Lineis Transitions,https://si.france-optique.com/img/gravures/nasal/web_1637-symphonyfit74.tif.jpg,1.74,ORG,Fournisseur : ESSILOR FR ...,2025-06-13 13:24:24.953333
1738,https://www.france-optique.com/gravures/fournisseur=2644,KODAK Unique Infinite HD 1.74 blanc / UVBlue / Trans® GenSTM,"KUIHD
K   E",1.74,ORG,VERRES KODAK,2025-06-13 13:24:25.010000
1739,https://www.france-optique.com/gravures/fournisseur=2644,KODAK Unique Infinite 1.5 blanc / UVBlue / Trans® GenSTM / Trans® XTRActive® / UVSun Polarisé,"KUI
K   B",1.5,ORG,VERRES KODAK,2025-06-13 13:24:25.063333
1740,https://www.france-optique.com/gravures/fournisseur=2644,KODAK Unique Infinite 1.6 blanc / UVBlue / Trans® GenSTM / Trans® XTRActive® / UVSun Polarisé,"KUI
K   B",1.6,ORG,VERRES KODAK,2025-06-13 13:24:25.126666
1741,https://www.france-optique.com/gravures/fournisseur=2644,KODAK Unique Infinite 1.67 blanc / UVBlue / Trans® GenSTM / Trans® XTRActive® / UVSun Polarisé,"KUI
K   B",1.67,ORG,VERRES KODAK,2025-06-13 13:24:25.183333
1742,https://www.france-optique.com/gravures/fournisseur=2644,KODAK Unique Infinite 1.74 blanc / UVBlue /Trans® GenSTM,"KUI
K   B",1.74,ORG,VERRES KODAK,2025-06-13 13:24:25.243333
1743,https://www.france-optique.com/gravures/fournisseur=1838,INTEGRAL ou INTEGRAL IP 1.50 + Transitions,https://si.france-optique.com/img/gravures/nasal/web_94-nas-mont-royal-01.tif.jpg,1.5,ORG,MONT-ROYAL,2025-06-13 13:24:25.366666
1744,https://www.france-optique.com/gravures/fournisseur=2397,"Attitude III SV 1,5",AT3 15,1.5,ORG,SHAMIR FRANCE,2025-06-13 13:24:25.416666
1745,https://www.france-optique.com/gravures/fournisseur=1838,INTEGRAL ou INTEGRAL IP 1.60 + Transitions,https://si.france-optique.com/img/gravures/nasal/web_94-nas-mont-royal-01.tif.jpg,1.6,ORG,MONT-ROYAL,2025-06-13 13:24:25.563333
1746,https://www.france-optique.com/gravures/fournisseur=1838,INTEGRAL ou INTEGRAL IP 1.67 + Transitions,https://si.france-optique.com/img/gravures/nasal/web_94-nas-mont-royal-01.tif.jpg,1.67,ORG,MONT-ROYAL,2025-06-13 13:24:25.673333
1747,https://www.france-optique.com/gravures/fournisseur=1838,"INTEGRAL 1,74",https://si.france-optique.com/img/gravures/nasal/web_94-nas-mont-royal-01.tif.jpg,1.74,ORG,MONT-ROYAL,2025-06-13 13:24:25.810000
1748,https://www.france-optique.com/gravures/fournisseur=1838,ULTRA HD TEK 1.50 & ULTRA HD TEK IP 1.50 + Transitions,https://si.france-optique.com/img/gravures/nasal/web_95-nas-mont-royal-02.tif.jpg,1.5,ORG,MONT-ROYAL,2025-06-13 13:24:25.930000
1749,https://www.france-optique.com/gravures/fournisseur=1838,ULTRA HD TEK 1.60 & ULTRA HD TEK IP 1.60 + Transitions,https://si.france-optique.com/img/gravures/nasal/web_95-nas-mont-royal-02.tif.jpg,1.6,ORG,MONT-ROYAL,2025-06-13 13:24:26.040000
1750,https://www.france-optique.com/gravures/fournisseur=1838,ULTRA HD TEK 1.67  & ULTRA HD TEK IP 1.67 + Transitions,https://si.france-optique.com/img/gravures/nasal/web_95-nas-mont-royal-02.tif.jpg,1.67,ORG,MONT-ROYAL,2025-06-13 13:24:26.143333
1751,https://www.france-optique.com/gravures/fournisseur=1838,ULTRA HD TEK 1.74,https://si.france-optique.com/img/gravures/nasal/web_95-nas-mont-royal-02.tif.jpg,1.74,ORG,MONT-ROYAL,2025-06-13 13:24:26.250000
1752,https://www.france-optique.com/gravures/fournisseur=1838,ULTRA HD Short TEK 1.50 & ULTRA HD Short TEK  IP 1.50 + Transitions,https://si.france-optique.com/img/gravures/nasal/web_95-nas-mont-royal-02.tif.jpg,1.5,ORG,MONT-ROYAL,2025-06-13 13:24:26.353333
1753,https://www.france-optique.com/gravures/fournisseur=1838,ULTRA HD Short TEK 1.60 & ULTRA HD Short TEK IP 1.60 + Transitions,https://si.france-optique.com/img/gravures/nasal/web_95-nas-mont-royal-02.tif.jpg,1.6,ORG,MONT-ROYAL,2025-06-13 13:24:26.483333
1754,https://www.france-optique.com/gravures/fournisseur=1838,ULTRA HD Short TEK 1.67 & ULTRA HD Short TEK IP 1.67 + Transitions,https://si.france-optique.com/img/gravures/nasal/web_95-nas-mont-royal-02.tif.jpg,1.67,ORG,MONT-ROYAL,2025-06-13 13:24:26.606666
1756,https://www.france-optique.com/gravures/fournisseur=1838,ULTRA HD 1.50 & ULTRA HD IP 1.50 + Transitions,https://si.france-optique.com/img/gravures/nasal/web_96-nas-mont-royal-03.tif.jpg,1.5,ORG,MONT-ROYAL,2025-06-13 13:24:26.870000
1757,https://www.france-optique.com/gravures/fournisseur=1838,ULTRA HD 1.60 + ULTRA HD IP 1.60 + Transitions,https://si.france-optique.com/img/gravures/nasal/web_96-nas-mont-royal-03.tif.jpg,1.6,ORG,MONT-ROYAL,2025-06-13 13:24:26.976666
1758,https://www.france-optique.com/gravures/fournisseur=1838,ULTRA HD 1.67 + ULTRA HD IP 1.67 + Transitions,https://si.france-optique.com/img/gravures/nasal/web_96-nas-mont-royal-03.tif.jpg,1.67,ORG,MONT-ROYAL,2025-06-13 13:24:27.083333
1759,https://www.france-optique.com/gravures/fournisseur=1838,ULTRA HD 1.74,https://si.france-optique.com/img/gravures/nasal/web_96-nas-mont-royal-03.tif.jpg,1.74,ORG,MONT-ROYAL,2025-06-13 13:24:27.220000
1760,https://www.france-optique.com/gravures/fournisseur=1838,ULTRA HD Short 1.50 & ULTRA HD Short IP 1.50 + Transitions,https://si.france-optique.com/img/gravures/nasal/web_96-nas-mont-royal-03.tif.jpg,1.5,ORG,MONT-ROYAL,2025-06-13 13:24:27.323333
1761,https://www.france-optique.com/gravures/fournisseur=1838,ULTRA HD Short 1.60 & ULTRA HD Short IP 1.60 + Transitions,https://si.france-optique.com/img/gravures/nasal/web_96-nas-mont-royal-03.tif.jpg,1.6,ORG,MONT-ROYAL,2025-06-13 13:24:27.433333
1762,https://www.france-optique.com/gravures/fournisseur=1838,ULTRA HD Short 1.67 & ULTRA HD Short IP 1.67 + Transitions,https://si.france-optique.com/img/gravures/nasal/web_96-nas-mont-royal-03.tif.jpg,1.67,ORG,MONT-ROYAL,2025-06-13 13:24:27.540000
1763,https://www.france-optique.com/gravures/fournisseur=1838,ULTRA HD Short 1.74,https://si.france-optique.com/img/gravures/nasal/web_96-nas-mont-royal-03.tif.jpg,1.74,ORG,MONT-ROYAL,2025-06-13 13:24:27.656666
1764,https://www.france-optique.com/gravures/fournisseur=1838,NATURAL 1.50 & NATURAL  IP 1.50  + Transitions,https://si.france-optique.com/img/gravures/nasal/web_97-nas-mont-royal-04.tif.jpg,1.5,ORG,MONT-ROYAL,2025-06-13 13:24:27.783333
1765,https://www.france-optique.com/gravures/fournisseur=1838,NATURAL 1.60 + NATURAL IP 1.60 + Transitions,https://si.france-optique.com/img/gravures/nasal/web_97-nas-mont-royal-04.tif.jpg,1.6,ORG,MONT-ROYAL,2025-06-13 13:24:27.903333
1766,https://www.france-optique.com/gravures/fournisseur=1838,NATURAL 1.67 + NATURAL IP 1.67 + Transitions,https://si.france-optique.com/img/gravures/nasal/web_97-nas-mont-royal-04.tif.jpg,1.67,ORG,MONT-ROYAL,2025-06-13 13:24:28.033333
1767,https://www.france-optique.com/gravures/fournisseur=1838,NATURAL 1.74,https://si.france-optique.com/img/gravures/nasal/web_97-nas-mont-royal-04.tif.jpg,1.74,ORG,MONT-ROYAL,2025-06-13 13:24:28.133333
1768,https://www.france-optique.com/gravures/fournisseur=1838,NATURAL Short 1.5 & NATURAL Short IP 1.5  + Transitions,https://si.france-optique.com/img/gravures/nasal/web_97-nas-mont-royal-04.tif.jpg,1.5,ORG,MONT-ROYAL,2025-06-13 13:24:28.236666
1769,https://www.france-optique.com/gravures/fournisseur=1838,NATURAL Short 1.60 & NATURAL Short IP 1.60 + Transitions,https://si.france-optique.com/img/gravures/nasal/web_97-nas-mont-royal-04.tif.jpg,1.6,ORG,MONT-ROYAL,2025-06-13 13:24:28.343333
1770,https://www.france-optique.com/gravures/fournisseur=1838,NATURAL Short 1.67 & NATURAL Short IP 1.67 + Transitions,https://si.france-optique.com/img/gravures/nasal/web_97-nas-mont-royal-04.tif.jpg,1.67,ORG,MONT-ROYAL,2025-06-13 13:24:28.463333
1771,https://www.france-optique.com/gravures/fournisseur=1838,NATURAL Short 1.74,https://si.france-optique.com/img/gravures/nasal/web_97-nas-mont-royal-04.tif.jpg,1.74,ORG,MONT-ROYAL,2025-06-13 13:24:28.566666
1772,https://www.france-optique.com/gravures/fournisseur=1838,Excellence Conduite HD 1.50 + Transitions,https://si.france-optique.com/img/gravures/nasal/web_98-nas-mont-royal-05.tif.jpg,1.5,ORG,MONT-ROYAL,2025-06-13 13:24:28.680000
1773,https://www.france-optique.com/gravures/fournisseur=1838,Excellence Conduite Polix 1.59 + Transitions,https://si.france-optique.com/img/gravures/nasal/web_1550-NewMontRoyal2.tif.jpg,1.59,POLY,MONT-ROYAL,2025-06-13 13:24:28.780000
1774,https://www.france-optique.com/gravures/fournisseur=1838,Excellence Conduite 1.60 + Transitions,https://si.france-optique.com/img/gravures/nasal/web_98-nas-mont-royal-05.tif.jpg,1.6,ORG,MONT-ROYAL,2025-06-13 13:24:28.900000
1775,https://www.france-optique.com/gravures/fournisseur=1838,Excellence Conduite 1.67 + Transitions,https://si.france-optique.com/img/gravures/nasal/web_98-nas-mont-royal-05.tif.jpg,1.67,ORG,MONT-ROYAL,2025-06-13 13:24:29.023333
1776,https://www.france-optique.com/gravures/fournisseur=1838,Excellence Sport 1.50 + Transitions,https://si.france-optique.com/img/gravures/nasal/web_101-nas-mont-royal-08.tif.jpg,1.5,ORG,MONT-ROYAL,2025-06-13 13:24:29.146666
1777,https://www.france-optique.com/gravures/fournisseur=1838,Excellence Sport Polix 1.59 + Transitions,https://si.france-optique.com/img/gravures/nasal/web_1549-NewMontRoyal1.tif.jpg,1.59,POLY,MONT-ROYAL,2025-06-13 13:24:29.250000
1778,https://www.france-optique.com/gravures/fournisseur=1838,Excellence Sport 1.60 + Transitions,https://si.france-optique.com/img/gravures/nasal/web_101-nas-mont-royal-08.tif.jpg,1.6,ORG,MONT-ROYAL,2025-06-13 13:24:29.356666
1779,https://www.france-optique.com/gravures/fournisseur=1838,Excellence Sport 1.67 + Transitions,https://si.france-optique.com/img/gravures/nasal/web_101-nas-mont-royal-08.tif.jpg,1.67,ORG,MONT-ROYAL,2025-06-13 13:24:29.463333
1780,https://www.france-optique.com/gravures/fournisseur=1838,VISIAZ XP Short TEK 1.50 + Transitions,https://si.france-optique.com/img/gravures/nasal/web_104-nas-mont-royal-11.tif.jpg,1.5,ORG,MONT-ROYAL,2025-06-13 13:24:29.566666
1781,https://www.france-optique.com/gravures/fournisseur=1838,"VISIAZ XP Short TEK 1,60 + Transitions",https://si.france-optique.com/img/gravures/nasal/web_104-nas-mont-royal-11.tif.jpg,1.6,ORG,MONT-ROYAL,2025-06-13 13:24:29.673333
1782,https://www.france-optique.com/gravures/fournisseur=1838,"VISIAZ XP Short TEK 1,67 + Transitions",https://si.france-optique.com/img/gravures/nasal/web_104-nas-mont-royal-11.tif.jpg,1.67,ORG,MONT-ROYAL,2025-06-13 13:24:29.800000
1783,https://www.france-optique.com/gravures/fournisseur=1838,"VISIAZ XP Short TEK 1,74",https://si.france-optique.com/img/gravures/nasal/web_104-nas-mont-royal-11.tif.jpg,1.74,ORG,MONT-ROYAL,2025-06-13 13:24:29.913333
1784,https://www.france-optique.com/gravures/fournisseur=1838,VISIAZ XP 1.50 + Transitions,https://si.france-optique.com/img/gravures/nasal/web_103-nas-mont-royal-10.tif.jpg,1.5,ORG,MONT-ROYAL,2025-06-13 13:24:30.026666
1785,https://www.france-optique.com/gravures/fournisseur=1838,"VISIAZ XP 1,60 + Transitions",https://si.france-optique.com/img/gravures/nasal/web_103-nas-mont-royal-10.tif.jpg,1.6,ORG,MONT-ROYAL,2025-06-13 13:24:30.126666
1786,https://www.france-optique.com/gravures/fournisseur=1838,"VISIAZ XP 1,67 + Transitions",https://si.france-optique.com/img/gravures/nasal/web_103-nas-mont-royal-10.tif.jpg,1.67,ORG,MONT-ROYAL,2025-06-13 13:24:30.243333
1787,https://www.france-optique.com/gravures/fournisseur=2397,"Attitude III SV 1,5 Transitions®",AT3 TR,1.5,ORG,SHAMIR FRANCE,2025-06-13 13:24:30.300000
1788,https://www.france-optique.com/gravures/fournisseur=2397,"Attitude III SV 1,5 Polarized",AT3 PZ,1.5,ORG,SHAMIR FRANCE,2025-06-13 13:24:30.350000
1789,https://www.france-optique.com/gravures/fournisseur=2397,Attitude III SV NXT Varia Color / Varia Polar / Polar / Color Mirror / Color,AT3 NX,1.53,NXT,SHAMIR FRANCE,2025-06-13 13:24:30.400000
1790,https://www.france-optique.com/gravures/fournisseur=2397,Attitude III SV Poly,AT3 PC,1.59,POLY,SHAMIR FRANCE,2025-06-13 13:24:30.453333
1791,https://www.france-optique.com/gravures/fournisseur=2397,Attitude III SV Poly Color,AT3 PCC,1.59,POLY,SHAMIR FRANCE,2025-06-13 13:24:30.503333
1792,https://www.france-optique.com/gravures/fournisseur=2397,Attitude III SV Poly Transitions®,AT3 PT,1.59,POLY,SHAMIR FRANCE,2025-06-13 13:24:30.556666
1793,https://www.france-optique.com/gravures/fournisseur=2397,Attitude III SV Poly Polarized,AT3 PPZ,1.59,POLY,SHAMIR FRANCE,2025-06-13 13:24:30.613333
1794,https://www.france-optique.com/gravures/fournisseur=2397,"Attitude III SV 1,6",AT3 16,1.6,ORG,SHAMIR FRANCE,2025-06-13 13:24:30.666666
1795,https://www.france-optique.com/gravures/fournisseur=2397,"Attitude III SV 1,6 Transitions®",AT3 T6,1.6,ORG,SHAMIR FRANCE,2025-06-13 13:24:30.713333
1796,https://www.france-optique.com/gravures/fournisseur=2397,"Attitude III SV 1,6 Polarized",AT3 PZ6,1.6,ORG,SHAMIR FRANCE,2025-06-13 13:24:30.766666
1797,https://www.france-optique.com/gravures/fournisseur=2397,"Attitude III SV 1,67",AT3 67,1.67,ORG,SHAMIR FRANCE,2025-06-13 13:24:30.820000
1798,https://www.france-optique.com/gravures/fournisseur=2397,"Attitude III SV 1,67 Transitions®",AT3 T67,1.67,ORG,SHAMIR FRANCE,2025-06-13 13:24:30.870000
1799,https://www.france-optique.com/gravures/fournisseur=2397,"ATORIQUE 1,5",15,1.5,ORG,SHAMIR FRANCE,2025-06-13 13:24:30.920000
1800,https://www.france-optique.com/gravures/fournisseur=2397,"ATORIQUE 1,5 Transitions®",TR,1.5,ORG,SHAMIR FRANCE,2025-06-13 13:24:30.966666
1801,https://www.france-optique.com/gravures/fournisseur=2397,"ATORIQUE 1,5 Polarized",PZ,1.5,ORG,SHAMIR FRANCE,2025-06-13 13:24:31.020000
1802,https://www.france-optique.com/gravures/fournisseur=2397,ATORIQUE Poly,PC,1.59,POLY,SHAMIR FRANCE,2025-06-13 13:24:31.070000
1803,https://www.france-optique.com/gravures/fournisseur=2397,ATORIQUE Poly Polarized,PPZ,1.59,POLY,SHAMIR FRANCE,2025-06-13 13:24:31.120000
1804,https://www.france-optique.com/gravures/fournisseur=2397,"ATORIQUE 1,6",16,1.6,ORG,SHAMIR FRANCE,2025-06-13 13:24:31.170000
1805,https://www.france-optique.com/gravures/fournisseur=2397,"ATORIQUE 1,6 Blue Zero",BZ6,1.6,ORG,SHAMIR FRANCE,2025-06-13 13:24:31.220000
1806,https://www.france-optique.com/gravures/fournisseur=2397,"ATORIQUE 1,6 Transitions®",T6,1.6,ORG,SHAMIR FRANCE,2025-06-13 13:24:31.273333
1807,https://www.france-optique.com/gravures/fournisseur=2397,"ATORIQUE 1,6 Polarized",PZ6,1.6,ORG,SHAMIR FRANCE,2025-06-13 13:24:31.323333
1808,https://www.france-optique.com/gravures/fournisseur=2397,"ATORIQUE 1,67",67,1.67,ORG,SHAMIR FRANCE,2025-06-13 13:24:31.380000
1809,https://www.france-optique.com/gravures/fournisseur=2397,"ATORIQUE 1,67 Blue Zero",BZ67,1.67,ORG,SHAMIR FRANCE,2025-06-13 13:24:31.436666
1810,https://www.france-optique.com/gravures/fournisseur=2397,"ATORIQUE 1,67 Transitions®",T67,1.67,ORG,SHAMIR FRANCE,2025-06-13 13:24:31.486666
1811,https://www.france-optique.com/gravures/fournisseur=2397,ATORIQUE 1.74,74,1.74,ORG,SHAMIR FRANCE,2025-06-13 13:24:31.536666
1812,https://www.france-optique.com/gravures/fournisseur=2397,"SMART SV As Worn 1,5",FF 15,1.5,ORG,SHAMIR FRANCE,2025-06-13 13:24:31.590000
1813,https://www.france-optique.com/gravures/fournisseur=2397,"SMART SV As Worn 1,5 Blue Zero",FF BZ,1.5,ORG,SHAMIR FRANCE,2025-06-13 13:24:31.640000
1814,https://www.france-optique.com/gravures/fournisseur=2397,"SMART SV As Worn 1,5 Transitions®",FF TR,1.5,ORG,SHAMIR FRANCE,2025-06-13 13:24:31.690000
1815,https://www.france-optique.com/gravures/fournisseur=2397,"SMART SV As Worn 1,5 Polarized",FF PZ,1.5,ORG,SHAMIR FRANCE,2025-06-13 13:24:31.746666
1816,https://www.france-optique.com/gravures/fournisseur=2397,SMART SV As Worn Poly,FF PC,1.59,POLY,SHAMIR FRANCE,2025-06-13 13:24:31.800000
1817,https://www.france-optique.com/gravures/fournisseur=2397,SMART SV As Worn Poly Polarized,FF PPZ,1.59,POLY,SHAMIR FRANCE,2025-06-13 13:24:31.850000
1818,https://www.france-optique.com/gravures/fournisseur=2397,"SMART SV As Worn 1,6",FF 16,1.6,ORG,SHAMIR FRANCE,2025-06-13 13:24:31.900000
1819,https://www.france-optique.com/gravures/fournisseur=2397,"SMART SV As Worn 1,6 Transitions®",FF T6,1.6,ORG,SHAMIR FRANCE,2025-06-13 13:24:31.950000
1820,https://www.france-optique.com/gravures/fournisseur=2397,"SMART SV As Worn 1,6 Polarized",FF PZ6,1.6,ORG,SHAMIR FRANCE,2025-06-13 13:24:32.000000
1821,https://www.france-optique.com/gravures/fournisseur=2397,"SMART SV As Worn 1,67",FF 167,1.67,ORG,SHAMIR FRANCE,2025-06-13 13:24:32.050000
1822,https://www.france-optique.com/gravures/fournisseur=2397,"SMART SV As Worn 1,67 Transitions®",FF T67,1.67,ORG,SHAMIR FRANCE,2025-06-13 13:24:32.100000
1823,https://www.france-optique.com/gravures/fournisseur=2397,SMART SV As Worn 1.74,FF 74,1.74,ORG,SHAMIR FRANCE,2025-06-13 13:24:32.150000
1824,https://www.france-optique.com/gravures/fournisseur=2397,"NEW RELAX +0,50 1,5",RLX 15,1.5,ORG,SHAMIR FRANCE,2025-06-13 13:24:32.200000
1825,https://www.france-optique.com/gravures/fournisseur=2397,"NEW RELAX +0,50 1,5 Blue Zero",RLX BZ,1.5,ORG,SHAMIR FRANCE,2025-06-13 13:24:32.250000
1826,https://www.france-optique.com/gravures/fournisseur=2397,"NEW RELAX +0,65 1,6",RLX6 16,1.6,ORG,SHAMIR FRANCE,2025-06-13 13:24:32.303333
1827,https://www.france-optique.com/gravures/fournisseur=2397,"NEW RELAX +0,65 1,6 Blue Zero",RLX6 BZ6,1.6,ORG,SHAMIR FRANCE,2025-06-13 13:24:32.353333
1828,https://www.france-optique.com/gravures/fournisseur=2397,"NEW RELAX +0,80 1,67",RLX8 167,1.6,ORG,SHAMIR FRANCE,2025-06-13 13:24:32.406666
1829,https://www.france-optique.com/gravures/fournisseur=2397,"NEW RELAX +0,80 1,67 Blue Zero",RLX8 BZ67,1.6,ORG,SHAMIR FRANCE,2025-06-13 13:24:32.460000
1830,https://www.france-optique.com/gravures/fournisseur=2397,"Computer  1,5",FFC  15,1.5,ORG,SHAMIR FRANCE,2025-06-13 13:24:32.510000
1831,https://www.france-optique.com/gravures/fournisseur=2397,"Computer  1,5 Blue Zero",FFC  BZ,1.5,ORG,SHAMIR FRANCE,2025-06-13 13:24:32.560000
1832,https://www.france-optique.com/gravures/fournisseur=2397,Computer Poly,FFC  PC,1.59,POLY,SHAMIR FRANCE,2025-06-13 13:24:32.613333
1833,https://www.france-optique.com/gravures/fournisseur=2397,"Computer 1,6 (MR8)",FFC  16,1.6,ORG,SHAMIR FRANCE,2025-06-13 13:24:32.663333
1834,https://www.france-optique.com/gravures/fournisseur=2397,"Computer 1,6 (MR8) Blue Zero",FFC  BZ6,1.6,ORG,SHAMIR FRANCE,2025-06-13 13:24:32.716666
1835,https://www.france-optique.com/gravures/fournisseur=2397,"Workspace 1,5",FFW  15,1.5,ORG,SHAMIR FRANCE,2025-06-13 13:24:32.770000
1836,https://www.france-optique.com/gravures/fournisseur=2397,"Workspace 1,5 Blue Zero",FFW  BZ,1.5,ORG,SHAMIR FRANCE,2025-06-13 13:24:32.820000
1837,https://www.france-optique.com/gravures/fournisseur=2397,Workspace Poly,FFW  PC,1.59,POLY,SHAMIR FRANCE,2025-06-13 13:24:32.873333
1838,https://www.france-optique.com/gravures/fournisseur=2397,"Workspace 1,6 (MR8)",FFW  16,1.6,ORG,SHAMIR FRANCE,2025-06-13 13:24:32.920000
1839,https://www.france-optique.com/gravures/fournisseur=2397,"Workspace 1,6 (MR8) Blue Zero",FFW  BZ6,1.6,ORG,SHAMIR FRANCE,2025-06-13 13:24:32.970000
1840,https://www.france-optique.com/gravures/fournisseur=644,VIPSPORT 1.6 blanc / Transitions® GenS™ / Transitions® XTRActive® /Pola,VS,1.6,MR8,MEGA OPTIC,2025-06-13 13:24:33.023333
1841,https://www.france-optique.com/gravures/fournisseur=1838,"VISIAZ XP 1,74",https://si.france-optique.com/img/gravures/nasal/web_103-nas-mont-royal-10.tif.jpg,1.74,ORG,MONT-ROYAL,2025-06-13 13:24:33.313333
1842,https://www.france-optique.com/gravures/fournisseur=1838,VISIAZ XP Short 1.50 + Transitions,https://si.france-optique.com/img/gravures/nasal/web_105-nas-mont-royal-12.tif.jpg,1.5,ORG,MONT-ROYAL,2025-06-13 13:24:33.436666
1843,https://www.france-optique.com/gravures/fournisseur=1838,"VISIAZ XP Short 1,60 + Transitions",https://si.france-optique.com/img/gravures/nasal/web_105-nas-mont-royal-12.tif.jpg,1.6,ORG,MONT-ROYAL,2025-06-13 13:24:33.540000
1844,https://www.france-optique.com/gravures/fournisseur=1838,"VISIAZ XP Short 1,67 + Transitions",https://si.france-optique.com/img/gravures/nasal/web_105-nas-mont-royal-12.tif.jpg,1.67,ORG,MONT-ROYAL,2025-06-13 13:24:33.673333
1845,https://www.france-optique.com/gravures/fournisseur=1838,"VISIAZ XP Short 1,74",https://si.france-optique.com/img/gravures/nasal/web_105-nas-mont-royal-12.tif.jpg,1.74,ORG,MONT-ROYAL,2025-06-13 13:24:33.796666
1846,https://www.france-optique.com/gravures/fournisseur=1838,VISIAZ DG 1.50 + Transitions,https://si.france-optique.com/img/gravures/nasal/web_106-nas-mont-royal-13.tif.jpg,1.5,ORG,MONT-ROYAL,2025-06-13 13:24:33.900000
1847,https://www.france-optique.com/gravures/fournisseur=1838,"VISIAZ DG 1,60 + Transitions",https://si.france-optique.com/img/gravures/nasal/web_106-nas-mont-royal-13.tif.jpg,1.6,ORG,MONT-ROYAL,2025-06-13 13:24:34.023333
1848,https://www.france-optique.com/gravures/fournisseur=1838,"VISIAZ DG 1,67 + Transitions",https://si.france-optique.com/img/gravures/nasal/web_106-nas-mont-royal-13.tif.jpg,1.67,ORG,MONT-ROYAL,2025-06-13 13:24:34.140000
1849,https://www.france-optique.com/gravures/fournisseur=1838,"VISIAZ DG 1,74",https://si.france-optique.com/img/gravures/nasal/web_106-nas-mont-royal-13.tif.jpg,1.74,ORG,MONT-ROYAL,2025-06-13 13:24:34.263333
1850,https://www.france-optique.com/gravures/fournisseur=1838,"VISIAZ 1,60",,1.6,Min,MONT-ROYAL,2025-06-13 13:24:34.326666
1851,https://www.france-optique.com/gravures/fournisseur=1838,"VISIAZ 1,60 Photobrown",,1.6,Min,MONT-ROYAL,2025-06-13 13:24:34.390000
1852,https://www.france-optique.com/gravures/fournisseur=1838,"VISIAZ 1,70",,1.7,Min,MONT-ROYAL,2025-06-13 13:24:34.450000
1853,https://www.france-optique.com/gravures/fournisseur=1838,"VISIAZ 1,80",,1.8,Min,MONT-ROYAL,2025-06-13 13:24:34.510000
1854,https://www.france-optique.com/gravures/fournisseur=1838,SURF 1.50 & SURF IP 1.50 + Transitions,https://si.france-optique.com/img/gravures/nasal/web_125-nas-mont-royal-20.tif.jpg,1.5,ORG,MONT-ROYAL,2025-06-13 13:24:34.620000
1855,https://www.france-optique.com/gravures/fournisseur=1838,SURF Polix + Transitions,https://si.france-optique.com/img/gravures/nasal/web_124-nas-mont-royal-19.tif.jpg,1.591,POLY,MONT-ROYAL,2025-06-13 13:24:34.726666
1856,https://www.france-optique.com/gravures/fournisseur=1838,SURF 1.60 & SURF IP 1.60 + Transitions,https://si.france-optique.com/img/gravures/nasal/web_125-nas-mont-royal-20.tif.jpg,1.6,ORG,MONT-ROYAL,2025-06-13 13:24:34.830000
1857,https://www.france-optique.com/gravures/fournisseur=1838,SURF 1.67 & SURF IP 1.67 + Transitions,https://si.france-optique.com/img/gravures/nasal/web_125-nas-mont-royal-20.tif.jpg,1.67,ORG,MONT-ROYAL,2025-06-13 13:24:34.936666
1858,https://www.france-optique.com/gravures/fournisseur=1838,SURF Short 1.50 & SURF Short IP 1.50 + Transitions,https://si.france-optique.com/img/gravures/nasal/web_126-nas-mont-royal-21.tif.jpg,1.5,ORG,MONT-ROYAL,2025-06-13 13:24:35.066666
1859,https://www.france-optique.com/gravures/fournisseur=1838,SURF Short Polix 1.59 + Transitions,https://si.france-optique.com/img/gravures/nasal/web_1015-nas-mont-royal-28.tif.jpg,1.591,POLY,MONT-ROYAL,2025-06-13 13:24:35.193333
1860,https://www.france-optique.com/gravures/fournisseur=1838,"SURF Short 1,60 + Transitions",https://si.france-optique.com/img/gravures/nasal/web_126-nas-mont-royal-21.tif.jpg,1.6,ORG,MONT-ROYAL,2025-06-13 13:24:35.313333
1861,https://www.france-optique.com/gravures/fournisseur=1838,"SURF Short 1,67 + Transitions",https://si.france-optique.com/img/gravures/nasal/web_126-nas-mont-royal-21.tif.jpg,1.67,ORG,MONT-ROYAL,2025-06-13 13:24:35.440000
1862,https://www.france-optique.com/gravures/fournisseur=1838,INITIAL 1.50 + Transitions,https://si.france-optique.com/img/gravures/nasal/web_127-nas-mont-royal-22.tif.jpg,1.5,ORG,MONT-ROYAL,2025-06-13 13:24:35.546666
1863,https://www.france-optique.com/gravures/fournisseur=1838,INITIAL 1.60 + Transitions,https://si.france-optique.com/img/gravures/nasal/web_127-nas-mont-royal-22.tif.jpg,1.6,ORG,MONT-ROYAL,2025-06-13 13:24:35.663333
1864,https://www.france-optique.com/gravures/fournisseur=1838,INITIAL 1.67 + Transitions,https://si.france-optique.com/img/gravures/nasal/web_127-nas-mont-royal-22.tif.jpg,1.67,ORG,MONT-ROYAL,2025-06-13 13:24:35.766666
1865,https://www.france-optique.com/gravures/fournisseur=1838,"INITIAL Short 1,50 + Transitions",https://si.france-optique.com/img/gravures/nasal/web_127-nas-mont-royal-22.tif.jpg,1.5,ORG,MONT-ROYAL,2025-06-13 13:24:35.893333
1866,https://www.france-optique.com/gravures/fournisseur=1838,"INITIAL Short 1,60 + Transitions",https://si.france-optique.com/img/gravures/nasal/web_127-nas-mont-royal-22.tif.jpg,1.6,ORG,MONT-ROYAL,2025-06-13 13:24:36.016666
1867,https://www.france-optique.com/gravures/fournisseur=1838,"INITIAL Short 1,67 + Transitions",https://si.france-optique.com/img/gravures/nasal/web_127-nas-mont-royal-22.tif.jpg,1.67,ORG,MONT-ROYAL,2025-06-13 13:24:36.146666
1868,https://www.france-optique.com/gravures/fournisseur=1838,Excellence Office 1.50 & Excellence Office IP 1.50,https://si.france-optique.com/img/gravures/nasal/web_128-nas-mont-royal-23.tif.jpg,1.5,ORG,MONT-ROYAL,2025-06-13 13:24:36.253333
1869,https://www.france-optique.com/gravures/fournisseur=1838,Excellence Office 1.60 + Excellence Office IP 1.60,https://si.france-optique.com/img/gravures/nasal/web_128-nas-mont-royal-23.tif.jpg,1.6,ORG,MONT-ROYAL,2025-06-13 13:24:36.373333
1870,https://www.france-optique.com/gravures/fournisseur=1838,Excellence Office 1.67 + Excellence Office IP 1.67,https://si.france-optique.com/img/gravures/nasal/web_128-nas-mont-royal-23.tif.jpg,1.67,ORG,MONT-ROYAL,2025-06-13 13:24:36.483333
1871,https://www.france-optique.com/gravures/fournisseur=1838,Proxoffice 1.50 & Proxoffice IP 1.50,https://si.france-optique.com/img/gravures/nasal/web_128-nas-mont-royal-23.tif.jpg,1.5,ORG,MONT-ROYAL,2025-06-13 13:24:36.586666
1872,https://www.france-optique.com/gravures/fournisseur=1838,"Proxoffice 1,60 + Proxoffice IP 1,60",https://si.france-optique.com/img/gravures/nasal/web_130-nas-mont-royal-25.tif.jpg,1.6,ORG,MONT-ROYAL,2025-06-13 13:24:36.696666
1873,https://www.france-optique.com/gravures/fournisseur=1838,"Proxoffice 1,67 + Proxoffice IP 1,67",https://si.france-optique.com/img/gravures/nasal/web_131-nas-mont-royal-26.tif.jpg,1.67,ORG,MONT-ROYAL,2025-06-13 13:24:36.823333
1874,https://www.france-optique.com/gravures/fournisseur=1838,UNITEK 1.50 & UNITEK IP 1.50 + Transitions,T5,1.5,ORG,MONT-ROYAL,2025-06-13 13:24:36.876666
1875,https://www.france-optique.com/gravures/fournisseur=1838,"UNITEK 1,60 + UNITEK IP 1,6 + Transitions",T6,1.6,ORG,MONT-ROYAL,2025-06-13 13:24:36.930000
1876,https://www.france-optique.com/gravures/fournisseur=1838,"UNITEK 1,67 + UNITEK IP 1,67 + Transitions",T67,1.67,ORG,MONT-ROYAL,2025-06-13 13:24:36.980000
1877,https://www.france-optique.com/gravures/fournisseur=1838,"UNITEK 1,74",T74,1.74,ORG,MONT-ROYAL,2025-06-13 13:24:37.036666
1878,https://www.france-optique.com/gravures/fournisseur=1838,UNITEK Accommoda 1.50 & UNITEK Accommoda IP 1.50  + Transitions,A5,1.5,ORG,MONT-ROYAL,2025-06-13 13:24:37.086666
1879,https://www.france-optique.com/gravures/fournisseur=1838,"UNITEK Accommoda 1,60 + UNITEK Accommoda IP 1,6 + Transitions",A6,1.6,ORG,MONT-ROYAL,2025-06-13 13:24:37.140000
1880,https://www.france-optique.com/gravures/fournisseur=2397,"Office 1,5",,1.5,ORG,SHAMIR FRANCE,2025-06-13 13:24:37.203333
1881,https://www.france-optique.com/gravures/fournisseur=2397,Office Poly,PC,1.59,POLY,SHAMIR FRANCE,2025-06-13 13:24:37.253333
1882,https://www.france-optique.com/gravures/fournisseur=2397,"Office 1,6",16,1.6,ORG,SHAMIR FRANCE,2025-06-13 13:24:37.306666
1883,https://www.france-optique.com/gravures/fournisseur=2397,"Office 1,6 Blue Zero",BZ6,1.6,ORG,SHAMIR FRANCE,2025-06-13 13:24:37.360000
1884,https://www.france-optique.com/gravures/fournisseur=2397,"InoTime® Screen/Screen+ 1,6",iS / iS+ 16,1.6,ORG,SHAMIR FRANCE,2025-06-13 13:24:37.423333
1885,https://www.france-optique.com/gravures/fournisseur=2397,"Autograph Intelligence™  FULL FIT 1,5",AI,1.5,ORG,SHAMIR FRANCE,2025-06-13 13:24:37.476666
1886,https://www.france-optique.com/gravures/fournisseur=2397,"Autograph Intelligence™  FULL FIT 1,5 Transitions®",AIT,1.5,ORG,SHAMIR FRANCE,2025-06-13 13:24:37.530000
1887,https://www.france-optique.com/gravures/fournisseur=2397,"Autograph Intelligence™  FULL FIT 1,5 Polarisant",AIPZ,1.5,ORG,SHAMIR FRANCE,2025-06-13 13:24:37.583333
1888,https://www.france-optique.com/gravures/fournisseur=2397,"Autograph Intelligence™  FULL FIT 1,5 Blue Zero",AIBZ,1.5,ORG,SHAMIR FRANCE,2025-06-13 13:24:37.636666
1889,https://www.france-optique.com/gravures/fournisseur=2397,Autograph Intelligence™  FULL FIT Poly,AIP,1.59,POLY,SHAMIR FRANCE,2025-06-13 13:24:37.690000
1890,https://www.france-optique.com/gravures/fournisseur=2397,"Autograph Intelligence™  FULL FIT 1,6",AI16,1.6,ORG,SHAMIR FRANCE,2025-06-13 13:24:37.743333
1891,https://www.france-optique.com/gravures/fournisseur=2397,"Autograph Intelligence™  FULL FIT 1,6 Transitions®",AIT6,1.6,ORG,SHAMIR FRANCE,2025-06-13 13:24:37.796666
1892,https://www.france-optique.com/gravures/fournisseur=2397,"Autograph Intelligence™  FULL FIT 1,6 Polarisant",AIP6,1.6,ORG,SHAMIR FRANCE,2025-06-13 13:24:37.850000
1893,https://www.france-optique.com/gravures/fournisseur=2397,"Autograph Intelligence™  FULL FIT 1,6 Blue Zero",AIBZ6,1.6,ORG,SHAMIR FRANCE,2025-06-13 13:24:37.903333
1894,https://www.france-optique.com/gravures/fournisseur=2397,"Autograph Intelligence™  FULL FIT 1,67",AI67,1.67,ORG,SHAMIR FRANCE,2025-06-13 13:24:37.953333
1895,https://www.france-optique.com/gravures/fournisseur=2397,"Autograph Intelligence™  FULL FIT 1,67 Transitions®",AIT67,1.67,ORG,SHAMIR FRANCE,2025-06-13 13:24:38.006666
1896,https://www.france-optique.com/gravures/fournisseur=2397,"Autograph Intelligence™  FULL FIT 1,67 Blue Zero",AIBZ67,1.67,ORG,SHAMIR FRANCE,2025-06-13 13:24:38.056666
1897,https://www.france-optique.com/gravures/fournisseur=2397,"Autograph Intelligence™  FULL FIT 1,74",AI74,1.74,ORG,SHAMIR FRANCE,2025-06-13 13:24:38.106666
1898,https://www.france-optique.com/gravures/fournisseur=2397,"Urban 16 & 19 1,5",UR6/UR9 15,1.5,ORG,SHAMIR FRANCE,2025-06-13 13:24:38.160000
1899,https://www.france-optique.com/gravures/fournisseur=2397,"Urban 16 & 19 1,5 Blue Zero",UR6/UR9 BZ,1.5,ORG,SHAMIR FRANCE,2025-06-13 13:24:38.213333
1900,https://www.france-optique.com/gravures/fournisseur=2397,"Urban 16 & 19 1,5 Transitions®",UR6/UR9 TR,1.5,ORG,SHAMIR FRANCE,2025-06-13 13:24:38.266666
1901,https://www.france-optique.com/gravures/fournisseur=2397,"Urban 16 & 19 1,5 Polarisant",UR6/UR9 PZ,1.5,ORG,SHAMIR FRANCE,2025-06-13 13:24:38.323333
1902,https://www.france-optique.com/gravures/fournisseur=2397,"Urban 16 & 19 1,6 (MR8)",UR6/UR9 16,1.6,ORG,SHAMIR FRANCE,2025-06-13 13:24:38.376666
1903,https://www.france-optique.com/gravures/fournisseur=2397,"Urban 16 & 19 1,6 (MR8) Blue Zero",UR6/UR9 BZ6,1.6,ORG,SHAMIR FRANCE,2025-06-13 13:24:38.423333
1904,https://www.france-optique.com/gravures/fournisseur=2397,"Urban 16 & 19 1,6 (MR8) Transitions®",UR6/UR9 T6,1.6,ORG,SHAMIR FRANCE,2025-06-13 13:24:38.473333
1905,https://www.france-optique.com/gravures/fournisseur=2397,"Urban 16 & 19 1,6 (MR8) Polarisant",UR6/UR9 PZ6,1.6,ORG,SHAMIR FRANCE,2025-06-13 13:24:38.526666
1906,https://www.france-optique.com/gravures/fournisseur=2397,"Urban 16 & 19 1,67 (MR10)",UR6/UR9 67,1.67,ORG,SHAMIR FRANCE,2025-06-13 13:24:38.576666
1907,https://www.france-optique.com/gravures/fournisseur=2397,"Urban 16 & 19 1,67 (MR10) Blue Zero",UR6/UR9 BZ67,1.67,ORG,SHAMIR FRANCE,2025-06-13 13:24:38.630000
1908,https://www.france-optique.com/gravures/fournisseur=2397,"Urban 16 & 19 1,74",UR6/UR9 74,1.74,ORG,SHAMIR FRANCE,2025-06-13 13:24:38.683333
1909,https://www.france-optique.com/gravures/fournisseur=2397,"InoTime® Relax +0.50 1,6",iRLX,1.6,ORG,SHAMIR FRANCE,2025-06-13 13:24:38.733333
1910,https://www.france-optique.com/gravures/fournisseur=2397,"InoTime® Relax +0.65 1,6 Blue Zero",iRLX6,1.6,ORG,SHAMIR FRANCE,2025-06-13 13:24:38.790000
1911,https://www.france-optique.com/gravures/fournisseur=2397,"InoTime® Relax +0,80 1,67",iRLX8,1.67,ORG,SHAMIR FRANCE,2025-06-13 13:24:38.843333
1912,https://www.france-optique.com/gravures/fournisseur=2397,"Autograph Intouch UX 15 & 18 1,5",IUX15 / IUX18  15,1.5,ORg,SHAMIR FRANCE,2025-06-13 13:24:38.893333
1913,https://www.france-optique.com/gravures/fournisseur=2397,"Autograph Intouch UX 15 & 18 1,5 Blue Zero",IUX15 / IUX18  BZ,1.5,ORG,SHAMIR FRANCE,2025-06-13 13:24:38.946666
1914,https://www.france-optique.com/gravures/fournisseur=644,VIPSPORT 1.67 blanc / Transitions® GenS™ / Transitions® XTRActive® /Pola,VS,1.67,ORG,MEGA OPTIC,2025-06-13 13:24:38.996666
1915,https://www.france-optique.com/gravures/fournisseur=644,VIPSPORT 1.74 blanc,VS,1.74,ORG,MEGA OPTIC,2025-06-13 13:24:39.046666
1916,https://www.france-optique.com/gravures/fournisseur=644,OrgaSPORT 1.5 blanc / Transitions® GenS™ / Transitions® XTRActive® / Pola / Pola DRW™,OS,1.5,ORG,MEGA OPTIC,2025-06-13 13:24:39.100000
1917,https://www.france-optique.com/gravures/fournisseur=644,OrgaSPORT TVX® 1.53 blanc / Transitions® GenS™ / Transitions® XTRActive® / Pola,OS,1.53,TVX,MEGA OPTIC,2025-06-13 13:24:39.150000
1918,https://www.france-optique.com/gravures/fournisseur=644,OrgaSPORT 1.59 blanc / Transitions® GenS™ / Transitions® XTRActive® / Pola / Pola DRW™,OS,1.59,POLY,MEGA OPTIC,2025-06-13 13:24:39.200000
1919,https://www.france-optique.com/gravures/fournisseur=644,OrgaSPORT 1.6 blanc / Transitions® GenS™ / Transitions® XTRActive® / Pola,OS,1.6,MR8,MEGA OPTIC,2025-06-13 13:24:39.256666
1920,https://www.france-optique.com/gravures/fournisseur=644,OrgaSPORT 1.67 blanc / Transitions® GenS™ / Transitions® XTRActive® / Pola,OS,1.67,ORG,MEGA OPTIC,2025-06-13 13:24:39.313333
1921,https://www.france-optique.com/gravures/fournisseur=644,OrgaSPORT 1.74 blanc,OS,1.74,ORG,MEGA OPTIC,2025-06-13 13:24:39.363333
1922,https://www.france-optique.com/gravures/fournisseur=644,PERSONNAHD 1.5 blanc / XBlue,PN,1.5,ORG,MEGA OPTIC,2025-06-13 13:24:39.410000
1923,https://www.france-optique.com/gravures/fournisseur=644,PERSONNAHD 1.6 blanc / XBlue,PN,1.6,MR8,MEGA OPTIC,2025-06-13 13:24:39.460000
1924,https://www.france-optique.com/gravures/fournisseur=644,PERSONNAHD 1.67 blanc / XBlue,PN,1.67,ORG,MEGA OPTIC,2025-06-13 13:24:39.510000
1925,https://www.france-optique.com/gravures/fournisseur=644,PERSONNAHD 1.74 blanc / Xblue,PN,1.74,ORG,MEGA OPTIC,2025-06-13 13:24:39.560000
1926,https://www.france-optique.com/gravures/fournisseur=644,PERFORMANCEHD 1.5 blanc / XBlue,PF,1.5,ORG,MEGA OPTIC,2025-06-13 13:24:39.610000
1927,https://www.france-optique.com/gravures/fournisseur=644,PERFORMANCEHD 1.6 blanc / XBlue,PF,1.6,MR8,MEGA OPTIC,2025-06-13 13:24:39.660000
1928,https://www.france-optique.com/gravures/fournisseur=644,PERFORMANCEHD 1.67 blanc / XBlue,PF,1.67,ORG,MEGA OPTIC,2025-06-13 13:24:39.713333
1929,https://www.france-optique.com/gravures/fournisseur=644,PERFORMANCEHD 1.74 blanc / XBlue,PF,1.74,ORG,MEGA OPTIC,2025-06-13 13:24:39.763333
1930,https://www.france-optique.com/gravures/fournisseur=2217,Kléra Plus Evo Trivex Polarisant Brun et Gris,K+ 1.53 POL,1.53,TVX POLA.,K OPTICAL,2025-06-13 13:24:39.810000
1931,https://www.france-optique.com/gravures/fournisseur=521,Eyezen Start Lineis,https://si.france-optique.com/img/gravures/nasal/web_1639-eyezen74.tif.jpg,1.74,ORG,Fournisseur : ESSILOR FR ...,2025-06-13 13:24:39.940000
1932,https://www.france-optique.com/gravures/fournisseur=1838,"UNITEK Accommoda 1,67 + UNITEK Accommoda IP 1,67 + Transitions",A67,1.67,ORG,MONT-ROYAL,2025-06-13 13:24:40.036666
1933,https://www.france-optique.com/gravures/fournisseur=1838,"UNITEK Accommoda 1,74",A74,1.74,ORG,MONT-ROYAL,2025-06-13 13:24:40.090000
1934,https://www.france-optique.com/gravures/fournisseur=1838,OPTIMAL 1.50 & OPTIMAL IP 1.50 + Transitions,https://si.france-optique.com/img/gravures/nasal/web_832-nas-mont-royal-27.tif.jpg,1.5,ORG,MONT-ROYAL,2025-06-13 13:24:40.190000
1935,https://www.france-optique.com/gravures/fournisseur=1838,OPTIMAL 1.60 & OPTIMAL IP 1.60 + Transitions,https://si.france-optique.com/img/gravures/nasal/web_832-nas-mont-royal-27.tif.jpg,1.6,ORG,MONT-ROYAL,2025-06-13 13:24:40.293333
1936,https://www.france-optique.com/gravures/fournisseur=1838,OPTIMAL 1.67 & OPTIMAL IP 1.67 + Transitions,https://si.france-optique.com/img/gravures/nasal/web_832-nas-mont-royal-27.tif.jpg,1.67,ORG,MONT-ROYAL,2025-06-13 13:24:40.380000
1937,https://www.france-optique.com/gravures/fournisseur=1838,OPTIMAL 1.74,https://si.france-optique.com/img/gravures/nasal/web_832-nas-mont-royal-27.tif.jpg,1.74,ORG,MONT-ROYAL,2025-06-13 13:24:40.473333
1938,https://www.france-optique.com/gravures/fournisseur=1838,NATURAL TEK 1.50 + NATURAL TEK IP 1.50 + Transitions,NT,1.5,ORG,MONT-ROYAL,2025-06-13 13:24:40.526666
1939,https://www.france-optique.com/gravures/fournisseur=1838,NATURAL TEK 1.60 + NATURAL TEK IP 1.60 + Transitions,NT,1.6,ORG,MONT-ROYAL,2025-06-13 13:24:40.576666
1940,https://www.france-optique.com/gravures/fournisseur=1838,NATURAL TEK 1.67 + NATURAL TEK IP 1.67 + Transitions,NT,1.67,ORG,MONT-ROYAL,2025-06-13 13:24:40.626666
1941,https://www.france-optique.com/gravures/fournisseur=1838,NATURAL TEK  1.74,NT,1.74,ORG,MONT-ROYAL,2025-06-13 13:24:40.676666
1942,https://www.france-optique.com/gravures/fournisseur=1838,"LUCEA TEK 1,5 & LUCEA TEK IP 1,5 + Transitions",LT5,1.5,ORG,MONT-ROYAL,2025-06-13 13:24:40.726666
1943,https://www.france-optique.com/gravures/fournisseur=1838,"LUCEA TEK 1,6 & LUCEA TEK IP 1,6 + Transitions",LT6,1.6,ORG,MONT-ROYAL,2025-06-13 13:24:40.780000
1944,https://www.france-optique.com/gravures/fournisseur=1838,"LUCEA TEK 1,67 & LUCEA TEK IP 1,67 + Transitions",LT67,1.67,ORG,MONT-ROYAL,2025-06-13 13:24:40.830000
1945,https://www.france-optique.com/gravures/fournisseur=1838,"LUCEA TEK 1,74",LT74,1.74,ORG,MONT-ROYAL,2025-06-13 13:24:40.883333
1946,https://www.france-optique.com/gravures/fournisseur=1838,"LUCEA TEK short 1,5 & LUCEA TEK short IP 1,5 + Transitions",LT5   S,1.5,ORG,MONT-ROYAL,2025-06-13 13:24:40.936666
1947,https://www.france-optique.com/gravures/fournisseur=1838,"LUCEA TEK short 1,6 & LUCEA TEK short IP 1,6 + Transitions",LT6   S,1.6,ORG,MONT-ROYAL,2025-06-13 13:24:40.990000
1948,https://www.france-optique.com/gravures/fournisseur=1838,"LUCEA TEK short 1,67 & LUCEA TEK short IP 1,67 + Transitions",LT67   S,1.67,ORG,MONT-ROYAL,2025-06-13 13:24:41.040000
1949,https://www.france-optique.com/gravures/fournisseur=1838,"LUCEA TEK short 1,74 & LUCEA TEK short IP 1,74 + Transitions",LT74   S,1.74,ORG,MONT-ROYAL,2025-06-13 13:24:41.090000
1950,https://www.france-optique.com/gravures/fournisseur=2397,"Autograph Intouch UX 15 & 18 1,5 Transitions®",IUX15 / IUX18  TR,1.5,ORG,SHAMIR FRANCE,2025-06-13 13:24:41.143333
1951,https://www.france-optique.com/gravures/fournisseur=2397,"Autograph Intouch UX 15 & 18 1,5 Polarisant",IUX15 / IUX18  PZ,1.5,ORG,SHAMIR FRANCE,2025-06-13 13:24:41.193333
1952,https://www.france-optique.com/gravures/fournisseur=2397,Autograph Intouch UX 15 & 18  Poly,IUX15 / IUX18  PC,1.59,POLY,SHAMIR FRANCE,2025-06-13 13:24:41.246666
1953,https://www.france-optique.com/gravures/fournisseur=2397,Autograph Intouch UX 15 & 18  Poly Polarisant,IUX15 / IUX18  PPZ,1.59,POLY,SHAMIR FRANCE,2025-06-13 13:24:41.300000
1954,https://www.france-optique.com/gravures/fournisseur=2397,"Autograph Intouch UX 15 & 18 1,6 (MR8)",IUX15 / IUX18  16,1.6,ORG,SHAMIR FRANCE,2025-06-13 13:24:41.350000
1955,https://www.france-optique.com/gravures/fournisseur=2397,"Autograph Intouch UX 15 & 18 1,6 (MR8) Blue Zero",IUX15 / IUX18  BZ6,1.6,ORG,SHAMIR FRANCE,2025-06-13 13:24:41.403333
1956,https://www.france-optique.com/gravures/fournisseur=2397,"Autograph Intouch UX 15 & 18 1,6 (MR8) Transitions®",IUX15 / IUX18  T6,1.6,ORG,SHAMIR FRANCE,2025-06-13 13:24:41.456666
1957,https://www.france-optique.com/gravures/fournisseur=2397,"Autograph Intouch UX 15 & 18 1,6 (MR8) Polarisant",IUX15 / IUX18  PZ6,1.6,ORG,SHAMIR FRANCE,2025-06-13 13:24:41.510000
1958,https://www.france-optique.com/gravures/fournisseur=2397,"Autograph Intouch UX 15 & 18 1,67 (MR10)",IUX15 / IUX18  67,1.67,ORG,SHAMIR FRANCE,2025-06-13 13:24:41.563333
1959,https://www.france-optique.com/gravures/fournisseur=2397,"Autograph Intouch UX 15 & 18 1,67 (MR10) Blue Zero",IUX15 / IUX18  BZ67,1.67,ORG,SHAMIR FRANCE,2025-06-13 13:24:41.620000
1960,https://www.france-optique.com/gravures/fournisseur=2397,"Autograph Intouch UX 15 & 18 1,67 (MR10) Transitions®",IUX15 / IUX18  T67,1.67,ORG,SHAMIR FRANCE,2025-06-13 13:24:41.670000
1961,https://www.france-optique.com/gravures/fournisseur=2397,"Autograph Intouch UX 15 & 18 1,74",IUX15 / IUX18  74,1.74,ORG,SHAMIR FRANCE,2025-06-13 13:24:41.723333
1962,https://www.france-optique.com/gravures/fournisseur=521,Eyezen Start FIT Lineis,https://si.france-optique.com/img/gravures/nasal/web_1639-eyezen74.tif.jpg,1.74,ORG,Fournisseur : ESSILOR FR ...,2025-06-13 13:24:41.826666
1963,https://www.france-optique.com/gravures/fournisseur=521,Eyezen Start FIT Lineis Eye Protect System et Lineis Transitions,https://si.france-optique.com/img/gravures/nasal/web_1639-eyezen74.tif.jpg,1.74,ORG,Fournisseur : ESSILOR FR ...,2025-06-13 13:24:41.923333
1964,https://www.france-optique.com/gravures/fournisseur=521,Eyezen Start Lineis Eye Protect System et Lineis Transitions,https://si.france-optique.com/img/gravures/nasal/web_1639-eyezen74.tif.jpg,1.74,ORG,Fournisseur : ESSILOR FR ...,2025-06-13 13:24:42.016666
1965,https://www.france-optique.com/gravures/fournisseur=521,Varilux Comfort 3.0 Orma et Orma Transitions,https://si.france-optique.com/img/gravures/nasal/web_2029-661-nas-essilor-49.tif.jpg,1.5,ORG,Fournisseur : ESSILOR FR ...,2025-06-13 13:24:42.146666
1966,https://www.france-optique.com/gravures/fournisseur=521,Varilux Comfort 3.0 Airwear et Airwear Transitions,https://si.france-optique.com/img/gravures/nasal/web_660-nas-essilor-48.tif.jpg,1.59,ORG,Fournisseur : ESSILOR FR ...,2025-06-13 13:24:42.260000
1967,https://www.france-optique.com/gravures/fournisseur=521,Varilux Comfort 3.0 Ormix et Ormix Transitions,https://si.france-optique.com/img/gravures/nasal/web_659-nas-essilor-47.tif.jpg,1.6,ORG,Fournisseur : ESSILOR FR ...,2025-06-13 13:24:42.396666
1968,https://www.france-optique.com/gravures/fournisseur=521,Varilux Comfort 3.0 Stylis et Stylis Transitions,https://si.france-optique.com/img/gravures/nasal/web_662-nas-essilor-50.tif.jpg,1.67,ORG,Fournisseur : ESSILOR FR ...,2025-06-13 13:24:42.523333
1969,https://www.france-optique.com/gravures/fournisseur=521,Varilux Comfort 3.0 Short Orma et Orma Transitions,https://si.france-optique.com/img/gravures/nasal/web_2029-661-nas-essilor-49.tif.jpg,1.5,ORG,Fournisseur : ESSILOR FR ...,2025-06-13 13:24:42.643333
1970,https://www.france-optique.com/gravures/fournisseur=521,Varilux Comfort 3.0 Short Airwear et Airwear Transitions,https://si.france-optique.com/img/gravures/nasal/web_660-nas-essilor-48.tif.jpg,1.59,ORG,Fournisseur : ESSILOR FR ...,2025-06-13 13:24:42.746666
1971,https://www.france-optique.com/gravures/fournisseur=521,Varilux Comfort 3.0 Short Ormix et Ormix Transitions,https://si.france-optique.com/img/gravures/nasal/web_659-nas-essilor-47.tif.jpg,1.6,ORG,Fournisseur : ESSILOR FR ...,2025-06-13 13:24:42.853333
1972,https://www.france-optique.com/gravures/fournisseur=521,Varilux Comfort 3.0 Short Stylis et Stylis Transitions,https://si.france-optique.com/img/gravures/nasal/web_662-nas-essilor-50.tif.jpg,1.67,ORG,Fournisseur : ESSILOR FR ...,2025-06-13 13:24:42.963333
1973,https://www.france-optique.com/gravures/fournisseur=521,Varilux Comfort 3.0 FIT Orma et Orma Transitions,https://si.france-optique.com/img/gravures/nasal/web_2029-661-nas-essilor-49.tif.jpg,1.5,ORG,Fournisseur : ESSILOR FR ...,2025-06-13 13:24:43.080000
1974,https://www.france-optique.com/gravures/fournisseur=521,Varilux Comfort 3.0 FIT Airwear et Airwear Transitions,https://si.france-optique.com/img/gravures/nasal/web_660-nas-essilor-48.tif.jpg,1.59,ORG,Fournisseur : ESSILOR FR ...,2025-06-13 13:24:43.203333
1975,https://www.france-optique.com/gravures/fournisseur=521,Varilux Comfort 3.0 FIT Ormix et Ormix Transitions,https://si.france-optique.com/img/gravures/nasal/web_659-nas-essilor-47.tif.jpg,1.6,ORG,Fournisseur : ESSILOR FR ...,2025-06-13 13:24:43.310000
1976,https://www.france-optique.com/gravures/fournisseur=521,Varilux Comfort 3.0 FIT Stylis et Stylis Transitions,https://si.france-optique.com/img/gravures/nasal/web_662-nas-essilor-50.tif.jpg,1.67,ORG,Fournisseur : ESSILOR FR ...,2025-06-13 13:24:43.406666
1977,https://www.france-optique.com/gravures/fournisseur=521,Varilux Liberty 3.0 Orma et Orma Transitions,https://si.france-optique.com/img/gravures/nasal/web_1648-Liberty-5.tif.jpg,1.5,ORG,Fournisseur : ESSILOR FR ...,2025-06-13 13:24:43.500000
1978,https://www.france-optique.com/gravures/fournisseur=521,Varilux Liberty 3.0 Airwear et Airwear Transitions,https://si.france-optique.com/img/gravures/nasal/web_1650-Liberty-P.tif.jpg,1.59,ORG,Fournisseur : ESSILOR FR ...,2025-06-13 13:24:43.596666
1979,https://www.france-optique.com/gravures/fournisseur=521,Varilux Liberty 3.0 Ormix et Ormix Transitions,https://si.france-optique.com/img/gravures/nasal/web_1649-Liberty-6.tif.jpg,1.6,ORG,Fournisseur : ESSILOR FR ...,2025-06-13 13:24:43.716666
1980,https://www.france-optique.com/gravures/fournisseur=521,Varilux Liberty 3.0 Stylis et Stylis Transitions,https://si.france-optique.com/img/gravures/nasal/web_1651-Liberty-Pi.tif.jpg,1.67,ORG,Fournisseur : ESSILOR FR ...,2025-06-13 13:24:43.823333
1981,https://www.france-optique.com/gravures/fournisseur=521,Varilux Liberty 3.0 Short Orma et Orma Transitions,https://si.france-optique.com/img/gravures/nasal/web_1648-Liberty-5.tif.jpg,1.5,ORG,Fournisseur : ESSILOR FR ...,2025-06-13 13:24:43.933333
1982,https://www.france-optique.com/gravures/fournisseur=521,Varilux Liberty 3.0 Short Airwear et Airwear Transitions,https://si.france-optique.com/img/gravures/nasal/web_1650-Liberty-P.tif.jpg,1.59,ORG,Fournisseur : ESSILOR FR ...,2025-06-13 13:24:44.030000
1983,https://www.france-optique.com/gravures/fournisseur=521,Varilux Liberty 3.0 Short Ormix et Ormix Transitions,https://si.france-optique.com/img/gravures/nasal/web_1649-Liberty-6.tif.jpg,1.6,ORG,Fournisseur : ESSILOR FR ...,2025-06-13 13:24:44.126666
1984,https://www.france-optique.com/gravures/fournisseur=521,Varilux Liberty 3.0 Short Stylis et Stylis Transitions,https://si.france-optique.com/img/gravures/nasal/web_1651-Liberty-Pi.tif.jpg,1.67,ORG,Fournisseur : ESSILOR FR ...,2025-06-13 13:24:44.243333
1985,https://www.france-optique.com/gravures/fournisseur=521,Varilux Liberty 3.0 FIT Orma et Orma Transitions,https://si.france-optique.com/img/gravures/nasal/web_1648-Liberty-5.tif.jpg,1.5,ORG,Fournisseur : ESSILOR FR ...,2025-06-13 13:24:44.336666
1986,https://www.france-optique.com/gravures/fournisseur=521,Varilux Liberty 3.0 FIT Airwear et Airwear Transitions,https://si.france-optique.com/img/gravures/nasal/web_1650-Liberty-P.tif.jpg,1.59,ORG,Fournisseur : ESSILOR FR ...,2025-06-13 13:24:44.440000
1987,https://www.france-optique.com/gravures/fournisseur=521,Varilux Liberty 3.0 FIT Ormix et Ormix Transitions,https://si.france-optique.com/img/gravures/nasal/web_1649-Liberty-6.tif.jpg,1.6,ORG,Fournisseur : ESSILOR FR ...,2025-06-13 13:24:44.560000
1988,https://www.france-optique.com/gravures/fournisseur=521,Varilux Liberty 3.0 FIT Stylis et Stylis Transitions,https://si.france-optique.com/img/gravures/nasal/web_1651-Liberty-Pi.tif.jpg,1.67,ORG,Fournisseur : ESSILOR FR ...,2025-06-13 13:24:44.650000
1989,https://www.france-optique.com/gravures/fournisseur=521,Varilux Liberty 3.0 Short Eye Protect System Orma,https://si.france-optique.com/img/gravures/nasal/web_1648-Liberty-5.tif.jpg,1.5,ORG,Fournisseur : ESSILOR FR ...,2025-06-13 13:24:44.760000
1990,https://www.france-optique.com/gravures/fournisseur=521,Varilux Liberty 3.0 Short Eye Protect System Airwear,https://si.france-optique.com/img/gravures/nasal/web_1650-Liberty-P.tif.jpg,1.59,ORG,Fournisseur : ESSILOR FR ...,2025-06-13 13:24:44.883333
1991,https://www.france-optique.com/gravures/fournisseur=2217,Kéolys 1.67 BLUE/KUT SE,Ky 167 BK,1.67,ORG,K OPTICAL,2025-06-13 13:24:44.940000
1992,https://www.france-optique.com/gravures/fournisseur=2217,Kléra Sport 1.5 Kromatic BLUE/KUT SE Brun et Gris,"KSP
1.50 KB",1.5,ORG PHO,K OPTICAL,2025-06-13 13:24:44.996666
1993,https://www.france-optique.com/gravures/fournisseur=2217,K Desk 1.67 BLUE/KUT SE,D 1.67 BK,1.67,ORG,K OPTICAL,2025-06-13 13:24:45.046666
1994,https://www.france-optique.com/gravures/fournisseur=2217,Klassika 1.74,"KK 
1.74",1.74,ORG,K OPTICAL,2025-06-13 13:24:45.096666
1995,https://www.france-optique.com/gravures/fournisseur=2217,K Office 1.67 BLUE/KUT SE,O 1.67 BK,1.67,ORG,K OPTICAL,2025-06-13 13:24:45.150000
1996,https://www.france-optique.com/gravures/fournisseur=2217,K Room 1.67 BLUE/KUT SE,R 1.67 BK,1.67,ORG,K OPTICAL,2025-06-13 13:24:45.206666
1997,https://www.france-optique.com/gravures/fournisseur=2217,K Platinium Trivex Transitions Xtractive Gris,K+ 1.53 XT,1.53,TVX TRANS,K OPTICAL,2025-06-13 13:24:45.260000
1998,https://www.france-optique.com/gravures/fournisseur=2217,Kléra Plus Evo 1.5,K+ 1.50,1.5,ORG,K OPTICAL,2025-06-13 13:24:45.313333
1999,https://www.france-optique.com/gravures/fournisseur=2217,Kléra Plus Evo Polycarbonate,K+ PC,1.59,POLY,K OPTICAL,2025-06-13 13:24:45.370000
2000,https://www.france-optique.com/gravures/fournisseur=2217,"Kléra 1.6 Transitions 8 Brun, Gris et Vert",K 1.60 T8,1.6,ORG TRANS,K OPTICAL,2025-06-13 13:24:45.423333
2001,https://www.france-optique.com/gravures/fournisseur=2217,Kéolys 1.67 Kromatic Brun et Gris,Ky 167 K,1.67,ORG PHO.,K OPTICAL,2025-06-13 13:24:45.470000
2002,https://www.france-optique.com/gravures/fournisseur=2217,K Desk 1.67 Kromatic Brun et Gris,D 1.67 K,1.67,ORG PHO.,K OPTICAL,2025-06-13 13:24:45.520000
2003,https://www.france-optique.com/gravures/fournisseur=2217,Klassika 1.74 BLUE/KUT SE,"KK 
1.74 BK",1.74,ORG,K OPTICAL,2025-06-13 13:24:45.573333
2004,https://www.france-optique.com/gravures/fournisseur=2217,K Office 1.67 Kromatic Brun et Gris,O 1.67 K,1.67,ORG PHO.,K OPTICAL,2025-06-13 13:24:45.626666
2005,https://www.france-optique.com/gravures/fournisseur=2217,K Room 1.67 Kromatic Brun et Gris,R 1.67 K,1.67,ORG PHO,K OPTICAL,2025-06-13 13:24:45.680000
2006,https://www.france-optique.com/gravures/fournisseur=2217,Kléra 1.6 Transitions 8 Style,"K
1.60 TS",1.6,ORG TRANS,K OPTICAL,2025-06-13 13:24:45.733333
2007,https://www.france-optique.com/gravures/fournisseur=2217,K Office 1.67 Kromatic BLUE/KUT SE Brun et Gris,"O 
1.67 KB",1.67,ORG PHO,K OPTICAL,2025-06-13 13:24:45.783333
2008,https://www.france-optique.com/gravures/fournisseur=2217,K Room 1.67 Kromatic BLUE/KUT SE Brun et Gris,"R 
1.67 KB",1.67,ORG PHO,K OPTICAL,2025-06-13 13:24:45.836666
2009,https://www.france-optique.com/gravures/fournisseur=2217,K Desk 1.67 Kromatic BLUE/KUT SE Brun et Gris,"D
1.67 KB",1.67,ORG PHO,K OPTICAL,2025-06-13 13:24:45.886666
2010,https://www.france-optique.com/gravures/fournisseur=2217,Kléra Plus Evo 1.5 BLUE/KUT SE,K+ 1.50 BK,1.5,ORG,K OPTICAL,2025-06-13 13:24:45.936666
2011,https://www.france-optique.com/gravures/fournisseur=2217,Kléra Plus Evo Polycarbonate BLUE/KUT SE,K+ PC BK,1.59,POLY,K OPTICAL,2025-06-13 13:24:45.990000
2012,https://www.france-optique.com/gravures/fournisseur=2217,"Kéolys 1.67 Transitions 8 Brun, Gris et Vert",Ky 167 T8,1.67,ORG TRANS,K OPTICAL,2025-06-13 13:24:46.040000
2013,https://www.france-optique.com/gravures/fournisseur=2217,Kléra 1.6 Transitions Xtractive Brun et Gris,"K
1.60 XT",1.6,ORG TRANS,K OPTICAL,2025-06-13 13:24:46.096666
2014,https://www.france-optique.com/gravures/fournisseur=2217,K Sport Polycarbonate,KS PC,1.59,POLY,K OPTICAL,2025-06-13 13:24:46.150000
2015,https://www.france-optique.com/gravures/fournisseur=2217,Kléra Sport Polycarbonate BLUE/KUT SE,KSP PC BK,1.59,POLY,K OPTICAL,2025-06-13 13:24:46.200000
2016,https://www.france-optique.com/gravures/fournisseur=2217,K Proxim 1.5,,1.5,ORG,K OPTICAL,2025-06-13 13:24:46.263333
2017,https://www.france-optique.com/gravures/fournisseur=2217,Kléra Plus Evo 1.5 Kromatic Brun et Gris,K+ 1.50 K,1.5,ORG PHO.,K OPTICAL,2025-06-13 13:24:46.313333
2018,https://www.france-optique.com/gravures/fournisseur=2217,K Proxim Polycarbonate,,1.59,POLY,K OPTICAL,2025-06-13 13:24:46.373333
2019,https://www.france-optique.com/gravures/fournisseur=2217,Kéolys Min. 1.5,,1.5,MIN,K OPTICAL,2025-06-13 13:24:46.430000
2020,https://www.france-optique.com/gravures/fournisseur=2217,K Proxim 1.6,1.6,1.6,ORG,K OPTICAL,2025-06-13 13:24:46.483333
2069,https://www.france-optique.com/gravures/fournisseur=521,Varilux Liberty 3.0 Short Eye Protect System Ormix,https://si.france-optique.com/img/gravures/nasal/web_1649-Liberty-6.tif.jpg,1.6,ORG,Fournisseur : ESSILOR FR ...,2025-06-13 13:24:48.596666
2070,https://www.france-optique.com/gravures/fournisseur=521,Varilux Liberty 3.0 Short Eye Protect System Stylis,https://si.france-optique.com/img/gravures/nasal/web_1651-Liberty-Pi.tif.jpg,1.67,ORG,Fournisseur : ESSILOR FR ...,2025-06-13 13:24:48.703333
2071,https://www.france-optique.com/gravures/fournisseur=521,Varilux Liberty 3.0 FIT Eye Protect System Orma,https://si.france-optique.com/img/gravures/nasal/web_1648-Liberty-5.tif.jpg,1.5,ORG,Fournisseur : ESSILOR FR ...,2025-06-13 13:24:48.816666
2072,https://www.france-optique.com/gravures/fournisseur=521,Varilux Liberty 3.0 FIT Eye Protect System Airwear,https://si.france-optique.com/img/gravures/nasal/web_1650-Liberty-P.tif.jpg,1.59,ORG,Fournisseur : ESSILOR FR ...,2025-06-13 13:24:48.926666
2073,https://www.france-optique.com/gravures/fournisseur=521,Varilux Liberty 3.0 FIT Eye Protect System Ormix,https://si.france-optique.com/img/gravures/nasal/web_1649-Liberty-6.tif.jpg,1.6,ORG,Fournisseur : ESSILOR FR ...,2025-06-13 13:24:49.020000
2074,https://www.france-optique.com/gravures/fournisseur=521,Varilux Liberty 3.0 FIT Eye Protect System Stylis,https://si.france-optique.com/img/gravures/nasal/web_1651-Liberty-Pi.tif.jpg,1.67,ORG,Fournisseur : ESSILOR FR ...,2025-06-13 13:24:49.113333
2075,https://www.france-optique.com/gravures/fournisseur=521,Varilux Liberty 3.0 Eye Protect System Orma,https://si.france-optique.com/img/gravures/nasal/web_1648-Liberty-5.tif.jpg,1.5,ORG,Fournisseur : ESSILOR FR ...,2025-06-13 13:24:49.206666
2076,https://www.france-optique.com/gravures/fournisseur=521,Varilux Liberty 3.0 Eye Protect System Airwear,https://si.france-optique.com/img/gravures/nasal/web_1650-Liberty-P.tif.jpg,1.59,ORG,Fournisseur : ESSILOR FR ...,2025-06-13 13:24:49.416666
2077,https://www.france-optique.com/gravures/fournisseur=521,Varilux Liberty 3.0 Eye Protect System Ormix,https://si.france-optique.com/img/gravures/nasal/web_1649-Liberty-6.tif.jpg,1.6,ORG,Fournisseur : ESSILOR FR ...,2025-06-13 13:24:49.520000
2078,https://www.france-optique.com/gravures/fournisseur=521,Varilux Liberty 3.0 Eye Protect System Stylis,https://si.france-optique.com/img/gravures/nasal/web_1651-Liberty-Pi.tif.jpg,1.67,ORG,Fournisseur : ESSILOR FR ...,2025-06-13 13:24:49.620000
2079,https://www.france-optique.com/gravures/fournisseur=521,Varilux Comfort Max Orma et Orma Transitions,https://si.france-optique.com/img/gravures/nasal/web_1661-variluxcomfort.tif.jpg,1.5,ORG,Fournisseur : ESSILOR FR ...,2025-06-13 13:24:49.736666
2080,https://www.france-optique.com/gravures/fournisseur=521,Varilux Comfort Max Airwear et Airwear Transitions,https://si.france-optique.com/img/gravures/nasal/web_1544-variluxcomfortP.tif.jpg,1.59,ORG,Fournisseur : ESSILOR FR ...,2025-06-13 13:24:49.900000
2081,https://www.france-optique.com/gravures/fournisseur=521,Varilux Comfort Max Ormix et Ormix Transitions,https://si.france-optique.com/img/gravures/nasal/web_1542-variluxcomfort6.tif.jpg,1.6,ORG,Fournisseur : ESSILOR FR ...,2025-06-13 13:24:50.023333
2082,https://www.france-optique.com/gravures/fournisseur=521,Varilux Comfort Max Stylis et Stylis Transitions,https://si.france-optique.com/img/gravures/nasal/web_1543-variluxcomfort67.tif.jpg,1.67,ORG,Fournisseur : ESSILOR FR ...,2025-06-13 13:24:50.136666
2083,https://www.france-optique.com/gravures/fournisseur=521,Varilux Comfort Max Short Orma et Orma Transitions,https://si.france-optique.com/img/gravures/nasal/web_1661-variluxcomfort.tif.jpg,1.5,ORG,Fournisseur : ESSILOR FR ...,2025-06-13 13:24:50.243333
2084,https://www.france-optique.com/gravures/fournisseur=521,Varilux Comfort Max Short Airwear et Airwear Transitions,https://si.france-optique.com/img/gravures/nasal/web_1544-variluxcomfortP.tif.jpg,1.59,ORG,Fournisseur : ESSILOR FR ...,2025-06-13 13:24:50.380000
2085,https://www.france-optique.com/gravures/fournisseur=521,Varilux Comfort Max Short Ormix et Ormix Transitions,https://si.france-optique.com/img/gravures/nasal/web_1542-variluxcomfort6.tif.jpg,1.6,ORG,Fournisseur : ESSILOR FR ...,2025-06-13 13:24:50.506666
2086,https://www.france-optique.com/gravures/fournisseur=521,Varilux Comfort Max Short Stylis et Stylis Transitions,https://si.france-optique.com/img/gravures/nasal/web_1543-variluxcomfort67.tif.jpg,1.67,ORG,Fournisseur : ESSILOR FR ...,2025-06-13 13:24:50.643333
2087,https://www.france-optique.com/gravures/fournisseur=521,Varilux Comfort Max FIT Orma et Orma Transitions,https://si.france-optique.com/img/gravures/nasal/web_1661-variluxcomfort.tif.jpg,1.5,ORG,Fournisseur : ESSILOR FR ...,2025-06-13 13:24:50.753333
2088,https://www.france-optique.com/gravures/fournisseur=521,Varilux Comfort Max FIT Airwear et Airwear Transitions,https://si.france-optique.com/img/gravures/nasal/web_1544-variluxcomfortP.tif.jpg,1.59,ORG,Fournisseur : ESSILOR FR ...,2025-06-13 13:24:50.860000
2089,https://www.france-optique.com/gravures/fournisseur=521,Varilux Comfort Max FIT Ormix et Ormix Transitions,https://si.france-optique.com/img/gravures/nasal/web_1542-variluxcomfort6.tif.jpg,1.6,ORG,Fournisseur : ESSILOR FR ...,2025-06-13 13:24:50.980000
2090,https://www.france-optique.com/gravures/fournisseur=521,Varilux Comfort Max FIT Stylis et Stylis Transitions,https://si.france-optique.com/img/gravures/nasal/web_1543-variluxcomfort67.tif.jpg,1.67,ORG,Fournisseur : ESSILOR FR ...,2025-06-13 13:24:51.106666
2091,https://www.france-optique.com/gravures/fournisseur=521,Varilux Comfort Max FIT Eye Protect System Orma,https://si.france-optique.com/img/gravures/nasal/web_1661-variluxcomfort.tif.jpg,1.5,ORG,Fournisseur : ESSILOR FR ...,2025-06-13 13:24:51.236666
2092,https://www.france-optique.com/gravures/fournisseur=521,Varilux Comfort Max FIT Eye Protect System Stylis,https://si.france-optique.com/img/gravures/nasal/web_1543-variluxcomfort67.tif.jpg,1.67,ORG,Fournisseur : ESSILOR FR ...,2025-06-13 13:24:51.350000
2093,https://www.france-optique.com/gravures/fournisseur=521,Varilux Comfort Max Eye Protect System Ormix,https://si.france-optique.com/img/gravures/nasal/web_1542-variluxcomfort6.tif.jpg,1.6,ORG,Fournisseur : ESSILOR FR ...,2025-06-13 13:24:51.470000
2094,https://www.france-optique.com/gravures/fournisseur=521,Varilux E design Orma et Orma Transitions,https://si.france-optique.com/img/gravures/nasal/web_2034-627-nas-essilor-20.tif.jpg,1.5,ORG,Fournisseur : ESSILOR FR ...,2025-06-13 13:24:51.593333
2095,https://www.france-optique.com/gravures/fournisseur=521,Varilux E design Airwear et Airwear Transitions,https://si.france-optique.com/img/gravures/nasal/web_626-nas-essilor-19.tif.jpg,1.59,ORG,Fournisseur : ESSILOR FR ...,2025-06-13 13:24:51.716666
2096,https://www.france-optique.com/gravures/fournisseur=521,Varilux E design Ormix et Ormix Transitions,https://si.france-optique.com/img/gravures/nasal/web_625-nas-essilor-18.tif.jpg,1.6,ORG,Fournisseur : ESSILOR FR ...,2025-06-13 13:24:51.836666
2097,https://www.france-optique.com/gravures/fournisseur=521,Varilux E design Stylis et Stylis Transitions,https://si.france-optique.com/img/gravures/nasal/web_624-nas-essilor-17.tif.jpg,1.67,ORG,Fournisseur : ESSILOR FR ...,2025-06-13 13:24:51.960000
2098,https://www.france-optique.com/gravures/fournisseur=521,Varilux E design short Orma et Orma Transitions,https://si.france-optique.com/img/gravures/nasal/web_2034-627-nas-essilor-20.tif.jpg,1.5,ORG,Fournisseur : ESSILOR FR ...,2025-06-13 13:24:52.070000
2099,https://www.france-optique.com/gravures/fournisseur=521,Varilux E design short Airwear et Airwear Transitions,https://si.france-optique.com/img/gravures/nasal/web_626-nas-essilor-19.tif.jpg,1.59,ORG,Fournisseur : ESSILOR FR ...,2025-06-13 13:24:52.203333
2100,https://www.france-optique.com/gravures/fournisseur=521,Varilux E design short Ormix et Ormix Transitions,https://si.france-optique.com/img/gravures/nasal/web_625-nas-essilor-18.tif.jpg,1.6,ORG,Fournisseur : ESSILOR FR ...,2025-06-13 13:24:52.350000
2101,https://www.france-optique.com/gravures/fournisseur=521,Varilux E design short Stylis et Stylis Transitions,https://si.france-optique.com/img/gravures/nasal/web_624-nas-essilor-17.tif.jpg,1.67,ORG,Fournisseur : ESSILOR FR ...,2025-06-13 13:24:52.473333
2102,https://www.france-optique.com/gravures/fournisseur=521,Varilux E design Lineis et Lineis Transitions,https://si.france-optique.com/img/gravures/nasal/web_623-nas-essilor-16.tif.jpg,1.74,ORG,Fournisseur : ESSILOR FR ...,2025-06-13 13:24:52.610000
2103,https://www.france-optique.com/gravures/fournisseur=521,Varilux E design Short Lineis et Lineis Transitions,https://si.france-optique.com/img/gravures/nasal/web_623-nas-essilor-16.tif.jpg,1.74,ORG,Fournisseur : ESSILOR FR ...,2025-06-13 13:24:52.713333
2104,https://www.france-optique.com/gravures/fournisseur=521,Varilux E 2 Orma  et Orma Transitions,https://si.france-optique.com/img/gravures/nasal/web_2034-627-nas-essilor-20.tif.jpg,1.5,ORG,Fournisseur : ESSILOR FR ...,2025-06-13 13:24:52.833333
2105,https://www.france-optique.com/gravures/fournisseur=521,Varilux E 2 Airwear  et Airwear Transitions,https://si.france-optique.com/img/gravures/nasal/web_626-nas-essilor-19.tif.jpg,1.59,ORG,Fournisseur : ESSILOR FR ...,2025-06-13 13:24:52.963333
2106,https://www.france-optique.com/gravures/fournisseur=521,Varilux E 2 Ormix et Ormix Transitions,https://si.france-optique.com/img/gravures/nasal/web_625-nas-essilor-18.tif.jpg,1.6,ORG,Fournisseur : ESSILOR FR ...,2025-06-13 13:24:53.073333
2107,https://www.france-optique.com/gravures/fournisseur=521,Varilux E 2 Stylis et Stylis Transitions,https://si.france-optique.com/img/gravures/nasal/web_624-nas-essilor-17.tif.jpg,1.67,ORG,Fournisseur : ESSILOR FR ...,2025-06-13 13:24:53.206666
2108,https://www.france-optique.com/gravures/fournisseur=521,Varilux E 2 Lineis et Lineis Transitions,https://si.france-optique.com/img/gravures/nasal/web_623-nas-essilor-16.tif.jpg,1.74,ORG,Fournisseur : ESSILOR FR ...,2025-06-13 13:24:53.333333
2109,https://www.france-optique.com/gravures/fournisseur=521,Varilux Airwear SunMax,https://si.france-optique.com/img/gravures/nasal/web_1669-ep.tif.jpg,1.59,ORG,Fournisseur : ESSILOR FR ...,2025-06-13 13:24:53.450000
2110,https://www.france-optique.com/gravures/fournisseur=521,Varilux Physio 3.0 Orma  et Orma Transitions,https://si.france-optique.com/img/gravures/nasal/web_2036-640-nas-essilor-33.tif.jpg,1.5,ORG,Fournisseur : ESSILOR FR ...,2025-06-13 13:24:53.586666
2111,https://www.france-optique.com/gravures/fournisseur=2217,"K Desk 1.67 Transitions 8 Brun, Gris et Vert",D 1.67 T8,1.67,ORG TRANS,K OPTICAL,2025-06-13 13:24:53.643333
2112,https://www.france-optique.com/gravures/fournisseur=2217,K Proxim Min. 1.5,,1.5,MIN,K OPTICAL,2025-06-13 13:24:53.713333
2113,https://www.france-optique.com/gravures/fournisseur=2217,Kléra Plus Evo Polycarbonate Kromatic BLUE/KUT SE Brun et Gris,"K+
PC KB",1.59,POLY PHO,K OPTICAL,2025-06-13 13:24:53.780000
2114,https://www.france-optique.com/gravures/fournisseur=2217,"K Office 1.67 Transitions 8 Brun, Gris et Vert",O 1.67 T8,1.67,ORG TRANS,K OPTICAL,2025-06-13 13:24:53.840000
2115,https://www.france-optique.com/gravures/fournisseur=2217,"K Room 1.67 Transitions 8 Brun, Gris et Vert",R 1.67 T8,1.67,ORG TRANS,K OPTICAL,2025-06-13 13:24:53.890000
2116,https://www.france-optique.com/gravures/fournisseur=2217,K Platinium Polycarbonate,K+ PC,1.59,POLY,K OPTICAL,2025-06-13 13:24:53.946666
2117,https://www.france-optique.com/gravures/fournisseur=2217,K Sport Polycarbonate BLUE/KUT SE,KS PC BK,1.59,POLY,K OPTICAL,2025-06-13 13:24:54.003333
2118,https://www.france-optique.com/gravures/fournisseur=2217,Kléra Sport Polycarbonate,KSP PC,1.59,POLY,K OPTICAL,2025-06-13 13:24:54.060000
2119,https://www.france-optique.com/gravures/fournisseur=2217,"Kléra Plus Evo Polycarbonate Transitions 8 Brun, Gris et Vert",K+ PC T8,1.59,POLY TRANS,K OPTICAL,2025-06-13 13:24:54.116666
2120,https://www.france-optique.com/gravures/fournisseur=2217,Kléra 1.5,K 1.50,1.5,ORG,K OPTICAL,2025-06-13 13:24:54.173333
2121,https://www.france-optique.com/gravures/fournisseur=2217,Kléra 1.67,K 1.67,1.67,ORG,K OPTICAL,2025-06-13 13:24:54.226666
2122,https://www.france-optique.com/gravures/fournisseur=2217,Kéolys Min. 1.5 Photochromique Brun et Gris,,1.5,MIN PHO,K OPTICAL,2025-06-13 13:24:54.303333
2123,https://www.france-optique.com/gravures/fournisseur=2217,K Platinium Polycarbonate BLUE/KUT SE,K+ PC BK,1.59,POLY,K OPTICAL,2025-06-13 13:24:54.363333
2124,https://www.france-optique.com/gravures/fournisseur=2217,K Platinium Polycarbonate Kromatic BLUE/KUT SE Brun et Gris,"K+ 
PC KB",1.59,POLY PHO,K OPTICAL,2025-06-13 13:24:54.420000
2125,https://www.france-optique.com/gravures/fournisseur=2217,K Sport Polycarbonate Kromatic BLUE/KUT SE Brun et Gris,"KS 
PC KB",1.59,POLY PHO,K OPTICAL,2025-06-13 13:24:54.476666
2126,https://www.france-optique.com/gravures/fournisseur=2217,Kléra 1.5 BLUE/KUT SE,K 1.50 BK,1.5,ORG,K OPTICAL,2025-06-13 13:24:54.530000
2127,https://www.france-optique.com/gravures/fournisseur=2217,Kléra 1.67 BLUE/KUT SE,K 1.67 BK,1.67,ORG,K OPTICAL,2025-06-13 13:24:54.600000
2128,https://www.france-optique.com/gravures/fournisseur=2217,Kéolys Min. 1.6,H,1.6,MIN,K OPTICAL,2025-06-13 13:24:54.663333
2129,https://www.france-optique.com/gravures/fournisseur=2217,Kléra Sport Polycarbonate Kromatic BLUE/KUT SE Brun et Gris,"KSP
PC KB",1.59,POLY PHO,K OPTICAL,2025-06-13 13:24:54.720000
2130,https://www.france-optique.com/gravures/fournisseur=2217,Kléra Plus Evo Polycarbonate Transitions Style,"K+
PC TS",1.59,POLY TRANS,K OPTICAL,2025-06-13 13:24:54.780000
2131,https://www.france-optique.com/gravures/fournisseur=2217,"K Sport Polycarbonate Polarisant Brun, Gris et Gris-Vert",KS PC POL,1.59,POLY POLA,K OPTICAL,2025-06-13 13:24:54.833333
2132,https://www.france-optique.com/gravures/fournisseur=2217,"Kléra Sport Polycarbonate Polarisant Brun, Gris et Gris-Vert",KSP PC POL,1.59,POLY POLA.,K OPTICAL,2025-06-13 13:24:54.910000
2133,https://www.france-optique.com/gravures/fournisseur=2217,Kléra Plus Evo Polycarbonate Transitions Xtractive Gris,K+ PC XT,1.59,POLY TRANS,K OPTICAL,2025-06-13 13:24:54.970000
2134,https://www.france-optique.com/gravures/fournisseur=2217,Kléra 1.5 Kromatic Brun et Gris,K 1.50 K,1.5,ORG PHO.,K OPTICAL,2025-06-13 13:24:55.020000
2135,https://www.france-optique.com/gravures/fournisseur=2217,Kléra 1.67 Kromatic Brun et Gris,K 1.67 K,1.67,ORG PHO.,K OPTICAL,2025-06-13 13:24:55.073333
2136,https://www.france-optique.com/gravures/fournisseur=2217,Kéolys Min. 1.6 Photochromique Brun et Gris,H,1.6,MIN PHO,K OPTICAL,2025-06-13 13:24:55.136666
2137,https://www.france-optique.com/gravures/fournisseur=2217,"K Platinium Polycarbonate Polarisant Brun, Gris et Gris-Vert",K+ PC POL,1.59,POLY POLA,K OPTICAL,2025-06-13 13:24:55.193333
2138,https://www.france-optique.com/gravures/fournisseur=2217,Kléra 1.5 Kromatic BLUE/KUT SE Brun et Gris,K   1.50 KB,1.5,ORG PHO,K OPTICAL,2025-06-13 13:24:55.250000
2139,https://www.france-optique.com/gravures/fournisseur=2217,Kléra 1.67 Kromatic BLUE/KUT SE Brun et Gris,"K
1.67 KB",1.67,ORG PHO,K OPTICAL,2025-06-13 13:24:55.310000
2140,https://www.france-optique.com/gravures/fournisseur=2217,"K Sport Polycarbonate Transitions 8 Brun, Gris et Vert",KS PC T8,1.59,POLY TRANS,K OPTICAL,2025-06-13 13:24:55.366666
2141,https://www.france-optique.com/gravures/fournisseur=2217,"Kléra Sport Polycarbonate Transitions 8 Brun, Gris et Vert",KSP PC T8,1.59,POLY TRANS,K OPTICAL,2025-06-13 13:24:55.420000
2142,https://www.france-optique.com/gravures/fournisseur=2217,"Kléra Plus Evo Polycarbonate Polarisant Brun, Gris et Gris-Vert",K+ PC POL,1.59,POLY POLA.,K OPTICAL,2025-06-13 13:24:55.473333
2143,https://www.france-optique.com/gravures/fournisseur=2217,"K Platinium Polycarbonate Transitions 8 Brun, Gris et Vert",K+ PC T8,1.59,POLY TRANS,K OPTICAL,2025-06-13 13:24:55.526666
2144,https://www.france-optique.com/gravures/fournisseur=2217,K Platinium Polycarbonate Transitions 8 Style,"K+ 
PC TS",1.59,POLY TRANS,K OPTICAL,2025-06-13 13:24:55.583333
2145,https://www.france-optique.com/gravures/fournisseur=2217,K Sport Polycarbonate Transitions 8 Style,"KS 
PC TS",1.59,POLY TRANS,K OPTICAL,2025-06-13 13:24:55.650000
2146,https://www.france-optique.com/gravures/fournisseur=2217,Kléra Polycarbonate,K PC,1.59,POLY,K OPTICAL,2025-06-13 13:24:55.706666
2147,https://www.france-optique.com/gravures/fournisseur=2217,"Kléra 1.67 Transitions 8 Brun, Gris et Vert",K 1.67 T8,1.67,ORG TRANS,K OPTICAL,2025-06-13 13:24:55.760000
2148,https://www.france-optique.com/gravures/fournisseur=2217,Kéolys Min. 1.8,H8,1.8,MIN,K OPTICAL,2025-06-13 13:24:55.813333
2149,https://www.france-optique.com/gravures/fournisseur=2217,Kléra Sport Polycarbonate Transitions Style,"KSP 
PC TS",1.59,POLY TRANS,K OPTICAL,2025-06-13 13:24:55.870000
2150,https://www.france-optique.com/gravures/fournisseur=2217,Kléra 1.67 Transitions 8 Style,"K
1.67 TS",1.67,ORG TRANS,K OPTICAL,2025-06-13 13:24:55.930000
2151,https://www.france-optique.com/gravures/fournisseur=2217,K Sport Polycarbonate Transitions Xtractive Gris,KS PC XT,1.59,POLY TRANS,K OPTICAL,2025-06-13 13:24:55.980000
2152,https://www.france-optique.com/gravures/fournisseur=2217,Kléra Sport Polycarbonate Transitions Xtractive Gris,KSP PC XT,1.59,POLY TRANS,K OPTICAL,2025-06-13 13:24:56.033333
2153,https://www.france-optique.com/gravures/fournisseur=2217,Kléra Polycarbonate BLUE/KUT SE,K PC BK,1.59,POLY,K OPTICAL,2025-06-13 13:24:56.086666
2154,https://www.france-optique.com/gravures/fournisseur=2217,Kléra Drive 1.5 BLUE/KUT SE,"KDV
1.50 BK",1.5,ORG,K OPTICAL,2025-06-13 13:24:56.140000
2155,https://www.france-optique.com/gravures/fournisseur=2217,Kléra Drive 1.5 Transitions Xtractive Brun et Gris,"KDV
1.50 XT",1.5,ORG TRANS,K OPTICAL,2025-06-13 13:24:56.203333
2156,https://www.france-optique.com/gravures/fournisseur=2217,Kléra Drive 1.6 BLUE/KUT SE,"KDV
1.60 BK",1.6,ORG,K OPTICAL,2025-06-13 13:24:56.270000
2157,https://www.france-optique.com/gravures/fournisseur=2217,Kléra Drive 1.6 Transitions Xtractive Brun et Gris,"KDV
1.60 XT",1.6,ORG TRANS,K OPTICAL,2025-06-13 13:24:56.320000
2158,https://www.france-optique.com/gravures/fournisseur=561,Progressif Forte Puissance VON,https://si.france-optique.com/img/gravures/nasal/web_1924-1226-NK PROGRESSIF 15 Forte Puissance Nasal.tif.jpg,1.5,ORG,NIKON VERRES OPTIQUES,2025-06-13 13:24:56.450000
2163,https://www.france-optique.com/gravures/fournisseur=2414,synchrony progressif Easy View 1.6,,1.6,ORG,ZEISS VISION CARE FRANCE,2025-06-13 13:24:56.640000
2196,https://www.france-optique.com/gravures/fournisseur=561,Presio Touch 15,T N15,1.5,ORG,NIKON VERRES OPTIQUES,2025-06-13 13:24:57.483333
2197,https://www.france-optique.com/gravures/fournisseur=561,Progressif Forte Puissance VON,https://si.france-optique.com/img/gravures/nasal/web_1926-PROGRESSIF167FortePuissanceNasal.tif.jpg,1.67,ORG,NIKON VERRES OPTIQUES,2025-06-13 13:24:57.606666
2198,https://www.france-optique.com/gravures/fournisseur=561,Progressif Forte Puissance VON,https://si.france-optique.com/img/gravures/nasal/web_1925-1227-NK PROGRESSIF 174 Forte Puissance Nasal.tif.jpg,1.74,ORG,NIKON VERRES OPTIQUES,2025-06-13 13:24:57.710000
2199,https://www.france-optique.com/gravures/fournisseur=561,Presio Touch 15,T N35,1.6,ORG,NIKON VERRES OPTIQUES,2025-06-13 13:24:57.760000
2200,https://www.france-optique.com/gravures/fournisseur=561,Presio Touch 15,T N45,1.67,ORG,NIKON VERRES OPTIQUES,2025-06-13 13:24:57.813333
2201,https://www.france-optique.com/gravures/fournisseur=561,Presio i Focus 13/15,F N13/N15,1.5,ORG,NIKON VERRES OPTIQUES,2025-06-13 13:24:57.870000
2202,https://www.france-optique.com/gravures/fournisseur=561,Presio i Focus 13/15,F N33/N35,1.6,ORG,NIKON VERRES OPTIQUES,2025-06-13 13:24:57.923333
2203,https://www.france-optique.com/gravures/fournisseur=561,Presio i Focus 13/15,F N43/N45,1.67,ORG,NIKON VERRES OPTIQUES,2025-06-13 13:24:57.980000
2204,https://www.france-optique.com/gravures/fournisseur=561,Presio Clear 13/15,C N13/N15,1.5,ORG,NIKON VERRES OPTIQUES,2025-06-13 13:24:58.036666
2205,https://www.france-optique.com/gravures/fournisseur=561,Presio Clear 13/15,C N33/N35,1.6,ORG,NIKON VERRES OPTIQUES,2025-06-13 13:24:58.096666
2206,https://www.france-optique.com/gravures/fournisseur=561,Presio Clear 13/15,C N43/N45,1.67,ORG,NIKON VERRES OPTIQUES,2025-06-13 13:24:58.150000
2207,https://www.france-optique.com/gravures/fournisseur=561,Presio Clear 13/15,C N53/N55,1.74,ORG,NIKON VERRES OPTIQUES,2025-06-13 13:24:58.206666
2208,https://www.france-optique.com/gravures/fournisseur=561,Presio Definition 12/14,D N12/N14,1.5,ORG,NIKON VERRES OPTIQUES,2025-06-13 13:24:58.266666
2209,https://www.france-optique.com/gravures/fournisseur=561,Presio Definition 12/14,D N32/N34,1.6,ORG,NIKON VERRES OPTIQUES,2025-06-13 13:24:58.333333
2210,https://www.france-optique.com/gravures/fournisseur=561,Presio Definition 12/14,D N42/N44,1.67,ORG,NIKON VERRES OPTIQUES,2025-06-13 13:24:58.386666
2211,https://www.france-optique.com/gravures/fournisseur=561,Presio Definition 12/14,D N52/N54,1.74,ORG,NIKON VERRES OPTIQUES,2025-06-13 13:24:58.440000
2212,https://www.france-optique.com/gravures/fournisseur=561,Presio Balance Z 12/14,https://si.france-optique.com/img/gravures/nasal/web_2008-nas-nikon-BalanceZ1214.tif.jpg,1.5,ORG,NIKON VERRES OPTIQUES,2025-06-13 13:24:58.590000
2213,https://www.france-optique.com/gravures/fournisseur=561,Presio Balance Z 12/14,https://si.france-optique.com/img/gravures/nasal/web_2009-nas-nikon-BalanceZ3234.tif.jpg,1.6,ORG,NIKON VERRES OPTIQUES,2025-06-13 13:24:58.710000
2214,https://www.france-optique.com/gravures/fournisseur=561,Presio Balance Z 12/14,https://si.france-optique.com/img/gravures/nasal/web_2010-nas-nikon-BalanceZ4244.tif.jpg,1.67,ORG,NIKON VERRES OPTIQUES,2025-06-13 13:24:58.836666
2215,https://www.france-optique.com/gravures/fournisseur=561,Presio Balance Z 12/14,https://si.france-optique.com/img/gravures/nasal/web_2011-nas-nikon-BalanceZ5254.tif.jpg,1.74,ORG,NIKON VERRES OPTIQUES,2025-06-13 13:24:58.990000
2216,https://www.france-optique.com/gravures/fournisseur=561,Presio Power Z 12/14,https://si.france-optique.com/img/gravures/nasal/web_1881-PZ-1214.tif.jpg,1.5,ORG,NIKON VERRES OPTIQUES,2025-06-13 13:24:59.100000
2217,https://www.france-optique.com/gravures/fournisseur=561,Presio Power Z 12/14,https://si.france-optique.com/img/gravures/nasal/web_1882-PZ-3234.tif.jpg,1.6,ORG,NIKON VERRES OPTIQUES,2025-06-13 13:24:59.226666
2218,https://www.france-optique.com/gravures/fournisseur=561,Presio Power Z 12/14,https://si.france-optique.com/img/gravures/nasal/web_1883-PZ-4244.tif.jpg,1.67,ORG,NIKON VERRES OPTIQUES,2025-06-13 13:24:59.353333
2219,https://www.france-optique.com/gravures/fournisseur=561,Presio Power Z 12/14,https://si.france-optique.com/img/gravures/nasal/web_1884-PZ-5254.tif.jpg,1.74,ORG,NIKON VERRES OPTIQUES,2025-06-13 13:24:59.480000
2220,https://www.france-optique.com/gravures/fournisseur=561,Presio Master Z 12/14,https://si.france-optique.com/img/gravures/nasal/web_1969-MasterZinfinite-1412.tif.jpg,1.5,ORG,NIKON VERRES OPTIQUES,2025-06-13 13:24:59.606666
2221,https://www.france-optique.com/gravures/fournisseur=561,Presio Master Z 12/14,https://si.france-optique.com/img/gravures/nasal/web_1970-MasterZinfinite-3432.tif.jpg,1.6,ORG,NIKON VERRES OPTIQUES,2025-06-13 13:24:59.703333
2222,https://www.france-optique.com/gravures/fournisseur=561,Presio Master Z 12/14,https://si.france-optique.com/img/gravures/nasal/web_1971-MasterZinfinite-4442.tif.jpg,1.67,ORG,NIKON VERRES OPTIQUES,2025-06-13 13:24:59.810000
2223,https://www.france-optique.com/gravures/fournisseur=561,Presio Master Z 12/14,https://si.france-optique.com/img/gravures/nasal/web_1972-MasterZinfinite-5452.tif.jpg,1.74,ORG,NIKON VERRES OPTIQUES,2025-06-13 13:24:59.920000
2224,https://www.france-optique.com/gravures/fournisseur=561,SeeMax,,1.5,ORG,NIKON VERRES OPTIQUES,2025-06-13 13:24:59.986666
2225,https://www.france-optique.com/gravures/fournisseur=561,SeeMax,,1.6,ORG,NIKON VERRES OPTIQUES,2025-06-13 13:25:00.050000
2226,https://www.france-optique.com/gravures/fournisseur=561,SeeMax,,1.67,ORG,NIKON VERRES OPTIQUES,2025-06-13 13:25:00.110000
2227,https://www.france-optique.com/gravures/fournisseur=561,Myopsee,,1.6,ORG,NIKON VERRES OPTIQUES,2025-06-13 13:25:00.223333
2228,https://www.france-optique.com/gravures/fournisseur=561,Myopsee,,1.67,ORG,NIKON VERRES OPTIQUES,2025-06-13 13:25:00.290000
2229,https://www.france-optique.com/gravures/fournisseur=561,Myopsee,,1.74,ORG,NIKON VERRES OPTIQUES,2025-06-13 13:25:00.363333
2230,https://www.france-optique.com/gravures/fournisseur=561,RelaxSee Neo (1.00),,1.5,ORG,NIKON VERRES OPTIQUES,2025-06-13 13:25:00.433333
2231,https://www.france-optique.com/gravures/fournisseur=561,RelaxSee Neo (1.00),,1.6,ORG,NIKON VERRES OPTIQUES,2025-06-13 13:25:00.500000
2232,https://www.france-optique.com/gravures/fournisseur=561,RelaxSee Neo (1.00),,1.67,ORG,NIKON VERRES OPTIQUES,2025-06-13 13:25:00.566666
2233,https://www.france-optique.com/gravures/fournisseur=561,RelaxSee Neo (1.00),,1.74,ORG,NIKON VERRES OPTIQUES,2025-06-13 13:25:00.630000
2234,https://www.france-optique.com/gravures/fournisseur=561,RelaxSee Neo Lite (0.75),,1.5,ORG,NIKON VERRES OPTIQUES,2025-06-13 13:25:00.700000
2235,https://www.france-optique.com/gravures/fournisseur=561,RelaxSee Neo Lite (0.75),,1.6,ORG,NIKON VERRES OPTIQUES,2025-06-13 13:25:00.766666
2236,https://www.france-optique.com/gravures/fournisseur=561,RelaxSee Neo Lite (0.75),,1.67,ORG,NIKON VERRES OPTIQUES,2025-06-13 13:25:00.833333
2237,https://www.france-optique.com/gravures/fournisseur=561,RelaxSee Neo Lite (0.75),,1.74,ORG,NIKON VERRES OPTIQUES,2025-06-13 13:25:00.896666
2238,https://www.france-optique.com/gravures/fournisseur=561,RelaxSee Neo Air (0.50),,1.5,ORG,NIKON VERRES OPTIQUES,2025-06-13 13:25:00.970000
2239,https://www.france-optique.com/gravures/fournisseur=561,RelaxSee Neo Air (0.50),,1.6,ORG,NIKON VERRES OPTIQUES,2025-06-13 13:25:01.033333
2240,https://www.france-optique.com/gravures/fournisseur=561,RelaxSee Neo Air (0.50),,1.67,ORG,NIKON VERRES OPTIQUES,2025-06-13 13:25:01.096666
2241,https://www.france-optique.com/gravures/fournisseur=561,RelaxSee Neo Air (0.50),,1.74,ORG,NIKON VERRES OPTIQUES,2025-06-13 13:25:01.170000
2242,https://www.france-optique.com/gravures/fournisseur=561,"Soltes Wide 1.00, 1.50, 2.00 et 2.50",N1,1.5,ORG,NIKON VERRES OPTIQUES,2025-06-13 13:25:01.226666
2243,https://www.france-optique.com/gravures/fournisseur=2217,Kléra Drive 1.67 BLUE/KUT SE,"KDV
1.67 BK",1.67,ORG,K OPTICAL,2025-06-13 13:25:01.283333
2244,https://www.france-optique.com/gravures/fournisseur=2217,Kléra Drive 1.67 Transitions Xtractive Brun et Gris,"KDV
1.67 XT",1.67,ORG TRANS,K OPTICAL,2025-06-13 13:25:01.340000
2245,https://www.france-optique.com/gravures/fournisseur=2217,Kléra Drive 1.74 BLUE/KUT SE,"KDV
1.74 BK",1.74,ORG,K OPTICAL,2025-06-13 13:25:01.393333
2246,https://www.france-optique.com/gravures/fournisseur=2217,Kléra Drive Polycarbonate BLUE/KUT SE,"KDV
PC BK",1.59,POLY,K OPTICAL,2025-06-13 13:25:01.450000
2247,https://www.france-optique.com/gravures/fournisseur=2217,Kléra Drive Polycarbonate Transitions Xtractive Gris,"KDV
PC XT",1.59,POLY TRANS,K OPTICAL,2025-06-13 13:25:01.506666
2248,https://www.france-optique.com/gravures/fournisseur=2217,K Drive 1.5 BLUE/KUT SE,"KDV
1.50 BK",1.5,ORG,K OPTICAL,2025-06-13 13:25:01.563333
2249,https://www.france-optique.com/gravures/fournisseur=2217,K Drive 1.5 Transitions Xtractive Brun et Gris,"KDV
1.50 XT",1.5,ORG TRANS,K OPTICAL,2025-06-13 13:25:01.616666
2250,https://www.france-optique.com/gravures/fournisseur=2217,K Drive 1.6 BLUE/KUT SE,"KDV
1.60 BK",1.6,ORG,K OPTICAL,2025-06-13 13:25:01.660000
2251,https://www.france-optique.com/gravures/fournisseur=2217,K Drive 1.6 Transitions Xtractive Brun et Gris,"KDV
1.60 XT",1.6,ORG TRANS,K OPTICAL,2025-06-13 13:25:01.710000
2252,https://www.france-optique.com/gravures/fournisseur=2217,K Drive 1.67 BLUE/KUT SE,"KDV
1.67 BK",1.67,ORG,K OPTICAL,2025-06-13 13:25:01.763333
2253,https://www.france-optique.com/gravures/fournisseur=2217,K Drive 1.67 Transitions Xtractive Brun et Gris,"KDV
1.67 XT",1.67,ORG TRANS,K OPTICAL,2025-06-13 13:25:01.820000
2254,https://www.france-optique.com/gravures/fournisseur=2217,K Drive 1.74 BLUE/KUT SE,"KDV
1.74 BK",1.74,ORG,K OPTICAL,2025-06-13 13:25:01.880000
2255,https://www.france-optique.com/gravures/fournisseur=2217,K Drive Polycarbonate BLUE/KUT SE,"KDV
PC BK",1.59,POLY,K OPTICAL,2025-06-13 13:25:01.933333
2256,https://www.france-optique.com/gravures/fournisseur=2217,K Drive Polycarbonate Transitions Xtractive Gris,"KDV
PC XT",1.59,POLY TRANS,K OPTICAL,2025-06-13 13:25:01.990000
2257,https://www.france-optique.com/gravures/fournisseur=2217,PERSPECTIVE 1.5,P  1.50,1.5,ORG,K OPTICAL,2025-06-13 13:25:02.046666
2258,https://www.france-optique.com/gravures/fournisseur=2217,PERSPECTIVE 1.5 BLUE/KUT SE,P    1.50 BK,1.5,ORG,K OPTICAL,2025-06-13 13:25:02.103333
2259,https://www.france-optique.com/gravures/fournisseur=2217,PERSPECTIVE 1.5 Kromatic Brun et Gris,"P
1.50 K",1.5,ORG PHO,K OPTICAL,2025-06-13 13:25:02.160000
2260,https://www.france-optique.com/gravures/fournisseur=2217,PERSPECTIVE 1.5 Kromatic BLUEKUT SE Brun et Gris,"P
1.50 KB",1.5,ORG PHO,K OPTICAL,2025-06-13 13:25:02.216666
2261,https://www.france-optique.com/gravures/fournisseur=2217,"PERSPECTIVE 1.5 Polarisant Brun, Gris et Gris-Vert","P
1.50 POL",1.5,ORG POLA,K OPTICAL,2025-06-13 13:25:02.276666
2262,https://www.france-optique.com/gravures/fournisseur=2217,"PERSPECTIVE 1.5 Polarisant Dégradé Brun, Gris et Gris-Vert","P
1.50 POL",1.5,ORG POLA,K OPTICAL,2025-06-13 13:25:02.330000
2263,https://www.france-optique.com/gravures/fournisseur=2217,"PERSPECTIVE 1.5 Transitions 8 Brun, Gris et Vert","P
1.50 T8",1.5,ORG TRANS,K OPTICAL,2025-06-13 13:25:02.396666
2264,https://www.france-optique.com/gravures/fournisseur=2217,PERSPECTIVE 1.5 Transitions 8 Style,"P
1.50 TS",1.5,ORG TRANS,K OPTICAL,2025-06-13 13:25:02.456666
2265,https://www.france-optique.com/gravures/fournisseur=521,Varilux Physio 3.0 Airwear et Airwear Transitions,https://si.france-optique.com/img/gravures/nasal/web_639-nas-essilor-32.tif.jpg,1.59,ORG,Fournisseur : ESSILOR FR ...,2025-06-13 13:25:02.610000
2266,https://www.france-optique.com/gravures/fournisseur=521,Varilux Physio 3.0 Ormix et Ormix Transitions,https://si.france-optique.com/img/gravures/nasal/web_638-nas-essilor-31.tif.jpg,1.6,ORG,Fournisseur : ESSILOR FR ...,2025-06-13 13:25:02.740000
2267,https://www.france-optique.com/gravures/fournisseur=521,Varilux Physio 3.0 Stylis et Stylis Transitions,https://si.france-optique.com/img/gravures/nasal/web_637-nas-essilor-30.tif.jpg,1.67,ORG,Fournisseur : ESSILOR FR ...,2025-06-13 13:25:02.860000
2268,https://www.france-optique.com/gravures/fournisseur=521,Varilux Physio 3.0 Lineis et Lineis Transitions,https://si.france-optique.com/img/gravures/nasal/web_1540-nas-essilor-Physio74.tif.jpg,1.74,ORG,Fournisseur : ESSILOR FR ...,2025-06-13 13:25:02.990000
2269,https://www.france-optique.com/gravures/fournisseur=521,Varilux Physio 3.0 Short Orma  et Orma Transitions,https://si.france-optique.com/img/gravures/nasal/web_2036-640-nas-essilor-33.tif.jpg,1.5,ORG,Fournisseur : ESSILOR FR ...,2025-06-13 13:25:03.100000
2270,https://www.france-optique.com/gravures/fournisseur=521,Varilux Physio 3.0 Short Airwear et Airwear Transitions,https://si.france-optique.com/img/gravures/nasal/web_639-nas-essilor-32.tif.jpg,1.59,ORG,Fournisseur : ESSILOR FR ...,2025-06-13 13:25:03.206666
2271,https://www.france-optique.com/gravures/fournisseur=521,Varilux Physio 3.0 Short Ormix et Ormix Transitions,https://si.france-optique.com/img/gravures/nasal/web_638-nas-essilor-31.tif.jpg,1.6,ORG,Fournisseur : ESSILOR FR ...,2025-06-13 13:25:03.316666
2272,https://www.france-optique.com/gravures/fournisseur=521,Varilux Physio 3.0 Short Stylis et Stylis Transitions,https://si.france-optique.com/img/gravures/nasal/web_637-nas-essilor-30.tif.jpg,1.67,ORG,Fournisseur : ESSILOR FR ...,2025-06-13 13:25:03.430000
2273,https://www.france-optique.com/gravures/fournisseur=521,Varilux Physio 3.0 Short Lineis et Lineis Transitions,https://si.france-optique.com/img/gravures/nasal/web_1540-nas-essilor-Physio74.tif.jpg,1.74,ORG,Fournisseur : ESSILOR FR ...,2025-06-13 13:25:03.556666
2274,https://www.france-optique.com/gravures/fournisseur=521,Varilux Physio 3.0 Fit Orma  et Orma Transitions,https://si.france-optique.com/img/gravures/nasal/web_2036-640-nas-essilor-33.tif.jpg,1.5,ORG,Fournisseur : ESSILOR FR ...,2025-06-13 13:25:03.676666
2275,https://www.france-optique.com/gravures/fournisseur=521,Varilux Physio 3.0 Fit Airwear et Airwear Transitions,https://si.france-optique.com/img/gravures/nasal/web_639-nas-essilor-32.tif.jpg,1.59,ORG,Fournisseur : ESSILOR FR ...,2025-06-13 13:25:03.820000
2276,https://www.france-optique.com/gravures/fournisseur=521,Varilux Physio 3.0 Fit Ormix et Ormix Transitions,https://si.france-optique.com/img/gravures/nasal/web_638-nas-essilor-31.tif.jpg,1.6,ORG,Fournisseur : ESSILOR FR ...,2025-06-13 13:25:03.930000
2277,https://www.france-optique.com/gravures/fournisseur=521,Varilux Physio 3.0 Fit Stylis et Stylis Transitions,https://si.france-optique.com/img/gravures/nasal/web_637-nas-essilor-30.tif.jpg,1.67,ORG,Fournisseur : ESSILOR FR ...,2025-06-13 13:25:04.070000
2278,https://www.france-optique.com/gravures/fournisseur=521,Varilux Physio 3.0 Fit Lineis et Lineis Transitions,https://si.france-optique.com/img/gravures/nasal/web_1540-nas-essilor-Physio74.tif.jpg,1.74,ORG,Fournisseur : ESSILOR FR ...,2025-06-13 13:25:04.216666
2279,https://www.france-optique.com/gravures/fournisseur=521,Varilux S 2 Lineis et Lineis Transitions,https://si.france-optique.com/img/gravures/nasal/web_1675-sdesign-74.tif.jpg,1.74,ORG,Fournisseur : ESSILOR FR ...,2025-06-13 13:25:04.343333
2280,https://www.france-optique.com/gravures/fournisseur=521,Varilux S 2 Lineis Eye Protect System,https://si.france-optique.com/img/gravures/nasal/web_1675-sdesign-74.tif.jpg,1.74,ORG,Fournisseur : ESSILOR FR ...,2025-06-13 13:25:04.456666
2281,https://www.france-optique.com/gravures/fournisseur=521,Varilux S Lineis et Lineis Transitions,https://si.france-optique.com/img/gravures/nasal/web_1675-sdesign-74.tif.jpg,1.74,ORG,Fournisseur : ESSILOR FR ...,2025-06-13 13:25:04.586666
2282,https://www.france-optique.com/gravures/fournisseur=521,Varilux S Lineis Eye Protect System,https://si.france-optique.com/img/gravures/nasal/web_1675-sdesign-74.tif.jpg,1.74,ORG,Fournisseur : ESSILOR FR ...,2025-06-13 13:25:04.706666
2283,https://www.france-optique.com/gravures/fournisseur=521,Varilux S 4D Lineis Eye Protect System et Lineis Transitions,https://si.france-optique.com/img/gravures/nasal/web_1675-sdesign-74.tif.jpg,1.74,ORG,Fournisseur : ESSILOR FR ...,2025-06-13 13:25:04.830000
2284,https://www.france-optique.com/gravures/fournisseur=521,Varilux S 4D Lineis et Lineis Transitions,https://si.france-optique.com/img/gravures/nasal/web_1675-sdesign-74.tif.jpg,1.74,ORG,Fournisseur : ESSILOR FR ...,2025-06-13 13:25:04.953333
2285,https://www.france-optique.com/gravures/fournisseur=521,Varilux S design Short Lineis et Lineis Transitions,https://si.france-optique.com/img/gravures/nasal/web_1675-sdesign-74.tif.jpg,1.74,ORG,Fournisseur : ESSILOR FR ...,2025-06-13 13:25:05.063333
2286,https://www.france-optique.com/gravures/fournisseur=521,Varilux S design Short Lineis Eye Protect System,https://si.france-optique.com/img/gravures/nasal/web_1675-sdesign-74.tif.jpg,1.74,ORG,Fournisseur : ESSILOR FR ...,2025-06-13 13:25:05.180000
2287,https://www.france-optique.com/gravures/fournisseur=521,Varilux XR design FIT Eye Protect System Airwear,https://si.france-optique.com/img/gravures/nasal/web_1787-XRDesignP.tif.jpg,1.59,ORG,Fournisseur : ESSILOR FR ...,2025-06-13 13:25:05.313333
2288,https://www.france-optique.com/gravures/fournisseur=521,Varilux XR design FIT Eye Protect System Ormix,https://si.france-optique.com/img/gravures/nasal/web_1784-XRDesign6.tif.jpg,1.6,ORG,Fournisseur : ESSILOR FR ...,2025-06-13 13:25:05.426666
2289,https://www.france-optique.com/gravures/fournisseur=521,Varilux XR design FIT Eye Protect System Stylis,https://si.france-optique.com/img/gravures/nasal/web_1785-XRDesign67.tif.jpg,1.67,ORG,Fournisseur : ESSILOR FR ...,2025-06-13 13:25:05.553333
2290,https://www.france-optique.com/gravures/fournisseur=521,Varilux XR design FIT Eye Protect System Lineis,https://si.france-optique.com/img/gravures/nasal/web_1786-XRDesign74.tif.jpg,1.74,ORG,Fournisseur : ESSILOR FR ...,2025-06-13 13:25:05.680000
2291,https://www.france-optique.com/gravures/fournisseur=521,Varilux XR design Eye Protect System Orma,https://si.france-optique.com/img/gravures/nasal/web_1783-XRDesign5.tif.jpg,1.5,ORG,Fournisseur : ESSILOR FR ...,2025-06-13 13:25:05.793333
2292,https://www.france-optique.com/gravures/fournisseur=521,Varilux XR design Eye Protect System Airwear,https://si.france-optique.com/img/gravures/nasal/web_1787-XRDesignP.tif.jpg,1.59,ORG,Fournisseur : ESSILOR FR ...,2025-06-13 13:25:05.910000
2293,https://www.france-optique.com/gravures/fournisseur=1838,"LUCEA 1,5 & LUCEA IP 1,5 + Transitions",L5,1.5,ORG,MONT-ROYAL,2025-06-13 13:25:05.970000
2294,https://www.france-optique.com/gravures/fournisseur=2397,"Autograph Intouch AW 15 & 18 1,5",I>>15 / I>>18  15,1.5,ORG,SHAMIR FRANCE,2025-06-13 13:25:06.033333
2310,https://www.france-optique.com/gravures/fournisseur=561,"Soltes Wide 1.00, 1.50, 2.00 et 2.50",N3,1.6,ORG,NIKON VERRES OPTIQUES,2025-06-13 13:25:06.450000
2311,https://www.france-optique.com/gravures/fournisseur=561,"Soltes Wide 1.00, 1.50, 2.00 et 2.50",N4,1.67,ORG,NIKON VERRES OPTIQUES,2025-06-13 13:25:06.503333
2312,https://www.france-optique.com/gravures/fournisseur=561,"Soltes Wide 1.00, 1.50, 2.00 et 2.50",N5,1.74,ORG,NIKON VERRES OPTIQUES,2025-06-13 13:25:06.556666
2313,https://www.france-optique.com/gravures/fournisseur=561,Home & Office Neo Long,N1M,1.5,ORG,NIKON VERRES OPTIQUES,2025-06-13 13:25:06.613333
2314,https://www.france-optique.com/gravures/fournisseur=561,Home & Office Neo Long,N3M,1.6,ORG,NIKON VERRES OPTIQUES,2025-06-13 13:25:06.670000
2315,https://www.france-optique.com/gravures/fournisseur=561,Home & Office Neo Long,N4M,1.67,ORG,NIKON VERRES OPTIQUES,2025-06-13 13:25:06.733333
2316,https://www.france-optique.com/gravures/fournisseur=561,Home & Office Neo Long,N5M,1.74,ORG,NIKON VERRES OPTIQUES,2025-06-13 13:25:06.790000
2317,https://www.france-optique.com/gravures/fournisseur=561,SuperSee,,1.5,ORG,NIKON VERRES OPTIQUES,2025-06-13 13:25:06.860000
2318,https://www.france-optique.com/gravures/fournisseur=561,SuperSee,,1.6,ORG,NIKON VERRES OPTIQUES,2025-06-13 13:25:06.926666
2319,https://www.france-optique.com/gravures/fournisseur=561,SuperSee,,1.67,ORG,NIKON VERRES OPTIQUES,2025-06-13 13:25:06.993333
2320,https://www.france-optique.com/gravures/fournisseur=561,SuperSee,,1.74,ORG,NIKON VERRES OPTIQUES,2025-06-13 13:25:07.063333
2321,https://www.france-optique.com/gravures/fournisseur=561,Progressif VON,https://si.france-optique.com/img/gravures/nasal/web_1919-1214-Engraving Classe A NK PROGRESSIF 15 Nasal.tif.jpg,1.5,ORG,NIKON VERRES OPTIQUES,2025-06-13 13:25:07.190000
2322,https://www.france-optique.com/gravures/fournisseur=561,Progressif VON,https://si.france-optique.com/img/gravures/nasal/web_1920-1215-Engraving Classe A NK PROGRESSIF 16 Nasal.tif.jpg,1.6,ORG,NIKON VERRES OPTIQUES,2025-06-13 13:25:07.316666
2323,https://www.france-optique.com/gravures/fournisseur=561,Progressif VON,https://si.france-optique.com/img/gravures/nasal/web_1216-Engraving Classe A NK PROGRESSIF 167 Nasal.tif.jpg,1.67,ORG,NIKON VERRES OPTIQUES,2025-06-13 13:25:07.450000
2324,https://www.france-optique.com/gravures/fournisseur=561,Progressif VON,https://si.france-optique.com/img/gravures/nasal/web_1218-Engraving Classe A NK PROGRESSIF 174 Nasal.tif.jpg,1.74,ORG,NIKON VERRES OPTIQUES,2025-06-13 13:25:07.570000
2325,https://www.france-optique.com/gravures/fournisseur=561,Mi-distance VON,https://si.france-optique.com/img/gravures/nasal/web_1894-Engraving Classe A NK MIDISTANCE 15 Nasal.tif.jpg,1.5,ORG,NIKON VERRES OPTIQUES,2025-06-13 13:25:07.680000
2326,https://www.france-optique.com/gravures/fournisseur=561,Mi-distance VON,https://si.france-optique.com/img/gravures/nasal/web_1895-Engraving Classe A NK MIDISTANCE 16 Nasal.tif.jpg,1.6,ORG,NIKON VERRES OPTIQUES,2025-06-13 13:25:07.816666
2327,https://www.france-optique.com/gravures/fournisseur=561,Home & Office Neo Standard,N1M,1.5,ORG,NIKON VERRES OPTIQUES,2025-06-13 13:25:07.883333
2328,https://www.france-optique.com/gravures/fournisseur=561,Home & Office Neo Wide,N1M,1.5,ORG,NIKON VERRES OPTIQUES,2025-06-13 13:25:07.936666
2329,https://www.france-optique.com/gravures/fournisseur=561,Home & Office Neo Standard,N3M,1.6,ORG,NIKON VERRES OPTIQUES,2025-06-13 13:25:07.983333
2330,https://www.france-optique.com/gravures/fournisseur=561,Home & Office Neo Wide,N3M,1.6,ORG,NIKON VERRES OPTIQUES,2025-06-13 13:25:08.033333
2331,https://www.france-optique.com/gravures/fournisseur=561,Home & Office Neo Standard,N4M,1.67,ORG,NIKON VERRES OPTIQUES,2025-06-13 13:25:08.086666
2332,https://www.france-optique.com/gravures/fournisseur=561,Home & Office Neo Wide,N4M,1.67,ORG,NIKON VERRES OPTIQUES,2025-06-13 13:25:08.140000
2333,https://www.france-optique.com/gravures/fournisseur=561,Home & Office Neo Standard,N5M,1.74,ORG,NIKON VERRES OPTIQUES,2025-06-13 13:25:08.186666
2334,https://www.france-optique.com/gravures/fournisseur=561,Home & Office Neo Wide,N5M,1.74,ORG,NIKON VERRES OPTIQUES,2025-06-13 13:25:08.240000
2335,https://www.france-optique.com/gravures/fournisseur=561,Presio Ultimate Z 12/14,PUL Z N12/N14,1.5,ORG,NIKON VERRES OPTIQUES,2025-06-13 13:25:08.303333
2336,https://www.france-optique.com/gravures/fournisseur=561,Presio Ultimate Z 12/14,PUL Z N32/N34,1.6,ORG,NIKON VERRES OPTIQUES,2025-06-13 13:25:08.353333
2337,https://www.france-optique.com/gravures/fournisseur=561,Presio Ultimate Z 12/14,PUL Z N42/N44,1.67,ORG,NIKON VERRES OPTIQUES,2025-06-13 13:25:08.406666
2338,https://www.france-optique.com/gravures/fournisseur=561,Presio Ultimate Z 12/14,PUL Z N52/N54,1.74,ORG,NIKON VERRES OPTIQUES,2025-06-13 13:25:08.460000
2339,https://www.france-optique.com/gravures/fournisseur=561,Presio Master Yourlife Z FP Flex,https://si.france-optique.com/img/gravures/nasal/web_1869-MasterYourLife-1214.tif.jpg,1.5,ORG,NIKON VERRES OPTIQUES,2025-06-13 13:25:08.583333
2340,https://www.france-optique.com/gravures/fournisseur=561,Presio Master Yourlife Z FP Flex,https://si.france-optique.com/img/gravures/nasal/web_1870-MasterYourLife-3234.tif.jpg,1.6,ORG,NIKON VERRES OPTIQUES,2025-06-13 13:25:08.680000
2341,https://www.france-optique.com/gravures/fournisseur=561,Presio Master Yourlife Z FP Flex,https://si.france-optique.com/img/gravures/nasal/web_1871-MasterYourLife-4244.tif.jpg,1.67,ORG,NIKON VERRES OPTIQUES,2025-06-13 13:25:08.800000
2342,https://www.france-optique.com/gravures/fournisseur=561,Presio Master Yourlife Z FP Flex,https://si.france-optique.com/img/gravures/nasal/web_1872-MasterYourLife-5254.tif.jpg,1.74,ORG,NIKON VERRES OPTIQUES,2025-06-13 13:25:08.890000
2343,https://www.france-optique.com/gravures/fournisseur=561,Presio Master Yourlife Z FP Max,https://si.france-optique.com/img/gravures/nasal/web_1873-MasterYourLifeMAX-1214.tif.jpg,1.5,ORG,NIKON VERRES OPTIQUES,2025-06-13 13:25:09.010000
2344,https://www.france-optique.com/gravures/fournisseur=561,Presio Master Yourlife Z FP Max,https://si.france-optique.com/img/gravures/nasal/web_1874-MasterYourLifeMAX-3234.tif.jpg,1.6,ORG,NIKON VERRES OPTIQUES,2025-06-13 13:25:09.110000
2345,https://www.france-optique.com/gravures/fournisseur=561,Presio Master Yourlife Z FP Max,https://si.france-optique.com/img/gravures/nasal/web_1875-MasterYourLifeMAX-4244.tif.jpg,1.67,ORG,NIKON VERRES OPTIQUES,2025-06-13 13:25:09.220000
2346,https://www.france-optique.com/gravures/fournisseur=561,Presio Master Yourlife Z FP Max,https://si.france-optique.com/img/gravures/nasal/web_1876-MasterYourLifeMAX-5254.tif.jpg,1.74,ORG,NIKON VERRES OPTIQUES,2025-06-13 13:25:09.313333
2347,https://www.france-optique.com/gravures/fournisseur=561,Presio Master Yourlife Z FP Prox,https://si.france-optique.com/img/gravures/nasal/web_1877-MasterYourLifePROX-1214.tif.jpg,1.5,ORG,NIKON VERRES OPTIQUES,2025-06-13 13:25:09.436666
2348,https://www.france-optique.com/gravures/fournisseur=561,Presio Master Yourlife Z FP Prox,https://si.france-optique.com/img/gravures/nasal/web_1878-MasterYourLifePROX-3234.tif.jpg,1.6,ORG,NIKON VERRES OPTIQUES,2025-06-13 13:25:09.536666
2349,https://www.france-optique.com/gravures/fournisseur=561,Presio Master Yourlife Z FP Prox,https://si.france-optique.com/img/gravures/nasal/web_1879-MasterYourLifePROX-4244.tif.jpg,1.67,ORG,NIKON VERRES OPTIQUES,2025-06-13 13:25:09.640000
2350,https://www.france-optique.com/gravures/fournisseur=561,Presio Master Yourlife Z FP Prox,https://si.france-optique.com/img/gravures/nasal/web_1880-MasterYourLifePROX-5254.tif.jpg,1.74,ORG,NIKON VERRES OPTIQUES,2025-06-13 13:25:09.760000
2351,https://www.france-optique.com/gravures/fournisseur=561,Presio Touch HD 15,THD N15,1.5,ORG,NIKON VERRES OPTIQUES,2025-06-13 13:25:09.813333
2352,https://www.france-optique.com/gravures/fournisseur=561,Presio Touch HD 15,THD N35,1.6,ORG,NIKON VERRES OPTIQUES,2025-06-13 13:25:09.866666
2353,https://www.france-optique.com/gravures/fournisseur=561,Presio Touch HD 15,THD N45,1.67,ORG,NIKON VERRES OPTIQUES,2025-06-13 13:25:09.920000
2354,https://www.france-optique.com/gravures/fournisseur=561,RelaxSee Neo Super (1.25),,1.5,ORG,NIKON VERRES OPTIQUES,2025-06-13 13:25:09.986666
2355,https://www.france-optique.com/gravures/fournisseur=561,RelaxSee Neo Super (1.25),,1.6,ORG,NIKON VERRES OPTIQUES,2025-06-13 13:25:10.050000
2356,https://www.france-optique.com/gravures/fournisseur=561,RelaxSee Neo Super (1.25),,1.67,ORG,NIKON VERRES OPTIQUES,2025-06-13 13:25:10.110000
2357,https://www.france-optique.com/gravures/fournisseur=561,RelaxSee Neo Super (1.25),,1.74,ORG,NIKON VERRES OPTIQUES,2025-06-13 13:25:10.173333
2358,https://www.france-optique.com/gravures/fournisseur=561,Presio Sports FP,https://si.france-optique.com/img/gravures/nasal/web_1927-nas-nikon-InfinitePower-FP1214.tif.jpg,1.5,ORG,NIKON VERRES OPTIQUES,2025-06-13 13:25:10.306666
2359,https://www.france-optique.com/gravures/fournisseur=561,Presio Sports FP,https://si.france-optique.com/img/gravures/nasal/web_1928-nas-nikon-InfinitePower-FP3234.tif.jpg,1.6,ORG,NIKON VERRES OPTIQUES,2025-06-13 13:25:10.426666
2360,https://www.france-optique.com/gravures/fournisseur=561,SeeMax,,1.74,ORG,NIKON VERRES OPTIQUES,2025-06-13 13:25:10.493333
2361,https://www.france-optique.com/gravures/fournisseur=561,SeeMax Sports AP,,1.5,ORG,NIKON VERRES OPTIQUES,2025-06-13 13:25:10.563333
2362,https://www.france-optique.com/gravures/fournisseur=1838,"LUCEA 1,6 & LUCEA IP 1,6 + Transitions",L6,1.6,ORG,MONT-ROYAL,2025-06-13 13:25:10.613333
2363,https://www.france-optique.com/gravures/fournisseur=1838,"LUCEA 1,67 & LUCEA IP 1,67 + Transitions",L67,1.67,ORG,MONT-ROYAL,2025-06-13 13:25:10.666666
2364,https://www.france-optique.com/gravures/fournisseur=1838,"LUCEA 1,74",L74,1.74,ORG,MONT-ROYAL,2025-06-13 13:25:10.720000
2365,https://www.france-optique.com/gravures/fournisseur=1838,"LUCEA Short 1,5 & LUCEA Short IP 1,5 + Transitions",L5   S,1.5,ORG,MONT-ROYAL,2025-06-13 13:25:10.780000
2366,https://www.france-optique.com/gravures/fournisseur=1838,"LUCEA Short 1,6 & LUCEA Short IP 1,6 + Transitions",L6   S,1.6,ORG,MONT-ROYAL,2025-06-13 13:25:10.853333
2367,https://www.france-optique.com/gravures/fournisseur=1838,"LUCEA Short 1,67 & LUCEA Short IP 1,67 + Transitions",L67   S,1.67,ORG,MONT-ROYAL,2025-06-13 13:25:10.903333
2368,https://www.france-optique.com/gravures/fournisseur=1838,"LUCEA Short 1,74",L74   S,1.74,ORG,MONT-ROYAL,2025-06-13 13:25:10.963333
2369,https://www.france-optique.com/gravures/fournisseur=1838,"UNITEK Accommoda Neo 1,5 & UNITEK Accommoda Neo IP 1,5 + Transitions",A5,1.5,ORG,MONT-ROYAL,2025-06-13 13:25:11.020000
2370,https://www.france-optique.com/gravures/fournisseur=1838,"UNITEK Accommoda Neo 1,6 & UNITEK Accommoda Neo IP 1,6 + Transitions",A6,1.6,ORG,MONT-ROYAL,2025-06-13 13:25:11.073333
2371,https://www.france-optique.com/gravures/fournisseur=1838,"UNITEK Accommoda Neo 1,67 & UNITEK Accommoda Neo IP 1,67 + Transitions",A67,1.67,ORG,MONT-ROYAL,2025-06-13 13:25:11.130000
2372,https://www.france-optique.com/gravures/fournisseur=1838,"UNITEK Accommoda Neo 1,74",A74,1.74,ORG,MONT-ROYAL,2025-06-13 13:25:11.183333
2373,https://www.france-optique.com/gravures/fournisseur=1838,ROYAL HD Near* ou ROYAL HD Near* 1.5 IP + Transitions,RP5*,1.5,ORG,MONT-ROYAL,2025-06-13 13:25:11.240000
2374,https://www.france-optique.com/gravures/fournisseur=1838,ROYAL HD Near* ou ROYAL HD Near* 1.6 IP + Transitions,RP6*,1.6,ORG,MONT-ROYAL,2025-06-13 13:25:11.293333
2375,https://www.france-optique.com/gravures/fournisseur=1838,ROYAL HD Near* ou ROYAL HD Near* 1.67 IP + Transitions,RP67*,1.67,ORG,MONT-ROYAL,2025-06-13 13:25:11.346666
2376,https://www.france-optique.com/gravures/fournisseur=1838,ROYAL HD Near* 1.74,RP74,1.74,ORG,MONT-ROYAL,2025-06-13 13:25:11.400000
2377,https://www.france-optique.com/gravures/fournisseur=1838,MAXIMAL 1.5 ou MAXIMAL 1.5 IP + Transitions,M5,1.5,ORG,MONT-ROYAL,2025-06-13 13:25:11.456666
2378,https://www.france-optique.com/gravures/fournisseur=1838,MAXIMAL 1.6 ou MAXIMAL 1.6 IP + Transitions,M6,1.6,ORG,MONT-ROYAL,2025-06-13 13:25:11.510000
2379,https://www.france-optique.com/gravures/fournisseur=1838,MAXIMAL 1.67 ou MAXIMAL 1.67 IP + Transitions,M67,1.67,ORG,MONT-ROYAL,2025-06-13 13:25:11.560000
2380,https://www.france-optique.com/gravures/fournisseur=1838,MAXIMAL 1.74,M74,1.74,ORG,MONT-ROYAL,2025-06-13 13:25:11.616666
2381,https://www.france-optique.com/gravures/fournisseur=2397,"Autograph Intouch AW 15 & 18 1,5 Blue Zero",I>>15 / I>>18  BZ,1.5,ORG,SHAMIR FRANCE,2025-06-13 13:25:11.670000
2382,https://www.france-optique.com/gravures/fournisseur=2397,"Autograph Intouch AW 15 & 18 1,5 Transitions®",I>>15 / I>>18  TR,1.5,ORG,SHAMIR FRANCE,2025-06-13 13:25:11.723333
2383,https://www.france-optique.com/gravures/fournisseur=2397,"Autograph Intouch AW 15 & 18 1,5 Polarisant",I>>15 / I>>18  PZ,1.5,ORG,SHAMIR FRANCE,2025-06-13 13:25:11.776666
2384,https://www.france-optique.com/gravures/fournisseur=2397,Autograph Intouch AW 15 & 18  Poly,I>>15 / I>>18  PC,1.59,POLY,SHAMIR FRANCE,2025-06-13 13:25:11.820000
2385,https://www.france-optique.com/gravures/fournisseur=2397,Autograph Intouch AW 15 & 18  Poly Polarisant,I>>15 / I>>18  PPZ,1.59,POLY,SHAMIR FRANCE,2025-06-13 13:25:11.873333
2386,https://www.france-optique.com/gravures/fournisseur=2397,"Autograph Intouch AW 15 & 18 1,6 (MR8)",I>>15 / I>>18  16,1.6,ORG,SHAMIR FRANCE,2025-06-13 13:25:11.930000
2387,https://www.france-optique.com/gravures/fournisseur=2397,"Autograph Intouch AW 15 & 18 1,6 (MR8) Blue Zero",I>>15 / I>>18  BZ6,1.6,ORG,SHAMIR FRANCE,2025-06-13 13:25:11.980000
2388,https://www.france-optique.com/gravures/fournisseur=2397,"Autograph Intouch AW 15 & 18 1,6 (MR8) Transitions®",I>>15 / I>>18  T6,1.6,ORG,SHAMIR FRANCE,2025-06-13 13:25:12.033333
2389,https://www.france-optique.com/gravures/fournisseur=2397,"Autograph Intouch AW 15 & 18 1,6 (MR8) Polarisant",I>>15 / I>>18  PZ6,1.6,ORG,SHAMIR FRANCE,2025-06-13 13:25:12.086666
2390,https://www.france-optique.com/gravures/fournisseur=2397,"Autograph Intouch AW 15 & 18 1,67 (MR10)",I>>15 / I>>18  67,1.67,ORG,SHAMIR FRANCE,2025-06-13 13:25:12.143333
2391,https://www.france-optique.com/gravures/fournisseur=2397,"Autograph Intouch AW 15 & 18 1,67 (MR10) Blue Zero",I>>15 / I>>18  BZ67,1.67,ORG,SHAMIR FRANCE,2025-06-13 13:25:12.196666
2392,https://www.france-optique.com/gravures/fournisseur=2397,"Autograph Intouch AW 15 & 18 1,67 (MR10) Transitions®",I>>15 / I>>18  T67,1.67,ORG,SHAMIR FRANCE,2025-06-13 13:25:12.256666
2393,https://www.france-optique.com/gravures/fournisseur=2397,"Autograph Intouch AW 15 & 18 1,74",I>>15 / I>>18  74,1.74,ORG,SHAMIR FRANCE,2025-06-13 13:25:12.313333
2394,https://www.france-optique.com/gravures/fournisseur=2397,Driver Intelligence Moon,https://si.france-optique.com/img/gravures/nasal/web_1837-DIPC.tif.jpg,1.59,POLY,SHAMIR FRANCE,2025-06-13 13:25:12.460000
2395,https://www.france-optique.com/gravures/fournisseur=2397,Driver Intelligence Moon,https://si.france-optique.com/img/gravures/nasal/web_1835-DI16.tif.jpg,1.6,ORG,SHAMIR FRANCE,2025-06-13 13:25:12.593333
2396,https://www.france-optique.com/gravures/fournisseur=2397,Driver Intelligence Moon,https://si.france-optique.com/img/gravures/nasal/web_1836-DI67.tif.jpg,1.67,ORG,SHAMIR FRANCE,2025-06-13 13:25:12.713333
2397,https://www.france-optique.com/gravures/fournisseur=2397,Driver Intelligence Sun,https://si.france-optique.com/img/gravures/nasal/web_1838-DIsoleilPC.tif.jpg,1.59,POLY,SHAMIR FRANCE,2025-06-13 13:25:12.846666
2398,https://www.france-optique.com/gravures/fournisseur=2397,Driver Intelligence Sun,https://si.france-optique.com/img/gravures/nasal/web_1839-DIsoleilPPZ.tif.jpg,1.59,POLY,SHAMIR FRANCE,2025-06-13 13:25:12.953333
2399,https://www.france-optique.com/gravures/fournisseur=2397,Driver Intelligence Moon SV,https://si.france-optique.com/img/gravures/nasal/web_1837-DIPC.tif.jpg,1.59,POLY,SHAMIR FRANCE,2025-06-13 13:25:13.070000
2400,https://www.france-optique.com/gravures/fournisseur=2397,Driver Intelligence Moon SV,https://si.france-optique.com/img/gravures/nasal/web_1835-DI16.tif.jpg,1.6,ORG,SHAMIR FRANCE,2025-06-13 13:25:13.196666
2401,https://www.france-optique.com/gravures/fournisseur=2397,Driver Intelligence Moon SV,https://si.france-optique.com/img/gravures/nasal/web_1836-DI67.tif.jpg,1.67,ORG,SHAMIR FRANCE,2025-06-13 13:25:13.320000
2402,https://www.france-optique.com/gravures/fournisseur=2397,Driver Intelligence Sun SV,https://si.france-optique.com/img/gravures/nasal/web_1838-DIsoleilPC.tif.jpg,1.59,POLY,SHAMIR FRANCE,2025-06-13 13:25:13.436666
2403,https://www.france-optique.com/gravures/fournisseur=2397,Driver Intelligence Sun SV,https://si.france-optique.com/img/gravures/nasal/web_1839-DIsoleilPPZ.tif.jpg,1.59,POLY,SHAMIR FRANCE,2025-06-13 13:25:13.550000
2404,https://www.france-optique.com/gravures/fournisseur=2397,Autograph III D 1.5,A3D 15,1.5,ORG,SHAMIR FRANCE,2025-06-13 13:25:13.600000
2405,https://www.france-optique.com/gravures/fournisseur=2397,Autograph III D 1.5 Blue Zero,A3D BZ,1.5,ORG,SHAMIR FRANCE,2025-06-13 13:25:13.653333
2406,https://www.france-optique.com/gravures/fournisseur=2397,Autograph III D 1.5 Transitions® VII,A3D TR,1.5,ORG,SHAMIR FRANCE,2025-06-13 13:25:13.710000
2407,https://www.france-optique.com/gravures/fournisseur=2397,Autograph III D 1.5 Polarisant,A3D PZ,1.5,ORG,SHAMIR FRANCE,2025-06-13 13:25:13.773333
2408,https://www.france-optique.com/gravures/fournisseur=2397,Autograph III D Poly,A3D PC,1.59,POLY,SHAMIR FRANCE,2025-06-13 13:25:13.830000
2409,https://www.france-optique.com/gravures/fournisseur=2397,Autograph III D Poly Polarisant,A3D PPZ,1.59,POLY,SHAMIR FRANCE,2025-06-13 13:25:13.880000
2410,https://www.france-optique.com/gravures/fournisseur=2397,Autograph III D 1.6 (MR8),A3D 16,1.6,ORG,SHAMIR FRANCE,2025-06-13 13:25:13.943333
2411,https://www.france-optique.com/gravures/fournisseur=2397,Autograph III D 1.6 (MR8) Blue Zero,A3D BZ6,1.6,ORG,SHAMIR FRANCE,2025-06-13 13:25:14.000000
2412,https://www.france-optique.com/gravures/fournisseur=2397,Autograph III D 16 (MR8) Transitions®,A3D T6,1.6,ORG,SHAMIR FRANCE,2025-06-13 13:25:14.060000
2413,https://www.france-optique.com/gravures/fournisseur=2397,Autograph III D 16 (MR8) Polarisant,A3D PZ6,1.6,ORG,SHAMIR FRANCE,2025-06-13 13:25:14.120000
2414,https://www.france-optique.com/gravures/fournisseur=2397,Autograph III D 167 (MR10),A3D 67,1.67,ORG,SHAMIR FRANCE,2025-06-13 13:25:14.176666
2415,https://www.france-optique.com/gravures/fournisseur=2397,Autograph III D 167 (MR10) Blue Zero,A3D BZ 67,1.67,ORG,SHAMIR FRANCE,2025-06-13 13:25:14.226666
2416,https://www.france-optique.com/gravures/fournisseur=2397,Autograph III D 167 (MR10) Transitions®,A3D T67,1.67,ORG,SHAMIR FRANCE,2025-06-13 13:25:14.280000
2417,https://www.france-optique.com/gravures/fournisseur=2397,Autograph III D 174,A3D 74,1.74,ORG,SHAMIR FRANCE,2025-06-13 13:25:14.333333
2418,https://www.france-optique.com/gravures/fournisseur=2217,"PERSPECTIVE 1.5 Transitions Xtractive Brun, Gris","P
1.50 XT",1.5,ORG TRANS,K OPTICAL,2025-06-13 13:25:14.426666
2419,https://www.france-optique.com/gravures/fournisseur=521,Varilux XR design Eye Protect System Ormix,https://si.france-optique.com/img/gravures/nasal/web_1784-XRDesign6.tif.jpg,1.6,ORG,Fournisseur : ESSILOR FR ...,2025-06-13 13:25:14.540000
2420,https://www.france-optique.com/gravures/fournisseur=521,Varilux XR design Eye Protect System Stylis,https://si.france-optique.com/img/gravures/nasal/web_1785-XRDesign67.tif.jpg,1.67,ORG,Fournisseur : ESSILOR FR ...,2025-06-13 13:25:14.693333
2421,https://www.france-optique.com/gravures/fournisseur=521,Varilux XR design Eye Protect System Lineis,https://si.france-optique.com/img/gravures/nasal/web_1786-XRDesign74.tif.jpg,1.74,ORG,Fournisseur : ESSILOR FR ...,2025-06-13 13:25:14.800000
2422,https://www.france-optique.com/gravures/fournisseur=521,Varilux XR design FIT Eye Protect System Orma,https://si.france-optique.com/img/gravures/nasal/web_1783-XRDesign5.tif.jpg,1.5,ORG,Fournisseur : ESSILOR FR ...,2025-06-13 13:25:14.906666
2423,https://www.france-optique.com/gravures/fournisseur=521,Varilux XR track Eye Protect System Orma,https://si.france-optique.com/img/gravures/nasal/web_1793-XRtrack5.tif.jpg,1.5,ORG,Fournisseur : ESSILOR FR ...,2025-06-13 13:25:15.013333
2424,https://www.france-optique.com/gravures/fournisseur=521,Varilux XR track Eye Protect System Airwear,https://si.france-optique.com/img/gravures/nasal/web_1797-XRtrackP.tif.jpg,1.59,ORG,Fournisseur : ESSILOR FR ...,2025-06-13 13:25:15.143333
2425,https://www.france-optique.com/gravures/fournisseur=521,Varilux XR track Eye Protect System Ormix,https://si.france-optique.com/img/gravures/nasal/web_1794-XRTrack6.tif.jpg,1.6,ORG,Fournisseur : ESSILOR FR ...,2025-06-13 13:25:15.253333
2426,https://www.france-optique.com/gravures/fournisseur=521,Varilux XR track Eye Protect System Stylis,https://si.france-optique.com/img/gravures/nasal/web_1795-XRtrack67.tif.jpg,1.67,ORG,Fournisseur : ESSILOR FR ...,2025-06-13 13:25:15.360000
2427,https://www.france-optique.com/gravures/fournisseur=521,Varilux XR track Eye Protect System Lineis,https://si.france-optique.com/img/gravures/nasal/web_1796-XRTrack74.tif.jpg,1.74,ORG,Fournisseur : ESSILOR FR ...,2025-06-13 13:25:15.480000
2428,https://www.france-optique.com/gravures/fournisseur=521,Varilux XR design Orma et Orma Transitions,https://si.france-optique.com/img/gravures/nasal/web_1783-XRDesign5.tif.jpg,1.5,ORG,Fournisseur : ESSILOR FR ...,2025-06-13 13:25:15.586666
2429,https://www.france-optique.com/gravures/fournisseur=521,Varilux XR design Airwear et Airwear Transitions,https://si.france-optique.com/img/gravures/nasal/web_1787-XRDesignP.tif.jpg,1.59,ORG,Fournisseur : ESSILOR FR ...,2025-06-13 13:25:15.710000
2430,https://www.france-optique.com/gravures/fournisseur=521,Varilux XR design Ormix et Ormix Transitions,https://si.france-optique.com/img/gravures/nasal/web_1784-XRDesign6.tif.jpg,1.6,ORG,Fournisseur : ESSILOR FR ...,2025-06-13 13:25:15.850000
2431,https://www.france-optique.com/gravures/fournisseur=521,Varilux XR design Stylis et Stylis Transitions,https://si.france-optique.com/img/gravures/nasal/web_1785-XRDesign67.tif.jpg,1.67,ORG,Fournisseur : ESSILOR FR ...,2025-06-13 13:25:15.990000
2432,https://www.france-optique.com/gravures/fournisseur=521,Varilux XR design Lineis et Lineis Transitions,https://si.france-optique.com/img/gravures/nasal/web_1786-XRDesign74.tif.jpg,1.74,ORG,Fournisseur : ESSILOR FR ...,2025-06-13 13:25:16.100000
2433,https://www.france-optique.com/gravures/fournisseur=521,Varilux XR design Short Orma et Orma Transitions,https://si.france-optique.com/img/gravures/nasal/web_1783-XRDesign5.tif.jpg,1.5,ORG,Fournisseur : ESSILOR FR ...,2025-06-13 13:25:16.220000
2434,https://www.france-optique.com/gravures/fournisseur=521,Varilux XR design Short Airwear et Airwear Transitions,https://si.france-optique.com/img/gravures/nasal/web_1787-XRDesignP.tif.jpg,1.59,ORG,Fournisseur : ESSILOR FR ...,2025-06-13 13:25:16.326666
2435,https://www.france-optique.com/gravures/fournisseur=521,Varilux XR design Short Ormix et Ormix Transitions,https://si.france-optique.com/img/gravures/nasal/web_1784-XRDesign6.tif.jpg,1.6,ORG,Fournisseur : ESSILOR FR ...,2025-06-13 13:25:16.430000
2436,https://www.france-optique.com/gravures/fournisseur=521,Varilux XR design Short Stylis et Stylis Transitions,https://si.france-optique.com/img/gravures/nasal/web_1785-XRDesign67.tif.jpg,1.67,ORG,Fournisseur : ESSILOR FR ...,2025-06-13 13:25:16.560000
2437,https://www.france-optique.com/gravures/fournisseur=521,Varilux XR design Short Lineis et Lineis Transitions,https://si.france-optique.com/img/gravures/nasal/web_1786-XRDesign74.tif.jpg,1.74,ORG,Fournisseur : ESSILOR FR ...,2025-06-13 13:25:16.673333
2438,https://www.france-optique.com/gravures/fournisseur=521,Varilux XR design FIT Orma et Orma Transitions,https://si.france-optique.com/img/gravures/nasal/web_1783-XRDesign5.tif.jpg,1.5,ORG,Fournisseur : ESSILOR FR ...,2025-06-13 13:25:16.780000
2439,https://www.france-optique.com/gravures/fournisseur=521,Varilux XR design FIT Airwear et Airwear Transitions,https://si.france-optique.com/img/gravures/nasal/web_1787-XRDesignP.tif.jpg,1.59,ORG,Fournisseur : ESSILOR FR ...,2025-06-13 13:25:16.893333
2440,https://www.france-optique.com/gravures/fournisseur=521,Varilux XR design FIT Ormix et Ormix Transitions,https://si.france-optique.com/img/gravures/nasal/web_1784-XRDesign6.tif.jpg,1.6,ORG,Fournisseur : ESSILOR FR ...,2025-06-13 13:25:17.016666
2441,https://www.france-optique.com/gravures/fournisseur=521,Varilux XR design FIT Stylis et Stylis Transitions,https://si.france-optique.com/img/gravures/nasal/web_1785-XRDesign67.tif.jpg,1.67,ORG,Fournisseur : ESSILOR FR ...,2025-06-13 13:25:17.140000
2442,https://www.france-optique.com/gravures/fournisseur=521,Varilux XR design FIT Lineis et Lineis Transitions,https://si.france-optique.com/img/gravures/nasal/web_1786-XRDesign74.tif.jpg,1.74,ORG,Fournisseur : ESSILOR FR ...,2025-06-13 13:25:17.273333
2443,https://www.france-optique.com/gravures/fournisseur=521,Varilux XR design Short Eye Protect System Orma,https://si.france-optique.com/img/gravures/nasal/web_1783-XRDesign5.tif.jpg,1.5,ORG,Fournisseur : ESSILOR FR ...,2025-06-13 13:25:17.383333
2444,https://www.france-optique.com/gravures/fournisseur=521,Varilux XR design Short Eye Protect System Airwear,https://si.france-optique.com/img/gravures/nasal/web_1787-XRDesignP.tif.jpg,1.59,ORG,Fournisseur : ESSILOR FR ...,2025-06-13 13:25:17.493333
2445,https://www.france-optique.com/gravures/fournisseur=521,Varilux XR design Short Eye Protect System Ormix,https://si.france-optique.com/img/gravures/nasal/web_1784-XRDesign6.tif.jpg,1.6,ORG,Fournisseur : ESSILOR FR ...,2025-06-13 13:25:17.603333
2446,https://www.france-optique.com/gravures/fournisseur=521,Varilux XR design Short Eye Protect System Stylis,https://si.france-optique.com/img/gravures/nasal/web_1785-XRDesign67.tif.jpg,1.67,ORG,Fournisseur : ESSILOR FR ...,2025-06-13 13:25:17.710000
2447,https://www.france-optique.com/gravures/fournisseur=521,Varilux XR design Short Eye Protect System Lineis,https://si.france-optique.com/img/gravures/nasal/web_1786-XRDesign74.tif.jpg,1.74,ORG,Fournisseur : ESSILOR FR ...,2025-06-13 13:25:17.833333
2448,https://www.france-optique.com/gravures/fournisseur=521,Varilux XR track Orma et Orma Transitions,https://si.france-optique.com/img/gravures/nasal/web_1793-XRtrack5.tif.jpg,1.5,ORG,Fournisseur : ESSILOR FR ...,2025-06-13 13:25:17.943333
2449,https://www.france-optique.com/gravures/fournisseur=2217,PERSPECTIVE 1.6,"P
1.60",1.6,ORG,K OPTICAL,2025-06-13 13:25:18.000000
2450,https://www.france-optique.com/gravures/fournisseur=2217,PERSPECTIVE 1.6 BLUE/KUT SE,"P
1.60 BK",1.6,ORG,K OPTICAL,2025-06-13 13:25:18.050000
2451,https://www.france-optique.com/gravures/fournisseur=2217,PERSPECTIVE 1.6 Kromatic Brun et Gris,"P
1.60 K",1.6,ORG PHO,K OPTICAL,2025-06-13 13:25:18.100000
2452,https://www.france-optique.com/gravures/fournisseur=2217,PERSPECTIVE 1.6 Kromatic BLUEKUT SE Brun et Gris,"P
1.60 KB",1.6,ORG PHO,K OPTICAL,2025-06-13 13:25:18.156666
2453,https://www.france-optique.com/gravures/fournisseur=2217,PERSPECTIVE 1.6 Polarisant Brun et Gris,"P
1.60 POL",1.6,ORG POLA,K OPTICAL,2025-06-13 13:25:18.213333
2454,https://www.france-optique.com/gravures/fournisseur=2217,"PERSPECTIVE 1.6 Transitions8 Brun, Gris et Vert","P
1.60 T8",1.6,ORG TRANS,K OPTICAL,2025-06-13 13:25:18.266666
2455,https://www.france-optique.com/gravures/fournisseur=2217,PERSPECTIVE 1.6 Transitions 8 Style,"P
1.60 TS",1.6,ORG TRANS,K OPTICAL,2025-06-13 13:25:18.320000
2456,https://www.france-optique.com/gravures/fournisseur=2217,PERSPECTIVE 1.6 Transitions Xtractive Brun et Gris,"P
1.60 XT",1.6,ORG TRANS,K OPTICAL,2025-06-13 13:25:18.370000
2457,https://www.france-optique.com/gravures/fournisseur=2217,PERSPECTIVE 1.67,"P
1.67",1.67,ORG,K OPTICAL,2025-06-13 13:25:18.450000
2458,https://www.france-optique.com/gravures/fournisseur=2217,PERSPECTIVE 1.67 BLUE/KUT SE,"P
1.67 BK",1.67,ORG,K OPTICAL,2025-06-13 13:25:18.510000
2459,https://www.france-optique.com/gravures/fournisseur=2217,PERSPECTIVE 1.67 Kromatic Brun et Gris,"P
1.67 K",1.67,ORG PHO,K OPTICAL,2025-06-13 13:25:18.576666
2460,https://www.france-optique.com/gravures/fournisseur=2217,PERSPECTIVE 1.67 Kromatic BLUEKUT SE Brun et Gris,"P
1.67 KB",1.67,ORG PHO,K OPTICAL,2025-06-13 13:25:18.630000
2461,https://www.france-optique.com/gravures/fournisseur=2217,PERSPECTIVE 1.67 Polarisant Brun et Gris,"P
1.67 POL",1.67,ORG POLA,K OPTICAL,2025-06-13 13:25:18.680000
2462,https://www.france-optique.com/gravures/fournisseur=2217,"PERSPECTIVE 1.67 Transitions 8 Brun, Gris et Vert","P
1.67 T8",1.67,ORG TRANS,K OPTICAL,2025-06-13 13:25:18.730000
2463,https://www.france-optique.com/gravures/fournisseur=2217,PERSPECTIVE 1.67 Transitions 8 Style,"P
1.67 TS",1.67,ORG TRANS,K OPTICAL,2025-06-13 13:25:18.783333
2464,https://www.france-optique.com/gravures/fournisseur=2217,PERSPECTIVE 1.67 Transitions Xtractive Brun et Gris,"P
1.67 XT",1.67,ORG TRANS,K OPTICAL,2025-06-13 13:25:18.836666
2465,https://www.france-optique.com/gravures/fournisseur=2217,PERSPECTIVE 1.74,"P
1.74",1.74,ORG,K OPTICAL,2025-06-13 13:25:18.890000
2466,https://www.france-optique.com/gravures/fournisseur=2217,PERSPECTIVE 1.74 BLUE/KUT SE,"P
1.74 BK",1.74,ORG,K OPTICAL,2025-06-13 13:25:18.950000
2467,https://www.france-optique.com/gravures/fournisseur=2217,PERSPECTIVE 1.74 Kromatic BLUEKUT SE Brun et Gris,"P
1.74 KB",1.74,ORG PHO,K OPTICAL,2025-06-13 13:25:19.003333
2468,https://www.france-optique.com/gravures/fournisseur=2217,PERSPECTIVE 1.74 Transitions8 Brun et Gris,"P
1.74 T8",1.74,ORG TRANS,K OPTICAL,2025-06-13 13:25:19.066666
2469,https://www.france-optique.com/gravures/fournisseur=2217,PERSPECTIVE Polycarbonate,"P
PC",1.59,POLY,K OPTICAL,2025-06-13 13:25:19.116666
2470,https://www.france-optique.com/gravures/fournisseur=2217,PERSPECTIVE Polycarbonate BLUE/KUT SE,"P
PC BK",1.59,POLY,K OPTICAL,2025-06-13 13:25:19.166666
2471,https://www.france-optique.com/gravures/fournisseur=2217,PERSPECTIVE Polycarbonate Kromatic BLUE/KUT SE,"P
PC KB",1.59,POLY,K OPTICAL,2025-06-13 13:25:19.216666
2472,https://www.france-optique.com/gravures/fournisseur=2217,"PERSPECTIVE Polycarbonate Polarisant Brun, Gris et Gris-Vert","P
PC POL",1.59,POLY POLA,K OPTICAL,2025-06-13 13:25:19.266666
2473,https://www.france-optique.com/gravures/fournisseur=2217,"PERSPECTIVE Polycarbonate Transitions 8 Brun, Gris et Vert","P
PC T8",1.59,POLY TRANS,K OPTICAL,2025-06-13 13:25:19.323333
2474,https://www.france-optique.com/gravures/fournisseur=2217,PERSPECTIVE Polycarbonate Transitions 8 Style,"P
PC TS",1.59,POLY TRANS,K OPTICAL,2025-06-13 13:25:19.383333
2475,https://www.france-optique.com/gravures/fournisseur=2217,PERSPECTIVE Polycarbonate Transitions Xtractive Gris,"P
PC XT",1.59,POLY TRANS,K OPTICAL,2025-06-13 13:25:19.436666
2476,https://www.france-optique.com/gravures/fournisseur=2217,PERSPECTIVE Trivex,"P
1.53",1.53,TVX,K OPTICAL,2025-06-13 13:25:19.493333
2477,https://www.france-optique.com/gravures/fournisseur=2217,PERSPECTIVE Trivex BLUE/KUT SE,"P
1.53 BK",1.53,TVX,K OPTICAL,2025-06-13 13:25:19.543333
2478,https://www.france-optique.com/gravures/fournisseur=2217,PERSPECTIVE Trivex Polarisant Brun et Gris,"P
1.53 POL",1.53,TVX POLA,K OPTICAL,2025-06-13 13:25:19.600000
2480,https://www.france-optique.com/gravures/fournisseur=711,NeoPerfect ZEN / NeoPerfect ZEN UV Clear / NeoPerfect ZEN Blue Clear / NeoPerfect ZEN Transitions TM Gen S® / NeoPerfect ZEN Transitions TM XTRActive®,https://si.france-optique.com/img/gravures/nasal/web_369-nas-novacel-34.tif.jpg,1.6,ORG,NOVACEL,2025-06-13 13:25:19.766666
2481,https://www.france-optique.com/gravures/fournisseur=711,EDEN zeta Fit / EDEN zeta Fit UV Clear / EDEN zeta Blue Clear / EDEN zeta Transitions TM Gen S® / EDEN zeta Transitions TM XTRActive® / EDEN zeta polarisant / EDEN zeta polarisant dégradé,EzF,1.5,ORG,NOVACEL,2025-06-13 13:25:19.860000
2482,https://www.france-optique.com/gravures/fournisseur=711,NeoPerfect / NeoPerfect UV Clear / NeoPerfect Blue Clear / NeoPerfect Transitions TM Gen S® / NeoPerfect Transitions TM XTRActive® / NeoPerfect polarisant,https://si.france-optique.com/img/gravures/nasal/web_369-nas-novacel-34.tif.jpg,1.6,ORG,NOVACEL,2025-06-13 13:25:19.973333
2483,https://www.france-optique.com/gravures/fournisseur=711,EDEN zeta Fit Trivex® / EDEN zeta Fit Trivex® Blue Clear / EDEN zeta Fit Trivex® Transitions TM Gen S® / EDEN zeta Fit Trivex® Transitions TM XTRActive® / EDEN zeta Fit Trivex® polarisant,T   EzF,1.53,TVX,NOVACEL,2025-06-13 13:25:20.023333
2484,https://www.france-optique.com/gravures/fournisseur=711,EDEN zeta Fit / EDEN zeta Fit Transitions TM Gen S® / EDEN zeta Fit Transitions TM XTRActive® / EDEN zeta Fit polarisant,P   EzF,1.59,POLY,NOVACEL,2025-06-13 13:25:20.080000
2485,https://www.france-optique.com/gravures/fournisseur=711,EDEN zeta Fit /  EDEN zeta Fit UV Clear / EDEN zeta Fit Blue Clear / EDEN zeta Fit Transitions TM Gen S® / EDEN zeta Fit Transitions TM XTRActive® / EDEN zeta Fit polarisant,2   EzF,1.6,ORG,NOVACEL,2025-06-13 13:25:20.140000
2486,https://www.france-optique.com/gravures/fournisseur=711,EDEN zeta Fit / EDEN zeta Fit Blue Clear / EDEN zeta Fit Transitions TM Gen S® / EDEN zeta Fit Transitions TM XTRActive® / EDEN zeta Fit polarisant,3   EzF,1.67,ORG,NOVACEL,2025-06-13 13:25:20.203333
2487,https://www.france-optique.com/gravures/fournisseur=711,EDEN zeta Fit / EDEN zeta Fit Blue Clear / EDEN zeta Fit Transitions TM Gen S®,4   EzF,1.74,ORG,NOVACEL,2025-06-13 13:25:20.266666
2488,https://www.france-optique.com/gravures/fournisseur=711,EDEN zeta / EDEN zeta UV Clear / EDEN zeta Blue Clear / EDEN zeta Transitions TM Gen S® / EDEN zeta Transitions TM XTRActive® / EDEN zeta polarisant / EDEN zeta polarisant dégradé,Ez,1.5,ORG,NOVACEL,2025-06-13 13:25:20.326666
2489,https://www.france-optique.com/gravures/fournisseur=711,EDEN zeta Trivex® / EDEN zeta Trivex® Blue Clear / EDEN zeta Trivex® Transitions TM Gen S® / EDEN zeta Trivex® Transitions TM XTRActive® / EDEN zeta Trivex® polarisant,T   Ez,1.53,TVX,NOVACEL,2025-06-13 13:25:20.386666
2490,https://www.france-optique.com/gravures/fournisseur=711,EDEN zeta / EDEN zeta Transitions TM Gen S® / EDEN zeta Transitions TM XTRActive® / EDEN zeta polarisant,P   Ez,1.59,POLY,NOVACEL,2025-06-13 13:25:20.440000
2491,https://www.france-optique.com/gravures/fournisseur=711,EDEN zeta / EDEN zeta UV Clear / EDEN zeta Blue Clear / EDEN zeta Transitions TM Gen S® / EDEN zeta Transitions TM XTRActive® / EDEN zeta polarisant,2   Ez,1.6,ORG,NOVACEL,2025-06-13 13:25:20.496666
2492,https://www.france-optique.com/gravures/fournisseur=711,EDEN zeta / EDEN zeta Blue Clear / EDEN zeta Transitions TM Gen S® / EDEN zeta Transitions TM XTRActive® / EDEN zeta polarisant,3   Ez,1.67,ORG,NOVACEL,2025-06-13 13:25:20.553333
2493,https://www.france-optique.com/gravures/fournisseur=711,EDEN zeta / EDEN zeta Blue Clear / EDEN zeta Transitions TM Gen S®,4   Ez,1.74,ORG,NOVACEL,2025-06-13 13:25:20.613333
2494,https://www.france-optique.com/gravures/fournisseur=711,EDEN alpha / EDEN alpha UV Clear / EDEN alpha Blue Clear / EDEN alpha Transitions TM Gen S® / EDEN alpha Transitions TM XTRActive® / EDEN alpha polarisant / EDEN alpha polarisant dégradé,https://si.france-optique.com/img/gravures/nasal/web_356-nas-novacel-28.tif.jpg,1.5,ORG,NOVACEL,2025-06-13 13:25:20.730000
2495,https://www.france-optique.com/gravures/fournisseur=711,EDEN alpha Trivex® / EDEN alpha Trivex® Blue Clear / EDEN alpha Trivex® Transitions TM Gen S® / EDEN alpha Trivex® Transitions TM XTRActive® / EDEN alpha Trivex® polarisant,https://si.france-optique.com/img/gravures/nasal/web_1242-gravure nasale EDEN T.tif.jpg,1.53,TVX,NOVACEL,2025-06-13 13:25:20.840000
2496,https://www.france-optique.com/gravures/fournisseur=711,EDEN alpha / EDEN alpha Transitions TM Gen S® / EDEN alpha Transitions TM XTRActive® / EDEN alpha polarisant,https://si.france-optique.com/img/gravures/nasal/web_1241-gravure nasale EDEN P.tif.jpg,1.59,POLY,NOVACEL,2025-06-13 13:25:20.943333
2497,https://www.france-optique.com/gravures/fournisseur=711,EDEN alpha / EDEN alpha UV Clear / EDEN alpha Blue Clear / EDEN alpha Transitions TM Gen S® / EDEN alpha Transitions TM XTRActive® / EDEN alpha polarisant,https://si.france-optique.com/img/gravures/nasal/web_1238-gravure nasale EDEN 2.tif.jpg,1.6,ORG,NOVACEL,2025-06-13 13:25:21.070000
2498,https://www.france-optique.com/gravures/fournisseur=711,EDEN alpha / EDEN alpha Blue Clear / EDEN alpha Transitions TM Gen S® / EDEN alpha Transitions TM XTRActive® / EDEN alpha polarisant,https://si.france-optique.com/img/gravures/nasal/web_1239-gravure nasale EDEN 3.tif.jpg,1.67,ORG,NOVACEL,2025-06-13 13:25:21.170000
2499,https://www.france-optique.com/gravures/fournisseur=711,EDEN alpha / EDEN alpha Blue Clear / EDEN alpha Transitions TM Gen S®,https://si.france-optique.com/img/gravures/nasal/web_1240-gravure nasale EDEN 4.tif.jpg,1.74,ORG,NOVACEL,2025-06-13 13:25:21.293333
2500,https://www.france-optique.com/gravures/fournisseur=711,SymbioZ / SymbioZ UV Clear / SymbioZ Blue Clear / SymbioZ Transitions TM Gen S® / SymbioZ Transitions TM XTRActive® / SymbioZ polarisant / SymbioZ Drivewear® polarisant photochromique,SZ,1.5,ORG,NOVACEL,2025-06-13 13:25:21.353333
2501,https://www.france-optique.com/gravures/fournisseur=711,SymbioZ Trivex® / SymbioZ Trivex® Blue Clear / SymbioZ Trivex® Transitions TM Gen S® / SymbioZ Trivex® Transitions TM XTRActive® / SymbioZ Trivex® polarisant,T   SZ,1.53,TVX,NOVACEL,2025-06-13 13:25:21.410000
2502,https://www.france-optique.com/gravures/fournisseur=711,SymbioZ / SymbioZ Transitions TM Gen S® / SymbioZ Transitions TM XTRActive® / SymbioZ polarisant / SymbioZ Drivewear® polarisant photochromique,P   SZ,1.59,POLY,NOVACEL,2025-06-13 13:25:21.470000
2503,https://www.france-optique.com/gravures/fournisseur=711,SymbioZ / SymbioZ UV Clear / SymbioZ Blue Clear / SymbioZ Transitions TM Gen S® / SymbioZ Transitions TM XTRActive® / SymbioZ polarisant,2   SZ,1.6,ORG,NOVACEL,2025-06-13 13:25:21.523333
2504,https://www.france-optique.com/gravures/fournisseur=711,SymbioZ / SymbioZ Blue Clear / SymbioZ Transitions TM Gen S® / SymbioZ Transitions TM XTRActive® / SymbioZ polarisant,3   SZ,1.67,ORG,NOVACEL,2025-06-13 13:25:21.580000
2505,https://www.france-optique.com/gravures/fournisseur=711,SymbioZ / SymbioZ Blue Clear / SymbioZ Transitions TM Gen S®,4   SZ,1.74,ORG,NOVACEL,2025-06-13 13:25:21.640000
2506,https://www.france-optique.com/gravures/fournisseur=711,SymbioZ SPORT / SymbioZ SPORT UV Clear / SymbioZ SPORT Transitions TM Gen S® / SymbioZ SPORT Transitions TM XTRActive® / SymbioZ SPORT polarisant / SymbioZ SPORT Drivewear® polarisant photochromique,https://si.france-optique.com/img/gravures/nasal/web_1062-nas-novacel-84.tif.jpg,1.5,ORG,NOVACEL,2025-06-13 13:25:21.760000
2507,https://www.france-optique.com/gravures/fournisseur=711,SymbioZ SPORT Trivex® / SymbioZ SPORT Trivex® Transitions TM Gen S® / SymbioZ SPORT Trivex® Transitions TM XTRActive® / SymbioZ SPORT polarisant,https://si.france-optique.com/img/gravures/nasal/web_1063-nas-novacel-85.tif.jpg,1.53,TVX,NOVACEL,2025-06-13 13:25:21.910000
2508,https://www.france-optique.com/gravures/fournisseur=711,SymbioZ SPORT / SymbioZ SPORT Transitions TM Gen S® / SymbioZ SPORT Transitions TM XTRActive® / SymbioZ SPORT polarisant / SymbioZ SPORT Drivewear® polarisant photochromique,https://si.france-optique.com/img/gravures/nasal/web_1064-nas-novacel-86.tif.jpg,1.59,POLY,NOVACEL,2025-06-13 13:25:22.030000
2509,https://www.france-optique.com/gravures/fournisseur=711,SymbioZ SPORT / SymbioZ SPORT UV Clear / SymbioZ SPORT Transitions TM Gen S® / SymbioZ SPORT Transitions TM XTRActive® / SymbioZ SPORT polarisant,https://si.france-optique.com/img/gravures/nasal/web_1067-nas-novacel-89.tif.jpg,1.6,ORG,NOVACEL,2025-06-13 13:25:22.170000
2510,https://www.france-optique.com/gravures/fournisseur=711,SymbioZ SPORT / SymbioZ SPORT Transitions TM Gen S® / SymbioZ SPORT Transitions TM XTRActive® / SymbioZ SPORT polarisant,https://si.france-optique.com/img/gravures/nasal/web_1066-nas-novacel-88.tif.jpg,1.67,ORG,NOVACEL,2025-06-13 13:25:22.283333
2511,https://www.france-optique.com/gravures/fournisseur=711,SymbioZ SPORT / SymbioZ SPORT Transitions TM Gen S®,https://si.france-optique.com/img/gravures/nasal/web_1065-nas-novacel-87.tif.jpg,1.74,ORG,NOVACEL,2025-06-13 13:25:22.400000
2512,https://www.france-optique.com/gravures/fournisseur=711,I-KONIC long / I-KONIC long UV Clear / I-KONIC long Blue Clear / I-KONIC long Transitions TM Gen S®,IKL,1.5,ORG,NOVACEL,2025-06-13 13:25:22.460000
2513,https://www.france-optique.com/gravures/fournisseur=711,I-KONIC / I-KONIC UV Clear / I-KONIC Blue Clear / I-KONIC Transitions TM Gen S®,IK,1.5,ORG,NOVACEL,2025-06-13 13:25:22.520000
2514,https://www.france-optique.com/gravures/fournisseur=711,I-KONIC micros / I-KONIC micros UV Clear / I-KONIC micros Blue Clear / I-KONIC micros Transitions TM Gen S®,IKM,1.5,ORG,NOVACEL,2025-06-13 13:25:22.603333
2515,https://www.france-optique.com/gravures/fournisseur=711,I-KONIC long / I-KONIC long Transitions TM Gen S®,P   IKL,1.59,POLY,NOVACEL,2025-06-13 13:25:22.656666
2516,https://www.france-optique.com/gravures/fournisseur=711,I-KONIC / I-KONIC Transitions TM Gen S®,P   IK,1.59,POLY,NOVACEL,2025-06-13 13:25:22.713333
2517,https://www.france-optique.com/gravures/fournisseur=711,I-KONIC micros / I-KONIC micros Transitions TM Gen S®,P   IKM,1.59,POLY,NOVACEL,2025-06-13 13:25:22.773333
2518,https://www.france-optique.com/gravures/fournisseur=711,I-KONIC long / I-KONIC long UV Clear / I-KONIC long Blue Clear / I-KONIC long Transitions TM Gen S®,2   IKL,1.6,ORG,NOVACEL,2025-06-13 13:25:22.833333
2519,https://www.france-optique.com/gravures/fournisseur=711,I-KONIC / I-KONIC UV Clear / I-KONIC Blue Clear / I-KONIC Transitions TM Gen S®,2   IK,1.6,ORG,NOVACEL,2025-06-13 13:25:22.890000
2520,https://www.france-optique.com/gravures/fournisseur=711,I-KONIC micros / I-KONIC micros UV Clear / I-KONIC micros Blue Clear / I-KONIC micros Transitions TM Gen S®,2   IKM,1.6,ORG,NOVACEL,2025-06-13 13:25:22.950000
2521,https://www.france-optique.com/gravures/fournisseur=711,I-KONIC long / I-KONIC long Blue Clear / I-KONIC long Transitions TM Gen S®,3   IKL,1.67,ORG,NOVACEL,2025-06-13 13:25:23.006666
2522,https://www.france-optique.com/gravures/fournisseur=711,I-KONIC / I-KONIC Blue Clear / I-KONIC Transitions TM Gen S®,3   IK,1.67,ORG,NOVACEL,2025-06-13 13:25:23.063333
2523,https://www.france-optique.com/gravures/fournisseur=711,I-KONIC micros / I-KONIC micros Blue Clear / I-KONIC micros Transitions TM Gen S®,3   IKM,1.67,ORG,NOVACEL,2025-06-13 13:25:23.120000
2524,https://www.france-optique.com/gravures/fournisseur=711,I-KONIC long / I-KONIC long Blue Clear / I-KONIC long Transitions TM Gen S®,4   IKL,1.74,ORG,NOVACEL,2025-06-13 13:25:23.170000
2525,https://www.france-optique.com/gravures/fournisseur=711,I-KONIC / I-KONIC Blue Clear / I-KONIC Transitions TM Gen S®,4   IK,1.74,ORG,NOVACEL,2025-06-13 13:25:23.223333
2573,https://www.france-optique.com/gravures/fournisseur=2217,PERSPECTIVE Trivex Transitions 8 Brun et Gris,"P
1.53 T8",1.53,TVX TRANS,K OPTICAL,2025-06-13 13:25:24.400000
2574,https://www.france-optique.com/gravures/fournisseur=2217,PERSPECTIVE Trivex Transitions Xtractive Gris,"P
1.53 XT",1.53,TVX TRANS,K OPTICAL,2025-06-13 13:25:24.456666
2575,https://www.france-optique.com/gravures/fournisseur=2217,Kléra 1.74 Kromatic BLUE/KUT SE Brun et Gris,"K
1.74 KB",1.74,ORG PHO,K OPTICAL,2025-06-13 13:25:24.506666
2576,https://www.france-optique.com/gravures/fournisseur=2217,Kléra Polycarbonate Transitions 8 Style,"K = 19 mm
Ks = 16 mm",1.59,POLY TRANS,K OPTICAL,2025-06-13 13:25:24.560000
2577,https://www.france-optique.com/gravures/fournisseur=2217,Kléra Polycarbonate Transitions Xtractive Gris,"K
PC XT",1.59,POLY TRANS,K OPTICAL,2025-06-13 13:25:24.613333
2578,https://www.france-optique.com/gravures/fournisseur=2217,K Office 1.74,"O 
1.74",1.74,ORG,K OPTICAL,2025-06-13 13:25:24.666666
2579,https://www.france-optique.com/gravures/fournisseur=2217,K Office 1.74 BLUE/KUT SE,"O 
1.74 BK",1.74,ORG,K OPTICAL,2025-06-13 13:25:24.723333
2580,https://www.france-optique.com/gravures/fournisseur=2217,K Office 1.74 Kromatic BLUE/KUT SE Brun et Gris,"O 
1.74 KB",1.74,ORG PHO,K OPTICAL,2025-06-13 13:25:24.780000
2581,https://www.france-optique.com/gravures/fournisseur=2217,"K Office 1.74 Transitions 8 Brun, Gris et Vert","O 
1.74 T8",1.74,ORG TRANS,K OPTICAL,2025-06-13 13:25:24.833333
2582,https://www.france-optique.com/gravures/fournisseur=2217,K Room 1.74,"R
1.74",1.74,ORG,K OPTICAL,2025-06-13 13:25:24.890000
2583,https://www.france-optique.com/gravures/fournisseur=2217,K Room 1.74 BLUE/KUT SE,"R 
1.74 BK",1.74,ORG,K OPTICAL,2025-06-13 13:25:24.950000
2584,https://www.france-optique.com/gravures/fournisseur=2217,K Room 1.74 Kromatic BLUE/KUT SE Brun et Gris,"R 
1.74 KB",1.74,ORG PHO,K OPTICAL,2025-06-13 13:25:25.006666
2585,https://www.france-optique.com/gravures/fournisseur=2217,"K Room 1.74 Transitions 8 Brun, Gris et Vert","R 
1.74 T8",1.74,ORG TRANS,K OPTICAL,2025-06-13 13:25:25.070000
2586,https://www.france-optique.com/gravures/fournisseur=2217,K Desk 1.74,"D
1.74",1.74,ORG,K OPTICAL,2025-06-13 13:25:25.130000
2587,https://www.france-optique.com/gravures/fournisseur=2217,K Desk 1.74 BLUE/KUT SE,"D
1.74 BK",1.74,ORG,K OPTICAL,2025-06-13 13:25:25.183333
2588,https://www.france-optique.com/gravures/fournisseur=2217,K Desk 1.74 Kromatic BLUE/KUT SE Brun et Gris,"D 
1.74 KB",1.74,ORG PHO,K OPTICAL,2025-06-13 13:25:25.233333
2589,https://www.france-optique.com/gravures/fournisseur=2217,"K Desk 1.74 Transitions 8 Brun, Gris et Vert","D 
1.74 T8",1.74,ORG TRANS,K OPTICAL,2025-06-13 13:25:25.283333
2590,https://www.france-optique.com/gravures/fournisseur=2217,K Repos 1.5 Transitions Xtractive Polarisant,"1.50  
XTP",1.5,ORG TRANS POLA,K OPTICAL,2025-06-13 13:25:25.340000
2591,https://www.france-optique.com/gravures/fournisseur=2217,K Repos 1.6 Transitions Xtractive Polarisant,1.60   XTP,1.6,ORG TRANS POLA,K OPTICAL,2025-06-13 13:25:25.400000
2592,https://www.france-optique.com/gravures/fournisseur=2217,K Repos 1.67 Transitions Xtractive Polarisant,1.67   XTP,1.67,ORG TRANS POLY,K OPTICAL,2025-06-13 13:25:25.453333
2593,https://www.france-optique.com/gravures/fournisseur=2217,K Repos Polycarbonate Transitions Xtractive Polarisant,1.59   XTP,1.59,POLY TRANS POLA,K OPTICAL,2025-06-13 13:25:25.510000
2594,https://www.france-optique.com/gravures/fournisseur=2217,Kléra 1.5 Transitions Xtractive Polarisant,1.50   XTP,1.5,ORG TRANS POLA,K OPTICAL,2025-06-13 13:25:25.566666
2595,https://www.france-optique.com/gravures/fournisseur=2217,Kléra Plus Evo 1.5 Transitions Xtractive Polarisant,1.50   XTP,1.5,ORG TRANS POLA,K OPTICAL,2025-06-13 13:25:25.620000
2596,https://www.france-optique.com/gravures/fournisseur=2217,Kléra Plus Evo 1.6 Transitions Xtractive Polarisant,1.60   XTP,1.6,ORG TRANS POLA,K OPTICAL,2025-06-13 13:25:25.673333
2597,https://www.france-optique.com/gravures/fournisseur=2217,Kléra Plus Evo 1.67 Transitions Xtractive Polarisant,1.67   XTP,1.67,ORG TRANS POLA,K OPTICAL,2025-06-13 13:25:25.733333
2598,https://www.france-optique.com/gravures/fournisseur=2217,Kléra Plus Evo Polycarbonate Transitions Xtractive Polarisant,1.59   XTP,1.59,POLY TRANS POLA,K OPTICAL,2025-06-13 13:25:25.790000
2599,https://www.france-optique.com/gravures/fournisseur=2217,K Bifo Invisible 1.5 Transitions Xtractive Polarisant,1.50 XTP,1.5,ORG TRANS POLA,K OPTICAL,2025-06-13 13:25:25.843333
2600,https://www.france-optique.com/gravures/fournisseur=2217,K Bifo Invisible Polycarbonate Transitions Xtractive Polarisant,PC XTP,1.59,POLY TRANS POLA,K OPTICAL,2025-06-13 13:25:25.900000
2601,https://www.france-optique.com/gravures/fournisseur=2217,K Bifo Invisible 1.6 Transitions Xtractive Polarisant,1.60   XTP,1.6,ORG TRANS POLA,K OPTICAL,2025-06-13 13:25:25.960000
2602,https://www.france-optique.com/gravures/fournisseur=2217,K Bifo Invisible 1.67 Transitions Xtractive Polarisant,1.67 XTP,1.67,ORG TRANS POLA,K OPTICAL,2025-06-13 13:25:26.020000
2603,https://www.france-optique.com/gravures/fournisseur=2217,Perspective 1.5 Transitions Xtractive Polarisant,1.50 XTP,1.5,ORG TRANS POLA,K OPTICAL,2025-06-13 13:25:26.080000
2604,https://www.france-optique.com/gravures/fournisseur=2217,Perspective 1.6 Transitions Xtractive Polarisant,1.60 XTP,1.6,ORG TRANS POLA,K OPTICAL,2025-06-13 13:25:26.133333
2605,https://www.france-optique.com/gravures/fournisseur=2217,Perspective 1.67 Transitions Xtractive Polarisant,1.67 XTP,1.67,ORG TRANS POLA,K OPTICAL,2025-06-13 13:25:26.186666
2606,https://www.france-optique.com/gravures/fournisseur=2217,Perspective Polycarbonate Transitions Xtractive Polarisant,PC XTP,1.59,POLY TRANS POLA,K OPTICAL,2025-06-13 13:25:26.240000
2607,https://www.france-optique.com/gravures/fournisseur=2217,Kléra HD Platinium 1.5 Transitions Xtractive Polarisant,1.50 XTP,1.5,ORG TRANS POLA,K OPTICAL,2025-06-13 13:25:26.296666
2608,https://www.france-optique.com/gravures/fournisseur=2217,Kléra HD Platinium 1.6 Transitions Xtractive Polarisant,1.60 XTP,1.6,ORG TRANS POLA,K OPTICAL,2025-06-13 13:25:26.356666
2609,https://www.france-optique.com/gravures/fournisseur=2217,Kléra HD Platinium 1.67 Transitions Xtractive Polarisant,1.67 XTP,1.67,ORG TRANS POLA,K OPTICAL,2025-06-13 13:25:26.420000
2610,https://www.france-optique.com/gravures/fournisseur=2217,Kléra HD Platinium Polycarbonate Transitions Xtractive Polarisant,PC XTP,1.59,POLY TRANS POLA,K OPTICAL,2025-06-13 13:25:26.473333
2611,https://www.france-optique.com/gravures/fournisseur=2217,Kléra Sport 1.5 Transitions Xtractive Polarisant,1.50   XTP,1.5,ORG TRANS POLA,K OPTICAL,2025-06-13 13:25:26.533333
2612,https://www.france-optique.com/gravures/fournisseur=2217,Kléra Sport 1.6 Transitions Xtractive Polarisant,1.60   XTP,1.6,ORG TRANS POLA,K OPTICAL,2025-06-13 13:25:26.593333
2613,https://www.france-optique.com/gravures/fournisseur=2217,Kléra Sport 1.67 Transitions Xtractive Polarisant,1.67   XTP,1.67,ORG TRANS POLA,K OPTICAL,2025-06-13 13:25:26.650000
2614,https://www.france-optique.com/gravures/fournisseur=2217,Kléra Sport Polycarbonate Transitions Xtractive Polarisant,1.59   XTP,1.59,POLY TRANS POLA,K OPTICAL,2025-06-13 13:25:26.713333
2615,https://www.france-optique.com/gravures/fournisseur=2217,K Platinium Polycarbonate Transitions Xtractive Polarisant,1.50   XTP,1.59,POLY TRANS POLA,K OPTICAL,2025-06-13 13:25:26.760000
2616,https://www.france-optique.com/gravures/fournisseur=2217,K Platinium 1.5 Transitions Xtractive Polarisant,1.50   XTP,1.5,ORG TRANS POLA,K OPTICAL,2025-06-13 13:25:26.816666
2617,https://www.france-optique.com/gravures/fournisseur=2217,K Platinium 1.6 Transitions Xtractive Polarisant,1.60   XTP,1.6,ORG TRANS POLA,K OPTICAL,2025-06-13 13:25:26.866666
2618,https://www.france-optique.com/gravures/fournisseur=2217,K Platinium 1.67 Transitions Xtractive Polarisant,1.67   XTP,1.67,ORG TRANS POLA,K OPTICAL,2025-06-13 13:25:26.926666
2619,https://www.france-optique.com/gravures/fournisseur=2217,K Sport 1.5 Transitions Xtractive Polarisant,1.50   XTP,1.5,ORG TRANS POLA,K OPTICAL,2025-06-13 13:25:26.980000
2620,https://www.france-optique.com/gravures/fournisseur=561,SeeMax Sports AP,,1.6,ORG,NIKON VERRES OPTIQUES,2025-06-13 13:25:27.056666
2621,https://www.france-optique.com/gravures/fournisseur=521,Varilux XR track Airwear et Airwear Transitions,https://si.france-optique.com/img/gravures/nasal/web_1797-XRtrackP.tif.jpg,1.59,ORG,Fournisseur : ESSILOR FR ...,2025-06-13 13:25:27.190000
2622,https://www.france-optique.com/gravures/fournisseur=521,Varilux XR track Ormix et Ormix Transitions,https://si.france-optique.com/img/gravures/nasal/web_1794-XRTrack6.tif.jpg,1.6,ORG,Fournisseur : ESSILOR FR ...,2025-06-13 13:25:27.323333
2623,https://www.france-optique.com/gravures/fournisseur=521,Varilux XR track Stylis et Stylis Transitions,https://si.france-optique.com/img/gravures/nasal/web_1795-XRtrack67.tif.jpg,1.67,ORG,Fournisseur : ESSILOR FR ...,2025-06-13 13:25:27.433333
2624,https://www.france-optique.com/gravures/fournisseur=521,Varilux XR track Lineis et Lineis Transitions,https://si.france-optique.com/img/gravures/nasal/web_1796-XRTrack74.tif.jpg,1.74,ORG,Fournisseur : ESSILOR FR ...,2025-06-13 13:25:27.543333
2625,https://www.france-optique.com/gravures/fournisseur=521,Varilux XR pro Orma et Orma Transitions,https://si.france-optique.com/img/gravures/nasal/web_1788-XRPro5.tif.jpg,1.5,ORG,Fournisseur : ESSILOR FR ...,2025-06-13 13:25:27.666666
2626,https://www.france-optique.com/gravures/fournisseur=521,Varilux XR pro Airwear et Airwear Transitions,https://si.france-optique.com/img/gravures/nasal/web_1792-XRProP.tif.jpg,1.59,ORG,Fournisseur : ESSILOR FR ...,2025-06-13 13:25:27.780000
2627,https://www.france-optique.com/gravures/fournisseur=521,Varilux XR pro Ormix et Ormix Transitions,https://si.france-optique.com/img/gravures/nasal/web_1789-XRPro6.tif.jpg,1.6,ORG,Fournisseur : ESSILOR FR ...,2025-06-13 13:25:27.900000
2628,https://www.france-optique.com/gravures/fournisseur=521,Varilux XR pro Stylis et Stylis Transitions,https://si.france-optique.com/img/gravures/nasal/web_1790-XRPro67.tif.jpg,1.67,ORG,Fournisseur : ESSILOR FR ...,2025-06-13 13:25:28.006666
2629,https://www.france-optique.com/gravures/fournisseur=521,Varilux XR pro Lineis et Lineis Transitions,https://si.france-optique.com/img/gravures/nasal/web_1791-XRPro74.tif.jpg,1.74,ORG,Fournisseur : ESSILOR FR ...,2025-06-13 13:25:28.126666
2630,https://www.france-optique.com/gravures/fournisseur=521,Varilux XR pro Eye Protect System Orma,https://si.france-optique.com/img/gravures/nasal/web_1788-XRPro5.tif.jpg,1.5,ORG,Fournisseur : ESSILOR FR ...,2025-06-13 13:25:28.240000
2631,https://www.france-optique.com/gravures/fournisseur=521,Varilux XR pro Eye Protect System Airwear,https://si.france-optique.com/img/gravures/nasal/web_1792-XRProP.tif.jpg,1.59,ORG,Fournisseur : ESSILOR FR ...,2025-06-13 13:25:28.370000
2632,https://www.france-optique.com/gravures/fournisseur=521,Varilux XR pro Eye Protect System Ormix,https://si.france-optique.com/img/gravures/nasal/web_1789-XRPro6.tif.jpg,1.6,ORG,Fournisseur : ESSILOR FR ...,2025-06-13 13:25:28.490000
2633,https://www.france-optique.com/gravures/fournisseur=521,Varilux XR pro Eye Protect System Stylis,https://si.france-optique.com/img/gravures/nasal/web_1790-XRPro67.tif.jpg,1.67,ORG,Fournisseur : ESSILOR FR ...,2025-06-13 13:25:28.616666
2634,https://www.france-optique.com/gravures/fournisseur=521,Varilux XR pro Eye Protect System Lineis,https://si.france-optique.com/img/gravures/nasal/web_1791-XRPro74.tif.jpg,1.74,ORG,Fournisseur : ESSILOR FR ...,2025-06-13 13:25:28.733333
2635,https://www.france-optique.com/gravures/fournisseur=521,Varilux XR 4D Orma et Orma Transitions,https://si.france-optique.com/img/gravures/nasal/web_1783-XRDesign5.tif.jpg,1.5,ORG,Fournisseur : ESSILOR FR ...,2025-06-13 13:25:28.860000
2636,https://www.france-optique.com/gravures/fournisseur=521,Varilux XR 4D Airwear et Airwear Transitions,https://si.france-optique.com/img/gravures/nasal/web_1787-XRDesignP.tif.jpg,1.59,ORG,Fournisseur : ESSILOR FR ...,2025-06-13 13:25:28.990000
2637,https://www.france-optique.com/gravures/fournisseur=521,Varilux XR 4D Ormix et Ormix Transitions,https://si.france-optique.com/img/gravures/nasal/web_1784-XRDesign6.tif.jpg,1.6,ORG,Fournisseur : ESSILOR FR ...,2025-06-13 13:25:29.110000
2638,https://www.france-optique.com/gravures/fournisseur=521,Varilux XR 4D Stylis et Stylis Transitions,https://si.france-optique.com/img/gravures/nasal/web_1785-XRDesign67.tif.jpg,1.67,ORG,Fournisseur : ESSILOR FR ...,2025-06-13 13:25:29.230000
2639,https://www.france-optique.com/gravures/fournisseur=521,Varilux XR 4D Lineis et Lineis Transitions,https://si.france-optique.com/img/gravures/nasal/web_1786-XRDesign74.tif.jpg,1.74,ORG,Fournisseur : ESSILOR FR ...,2025-06-13 13:25:29.373333
2640,https://www.france-optique.com/gravures/fournisseur=521,Varilux XR 4D Eye Protect System Orma,https://si.france-optique.com/img/gravures/nasal/web_1783-XRDesign5.tif.jpg,1.5,ORG,Fournisseur : ESSILOR FR ...,2025-06-13 13:25:29.493333
2641,https://www.france-optique.com/gravures/fournisseur=521,Varilux XR 4D Eye Protect System Airwear,https://si.france-optique.com/img/gravures/nasal/web_1787-XRDesignP.tif.jpg,1.59,ORG,Fournisseur : ESSILOR FR ...,2025-06-13 13:25:29.616666
2642,https://www.france-optique.com/gravures/fournisseur=521,Varilux XR 4D Eye Protect System Ormix,https://si.france-optique.com/img/gravures/nasal/web_1784-XRDesign6.tif.jpg,1.6,ORG,Fournisseur : ESSILOR FR ...,2025-06-13 13:25:29.733333
2643,https://www.france-optique.com/gravures/fournisseur=521,Varilux XR 4D Eye Protect System Stylis,https://si.france-optique.com/img/gravures/nasal/web_1785-XRDesign67.tif.jpg,1.67,ORG,Fournisseur : ESSILOR FR ...,2025-06-13 13:25:29.863333
2644,https://www.france-optique.com/gravures/fournisseur=521,Varilux XR 4D Eye Protect System Lineis,https://si.france-optique.com/img/gravures/nasal/web_1786-XRDesign74.tif.jpg,1.74,ORG,Fournisseur : ESSILOR FR ...,2025-06-13 13:25:29.983333
2645,https://www.france-optique.com/gravures/fournisseur=521,Essilor Symphony Activ FIT Orma et Orma Transitions,https://si.france-optique.com/img/gravures/nasal/web_2024-gravure_symphony_activ%20fit_Ormix%20A5.tif.jpg,1.5,ORG,Fournisseur : ESSILOR FR ...,2025-06-13 13:25:30.076666
2646,https://www.france-optique.com/gravures/fournisseur=521,Essilor Symphony Activ FIT Airwear et Airwear Transition,https://si.france-optique.com/img/gravures/nasal/web_2023-gravure_symphony_activ%20fit_Airwear.tif.jpg,1.59,ORG,Fournisseur : ESSILOR FR ...,2025-06-13 13:25:30.196666
2647,https://www.france-optique.com/gravures/fournisseur=521,Essilor Symphony Activ FIT Ormix et Ormix Transitions,https://si.france-optique.com/img/gravures/nasal/web_2025-gravure_symphony_activ%20fit_Ormix.tif.jpg,1.6,ORG,Fournisseur : ESSILOR FR ...,2025-06-13 13:25:30.283333
2648,https://www.france-optique.com/gravures/fournisseur=521,Essilor Symphony Activ FIT Stylis et Stylis Transitions,https://si.france-optique.com/img/gravures/nasal/web_2026-gravure_symphony_activ%20fit_Stylis.tif.jpg,1.67,ORG,Fournisseur : ESSILOR FR ...,2025-06-13 13:25:30.393333
2649,https://www.france-optique.com/gravures/fournisseur=521,Essilor Symphony Activ FIT Lineis et Lineis Transitions,https://si.france-optique.com/img/gravures/nasal/web_2027-gravure_symphony_activ_fit_Lineis.tif.jpg,1.74,ORG,Fournisseur : ESSILOR FR ...,2025-06-13 13:25:30.490000
2650,https://www.france-optique.com/gravures/fournisseur=521,Varilux Physio extensee Orma et Orma Transitions,https://si.france-optique.com/img/gravures/nasal/web_2038-Symbole%20extensee%20Gravure-5.tif.jpg,1.5,ORG,Fournisseur : ESSILOR FR ...,2025-06-13 13:25:30.596666
2651,https://www.france-optique.com/gravures/fournisseur=521,Varilux Physio extensee Airwear et Airwear Transitions,https://si.france-optique.com/img/gravures/nasal/web_2041-Symbole%20extensee%20Gravure-P.tif.jpg,1.59,ORG,Fournisseur : ESSILOR FR ...,2025-06-13 13:25:30.720000
2652,https://www.france-optique.com/gravures/fournisseur=521,Varilux Physio extensee Ormix et Ormix Transitions,https://si.france-optique.com/img/gravures/nasal/web_2039-Symbole%20extensee%20Gravure-6.tif.jpg,1.6,ORG,Fournisseur : ESSILOR FR ...,2025-06-13 13:25:30.850000
2653,https://www.france-optique.com/gravures/fournisseur=521,Varilux Physio extensee Stylis et Stylis Transitions,https://si.france-optique.com/img/gravures/nasal/web_2042-Symbole%20extensee%20Gravure-Pi.tif.jpg,1.67,ORG,Fournisseur : ESSILOR FR ...,2025-06-13 13:25:30.953333
2654,https://www.france-optique.com/gravures/fournisseur=521,Varilux Physio extensee Lineis et Lineis Transitions,https://si.france-optique.com/img/gravures/nasal/web_2040-Symbole%20extensee%20Gravure-74.tif.jpg,1.74,ORG,Fournisseur : ESSILOR FR ...,2025-06-13 13:25:31.060000
2655,https://www.france-optique.com/gravures/fournisseur=521,Varilux Physio extensee Short Orma et Orma Transitions,https://si.france-optique.com/img/gravures/nasal/web_2038-Symbole%20extensee%20Gravure-5.tif.jpg,1.5,ORG,Fournisseur : ESSILOR FR ...,2025-06-13 13:25:31.176666
2656,https://www.france-optique.com/gravures/fournisseur=521,Varilux Physio extensee Short Airwear et Airwear Transitions,https://si.france-optique.com/img/gravures/nasal/web_2041-Symbole%20extensee%20Gravure-P.tif.jpg,1.59,ORG,Fournisseur : ESSILOR FR ...,2025-06-13 13:25:31.290000
2657,https://www.france-optique.com/gravures/fournisseur=521,Varilux Physio extensee Short Ormix et Ormix Transitions,https://si.france-optique.com/img/gravures/nasal/web_2039-Symbole%20extensee%20Gravure-6.tif.jpg,1.6,ORG,Fournisseur : ESSILOR FR ...,2025-06-13 13:25:31.420000
2658,https://www.france-optique.com/gravures/fournisseur=521,Varilux Physio extensee Short Stylis et Stylis Transitions,https://si.france-optique.com/img/gravures/nasal/web_2042-Symbole%20extensee%20Gravure-Pi.tif.jpg,1.67,ORG,Fournisseur : ESSILOR FR ...,2025-06-13 13:25:31.526666
2659,https://www.france-optique.com/gravures/fournisseur=521,Varilux Physio extensee Short Lineis et Lineis Transitions,https://si.france-optique.com/img/gravures/nasal/web_2040-Symbole%20extensee%20Gravure-74.tif.jpg,1.74,ORG,Fournisseur : ESSILOR FR ...,2025-06-13 13:25:31.650000
2660,https://www.france-optique.com/gravures/fournisseur=521,Varilux Physio extensee FIT Orma et Orma Transitions,https://si.france-optique.com/img/gravures/nasal/web_2038-Symbole%20extensee%20Gravure-5.tif.jpg,1.5,ORG,Fournisseur : ESSILOR FR ...,2025-06-13 13:25:31.760000
2661,https://www.france-optique.com/gravures/fournisseur=521,Varilux Physio extensee FIT Airwear et Airwear Transitions,https://si.france-optique.com/img/gravures/nasal/web_2041-Symbole%20extensee%20Gravure-P.tif.jpg,1.59,ORG,Fournisseur : ESSILOR FR ...,2025-06-13 13:25:31.880000
2662,https://www.france-optique.com/gravures/fournisseur=521,Varilux Physio extensee FIT Ormix et Ormix Transitions,https://si.france-optique.com/img/gravures/nasal/web_2039-Symbole%20extensee%20Gravure-6.tif.jpg,1.6,ORG,Fournisseur : ESSILOR FR ...,2025-06-13 13:25:32.016666
2664,https://www.france-optique.com/gravures/fournisseur=711,INOVIS OPTIMA / INOVIS OPTIMA UV Clear / INOVIS OPTIMA Blue Clear / INOVIS OPTIMA Transitions TM Gen S® / INOVIS OPTIMA Transitions TM XTRActive® / INOVIS OPTIMA polarisant / INOVIS OPTIMA Drivewear® polarisant photochromique,IN,1.5,ORG,NOVACEL,2025-06-13 13:25:32.136666
2665,https://www.france-optique.com/gravures/fournisseur=711,INOVIS OPTIMA Trivex® / INOVIS OPTIMA Trivex® Blue Clear / INOVIS OPTIMA Trivex® Transitions TM Gen S® / INOVIS OPTIMA Trivex® Transitions TM XTRActive® / INOVIS OPTIMA Trivex® polarisant,T   IN,1.53,TVX,NOVACEL,2025-06-13 13:25:32.203333
2666,https://www.france-optique.com/gravures/fournisseur=711,INOVIS OPTIMA / INOVIS OPTIMA Transitions TM Gen S® / INOVIS OPTIMA Transitions TM XTRActive® / INOVIS OPTIMA polarisant / INOVIS OPTIMA Drivewear® polarisant photochromique,P   IN,1.59,POLY,NOVACEL,2025-06-13 13:25:32.256666
2667,https://www.france-optique.com/gravures/fournisseur=711,INOVIS OPTIMA / INOVIS OPTIMA UV Clear / INOVIS OPTIMA Blue Clear / INOVIS OPTIMA Transitions TM Gen S® / INOVIS OPTIMA Transitions TM XTRActive® / INOVIS OPTIMA polarisant,2   IN,1.6,ORG,NOVACEL,2025-06-13 13:25:32.313333
2668,https://www.france-optique.com/gravures/fournisseur=711,INOVIS OPTIMA / INOVIS OPTIMA Blue Clear / INOVIS OPTIMA Transitions TM Gen S® / INOVIS OPTIMA Transitions TM XTRActive® / INOVIS OPTIMA polarisant,3   IN,1.67,ORG,NOVACEL,2025-06-13 13:25:32.373333
2669,https://www.france-optique.com/gravures/fournisseur=711,INOVIS OPTIMA / INOVIS OPTIMA Blue Clear / INOVIS OPTIMA Transitions TM Gen S® / INOVIS OPTIMA Transitions TM XTRActive®,4   IN,1.74,ORG,NOVACEL,2025-06-13 13:25:32.430000
2670,https://www.france-optique.com/gravures/fournisseur=711,SYNCHRONA Kids / SYNCHRONA Kids Blue Clear / SYNCHRONA Kids polarisant,https://si.france-optique.com/img/gravures/nasal/web_423-nas-novacel-41.tif.jpg,1.5,ORG,NOVACEL,2025-06-13 13:25:32.540000
2671,https://www.france-optique.com/gravures/fournisseur=711,SYNCHRONA Kids Trivex® / SYNCHRONA Kids Trivex® Blue Clear / SYNCHRONA Kids Trivex® polarisant,https://si.france-optique.com/img/gravures/nasal/web_1041-nas-novacel-66.tif.jpg,1.53,TVX,NOVACEL,2025-06-13 13:25:32.680000
2672,https://www.france-optique.com/gravures/fournisseur=711,SYNCHRONA Kids / SYNCHRONA Kids polarisant,https://si.france-optique.com/img/gravures/nasal/web_1040-nas-novacel-65.tif.jpg,1.59,POLY,NOVACEL,2025-06-13 13:25:32.810000
2673,https://www.france-optique.com/gravures/fournisseur=711,SYNCHRONA Kids / SYNCHRONA Kids Blue Clear / SYNCHRONA Kids polarisant,https://si.france-optique.com/img/gravures/nasal/web_1039-nas-novacel-64.tif.jpg,1.6,ORG,NOVACEL,2025-06-13 13:25:32.920000
2674,https://www.france-optique.com/gravures/fournisseur=711,SYNCHRONA Kids / SYNCHRONA Kids Blue Clear / SYNCHRONA Kids polarisant,https://si.france-optique.com/img/gravures/nasal/web_1037-nas-novacel-62.tif.jpg,1.67,ORG,NOVACEL,2025-06-13 13:25:33.066666
2675,https://www.france-optique.com/gravures/fournisseur=711,SYNCHRONA Kids - SYNCHRONA Kids Blue Clear,https://si.france-optique.com/img/gravures/nasal/web_1038-nas-novacel-63.tif.jpg,1.74,ORG,NOVACEL,2025-06-13 13:25:33.206666
2676,https://www.france-optique.com/gravures/fournisseur=711,OLOGRAM Size / OLOGRAM Size UV Clear / OLOGRAM Size Blue Clear / OLOGRAM Size Transitions TM Gen S® / OLOGRAM Size polarisant,GRs,1.5,ORG,NOVACEL,2025-06-13 13:25:33.263333
2677,https://www.france-optique.com/gravures/fournisseur=711,OLOGRAM Size / OLOGRAM Size Transitions TM Gen S® / OLOGRAM Size polarisant,P   GRs,1.59,POLY,NOVACEL,2025-06-13 13:25:33.323333
2678,https://www.france-optique.com/gravures/fournisseur=711,OLOGRAM Size / OLOGRAM Size UV Clear / OLOGRAM Size Blue Clear / OLOGRAM Size Transitions TM Gen S® / OLOGRAM Size polarisant,2   GRs,1.6,ORG,NOVACEL,2025-06-13 13:25:33.376666
2679,https://www.france-optique.com/gravures/fournisseur=711,OLOGRAM Size / OLOGRAM Size Blue Clear / OLOGRAM Size Transitions TM Gen S® / OLOGRAM Size polarisant,3   GRs,1.67,ORG,NOVACEL,2025-06-13 13:25:33.440000
2680,https://www.france-optique.com/gravures/fournisseur=711,OLOGRAM Size / OLOGRAM Size Blue Clear / OLOGRAM Size Transitions TM Gen S®,4   GRs,1.74,ORG,NOVACEL,2025-06-13 13:25:33.496666
2681,https://www.france-optique.com/gravures/fournisseur=711,OLOGRAM / OLOGRAM UV Clear / OLOGRAM Blue Clear / OLOGRAM Transitions TM Gen S® / OLOGRAM polarisant,GR,1.5,ORG,NOVACEL,2025-06-13 13:25:33.560000
2682,https://www.france-optique.com/gravures/fournisseur=711,OLOGRAM Micros / OLOGRAM Micros UV Clear / OLOGRAM Micros Blue Clear / OLOGRAM Micros Transitions TM Gen S® / OLOGRAM Micros polarisant,GRm,1.5,ORG,NOVACEL,2025-06-13 13:25:33.620000
2683,https://www.france-optique.com/gravures/fournisseur=711,OLOGRAM SUPERCHROMIC,1   GR,1.56,ORG,NOVACEL,2025-06-13 13:25:33.676666
2684,https://www.france-optique.com/gravures/fournisseur=711,OLOGRAM Micros SUPERCHROMIC,1   GRm,1.56,ORG,NOVACEL,2025-06-13 13:25:33.736666
2685,https://www.france-optique.com/gravures/fournisseur=711,OLOGRAM / OLOGRAM Transitions TM Gen S® / OLOGRAM polarisant,P   GR,1.59,POLY,NOVACEL,2025-06-13 13:25:33.796666
2686,https://www.france-optique.com/gravures/fournisseur=711,OLOGRAM Micros / OLOGRAM Micros Transitions TM Gen S® / OLOGRAM Micros polarisant,P   GRm,1.59,POLY,NOVACEL,2025-06-13 13:25:33.853333
2687,https://www.france-optique.com/gravures/fournisseur=711,OLOGRAM / OLOGRAM UV Clear / OLOGRAM Blue Clear / OLOGRAM Transitions TM Gen S® / OLOGRAM polarisant,2   GR,1.6,ORG,NOVACEL,2025-06-13 13:25:33.910000
2688,https://www.france-optique.com/gravures/fournisseur=711,OLOGRAM Micros / OLOGRAM Micros UV Clear / OLOGRAM Micros Blue Clear / OLOGRAM Micros Transitions TM Gen S® / OLOGRAM Micros polarisant,2   GRm,1.6,ORG,NOVACEL,2025-06-13 13:25:33.963333
2689,https://www.france-optique.com/gravures/fournisseur=711,OLOGRAM / OLOGRAM Blue Clear / OLOGRAM Transitions TM Gen S® / OLOGRAM polarisant,3   GR,1.67,ORG,NOVACEL,2025-06-13 13:25:34.016666
2690,https://www.france-optique.com/gravures/fournisseur=711,OLOGRAM Micros / OLOGRAM Micros Blue Clear / OLOGRAM Micros Transitions TM Gen S® / OLOGRAM Micros polarisant,3   GRm,1.67,ORG,NOVACEL,2025-06-13 13:25:34.073333
2691,https://www.france-optique.com/gravures/fournisseur=711,OLOGRAM / OLOGRAM Blue Clear / OLOGRAM Transitions TM Gen S®,4    GR,1.74,ORG,NOVACEL,2025-06-13 13:25:34.130000
2692,https://www.france-optique.com/gravures/fournisseur=711,OLOGRAM Micros / OLOGRAM Micros Blue Clear / OLOGRAM Micros Transitions TM Gen S®,4   GRm,1.74,ORG,NOVACEL,2025-06-13 13:25:34.183333
2693,https://www.france-optique.com/gravures/fournisseur=711,I.M.S / I.M.S Transitions TM Gen S®,https://si.france-optique.com/img/gravures/nasal/web_369-nas-novacel-34.tif.jpg,1.5,ORG,NOVACEL,2025-06-13 13:25:34.313333
2694,https://www.france-optique.com/gravures/fournisseur=711,I.M.S Micros,,1.5,ORG,NOVACEL,2025-06-13 13:25:34.386666
2695,https://www.france-optique.com/gravures/fournisseur=711,I.M.S Micros Transitions TM Gen S®,https://si.france-optique.com/img/gravures/nasal/web_369-nas-novacel-34.tif.jpg,1.5,ORG,NOVACEL,2025-06-13 13:25:34.520000
2696,https://www.france-optique.com/gravures/fournisseur=711,I.M.S / I.M.S Transitions TM Gen S®,2,1.6,ORG,NOVACEL,2025-06-13 13:25:34.580000
2697,https://www.france-optique.com/gravures/fournisseur=711,I.M.S Micros / I.M.S Micros Transitions TM Gen S®,2,1.6,ORG,NOVACEL,2025-06-13 13:25:34.640000
2698,https://www.france-optique.com/gravures/fournisseur=711,I.M.S / I.M.S Micros - I.M.S Micros Transitions TM Gen S®,3,1.67,ORG,NOVACEL,2025-06-13 13:25:34.693333
2699,https://www.france-optique.com/gravures/fournisseur=711,I.M.S,,1.74,ORG,NOVACEL,2025-06-13 13:25:34.760000
2700,https://www.france-optique.com/gravures/fournisseur=711,I.M.S / I.M.S Photomatic,,1.5,MIN,NOVACEL,2025-06-13 13:25:34.826666
2701,https://www.france-optique.com/gravures/fournisseur=711,I.M.S / I.M.S Photomatic,H,1.6,MIN,NOVACEL,2025-06-13 13:25:34.880000
2702,https://www.france-optique.com/gravures/fournisseur=711,I.M.S,H7,1.7,MIN,NOVACEL,2025-06-13 13:25:34.936666
2703,https://www.france-optique.com/gravures/fournisseur=711,I.M.S,,1.8,MIN,NOVACEL,2025-06-13 13:25:35.013333
2704,https://www.france-optique.com/gravures/fournisseur=711,Elite Néo / Elite Néo UV Clear / Elite Néo Blue Clear / Elite Néo Transitions TM Gen S®,EN,1.5,ORG,NOVACEL,2025-06-13 13:25:35.066666
2705,https://www.france-optique.com/gravures/fournisseur=711,Elite Néo Micros / Elite Néo Micros UV Clear / Elite Néo Micros Blue Clear / Elite Néo Micros Transitions TM Gen S®,ENm,1.5,ORG,NOVACEL,2025-06-13 13:25:35.120000
2706,https://www.france-optique.com/gravures/fournisseur=711,Elite Néo / Elite Néo Transitions TM Gen S®,P   EN,1.59,POLY,NOVACEL,2025-06-13 13:25:35.173333
2707,https://www.france-optique.com/gravures/fournisseur=711,Elite Néo Micros / Elite Néo Micros Transitions TM Gen S®,P   ENm,1.59,POLY,NOVACEL,2025-06-13 13:25:35.230000
2708,https://www.france-optique.com/gravures/fournisseur=711,Elite Néo / Elite Néo UV Clear / Elite Néo Blue Clear / Elite Néo Transitions TM Gen S®,2   EN,1.6,ORG,NOVACEL,2025-06-13 13:25:35.290000
2709,https://www.france-optique.com/gravures/fournisseur=711,Elite Néo Micros / Elite Néo Micros UV Clear / Elite Néo Micros Blue Clear / Elite Néo Micros Transitions TM Gen S®,2   ENm,1.6,ORG,NOVACEL,2025-06-13 13:25:35.350000
2710,https://www.france-optique.com/gravures/fournisseur=711,Elite Néo / Elite Néo Blue Clear / Elite Néo Transitions TM Gen S®,3   EN,1.67,ORG,NOVACEL,2025-06-13 13:25:35.410000
2748,https://www.france-optique.com/gravures/fournisseur=561,Presio Elevate Z 12/14,PEL Z N12/N14,1.5,ORG,NIKON VERRES OPTIQUES,2025-06-13 13:25:36.340000
2749,https://www.france-optique.com/gravures/fournisseur=561,Presio Elevate Z 12/14,PEL Z N32/N34,1.6,ORG,NIKON VERRES OPTIQUES,2025-06-13 13:25:36.400000
2750,https://www.france-optique.com/gravures/fournisseur=561,Presio Elevate Z 12/14,PEL Z N42/N44,1.67,ORG,NIKON VERRES OPTIQUES,2025-06-13 13:25:36.453333
2751,https://www.france-optique.com/gravures/fournisseur=561,Presio Elevate Z 12/14,PEL Z N52/N54,1.74,ORG,NIKON VERRES OPTIQUES,2025-06-13 13:25:36.506666
2752,https://www.france-optique.com/gravures/fournisseur=2217,K Sport 1.6 Transitions Xtractive Polarisant,1.60   XTP,1.6,ORG TRANS POLA,K OPTICAL,2025-06-13 13:25:36.560000
2753,https://www.france-optique.com/gravures/fournisseur=2217,K Sport 1.67 Transitions Xtractive Polarisant,1.67   XTP,1.67,ORG TRANS POLA,K OPTICAL,2025-06-13 13:25:36.616666
2754,https://www.france-optique.com/gravures/fournisseur=2217,K Sport Polycarbonate Transitions Xtractive Polarisant,1.59   XTP,1.59,POLY TRANS POLA,K OPTICAL,2025-06-13 13:25:36.673333
2755,https://www.france-optique.com/gravures/fournisseur=2217,K Bifo Invisible 1.5,1.50,1.5,ORG,K OPTICAL,2025-06-13 13:25:36.730000
2756,https://www.france-optique.com/gravures/fournisseur=2217,K Bifo Invisible 1.5 BLUE/KUT SE,1.50 BK,1.5,ORG,K OPTICAL,2025-06-13 13:25:36.786666
2757,https://www.france-optique.com/gravures/fournisseur=2217,K Bifo Invisible 1.5 Kromatic,1.50 K,1.5,ORG PHO,K OPTICAL,2025-06-13 13:25:36.846666
2758,https://www.france-optique.com/gravures/fournisseur=2217,K Bifo Invisible 1.5 Kromatic BLUE/KUT SE,1.50 BK,1.5,ORG PHO,K OPTICAL,2025-06-13 13:25:36.900000
2759,https://www.france-optique.com/gravures/fournisseur=2217,K Bifo Invisible 1.5 Transitions 8,1.50 T8,1.5,ORG TRANS,K OPTICAL,2025-06-13 13:25:36.963333
2760,https://www.france-optique.com/gravures/fournisseur=2217,K Bifo Invisible 1.5 Transitions 8 Style,1.50 TS,1.5,ORG TRANS,K OPTICAL,2025-06-13 13:25:37.023333
2761,https://www.france-optique.com/gravures/fournisseur=2217,K Bifo Invisible 1.5 Transitions Xtractive,1.50 XT,1.5,ORG TRANS,K OPTICAL,2025-06-13 13:25:37.083333
2762,https://www.france-optique.com/gravures/fournisseur=2217,K Bifo Invisible 1.5 Polarisant uni et dégradé,1.50 POL,1.5,ORG POLA,K OPTICAL,2025-06-13 13:25:37.140000
2763,https://www.france-optique.com/gravures/fournisseur=2217,K Bifo Invisible Trivex,1.53,1.53,TVX,K OPTICAL,2025-06-13 13:25:37.196666
2764,https://www.france-optique.com/gravures/fournisseur=2217,K Bifo Invisible Trivex BLUE/KUT SE,1.53 BK,1.53,TVX,K OPTICAL,2025-06-13 13:25:37.243333
2765,https://www.france-optique.com/gravures/fournisseur=2217,K Bifo Invisible Trivex Transitions 8,1.53 T8,1.53,TVX TRANS,K OPTICAL,2025-06-13 13:25:37.300000
2766,https://www.france-optique.com/gravures/fournisseur=2217,K Bifo Invisible Trivex Transitions Xtractive,1.53 XT,1.53,ORG TRANS,K OPTICAL,2025-06-13 13:25:37.350000
2767,https://www.france-optique.com/gravures/fournisseur=2217,K Bifo Invisible Trivex Polarisant,1.53 POL,1.53,TVX POLA,K OPTICAL,2025-06-13 13:25:37.400000
2768,https://www.france-optique.com/gravures/fournisseur=2217,K Bifo Invisible Polycarbonate,PC,1.59,POLY,K OPTICAL,2025-06-13 13:25:37.453333
2769,https://www.france-optique.com/gravures/fournisseur=2217,K Bifo Invisible Polycarbonate BLUE/KUT SE,PC BK,1.59,POLY,K OPTICAL,2025-06-13 13:25:37.510000
2770,https://www.france-optique.com/gravures/fournisseur=2217,K Bifo Invisible Polycarbonate Kromatic BLUE/KUT SE,PC KB,1.59,POLY PHO,K OPTICAL,2025-06-13 13:25:37.566666
2771,https://www.france-optique.com/gravures/fournisseur=2217,K Bifo Invisible Polycarbonate Transitions 8,PC T8,1.59,POLY TRANS,K OPTICAL,2025-06-13 13:25:37.626666
2772,https://www.france-optique.com/gravures/fournisseur=2217,K Bifo Invisible Polycarbonate Transitions 8 Style,PC TS,1.59,POLY TRANS,K OPTICAL,2025-06-13 13:25:37.683333
2773,https://www.france-optique.com/gravures/fournisseur=2217,K Bifo Invisible Polycarbonate Transitions  Xtractive,PC XT,1.59,POLY TRANS,K OPTICAL,2025-06-13 13:25:37.736666
2774,https://www.france-optique.com/gravures/fournisseur=521,Varilux Physio extensee FIT Stylis et Stylis Transitions,https://si.france-optique.com/img/gravures/nasal/web_2042-Symbole%20extensee%20Gravure-Pi.tif.jpg,1.67,ORG,Fournisseur : ESSILOR FR ...,2025-06-13 13:25:37.876666
2775,https://www.france-optique.com/gravures/fournisseur=521,Varilux Physio extensee FIT Lineis et Lineis Transitions,https://si.france-optique.com/img/gravures/nasal/web_2040-Symbole%20extensee%20Gravure-74.tif.jpg,1.74,ORG,Fournisseur : ESSILOR FR ...,2025-06-13 13:25:37.980000
2776,https://www.france-optique.com/gravures/fournisseur=521,Varilux Physio extensee track Orma et Orma Transitions,https://si.france-optique.com/img/gravures/nasal/web_2043-Symbole%20Track%20Gravure-5.tif.jpg,1.5,ORG,Fournisseur : ESSILOR FR ...,2025-06-13 13:25:38.103333
2777,https://www.france-optique.com/gravures/fournisseur=521,Varilux Physio extensee track Airwear et Airwear Transitions,https://si.france-optique.com/img/gravures/nasal/web_2046-Symbole%20Track%20Gravure-P.tif.jpg,1.59,ORG,Fournisseur : ESSILOR FR ...,2025-06-13 13:25:38.210000
2778,https://www.france-optique.com/gravures/fournisseur=521,Varilux Physio extensee track Ormix et Ormix Transitions,https://si.france-optique.com/img/gravures/nasal/web_2044-Symbole%20Track%20Gravure-6.tif.jpg,1.6,ORG,Fournisseur : ESSILOR FR ...,2025-06-13 13:25:38.316666
2779,https://www.france-optique.com/gravures/fournisseur=521,Varilux Physio extensee track Stylis et Stylis Transitions,https://si.france-optique.com/img/gravures/nasal/web_2047-Symbole%20Track%20Gravure-Pi.tif.jpg,1.67,ORG,Fournisseur : ESSILOR FR ...,2025-06-13 13:25:38.426666
2780,https://www.france-optique.com/gravures/fournisseur=521,Varilux Physio extensee track Lineis et Lineis Transitions,https://si.france-optique.com/img/gravures/nasal/web_2045-Symbole%20Track%20Gravure-74.tif.jpg,1.74,ORG,Fournisseur : ESSILOR FR ...,2025-06-13 13:25:38.530000
2781,https://www.france-optique.com/gravures/fournisseur=521,Varilux Physio extensee Eye Protect System Orma,https://si.france-optique.com/img/gravures/nasal/web_2038-Symbole%20extensee%20Gravure-5.tif.jpg,1.5,ORG,Fournisseur : ESSILOR FR ...,2025-06-13 13:25:38.640000
2782,https://www.france-optique.com/gravures/fournisseur=521,Varilux Physio extensee Eye Protect System Airwear,https://si.france-optique.com/img/gravures/nasal/web_2041-Symbole%20extensee%20Gravure-P.tif.jpg,1.59,ORG,Fournisseur : ESSILOR FR ...,2025-06-13 13:25:38.750000
2783,https://www.france-optique.com/gravures/fournisseur=521,Varilux Physio extensee Eye Protect System Ormix,https://si.france-optique.com/img/gravures/nasal/web_2039-Symbole%20extensee%20Gravure-6.tif.jpg,1.6,ORG,Fournisseur : ESSILOR FR ...,2025-06-13 13:25:38.870000
2784,https://www.france-optique.com/gravures/fournisseur=521,Varilux Physio extensee Eye Protect System Stylis,https://si.france-optique.com/img/gravures/nasal/web_2042-Symbole%20extensee%20Gravure-Pi.tif.jpg,1.67,ORG,Fournisseur : ESSILOR FR ...,2025-06-13 13:25:38.996666
2785,https://www.france-optique.com/gravures/fournisseur=521,Varilux Physio extensee Eye Protect System Lineis,https://si.france-optique.com/img/gravures/nasal/web_2040-Symbole%20extensee%20Gravure-74.tif.jpg,1.74,ORG,Fournisseur : ESSILOR FR ...,2025-06-13 13:25:39.103333
2786,https://www.france-optique.com/gravures/fournisseur=521,Varilux Physio extensee Short Eye Protect System Orma,https://si.france-optique.com/img/gravures/nasal/web_2038-Symbole%20extensee%20Gravure-5.tif.jpg,1.5,ORG,Fournisseur : ESSILOR FR ...,2025-06-13 13:25:39.240000
2787,https://www.france-optique.com/gravures/fournisseur=521,Varilux Physio extensee Short Eye Protect System Airwear,https://si.france-optique.com/img/gravures/nasal/web_2041-Symbole%20extensee%20Gravure-P.tif.jpg,1.59,ORG,Fournisseur : ESSILOR FR ...,2025-06-13 13:25:39.346666
2788,https://www.france-optique.com/gravures/fournisseur=521,Varilux Physio extensee Short Eye Protect System Ormix,https://si.france-optique.com/img/gravures/nasal/web_2039-Symbole%20extensee%20Gravure-6.tif.jpg,1.6,ORG,Fournisseur : ESSILOR FR ...,2025-06-13 13:25:39.466666
2789,https://www.france-optique.com/gravures/fournisseur=521,Varilux Physio extensee Short Eye Protect System Stylis,https://si.france-optique.com/img/gravures/nasal/web_2042-Symbole%20extensee%20Gravure-Pi.tif.jpg,1.67,ORG,Fournisseur : ESSILOR FR ...,2025-06-13 13:25:39.580000
2790,https://www.france-optique.com/gravures/fournisseur=521,Varilux Physio extensee Short Eye Protect System Lineis,https://si.france-optique.com/img/gravures/nasal/web_2040-Symbole%20extensee%20Gravure-74.tif.jpg,1.74,ORG,Fournisseur : ESSILOR FR ...,2025-06-13 13:25:39.683333
2791,https://www.france-optique.com/gravures/fournisseur=711,Elite Néo Micros / Elite Néo Micros Blue Clear / Elite Néo Micros Transitions TM Gen S®,3   ENm,1.67,ORG,NOVACEL,2025-06-13 13:25:39.756666
2792,https://www.france-optique.com/gravures/fournisseur=711,Elite Néo / Elite Néo Blue Clear / Elite Néo Transitions TM Gen S®,4   EN,1.74,ORG,NOVACEL,2025-06-13 13:25:39.810000
2793,https://www.france-optique.com/gravures/fournisseur=711,Elite Néo Micros / Elite Néo Micros Blue Clear / Elite Néo Micros Transitions TM Gen S®,4   ENm,1.74,ORG,NOVACEL,2025-06-13 13:25:39.866666
2794,https://www.france-optique.com/gravures/fournisseur=711,Elite-Vista Perfect,EV,1.5,ORG,NOVACEL,2025-06-13 13:25:39.923333
2795,https://www.france-optique.com/gravures/fournisseur=711,Elite-Vista Micros Perfect,EVm,1.5,ORG,NOVACEL,2025-06-13 13:25:39.976666
2796,https://www.france-optique.com/gravures/fournisseur=711,Elite-Vista Perfect,2   EV,1.6,ORG,NOVACEL,2025-06-13 13:25:40.030000
2812,https://www.france-optique.com/gravures/fournisseur=2395,Ophtalmic B-FIT 174,BF,1.74,ORG,OPHTALMIC COMPAGNIE,2025-06-13 13:25:40.433333
2813,https://www.france-optique.com/gravures/fournisseur=2395,Ophtalmic B-FIT 167,BF,1.67,ORG,OPHTALMIC COMPAGNIE,2025-06-13 13:25:40.500000
2814,https://www.france-optique.com/gravures/fournisseur=2395,Ophtalmic B-FIT 167 Nupolar,BF,1.67,ORG,OPHTALMIC COMPAGNIE,2025-06-13 13:25:40.553333
2815,https://www.france-optique.com/gravures/fournisseur=2395,Ophtalmic B-FIT 160,BF,1.6,ORG,OPHTALMIC COMPAGNIE,2025-06-13 13:25:40.610000
2816,https://www.france-optique.com/gravures/fournisseur=2395,Ophtalmic B-FIT 160 Nupolar,BF,1.6,ORG,OPHTALMIC COMPAGNIE,2025-06-13 13:25:40.663333
2817,https://www.france-optique.com/gravures/fournisseur=2395,Ophtalmic B-FIT Poly,BF,1.59,POLY,OPHTALMIC COMPAGNIE,2025-06-13 13:25:40.720000
2818,https://www.france-optique.com/gravures/fournisseur=2395,Ophtalmic B-FIT Poly Nupolar,BF,1.59,POLY,OPHTALMIC COMPAGNIE,2025-06-13 13:25:40.776666
2819,https://www.france-optique.com/gravures/fournisseur=2395,Ophtalmic B-FIT Poly Drivewear,BF,1.59,POLY,OPHTALMIC COMPAGNIE,2025-06-13 13:25:40.833333
2820,https://www.france-optique.com/gravures/fournisseur=2395,Ophtalmic B-FIT Trilogy,BF,1.53,TVX,OPHTALMIC COMPAGNIE,2025-06-13 13:25:40.893333
2821,https://www.france-optique.com/gravures/fournisseur=2395,Ophtalmic B-FIT 150,BF,1.5,ORG,OPHTALMIC COMPAGNIE,2025-06-13 13:25:40.950000
2822,https://www.france-optique.com/gravures/fournisseur=2395,Ophtalmic B-FIT 150 Nupolar,BF,1.5,ORG,OPHTALMIC COMPAGNIE,2025-06-13 13:25:41.003333
2823,https://www.france-optique.com/gravures/fournisseur=2395,Ophtalmic B-FIT 150 Drivewear,BF,1.5,ORG,OPHTALMIC COMPAGNIE,2025-06-13 13:25:41.063333
2824,https://www.france-optique.com/gravures/fournisseur=2395,Ophtalmic Eyes3 174,E3 ou E3S ou E3XS,1.74,ORG,OPHTALMIC COMPAGNIE,2025-06-13 13:25:41.116666
2825,https://www.france-optique.com/gravures/fournisseur=2395,Ophtalmic Eyes3 167,E3 ou E3S ou E3XS,1.67,ORG,OPHTALMIC COMPAGNIE,2025-06-13 13:25:41.166666
2826,https://www.france-optique.com/gravures/fournisseur=2395,Ophtalmic Eyes3 167 Sunlite,E3 ou E3S ou E3XS,1.67,ORG,OPHTALMIC COMPAGNIE,2025-06-13 13:25:41.220000
2827,https://www.france-optique.com/gravures/fournisseur=2395,Ophtalmic Eyes3 160,E3 ou E3S ou E3XS,1.6,ORG,OPHTALMIC COMPAGNIE,2025-06-13 13:25:41.270000
2828,https://www.france-optique.com/gravures/fournisseur=2395,Ophtalmic Eyes3 160 Sunlite,E3 ou E3S ou E3XS,1.6,ORG,OPHTALMIC COMPAGNIE,2025-06-13 13:25:41.330000
2829,https://www.france-optique.com/gravures/fournisseur=2395,Ophtalmic Eyes3 160 PolarPlus,E3 ou E3S ou E3XS,1.6,ORG,OPHTALMIC COMPAGNIE,2025-06-13 13:25:41.386666
2830,https://www.france-optique.com/gravures/fournisseur=2395,Ophtalmic Eyes3 Poly,E3 ou E3S ou E3XS,1.59,POLY,OPHTALMIC COMPAGNIE,2025-06-13 13:25:41.436666
2831,https://www.france-optique.com/gravures/fournisseur=2395,Ophtalmic Eyes3 Poly Nupolar,E3 ou E3S ou E3XS,1.59,POLY,OPHTALMIC COMPAGNIE,2025-06-13 13:25:41.490000
2832,https://www.france-optique.com/gravures/fournisseur=2395,Ophtalmic Eyes3 154 Sunlite,E3 ou E3S ou E3XS,1.54,ORG,OPHTALMIC COMPAGNIE,2025-06-13 13:25:41.550000
2833,https://www.france-optique.com/gravures/fournisseur=2395,Ophtalmic Eyes3 Trilogy,E3 ou E3S ou E3XS,1.53,TVX,OPHTALMIC COMPAGNIE,2025-06-13 13:25:41.610000
2834,https://www.france-optique.com/gravures/fournisseur=2395,Ophtalmic Eyes3 150,E3 ou E3S ou E3XS,1.5,ORG,OPHTALMIC COMPAGNIE,2025-06-13 13:25:41.663333
2835,https://www.france-optique.com/gravures/fournisseur=2395,Ophtalmic Eyes3 150 Acclimates,E3 ou E3S ou E3XS,1.5,ORG,OPHTALMIC COMPAGNIE,2025-06-13 13:25:41.726666
2836,https://www.france-optique.com/gravures/fournisseur=2395,Ophtalmic Eyes3 150 PolarPlus,E3 ou E3S ou E3XS,1.5,ORG,OPHTALMIC COMPAGNIE,2025-06-13 13:25:41.776666
2837,https://www.france-optique.com/gravures/fournisseur=2395,Ophtalmic Eyes3 150 Nupolar,E3 ou E3S ou E3XS,1.5,ORG,OPHTALMIC COMPAGNIE,2025-06-13 13:25:41.833333
2838,https://www.france-optique.com/gravures/fournisseur=2395,Ophtalmic Eyes3 150 Drivewear,E3 ou E3S ou E3XS,1.5,ORG,OPHTALMIC COMPAGNIE,2025-06-13 13:25:41.886666
2839,https://www.france-optique.com/gravures/fournisseur=2395,Ophtalmic Kinetic HR+ 167,K ou KS,1.67,ORG,OPHTALMIC COMPAGNIE,2025-06-13 13:25:41.940000
2840,https://www.france-optique.com/gravures/fournisseur=2395,Ophtalmic Kinetic HR+ 167 Sunlite,K ou KS,1.67,ORG,OPHTALMIC COMPAGNIE,2025-06-13 13:25:41.993333
2841,https://www.france-optique.com/gravures/fournisseur=2395,Ophtalmic Kinetic HR+ 160,K ou KS,1.6,ORG,OPHTALMIC COMPAGNIE,2025-06-13 13:25:42.050000
2842,https://www.france-optique.com/gravures/fournisseur=2395,Ophtalmic Kinetic HR+ 160 Sunlite,K ou KS,1.6,ORG,OPHTALMIC COMPAGNIE,2025-06-13 13:25:42.103333
2843,https://www.france-optique.com/gravures/fournisseur=2395,Ophtalmic Kinetic HR+ 160 PolarPlus,K ou KS,1.6,ORG,OPHTALMIC COMPAGNIE,2025-06-13 13:25:42.160000
2844,https://www.france-optique.com/gravures/fournisseur=2395,Ophtalmic Kinetic HR+ Poly,K ou KS,1.59,POLY,OPHTALMIC COMPAGNIE,2025-06-13 13:25:42.213333
2845,https://www.france-optique.com/gravures/fournisseur=2395,Ophtalmic Kinetic HR+ 154 Sunlite,K ou KS,1.54,ORG,OPHTALMIC COMPAGNIE,2025-06-13 13:25:42.256666
2846,https://www.france-optique.com/gravures/fournisseur=2395,Ophtalmic Kinetic HR+ 150,K ou KS,1.5,ORG,OPHTALMIC COMPAGNIE,2025-06-13 13:25:42.310000
2847,https://www.france-optique.com/gravures/fournisseur=2395,Ophtalmic Kinetic HR+ 150 PolarPlus,K ou KS,1.5,ORG,OPHTALMIC COMPAGNIE,2025-06-13 13:25:42.370000
2848,https://www.france-optique.com/gravures/fournisseur=2395,Ophtalmic Kinetic HR+ 150 Nupolar,K ou KS,1.5,ORG,OPHTALMIC COMPAGNIE,2025-06-13 13:25:42.423333
2849,https://www.france-optique.com/gravures/fournisseur=2395,Ophtalmic Kinetic HR+ 150 Acclimates,K ou KS,1.5,ORG,OPHTALMIC COMPAGNIE,2025-06-13 13:25:42.476666
2850,https://www.france-optique.com/gravures/fournisseur=2395,Ophtalmic Kinetic HR+ Sun,K ou KS,1.5,ORG,OPHTALMIC COMPAGNIE,2025-06-13 13:25:42.530000
2851,https://www.france-optique.com/gravures/fournisseur=2395,Ophtalmic Spacio 167,SP-S ou SP,1.67,ORG,OPHTALMIC COMPAGNIE,2025-06-13 13:25:42.590000
2852,https://www.france-optique.com/gravures/fournisseur=2395,Ophtalmic Spacio 167 Sunlite,SP-S ou SP,1.67,ORG,OPHTALMIC COMPAGNIE,2025-06-13 13:25:42.643333
2853,https://www.france-optique.com/gravures/fournisseur=2395,Ophtalmic Spacio 160,SP-S ou SP,1.6,ORG,OPHTALMIC COMPAGNIE,2025-06-13 13:25:42.696666
2854,https://www.france-optique.com/gravures/fournisseur=2395,Ophtalmic Spacio 160 Sunlite,SP-S ou SP,1.6,ORG,OPHTALMIC COMPAGNIE,2025-06-13 13:25:42.746666
2855,https://www.france-optique.com/gravures/fournisseur=2395,Ophtalmic Spacio Poly,SP-S ou SP,1.59,POLY,OPHTALMIC COMPAGNIE,2025-06-13 13:25:42.800000
2856,https://www.france-optique.com/gravures/fournisseur=2395,Ophtalmic Spacio 154 Sunlite,SP-S ou SP,1.54,ORG,OPHTALMIC COMPAGNIE,2025-06-13 13:25:42.850000
2857,https://www.france-optique.com/gravures/fournisseur=2395,Ophtalmic Spacio 150,SP-S ou SP,1.5,ORG,OPHTALMIC COMPAGNIE,2025-06-13 13:25:42.906666
2858,https://www.france-optique.com/gravures/fournisseur=2395,Ophtalmic B-FIT 174 Cozylens,BF,1.74,ORG,OPHTALMIC COMPAGNIE,2025-06-13 13:25:42.960000
2859,https://www.france-optique.com/gravures/fournisseur=2395,Ophtalmic B-FIT 167 Cozylens,BF,1.67,ORG,OPHTALMIC COMPAGNIE,2025-06-13 13:25:43.013333
2860,https://www.france-optique.com/gravures/fournisseur=2395,Ophtalmic B-FIT 160 Cozylens,BF,1.6,ORG,OPHTALMIC COMPAGNIE,2025-06-13 13:25:43.070000
2861,https://www.france-optique.com/gravures/fournisseur=2395,Ophtalmic B-FIT 150 Cozylens,BF,1.5,ORG,OPHTALMIC COMPAGNIE,2025-06-13 13:25:43.123333
2862,https://www.france-optique.com/gravures/fournisseur=2395,Ophtalmic Eyes3 174 Cozylens,E3 ou E3S ou E3XS,1.74,ORG,OPHTALMIC COMPAGNIE,2025-06-13 13:25:43.180000
2863,https://www.france-optique.com/gravures/fournisseur=2395,Ophtalmic Eyes3 167 Cozylens,E3 ou E3S ou E3XS,1.67,ORG,OPHTALMIC COMPAGNIE,2025-06-13 13:25:43.236666
2864,https://www.france-optique.com/gravures/fournisseur=2395,Ophtalmic Eyes3 160 Cozylens,E3 ou E3S ou E3XS,1.6,ORG,OPHTALMIC COMPAGNIE,2025-06-13 13:25:43.290000
2865,https://www.france-optique.com/gravures/fournisseur=2395,Ophtalmic Eyes3 150 Cozylens,E3 ou E3S ou E3XS,1.5,ORG,OPHTALMIC COMPAGNIE,2025-06-13 13:25:43.350000
2866,https://www.france-optique.com/gravures/fournisseur=2395,Ophtalmic Kinetic HR+ 167 Cozylens,K ou KS,1.67,ORG,OPHTALMIC COMPAGNIE,2025-06-13 13:25:43.410000
2867,https://www.france-optique.com/gravures/fournisseur=2395,Ophtalmic Kinetic HR+ 160 Cozylens,K ou KS,1.6,ORG,OPHTALMIC COMPAGNIE,2025-06-13 13:25:43.463333
2868,https://www.france-optique.com/gravures/fournisseur=2395,Ophtalmic Kinetic HR+ 150 Cozylens,K ou KS,1.5,ORG,OPHTALMIC COMPAGNIE,2025-06-13 13:25:43.523333
2869,https://www.france-optique.com/gravures/fournisseur=2395,Ophtalmic Spacio 167 Cozylens,SP ou SP-S,1.67,ORG,OPHTALMIC COMPAGNIE,2025-06-13 13:25:43.576666
2870,https://www.france-optique.com/gravures/fournisseur=2217,K Bifo Invisible Polycarbone Polarisant,PC POL,1.59,POLY POLA,K OPTICAL,2025-06-13 13:25:43.633333
2871,https://www.france-optique.com/gravures/fournisseur=711,Elite-Vista Micros Perfect,2   EVm,1.6,ORG,NOVACEL,2025-06-13 13:25:43.770000
2872,https://www.france-optique.com/gravures/fournisseur=2395,Ophtalmic Spacio 160 Cozylens,SP ou SP-S,1.6,ORG,OPHTALMIC COMPAGNIE,2025-06-13 13:25:43.826666
2873,https://www.france-optique.com/gravures/fournisseur=2395,Ophtalmic Spacio 150 Cozylens,SP ou SP-S,1.5,ORG,OPHTALMIC COMPAGNIE,2025-06-13 13:25:43.880000
2874,https://www.france-optique.com/gravures/fournisseur=2395,EPSY 167,https://si.france-optique.com/img/gravures/nasal/web_852-oph-com_2019.tif.jpg,1.67,ORG,OPHTALMIC COMPAGNIE,2025-06-13 13:25:43.993333
2875,https://www.france-optique.com/gravures/fournisseur=2395,EPSY 167 Cozylens,https://si.france-optique.com/img/gravures/nasal/web_852-oph-com_2019.tif.jpg,1.67,ORG,OPHTALMIC COMPAGNIE,2025-06-13 13:25:44.116666
2876,https://www.france-optique.com/gravures/fournisseur=2395,EPSY 167 Sunlite,https://si.france-optique.com/img/gravures/nasal/web_852-oph-com_2019.tif.jpg,1.67,ORG,OPHTALMIC COMPAGNIE,2025-06-13 13:25:44.220000
2877,https://www.france-optique.com/gravures/fournisseur=2395,EPSY 160,https://si.france-optique.com/img/gravures/nasal/web_852-oph-com_2019.tif.jpg,1.6,ORG,OPHTALMIC COMPAGNIE,2025-06-13 13:25:44.320000
2878,https://www.france-optique.com/gravures/fournisseur=2395,EPSY 160 Cozylens,https://si.france-optique.com/img/gravures/nasal/web_852-oph-com_2019.tif.jpg,1.6,ORG,OPHTALMIC COMPAGNIE,2025-06-13 13:25:44.420000
2879,https://www.france-optique.com/gravures/fournisseur=2395,EPSY 160 Sunlite,https://si.france-optique.com/img/gravures/nasal/web_852-oph-com_2019.tif.jpg,1.6,ORG,OPHTALMIC COMPAGNIE,2025-06-13 13:25:44.540000
2880,https://www.france-optique.com/gravures/fournisseur=2395,EPSY 160 Sun,https://si.france-optique.com/img/gravures/nasal/web_852-oph-com_2019.tif.jpg,1.6,ORG,OPHTALMIC COMPAGNIE,2025-06-13 13:25:44.636666
2881,https://www.france-optique.com/gravures/fournisseur=2395,EPSY 160 PolarPlus,https://si.france-optique.com/img/gravures/nasal/web_852-oph-com_2019.tif.jpg,1.6,ORG,OPHTALMIC COMPAGNIE,2025-06-13 13:25:44.733333
2882,https://www.france-optique.com/gravures/fournisseur=2395,EPSY POLY,https://si.france-optique.com/img/gravures/nasal/web_852-oph-com_2019.tif.jpg,1.59,POLY,OPHTALMIC COMPAGNIE,2025-06-13 13:25:44.833333
2883,https://www.france-optique.com/gravures/fournisseur=2395,EPSY 150,https://si.france-optique.com/img/gravures/nasal/web_852-oph-com_2019.tif.jpg,1.5,ORG,OPHTALMIC COMPAGNIE,2025-06-13 13:25:44.926666
2884,https://www.france-optique.com/gravures/fournisseur=2395,EPSY 154 Sunlite,https://si.france-optique.com/img/gravures/nasal/web_852-oph-com_2019.tif.jpg,1.54,ORG,OPHTALMIC COMPAGNIE,2025-06-13 13:25:45.036666
2885,https://www.france-optique.com/gravures/fournisseur=2395,EPSY 150 Cozylens,https://si.france-optique.com/img/gravures/nasal/web_852-oph-com_2019.tif.jpg,1.5,ORG,OPHTALMIC COMPAGNIE,2025-06-13 13:25:45.143333
2886,https://www.france-optique.com/gravures/fournisseur=2395,EPSY 150 Sun,https://si.france-optique.com/img/gravures/nasal/web_852-oph-com_2019.tif.jpg,1.5,ORG,OPHTALMIC COMPAGNIE,2025-06-13 13:25:45.250000
2887,https://www.france-optique.com/gravures/fournisseur=2395,EPSY 150 PolarPlus,https://si.france-optique.com/img/gravures/nasal/web_852-oph-com_2019.tif.jpg,1.5,ORG,OPHTALMIC COMPAGNIE,2025-06-13 13:25:45.346666
2888,https://www.france-optique.com/gravures/fournisseur=2395,Premid 160,,1.6,ORG,OPHTALMIC COMPAGNIE,2025-06-13 13:25:45.410000
2889,https://www.france-optique.com/gravures/fournisseur=2395,Premid Poly,,1.59,ORG,OPHTALMIC COMPAGNIE,2025-06-13 13:25:45.480000
2890,https://www.france-optique.com/gravures/fournisseur=2395,Premid 150,,1.5,ORG,OPHTALMIC COMPAGNIE,2025-06-13 13:25:45.550000
2891,https://www.france-optique.com/gravures/fournisseur=2395,Ophtalmic Kinetic HR+ 174,K ou KS,1.74,ORG,OPHTALMIC COMPAGNIE,2025-06-13 13:25:45.603333
2892,https://www.france-optique.com/gravures/fournisseur=2395,EPSY 174,https://si.france-optique.com/img/gravures/nasal/web_852-oph-com_2019.tif.jpg,1.74,ORG,OPHTALMIC COMPAGNIE,2025-06-13 13:25:45.710000
2893,https://www.france-optique.com/gravures/fournisseur=2395,Ophtalmic MIND 174,MI,1.74,ORG,OPHTALMIC COMPAGNIE,2025-06-13 13:25:45.766666
2894,https://www.france-optique.com/gravures/fournisseur=2395,Ophtalmic MIND 174 Cozylens,MI,1.74,ORG,OPHTALMIC COMPAGNIE,2025-06-13 13:25:45.820000
2895,https://www.france-optique.com/gravures/fournisseur=2395,Ophtalmic MIND 174 Transitions GEN 8,MI,1.74,ORG,OPHTALMIC COMPAGNIE,2025-06-13 13:25:45.880000
2896,https://www.france-optique.com/gravures/fournisseur=2395,Ophtalmic MIND 167,MI,1.67,ORG,OPHTALMIC COMPAGNIE,2025-06-13 13:25:45.930000
2897,https://www.france-optique.com/gravures/fournisseur=2395,Ophtalmic MIND 167 Cozylens,MI,1.67,ORG,OPHTALMIC COMPAGNIE,2025-06-13 13:25:45.983333
2898,https://www.france-optique.com/gravures/fournisseur=2395,Ophtalmic MIND 167 Nupolar,MI,1.67,ORG,OPHTALMIC COMPAGNIE,2025-06-13 13:25:46.040000
2899,https://www.france-optique.com/gravures/fournisseur=2395,Ophtalmic MIND 160,MI,1.6,ORG,OPHTALMIC COMPAGNIE,2025-06-13 13:25:46.093333
2900,https://www.france-optique.com/gravures/fournisseur=2395,Ophtalmic MIND 160 Cozylens,MI,1.6,ORG,OPHTALMIC COMPAGNIE,2025-06-13 13:25:46.146666
2901,https://www.france-optique.com/gravures/fournisseur=2395,Ophtalmic MIND 160 Nupolar,MI,1.6,ORG,OPHTALMIC COMPAGNIE,2025-06-13 13:25:46.203333
2902,https://www.france-optique.com/gravures/fournisseur=2395,Ophtalmic MIND Poly,MI,1.59,POLY,OPHTALMIC COMPAGNIE,2025-06-13 13:25:46.253333
2903,https://www.france-optique.com/gravures/fournisseur=2395,Ophtalmic MIND Poly Nupolar,MI,1.59,POLY,OPHTALMIC COMPAGNIE,2025-06-13 13:25:46.310000
2904,https://www.france-optique.com/gravures/fournisseur=2395,Ophtalmic MIND Poly Drivewear,MI,1.59,POLY,OPHTALMIC COMPAGNIE,2025-06-13 13:25:46.363333
2905,https://www.france-optique.com/gravures/fournisseur=2395,Ophtalmic MIND Trilogy,MI,1.53,TVX,OPHTALMIC COMPAGNIE,2025-06-13 13:25:46.420000
2906,https://www.france-optique.com/gravures/fournisseur=2395,Ophtalmic MIND 150 UV 400,MI,1.5,ORG,OPHTALMIC COMPAGNIE,2025-06-13 13:25:46.476666
2907,https://www.france-optique.com/gravures/fournisseur=2395,Ophtalmic MIND 150 Cozylens,MI,1.5,ORG,OPHTALMIC COMPAGNIE,2025-06-13 13:25:46.533333
2908,https://www.france-optique.com/gravures/fournisseur=2395,Ophtalmic MIND 150 Transitions GEN 8-XTRActive - Xtractive Polarized,MI,1.5,ORG,OPHTALMIC COMPAGNIE,2025-06-13 13:25:46.586666
2909,https://www.france-optique.com/gravures/fournisseur=2395,Ophtalmic MIND 150 Nupolar,MI,1.5,ORG,OPHTALMIC COMPAGNIE,2025-06-13 13:25:46.640000
2910,https://www.france-optique.com/gravures/fournisseur=2395,Ophtalmic MIND 150 Drivewear,MI,1.5,ORG,OPHTALMIC COMPAGNIE,2025-06-13 13:25:46.690000
2911,https://www.france-optique.com/gravures/fournisseur=2395,Ophtalmic Kinetic HR+ 150 UV 400,K ou KS,1.5,ORG,OPHTALMIC COMPAGNIE,2025-06-13 13:25:46.743333
2912,https://www.france-optique.com/gravures/fournisseur=2395,Ophtalmic Spacio 150 UV 400,SP ou SP-S,1.5,ORG,OPHTALMIC COMPAGNIE,2025-06-13 13:25:46.796666
2913,https://www.france-optique.com/gravures/fournisseur=2395,Epsy 150 UV 400,https://si.france-optique.com/img/gravures/nasal/web_852-oph-com_2019.tif.jpg,1.5,ORG,OPHTALMIC COMPAGNIE,2025-06-13 13:25:46.910000
2914,https://www.france-optique.com/gravures/fournisseur=2217,K Bifo Invisible 1.6,1.60,1.6,ORG,K OPTICAL,2025-06-13 13:25:46.970000
2915,https://www.france-optique.com/gravures/fournisseur=2217,K Bifo Invisible 1.6 BLUE/KUT SE,1.60 BK,1.6,ORG,K OPTICAL,2025-06-13 13:25:47.026666
2916,https://www.france-optique.com/gravures/fournisseur=2217,K Bifo Invisible 1.6 Kromatic,1.60 K,1.6,ORG PHO,K OPTICAL,2025-06-13 13:25:47.076666
2917,https://www.france-optique.com/gravures/fournisseur=2217,K Bifo Invisible 1.6 Kromatic BLUE/KUT SE,1.60 KB,1.6,ORG PHO,K OPTICAL,2025-06-13 13:25:47.126666
2918,https://www.france-optique.com/gravures/fournisseur=2217,K Bifo Invisible 1.6 Transitions 8,1.60 T8,1.6,ORG TRANS,K OPTICAL,2025-06-13 13:25:47.183333
2919,https://www.france-optique.com/gravures/fournisseur=2217,K Bifo Invisible 1.6 Transitions 8 Style,1.60 TS,1.6,ORG TRANS,K OPTICAL,2025-06-13 13:25:47.240000
2920,https://www.france-optique.com/gravures/fournisseur=2217,K Bifo Invisible 1.6 Transitions Xtractive,1.60 XT,1.6,ORG TRANS,K OPTICAL,2025-06-13 13:25:47.300000
2921,https://www.france-optique.com/gravures/fournisseur=2217,K Bifo Invisible 1.6 Polarisant,1.60 POL,1.6,ORG POLA,K OPTICAL,2025-06-13 13:25:47.350000
2922,https://www.france-optique.com/gravures/fournisseur=2217,K Bifo Invisible 1.67,1.67,1.67,ORG,K OPTICAL,2025-06-13 13:25:47.410000
2923,https://www.france-optique.com/gravures/fournisseur=2217,K Bifo Invisible 1.67 BLUE/KUT SE,1.67 BK,1.67,ORG,K OPTICAL,2025-06-13 13:25:47.470000
2924,https://www.france-optique.com/gravures/fournisseur=2217,K Bifo Invisible 1.67 Kromatic,1.67 K,1.67,ORG PHO,K OPTICAL,2025-06-13 13:25:47.526666
2925,https://www.france-optique.com/gravures/fournisseur=2217,K Bifo Invisible 1.67 Kromatic BLUE/KUT SE,1.67 KB,1.67,ORG PHO,K OPTICAL,2025-06-13 13:25:47.580000
2926,https://www.france-optique.com/gravures/fournisseur=2217,K Bifo Invisible 1.67 Transitions 8,1.67 T8,1.67,ORG TRANS,K OPTICAL,2025-06-13 13:25:47.630000
2927,https://www.france-optique.com/gravures/fournisseur=2217,K Bifo Invisible 1.67 Transitions Xtractive,1.67 XT,1.67,ORG TRANS,K OPTICAL,2025-06-13 13:25:47.683333
2928,https://www.france-optique.com/gravures/fournisseur=2217,K Bifo Invisible 1.67 Transitions 8 Style,1.67 TS,1.67,ORG TRANS,K OPTICAL,2025-06-13 13:25:47.743333
2929,https://www.france-optique.com/gravures/fournisseur=2217,K Bifo Invisible 1.67 Polarisant,1.67 POL,1.67,ORG POLA,K OPTICAL,2025-06-13 13:25:47.793333
2930,https://www.france-optique.com/gravures/fournisseur=2217,K Bifo Invisible 1.74,1.74,1.74,ORG,K OPTICAL,2025-06-13 13:25:47.846666
2931,https://www.france-optique.com/gravures/fournisseur=2217,K Bifo Invisible 1.74 BLUE/KUT SE,1.74 BK,1.74,ORG,K OPTICAL,2025-06-13 13:25:47.903333
2932,https://www.france-optique.com/gravures/fournisseur=2217,K Bifo Invisible 1.74 Kromatic BLUE/KUT SE,1.74 KB,1.74,ORG PHO,K OPTICAL,2025-06-13 13:25:47.956666
2933,https://www.france-optique.com/gravures/fournisseur=2217,K Bifo Invisible 1.74 Transitions 8,1.74 T8,1.74,ORG TRANS,K OPTICAL,2025-06-13 13:25:48.010000
2934,https://www.france-optique.com/gravures/fournisseur=2217,K Myo Kontrol 15,1.50,1.5,ORG,K OPTICAL,2025-06-13 13:25:48.070000
2935,https://www.france-optique.com/gravures/fournisseur=2217,K Myo Kontrol 15 BLUE/KUT SE,1.50   BK,1.5,ORG,K OPTICAL,2025-06-13 13:25:48.126666
2936,https://www.france-optique.com/gravures/fournisseur=2217,K Myo Kontrol Polycarbonate,1.59   PC,1.59,POLY,K OPTICAL,2025-06-13 13:25:48.180000
2937,https://www.france-optique.com/gravures/fournisseur=2217,K Myo Kontrol Polycarbonate BLUE/KUT SE,"1.59
PC BK",1.59,POLY,K OPTICAL,2025-06-13 13:25:48.233333
2938,https://www.france-optique.com/gravures/fournisseur=2217,K Myo Kontrol 16,1.60,1.6,ORG,K OPTICAL,2025-06-13 13:25:48.283333
2939,https://www.france-optique.com/gravures/fournisseur=2217,K Myo Kontrol 16 BLUE/KUT SE,1.60   BK,1.6,ORG,K OPTICAL,2025-06-13 13:25:48.333333
2940,https://www.france-optique.com/gravures/fournisseur=2217,K Myo Kontrol 167,1.67,1.67,ORG,K OPTICAL,2025-06-13 13:25:48.390000
2941,https://www.france-optique.com/gravures/fournisseur=2217,K Myo Kontrol 167 BLUE/KUT SE,1.67   BK,1.67,ORG,K OPTICAL,2025-06-13 13:25:48.450000
2942,https://www.france-optique.com/gravures/fournisseur=2217,K Myo Kontrol 174,1.74,1.74,ORG,K OPTICAL,2025-06-13 13:25:48.503333
2943,https://www.france-optique.com/gravures/fournisseur=2217,K Myo Kontrol 174 BLUE/KUT SE,1.74   BK,1.74,ORG,K OPTICAL,2025-06-13 13:25:48.560000
2945,https://www.france-optique.com/gravures/fournisseur=711,Elite-Vista Perfect,3   EV,1.67,ORG,NOVACEL,2025-06-13 13:25:48.660000
2946,https://www.france-optique.com/gravures/fournisseur=711,Elite-Vista Micros Perfect,3   EVm,1.67,ORG,NOVACEL,2025-06-13 13:25:48.710000
2947,https://www.france-optique.com/gravures/fournisseur=711,Proximum / Proximum UV Clear / Proximum Blue Clear / Proximum Transitions™ Gen S®  / Proximum Transitions™ XTRActive®,PX,1.5,ORG,NOVACEL,2025-06-13 13:25:48.766666
2948,https://www.france-optique.com/gravures/fournisseur=711,Proximum / Proximum UV Clear / Proximum Blue Clear / Proximum Transitions™ Gen S®  / Proximum Transitions™ XTRActive®,2   PX,1.6,ORG,NOVACEL,2025-06-13 13:25:48.820000
2949,https://www.france-optique.com/gravures/fournisseur=711,Proximum / Proximum Blue Clear / Proximum Transitions™ Gen S®  / Proximum Transitions™ XTRActive®,3   PX,1.67,ORG,NOVACEL,2025-06-13 13:25:48.873333
2950,https://www.france-optique.com/gravures/fournisseur=711,Proximum / Proximum Blue Clear / Proximum Transitions™ Gen S®,4   PX,1.74,ORG,NOVACEL,2025-06-13 13:25:48.926666
2951,https://www.france-optique.com/gravures/fournisseur=711,EASY /  EASY UV Clear / EASY Blue Clear / EASY Transitions TM Gen S® /  EASY Transitions TM XTRActive®,Ea,1.5,ORG,NOVACEL,2025-06-13 13:25:48.980000
2952,https://www.france-optique.com/gravures/fournisseur=711,EASY Trivex® / EASY Trivex® Blue Clear / EASY Trivex®Transitions TM Gen S® / EASY Trivex®Transitions TM XTRActive®,T   Ea,1.53,TVX,NOVACEL,2025-06-13 13:25:49.040000
2953,https://www.france-optique.com/gravures/fournisseur=711,EASY / EASY Transitions TM Gen S® / EASY Transitions TM XTRActive®,P   Ea,1.59,POLY,NOVACEL,2025-06-13 13:25:49.096666
2954,https://www.france-optique.com/gravures/fournisseur=711,EASY /  EASY UV Clear / EASY Blue Clear / EASY Transitions TM Gen S® /  EASY Transitions TM XTRActive®,2   Ea,1.6,ORG,NOVACEL,2025-06-13 13:25:49.146666
2955,https://www.france-optique.com/gravures/fournisseur=711,EASY /  EASY Blue Clear / EASY Transitions TM Gen S® /  EASY Transitions TM XTRActive®,3   Ea,1.67,ORG,NOVACEL,2025-06-13 13:25:49.203333
2956,https://www.france-optique.com/gravures/fournisseur=711,EASY / EASY Blue Clear / EASY Transitions TM Gen S®,4   Ea,1.74,ORG,NOVACEL,2025-06-13 13:25:49.253333
2957,https://www.france-optique.com/gravures/fournisseur=711,EASY Select,,1.5,MIN,NOVACEL,2025-06-13 13:25:49.313333
2958,https://www.france-optique.com/gravures/fournisseur=711,EASY IN'CONNECT TAB Blue Clear / EASY IN'CONNECT TAB Transitions TM Gen S® / EASY IN'CONNECT TAB Transitions TM XTRActive®,https://si.france-optique.com/img/gravures/nasal/web_419-nas-novacel-37.tif.jpg,1.5,ORG,NOVACEL,2025-06-13 13:25:49.466666
2959,https://www.france-optique.com/gravures/fournisseur=711,EASY IN'CONNECT PC Blue Clear / EASY IN'CONNECT PC Transitions TM Gen S® /  EASY IN'CONNECT PC Transitions TM XTRActive®,https://si.france-optique.com/img/gravures/nasal/web_420-nas-novacel-38.tif.jpg,1.5,ORG,NOVACEL,2025-06-13 13:25:49.596666
2960,https://www.france-optique.com/gravures/fournisseur=711,EASY IN'CONNECT TV Blue Clear / EASY IN'CONNECT TV Transitions TM Gen S® / EASY IN'CONNECT TV Transitions TM XTRActive,https://si.france-optique.com/img/gravures/nasal/web_421-nas-novacel-39.tif.jpg,1.5,ORG,NOVACEL,2025-06-13 13:25:49.716666
2961,https://www.france-optique.com/gravures/fournisseur=711,EASY IN'CONNECT TAB Blue Clear / EASY IN'CONNECT TAB Transitions TM Gen S® / EASY IN'CONNECT TAB Transitions TM XTRActive®,https://si.france-optique.com/img/gravures/nasal/web_1072-nas-novacel-94.tif.jpg,1.6,ORG,NOVACEL,2025-06-13 13:25:49.830000
2962,https://www.france-optique.com/gravures/fournisseur=711,EASY IN'CONNECT PC Blue Clear / EASY IN'CONNECT PC Transitions TM Gen S® /  EASY IN'CONNECT PC Transitions TM XTRActive®,https://si.france-optique.com/img/gravures/nasal/web_1073-nas-novacel-96.tif.jpg,1.6,ORG,NOVACEL,2025-06-13 13:25:49.960000
2963,https://www.france-optique.com/gravures/fournisseur=711,EASY IN'CONNECT TV Blue Clear / EASY IN'CONNECT TV Transitions TM Gen S® / EASY IN'CONNECT TV Transitions TM XTRActive,https://si.france-optique.com/img/gravures/nasal/web_1076-nas-novacel-98.tif.jpg,1.6,ORG,NOVACEL,2025-06-13 13:25:50.090000
2964,https://www.france-optique.com/gravures/fournisseur=711,EASY IN'CONNECT TAB Blue Clear / EASY IN'CONNECT TAB Transitions TM Gen S® / EASY IN'CONNECT TAB Transitions TM XTRActive®,https://si.france-optique.com/img/gravures/nasal/web_1074-nas-novacel-95.tif.jpg,1.67,ORG,NOVACEL,2025-06-13 13:25:50.210000
2965,https://www.france-optique.com/gravures/fournisseur=711,EASY IN'CONNECT PC Blue Clear / EASY IN'CONNECT PC Transitions TM Gen S® /  EASY IN'CONNECT PC Transitions TM XTRActive®,https://si.france-optique.com/img/gravures/nasal/web_1075-nas-novacel-97.tif.jpg,1.67,ORG,NOVACEL,2025-06-13 13:25:50.330000
2966,https://www.france-optique.com/gravures/fournisseur=711,EASY IN'CONNECT TV Blue Clear / EASY IN'CONNECT TV Transitions TM Gen S® / EASY IN'CONNECT TV Transitions TM XTRActive,https://si.france-optique.com/img/gravures/nasal/web_1077-nas-novacel-99.tif.jpg,1.67,ORG,NOVACEL,2025-06-13 13:25:50.453333
2967,https://www.france-optique.com/gravures/fournisseur=711,NeoPerfect Prime / NeoPerfect Prime UV Clear / NeoPerfect Prime Blue Clear / NeoPerfect Prime Transitions TM Gen S® / NeoPerfect Prime Transitions TM XTRActive® / NeoPerfect Prime polarisant / NeoPerfect Prime polarisant dégradé / NeoPerfect Prime Drivewear® polarisant photochromique,NPP,1.5,ORG,NOVACEL,2025-06-13 13:25:50.506666
2968,https://www.france-optique.com/gravures/fournisseur=711,NeoPerfect Prime Trivex® / NeoPerfect Prime Trivex® Blue Clear / NeoPerfect Prime Trivex® Transitions TM Gen S® / NeoPerfect Prime Trivex® Transitions TM XTRActive® / NeoPerfect Prime Trivex® polarisant,T   NPP,1.53,TVX,NOVACEL,2025-06-13 13:25:50.560000
2969,https://www.france-optique.com/gravures/fournisseur=711,NeoPerfect Prime / NeoPerfect Prime Transitions TM Gen S® / NeoPerfect Prime Trivex® Transitions TM XTRActive® / NeoPerfect Prime polarisant / NeoPerfect Prime Drivewear® polarisant photochromique,P   NPP,1.59,POLY,NOVACEL,2025-06-13 13:25:50.613333
2970,https://www.france-optique.com/gravures/fournisseur=711,NeoPerfect Prime / NeoPerfect Prime UV Clear / NeoPerfect Prime Blue Clear / NeoPerfect Prime Transitions TM Gen S® / NeoPerfect Prime Transitions TM XTRActive® / NeoPerfect Prime polarisant,2   NPP,1.6,ORG,NOVACEL,2025-06-13 13:25:50.666666
2971,https://www.france-optique.com/gravures/fournisseur=711,NeoPerfect Prime / NeoPerfect Prime Blue Clear / NeoPerfect Prime Transitions TM Gen S® / NeoPerfect Prime Transitions TM XTRActive® / NeoPerfect Prime polarisant,3   NPP,1.67,ORG,NOVACEL,2025-06-13 13:25:50.720000
2972,https://www.france-optique.com/gravures/fournisseur=711,NeoPerfect Prime / NeoPerfect Prime Blue Clear / NeoPerfect Prime  Transitions TM Gen S®,4   NPP,1.74,ORG,NOVACEL,2025-06-13 13:25:50.776666
2973,https://www.france-optique.com/gravures/fournisseur=711,NeoPerfect / NeoPerfect UV Clear / NeoPerfect Blue Clear / NeoPerfect Transitions TM Gen S® / NeoPerfect Transitions TM XTRActive® / NeoPerfect polarisant / NeoPerfect polarisant dégradé / NeoPerfect Drivewear® polarisant photochromique,https://si.france-optique.com/img/gravures/nasal/web_369-nas-novacel-34.tif.jpg,1.5,ORG,NOVACEL,2025-06-13 13:25:50.906666
2974,https://www.france-optique.com/gravures/fournisseur=711,NeoPerfect Trivex® / NeoPerfect Trivex® Blue Clear / NeoPerfect Trivex® Transitions TM Gen S® / NeoPerfect Trivex® Transitions TM XTRActive® / NeoPerfect Trivex® polarisant,https://si.france-optique.com/img/gravures/nasal/web_369-nas-novacel-34.tif.jpg,1.53,TVX,NOVACEL,2025-06-13 13:25:51.013333
2975,https://www.france-optique.com/gravures/fournisseur=711,NeoPerfect / NeoPerfect Transitions TM Gen S® / NeoPerfect Trivex® Transitions TM XTRActive® / NeoPerfect polarisant / NeoPerfect Drivewear® polarisant photochromique,https://si.france-optique.com/img/gravures/nasal/web_369-nas-novacel-34.tif.jpg,1.59,POLY,NOVACEL,2025-06-13 13:25:51.136666
2976,https://www.france-optique.com/gravures/fournisseur=711,NeoPerfect / NeoPerfect Blue Clear / NeoPerfect Transitions TM Gen S® / NeoPerfect Transitions TM XTRActive® / NeoPerfect polarisant,https://si.france-optique.com/img/gravures/nasal/web_369-nas-novacel-34.tif.jpg,1.67,ORG,NOVACEL,2025-06-13 13:25:51.260000
2977,https://www.france-optique.com/gravures/fournisseur=711,NeoPerfect / NeoPerfect Blue Clear / NeoPerfect Transitions TM Gen S®,https://si.france-optique.com/img/gravures/nasal/web_369-nas-novacel-34.tif.jpg,1.74,ORG,NOVACEL,2025-06-13 13:25:51.400000
2978,https://www.france-optique.com/gravures/fournisseur=711,NeoPerfect ZEN/  NeoPerfect ZEN UV Clear / NeoPerfect ZEN Blue Clear / NeoPerfect ZEN Transitions TM Gen S® / NeoPerfect ZEN Transitions TM XTRActive®,https://si.france-optique.com/img/gravures/nasal/web_369-nas-novacel-34.tif.jpg,1.5,ORG,NOVACEL,2025-06-13 13:25:51.503333
2979,https://www.france-optique.com/gravures/fournisseur=711,NeoPerfect ZEN Trivex® / NeoPerfect ZEN Trivex® Blue Clear / NeoPerfect ZEN Trivex® Transitions TM Gen S® / NeoPerfect ZEN Trivex® Transitions TM XTRActive®,https://si.france-optique.com/img/gravures/nasal/web_369-nas-novacel-34.tif.jpg,1.53,TVX,NOVACEL,2025-06-13 13:25:51.610000
2980,https://www.france-optique.com/gravures/fournisseur=711,NeoPerfect ZEN / NeoPerfect ZEN Transitions TM Gen S® / NeoPerfect ZEN Transitions TM XTRActive®,https://si.france-optique.com/img/gravures/nasal/web_369-nas-novacel-34.tif.jpg,1.59,POLY,NOVACEL,2025-06-13 13:25:51.713333
2981,https://www.france-optique.com/gravures/fournisseur=711,NeoPerfect ZEN / NeoPerfect ZEN Blue Clear / NeoPerfect ZEN Transitions TM Gen S® / NeoPerfect ZEN Transitions TM XTRActive®,https://si.france-optique.com/img/gravures/nasal/web_369-nas-novacel-34.tif.jpg,1.67,ORG,NOVACEL,2025-06-13 13:25:51.816666
2982,https://www.france-optique.com/gravures/fournisseur=711,NeoPerfect ZEN / NeoPerfect ZEN Blue Clear  / NeoPerfect ZEN Transitions TM Gen S®,https://si.france-optique.com/img/gravures/nasal/web_369-nas-novacel-34.tif.jpg,1.74,ORG,NOVACEL,2025-06-13 13:25:51.950000
2983,https://www.france-optique.com/gravures/fournisseur=711,NeoPerfect SPORT / NeoPerfect SPORT UV Clear / NeoPerfect SPORT Transitions TM Gen S® / NeoPerfect SPORT Transitions TM XTRActive® / NeoPerfect SPORT polarisant / NeoPerfect SPORT Drivewear® polarisant photochromique,https://si.france-optique.com/img/gravures/nasal/web_369-nas-novacel-34.tif.jpg,1.5,ORG,NOVACEL,2025-06-13 13:25:52.080000
2984,https://www.france-optique.com/gravures/fournisseur=711,NeoPerfect SPORT Trivex® / NeoPerfect SPORT Trivex® Transitions TM Gen S® / NeoPerfect SPORT Trivex® Transitions TM XTRActive® / NeoPerfect SPORT Trivex® polarisant,https://si.france-optique.com/img/gravures/nasal/web_369-nas-novacel-34.tif.jpg,1.53,TVX,NOVACEL,2025-06-13 13:25:52.206666
2985,https://www.france-optique.com/gravures/fournisseur=711,NeoPerfect SPORT / NeoPerfect SPORT Transitions TM Gen S® / NeoPerfect SPORT Transitions TM XTRActive® / NeoPerfect SPORT polarisant / NeoPerfect SPORT Drivewear® polarisant photochromique,https://si.france-optique.com/img/gravures/nasal/web_369-nas-novacel-34.tif.jpg,1.59,POLY,NOVACEL,2025-06-13 13:25:52.333333
2986,https://www.france-optique.com/gravures/fournisseur=711,NeoPerfect SPORT / NeoPerfect SPORT UV Clear / NeoPerfect SPORT Transitions TM Gen S® / NeoPerfect SPORT Transitions TM XTRActive® / NeoPerfect SPORT polarisant,https://si.france-optique.com/img/gravures/nasal/web_369-nas-novacel-34.tif.jpg,1.6,ORG,NOVACEL,2025-06-13 13:25:52.456666
2987,https://www.france-optique.com/gravures/fournisseur=711,NeoPerfect SPORT / NeoPerfect SPORT Transitions TM Gen S® / NeoPerfect SPORT Transitions TM XTRActive® / NeoPerfect SPORT polarisant,https://si.france-optique.com/img/gravures/nasal/web_369-nas-novacel-34.tif.jpg,1.67,ORG,NOVACEL,2025-06-13 13:25:52.566666
2988,https://www.france-optique.com/gravures/fournisseur=711,NeoPerfect SPORT - NeoPerfect SPORT Transitions TM Gen S®,https://si.france-optique.com/img/gravures/nasal/web_369-nas-novacel-34.tif.jpg,1.74,ORG,NOVACEL,2025-06-13 13:25:52.686666
2989,https://www.france-optique.com/gravures/fournisseur=711,Fraglens Emotion,https://si.france-optique.com/img/gravures/nasal/web_1061-nas-novacel-83.tif.jpg,1.5,ORG,NOVACEL,2025-06-13 13:25:52.800000
3012,https://www.france-optique.com/gravures/fournisseur=2414,Synchrony progressif Easy View Poly,,1.59,POLY,ZEISS VISION CARE FRANCE,2025-06-13 13:25:53.353333
3013,https://www.france-optique.com/gravures/fournisseur=2414,Synchrony progressif Easy View 1.5,,1.5,ORG,ZEISS VISION CARE FRANCE,2025-06-13 13:25:53.426666
3014,https://www.france-optique.com/gravures/fournisseur=2414,ZEISS progressif Clear 3Dve 1.74,C3e74,1.74,ORG,ZEISS VISION CARE FRANCE,2025-06-13 13:25:53.480000
3015,https://www.france-optique.com/gravures/fournisseur=2414,ZEISS progressif Clear 3Dve 1.67,C3e67,1.67,ORG,ZEISS VISION CARE FRANCE,2025-06-13 13:25:53.533333
3016,https://www.france-optique.com/gravures/fournisseur=2414,ZEISS progressif Clear 3Dve 1.6,C3e60,1.6,ORG,ZEISS VISION CARE FRANCE,2025-06-13 13:25:53.590000
3017,https://www.france-optique.com/gravures/fournisseur=2414,ZEISS progressif Clear 3Dve 1.53,C3e53,1.53,TVX,ZEISS VISION CARE FRANCE,2025-06-13 13:25:53.643333
3018,https://www.france-optique.com/gravures/fournisseur=2414,ZEISS progressif Clear 3Dve 1.5,C3e50,1.5,ORG,ZEISS VISION CARE FRANCE,2025-06-13 13:25:53.696666
3019,https://www.france-optique.com/gravures/fournisseur=2414,ZEISS progressif Clear 3Dv 1.74,C3v74,1.74,ORG,ZEISS VISION CARE FRANCE,2025-06-13 13:25:53.746666
3020,https://www.france-optique.com/gravures/fournisseur=2414,ZEISS progressif Clear 3Dv 1.67,C3v67,1.67,ORG,ZEISS VISION CARE FRANCE,2025-06-13 13:25:53.800000
3021,https://www.france-optique.com/gravures/fournisseur=2414,ZEISS progressif Clear 3Dv 1.6,C3v60,1.6,ORG,ZEISS VISION CARE FRANCE,2025-06-13 13:25:53.850000
3022,https://www.france-optique.com/gravures/fournisseur=2414,ZEISS progressif Clear 3Dv 1.53,C3v53,1.53,TVX,ZEISS VISION CARE FRANCE,2025-06-13 13:25:53.903333
3023,https://www.france-optique.com/gravures/fournisseur=2414,ZEISS progressif Clear 3Dv 1.5,C3v50,1.5,ORG,ZEISS VISION CARE FRANCE,2025-06-13 13:25:53.953333
3024,https://www.france-optique.com/gravures/fournisseur=2414,ZEISS progressif Clear 3D 1.74,C3D74   18,1.74,ORG,ZEISS VISION CARE FRANCE,2025-06-13 13:25:54.010000
3025,https://www.france-optique.com/gravures/fournisseur=2414,ZEISS progressif Clear 3D 1.67,C3D67   18,1.67,ORG,ZEISS VISION CARE FRANCE,2025-06-13 13:25:54.063333
3026,https://www.france-optique.com/gravures/fournisseur=2414,ZEISS progressif Clear 3D 1.6,C3D60   18,1.6,ORG,ZEISS VISION CARE FRANCE,2025-06-13 13:25:54.113333
3027,https://www.france-optique.com/gravures/fournisseur=2414,ZEISS progressif Clear 3D 1.53,C3D53   18,1.53,TVX,ZEISS VISION CARE FRANCE,2025-06-13 13:25:54.163333
3028,https://www.france-optique.com/gravures/fournisseur=2414,ZEISS progressif Clear 3D 1.5,C3D50   18,1.5,ORG,ZEISS VISION CARE FRANCE,2025-06-13 13:25:54.220000
3029,https://www.france-optique.com/gravures/fournisseur=2414,ZEISS progressif Clear 3D 1.74 Short,C3D74   14,1.74,ORG,ZEISS VISION CARE FRANCE,2025-06-13 13:25:54.276666
3030,https://www.france-optique.com/gravures/fournisseur=2414,ZEISS progressif Clear 3D 1.67 Short,C3D67   14,1.67,ORG,ZEISS VISION CARE FRANCE,2025-06-13 13:25:54.326666
3031,https://www.france-optique.com/gravures/fournisseur=2414,ZEISS progressif Clear 3D 1.6 Short,C3D60   14,1.6,ORG,ZEISS VISION CARE FRANCE,2025-06-13 13:25:54.380000
3032,https://www.france-optique.com/gravures/fournisseur=2414,ZEISS progressif Clear 3D Poly Short,C3D59   14,1.59,POLY,ZEISS VISION CARE FRANCE,2025-06-13 13:25:54.436666
3033,https://www.france-optique.com/gravures/fournisseur=2414,ZEISS progressif Clear 3D 1.53 Short,C3D53   14,1.53,TVX,ZEISS VISION CARE FRANCE,2025-06-13 13:25:54.500000
3034,https://www.france-optique.com/gravures/fournisseur=2414,ZEISS progressif Clear 3D 1.5 Short,C3D50   14,1.5,ORG,ZEISS VISION CARE FRANCE,2025-06-13 13:25:54.563333
3035,https://www.france-optique.com/gravures/fournisseur=2414,ZEISS progressif Individual PhotoCare2 1.6,C3 + 60,1.6,ORG,ZEISS VISION CARE FRANCE,2025-06-13 13:25:54.623333
3036,https://www.france-optique.com/gravures/fournisseur=2414,ZEISS progressif Individual PhotoCare2 1.5,C3 + 50,1.5,ORG,ZEISS VISION CARE FRANCE,2025-06-13 13:25:54.676666
3037,https://www.france-optique.com/gravures/fournisseur=2414,ZEISS progressif PhotoCare2 1.6,C3D60,1.6,ORG,ZEISS VISION CARE FRANCE,2025-06-13 13:25:54.736666
3038,https://www.france-optique.com/gravures/fournisseur=2414,ZEISS progressif PhotoCare2 1.5,C3D50,1.5,ORG,ZEISS VISION CARE FRANCE,2025-06-13 13:25:54.786666
3039,https://www.france-optique.com/gravures/fournisseur=2414,ZEISS Digital Lens 50/75/100 1.74,D74,1.74,ORG,ZEISS VISION CARE FRANCE,2025-06-13 13:25:54.840000
3040,https://www.france-optique.com/gravures/fournisseur=2414,ZEISS Digital Lens 50/75/100 1.67,D67,1.67,ORG,ZEISS VISION CARE FRANCE,2025-06-13 13:25:54.890000
3041,https://www.france-optique.com/gravures/fournisseur=2414,ZEISS Digital Lens 50/75/100 1.6,D60,1.6,ORG,ZEISS VISION CARE FRANCE,2025-06-13 13:25:54.943333
3042,https://www.france-optique.com/gravures/fournisseur=2414,ZEISS Digital Lens 50/75/100 Poly,D59,1.59,POLY,ZEISS VISION CARE FRANCE,2025-06-13 13:25:55.000000
3043,https://www.france-optique.com/gravures/fournisseur=2414,ZEISS Digital Lens 50/75/100 1.53,D53,1.53,TVX,ZEISS VISION CARE FRANCE,2025-06-13 13:25:55.056666
3044,https://www.france-optique.com/gravures/fournisseur=2414,ZEISS Digital Lens 50/75/100 1.5,D50,1.5,ORG,ZEISS VISION CARE FRANCE,2025-06-13 13:25:55.113333
3045,https://www.france-optique.com/gravures/fournisseur=2414,ZEISS progressif Classic 1.74,C74,1.74,ORG,ZEISS VISION CARE FRANCE,2025-06-13 13:25:55.166666
3046,https://www.france-optique.com/gravures/fournisseur=2414,ZEISS progressif Classic Short 1.74,c74,1.74,ORG,ZEISS VISION CARE FRANCE,2025-06-13 13:25:55.220000
3047,https://www.france-optique.com/gravures/fournisseur=2414,ZEISS progressif Classic Indivual 1.5,CI50,1.5,ORG,ZEISS VISION CARE FRANCE,2025-06-13 13:25:55.273333
3048,https://www.france-optique.com/gravures/fournisseur=2414,ZEISS progressif Classic Indivual 1.53,CI53,1.53,TVX,ZEISS VISION CARE FRANCE,2025-06-13 13:25:55.333333
3049,https://www.france-optique.com/gravures/fournisseur=2414,ZEISS progressif Classic Indivual 1.6,CI60,1.6,ORG,ZEISS VISION CARE FRANCE,2025-06-13 13:25:55.386666
3050,https://www.france-optique.com/gravures/fournisseur=2414,ZEISS progressif Classic Indivual 1.67,CI67,1.67,ORG,ZEISS VISION CARE FRANCE,2025-06-13 13:25:55.443333
3051,https://www.france-optique.com/gravures/fournisseur=2414,ZEISS progressif Classic Indivual 1.74,CI74,1.74,ORG,ZEISS VISION CARE FRANCE,2025-06-13 13:25:55.503333
3052,https://www.france-optique.com/gravures/fournisseur=2414,ZEISS progressif Classic Indivual Poly,CI59,1.59,POLY,ZEISS VISION CARE FRANCE,2025-06-13 13:25:55.556666
3053,https://www.france-optique.com/gravures/fournisseur=2414,ZEISS unifocal MyoVision ACE 1.5,MCA50,1.5,ORG,ZEISS VISION CARE FRANCE,2025-06-13 13:25:55.610000
3054,https://www.france-optique.com/gravures/fournisseur=2414,ZEISS unifocal MyoVision ACE 1.53,MCA53,1.53,TVX,ZEISS VISION CARE FRANCE,2025-06-13 13:25:55.663333
3055,https://www.france-optique.com/gravures/fournisseur=2414,ZEISS unifocal MyoVision ACE 1.6,MCA60,1.6,ORG,ZEISS VISION CARE FRANCE,2025-06-13 13:25:55.713333
3056,https://www.france-optique.com/gravures/fournisseur=2414,ZEISS unifocal MyoVision ACE 1.67,MCA67,1.67,ORG,ZEISS VISION CARE FRANCE,2025-06-13 13:25:55.770000
3057,https://www.france-optique.com/gravures/fournisseur=2414,ZEISS unifocal MyoVision ACE 1.74,MCA74,1.74,ORG,ZEISS VISION CARE FRANCE,2025-06-13 13:25:55.816666
3058,https://www.france-optique.com/gravures/fournisseur=2414,ZEISS unifocal MyoVision ACE Poly,MCA59,1.59,POLY,ZEISS VISION CARE FRANCE,2025-06-13 13:25:55.870000
3059,https://www.france-optique.com/gravures/fournisseur=2414,ZEISS unifocal ClearView 1.5,CV50,1.5,ORG,ZEISS VISION CARE FRANCE,2025-06-13 13:25:55.923333
3060,https://www.france-optique.com/gravures/fournisseur=2414,ZEISS unifocal ClearView 1.53,CV53,1.53,TVX,ZEISS VISION CARE FRANCE,2025-06-13 13:25:55.976666
3061,https://www.france-optique.com/gravures/fournisseur=2414,ZEISS unifocal ClearView 1.6,CV60,1.6,ORG,ZEISS VISION CARE FRANCE,2025-06-13 13:25:56.030000
3062,https://www.france-optique.com/gravures/fournisseur=2414,ZEISS unifocal ClearView 1.67,CV67,1.67,ORG,ZEISS VISION CARE FRANCE,2025-06-13 13:25:56.083333
3063,https://www.france-optique.com/gravures/fournisseur=2414,ZEISS unifocal ClearView 1.74,CV74,1.74,ORG,ZEISS VISION CARE FRANCE,2025-06-13 13:25:56.136666
3064,https://www.france-optique.com/gravures/fournisseur=2414,ZEISS unifocal ClearView Poly,CV59,1.59,POLY,ZEISS VISION CARE FRANCE,2025-06-13 13:25:56.190000
3065,https://www.france-optique.com/gravures/fournisseur=2414,ZEISS unifocal MyoCare S Poly,MS59,1.59,POLY,ZEISS VISION CARE FRANCE,2025-06-13 13:25:56.240000
3066,https://www.france-optique.com/gravures/fournisseur=2414,ZEISS unifocal MyoCare 1.5,MCR50,1.5,ORG,ZEISS VISION CARE FRANCE,2025-06-13 13:25:56.290000
3067,https://www.france-optique.com/gravures/fournisseur=2414,ZEISS unifocal MyoCare 1.6,MCR60,1.6,ORG,ZEISS VISION CARE FRANCE,2025-06-13 13:25:56.346666
3068,https://www.france-optique.com/gravures/fournisseur=2414,ZEISS unifocal MyoCare Poly,MCR59,1.59,POLY,ZEISS VISION CARE FRANCE,2025-06-13 13:25:56.403333
3069,https://www.france-optique.com/gravures/fournisseur=2414,ZEISS unifocal SmartLife Young 1.5,SY50,1.5,ORG,ZEISS VISION CARE FRANCE,2025-06-13 13:25:56.456666
3070,https://www.france-optique.com/gravures/fournisseur=2414,ZEISS unifocal SmartLife Young 1.53,SY53,1.53,TVX,ZEISS VISION CARE FRANCE,2025-06-13 13:25:56.506666
3071,https://www.france-optique.com/gravures/fournisseur=2414,ZEISS unifocal SmartLife Young 1.6,SY60,1.6,ORG,ZEISS VISION CARE FRANCE,2025-06-13 13:25:56.563333
3072,https://www.france-optique.com/gravures/fournisseur=2414,ZEISS unifocal SmartLife Young 1.67,SY67,1.67,ORG,ZEISS VISION CARE FRANCE,2025-06-13 13:25:56.620000
3073,https://www.france-optique.com/gravures/fournisseur=2414,ZEISS unifocal SmartLife Young 1.74,SY74,1.74,ORG,ZEISS VISION CARE FRANCE,2025-06-13 13:25:56.673333
3074,https://www.france-optique.com/gravures/fournisseur=711,Fraglens Sensation,https://si.france-optique.com/img/gravures/nasal/web_1061-nas-novacel-83.tif.jpg,1.5,ORG,NOVACEL,2025-06-13 13:25:56.800000
3075,https://www.france-optique.com/gravures/fournisseur=711,Fraglens Emotion,https://si.france-optique.com/img/gravures/nasal/web_1061-nas-novacel-83.tif.jpg,1.6,ORG,NOVACEL,2025-06-13 13:25:56.903333
3076,https://www.france-optique.com/gravures/fournisseur=711,Fraglens Sensation,https://si.france-optique.com/img/gravures/nasal/web_1061-nas-novacel-83.tif.jpg,1.6,ORG,NOVACEL,2025-06-13 13:25:57.016666
3077,https://www.france-optique.com/gravures/fournisseur=711,AKSESS PROG,AKSP,1.5,ORG,NOVACEL,2025-06-13 13:25:57.070000
3078,https://www.france-optique.com/gravures/fournisseur=711,AKSESS PROG,"(2)
AKSP",1.59,POLY,NOVACEL,2025-06-13 13:25:57.123333
3079,https://www.france-optique.com/gravures/fournisseur=711,AKSESS Prog,"(3)
AKSP",1.6,ORG,NOVACEL,2025-06-13 13:25:57.180000
3080,https://www.france-optique.com/gravures/fournisseur=711,AKSESS Prog,"(4)
AKSP",1.67,ORG,NOVACEL,2025-06-13 13:25:57.240000
3081,https://www.france-optique.com/gravures/fournisseur=711,AKSESS Prog,"(5)
AKSP",1.74,ORG,NOVACEL,2025-06-13 13:25:57.300000
3082,https://www.france-optique.com/gravures/fournisseur=711,AKSESS PROG MICROS,AKSPM,1.5,ORG,NOVACEL,2025-06-13 13:25:57.360000
3083,https://www.france-optique.com/gravures/fournisseur=711,AKSESS PROG MICROS,"(2)
AKSPM",1.59,POLY,NOVACEL,2025-06-13 13:25:57.416666
3084,https://www.france-optique.com/gravures/fournisseur=711,AKSESS PROG MICROS,"(3)
AKSPM",1.6,ORG,NOVACEL,2025-06-13 13:25:57.473333
3086,https://www.france-optique.com/gravures/fournisseur=711,AKSESS PROG MICROS,"(5)
AKSPM",1.74,ORG,NOVACEL,2025-06-13 13:25:57.553333
3087,https://www.france-optique.com/gravures/fournisseur=711,AKSESS PROXI A,AKSA,1.5,ORG,NOVACEL,2025-06-13 13:25:57.606666
3088,https://www.france-optique.com/gravures/fournisseur=711,AKSESS PROXI A,"(3)
AKSA",1.6,ORG,NOVACEL,2025-06-13 13:25:57.660000
3089,https://www.france-optique.com/gravures/fournisseur=711,AKSESS PROXI A,"(4)
AKSA",1.67,ORG,NOVACEL,2025-06-13 13:25:57.720000
3090,https://www.france-optique.com/gravures/fournisseur=711,AKSESS PROXI A,"(5)
AKSA",1.74,ORG,NOVACEL,2025-06-13 13:25:57.776666
3091,https://www.france-optique.com/gravures/fournisseur=711,AKSESS PROXI B,AKSB,1.5,ORG,NOVACEL,2025-06-13 13:25:57.836666
3092,https://www.france-optique.com/gravures/fournisseur=711,AKSESS PROXI B,"(3)
AKSB",1.6,ORG,NOVACEL,2025-06-13 13:25:57.890000
3093,https://www.france-optique.com/gravures/fournisseur=711,AKSESS PROXI B,"(4)
AKSB",1.67,ORG,NOVACEL,2025-06-13 13:25:57.943333
3094,https://www.france-optique.com/gravures/fournisseur=711,AKSESS PROXI B,"(5)
AKSB",1.74,ORG,NOVACEL,2025-06-13 13:25:58.000000
3095,https://www.france-optique.com/gravures/fournisseur=711,AKSESS PROXI C,AKSC,1.5,ORG,NOVACEL,2025-06-13 13:25:58.050000
3096,https://www.france-optique.com/gravures/fournisseur=711,AKSESS PROXI C,"(3)
AKSC",1.6,ORG,NOVACEL,2025-06-13 13:25:58.106666
3097,https://www.france-optique.com/gravures/fournisseur=711,AKSESS PROXI C,"(4)
AKSC",1.67,ORG,NOVACEL,2025-06-13 13:25:58.153333
3098,https://www.france-optique.com/gravures/fournisseur=711,AKSESS PROXI C,"(5)
AKSC",1.74,ORG,NOVACEL,2025-06-13 13:25:58.206666
3099,https://www.france-optique.com/gravures/fournisseur=711,EASY MAX / EASY MAX UV Clear / EASY MAX Blue Clear / EASY MAX Transitions TM Gen S® / EASY MAX Transitions TM XTRActive®,EM,1.5,ORG,NOVACEL,2025-06-13 13:25:58.260000
3100,https://www.france-optique.com/gravures/fournisseur=711,EASY MAX Trivex® / EASY MAX Trivex® Blue Clear / EASY MAX Trivex® Transitions TM Gen S® / EASY MAX Trivex®Transitions TM XTRActive®,"T
EM",1.53,TVX,NOVACEL,2025-06-13 13:25:58.313333
3101,https://www.france-optique.com/gravures/fournisseur=711,EASY MAX / EASY MAX Transitions TM Gen S® / EASY MAX Transitions TM XTRActive®,"P
EM",1.59,POLY,NOVACEL,2025-06-13 13:25:58.370000
3102,https://www.france-optique.com/gravures/fournisseur=711,EASY MAX / EASY MAX UV Clear / EASY MAX Blue Clear / EASY MAX Transitions TM Gen S® / EASY MAX Transitions TM XTRActive®,"2
EM",1.6,ORG,NOVACEL,2025-06-13 13:25:58.426666
3103,https://www.france-optique.com/gravures/fournisseur=711,EASY MAX / EASY MAX Blue Clear / EASY MAX Transitions TM Gen S® / EASY MAX Transitions TM XTRActive®,"3
EM",1.67,ORG,NOVACEL,2025-06-13 13:25:58.483333
3104,https://www.france-optique.com/gravures/fournisseur=711,EASY MAX / EASY MAX Blue Clear / EASY MAX Transitions TM Gen S®,"4
EM",1.74,ORG,NOVACEL,2025-06-13 13:25:58.540000
3105,https://www.france-optique.com/gravures/fournisseur=711,SYNCHRONA.i9 / SYNCHRONA.i9 UV Clear / SYNCHRONA.i9 Blue Clear / SYNCHRONA.i9 Transitions TM Gen S® / SYNCHRONA.i9 Transitions TM XTRActive® / SYNCHRONA.i9 Transitions TM XTRActive® Polarized / SYNCHRONA.i9 polarisant / SYNCHRONA.i9 Drivewear® polarisant photochromique,SYi9,1.5,ORG,NOVACEL,2025-06-13 13:25:58.590000
3106,https://www.france-optique.com/gravures/fournisseur=711,SYNCHRONA.i9 Trivex® / SYNCHRONA.i9 Trivex® Blue Clear / SYNCHRONA.i9 Trivex® Transitions TM Gen S® / SYNCHRONA.i9 Trivex® Transitions TM XTRActive® / SYNCHRONA.i9 Trivex® polarisant,"T
SYi9",1.53,TVX,NOVACEL,2025-06-13 13:25:58.643333
3107,https://www.france-optique.com/gravures/fournisseur=711,SYNCHRONA.i9 / SYNCHRONA.i9 Transitions TM Gen S® / SYNCHRONA.i9 Transitions TM XTRActive® / SYNCHRONA.i9 polarisant / SYNCHRONA.i9 Drivewear® polarisant photochromique,"P
SYi9",1.59,POLY,NOVACEL,2025-06-13 13:25:58.703333
3108,https://www.france-optique.com/gravures/fournisseur=711,SYNCHRONA.i9 / SYNCHRONA.i9 UV Clear / SYNCHRONA.i9 Blue Clear / SYNCHRONA.i9 Transitions TM Gen S® / SYNCHRONA.i9 Transitions TM XTRActive® / SYNCHRONA.i9 Transitions TM XTRActive® Polarized / SYNCHRONA.i9 polarisant,"2
SYi9",1.6,ORG,NOVACEL,2025-06-13 13:25:58.766666
3109,https://www.france-optique.com/gravures/fournisseur=711,SYNCHRONA.i9 / SYNCHRONA.i9 Blue Clear / SYNCHRONA.i9 Transitions TM Gen S® / SYNCHRONA.i9 Transitions TM XTRActive® / SYNCHRONA.i9 Transitions TM XTRActive® Polarized / SYNCHRONA.i9 polarisant,"3
SYi9",1.67,ORG,NOVACEL,2025-06-13 13:25:58.826666
3110,https://www.france-optique.com/gravures/fournisseur=711,SYNCHRONA.i9 / SYNCHRONA.i9 Blue Clear / SYNCHRONA.i9 Transitions TM Gen S®,"4
SYi9",1.74,ORG,NOVACEL,2025-06-13 13:25:58.880000
3111,https://www.france-optique.com/gravures/fournisseur=711,UNIVERS / UNIVERS T400 / UNIVERS T420 / UNIVERS Transitions™ Gen S®  / UNIVERS Transitions™ Xtractive®  / UNIVERS Transitions™ Polarized®  / UNIVERS Polarized,,1.5,ORG,NOVACEL,2025-06-13 13:25:58.946666
3112,https://www.france-optique.com/gravures/fournisseur=711,UNIVERS / UNIVERS T400 / UNIVERS T420 / UNIVERS Transitions™ Gen S®  / UNIVERS Transitions™ Xtractive®  / UNIVERS Transitions™ Polarized®  / UNIVERS Polarized,,1.6,ORG,NOVACEL,2025-06-13 13:25:59.013333
3113,https://www.france-optique.com/gravures/fournisseur=711,UNIVERS / UNIVERS T420 / UNIVERS Transitions™ Gen S® / UNIVERS Transitions™ Xtractive®  / UNIVERS Polarized,,1.53,TVX,NOVACEL,2025-06-13 13:25:59.086666
3114,https://www.france-optique.com/gravures/fournisseur=711,UNIVERS / UNIVERS T420 / UNIVERS Transitions™ Gen S®,,1.74,ORG,NOVACEL,2025-06-13 13:25:59.163333
3115,https://www.france-optique.com/gravures/fournisseur=711,UNIVERS / UNIVERS T420 / UNIVERS Transitions™ Gen S® / UNIVERS Transitions™ Xtractive® / UNIVERS Transitions™ Polarized® / UNIVERS Polarized,,1.67,ORG,NOVACEL,2025-06-13 13:25:59.236666
3116,https://www.france-optique.com/gravures/fournisseur=711,UNIVERS FOCUS /  UNIVERS FOCUS T400 / UNIVERS FOCUS T420 / UNIVERS FOCUS Transitions™ Gen S® / UNIVERS FOCUS Transitions™ Xtractive®  / UNIVERS FOCUS Transitions™ Polarized® / UNIVERS FOCUS Polarized,UF,1.5,ORG,NOVACEL,2025-06-13 13:25:59.286666
3117,https://www.france-optique.com/gravures/fournisseur=711,UNIVERS FOCUS /  UNIVERS FOCUS T400 / UNIVERS FOCUS T420 / UNIVERS FOCUS Transitions™ Gen S® / UNIVERS FOCUS Transitions™ Xtractive®  / UNIVERS FOCUS Transitions™ Polarized® / UNIVERS FOCUS Polarized,UF,1.6,ORG,NOVACEL,2025-06-13 13:25:59.336666
3118,https://www.france-optique.com/gravures/fournisseur=711,UNIVERS FOCUS / UNIVERS FOCUS T420 / UNIVERS FOCUS Transitions™ Gen S® / UNIVERS FOCUS Transitions™ Xtractive® / UNIVERS FOCUS Polarized,UF,1.53,TVX,NOVACEL,2025-06-13 13:25:59.393333
3119,https://www.france-optique.com/gravures/fournisseur=711,UNIVERS FOCUS / UNIVERS FOCUS T420 / UNIVERS FOCUS Transitions™ Gen S® / UNIVERS FOCUS Transitions™ / UNIVERS FOCUS Transitions™ Polarized® / UNIVERS FOCUS Polarized,UF,1.67,ORG,NOVACEL,2025-06-13 13:25:59.453333
3120,https://www.france-optique.com/gravures/fournisseur=711,UNIVERS FOCUS / UNIVERS FOCUS T420 / UNIVERS FOCUS Transitions™ Gen S®,UF,1.74,ORG,NOVACEL,2025-06-13 13:25:59.506666
3121,https://www.france-optique.com/gravures/fournisseur=711,UNIVERS BOOST / UNIVERS BOOST T400 / UNIVERS BOOST T420 / UNIVERS BOOST Transitions™ Gen S® /. UNIVERS BOOST Transitions™ Xtractive®,UB,1.5,ORG,NOVACEL,2025-06-13 13:25:59.563333
3122,https://www.france-optique.com/gravures/fournisseur=127,Maximo DS,https://si.france-optique.com/img/gravures/nasal/web_531-nas-bbgr-94.tif.jpg,1.5,ORG,OPTIC 2000,2025-06-13 13:25:59.676666
3123,https://www.france-optique.com/gravures/fournisseur=127,Maximo DS POLY,https://si.france-optique.com/img/gravures/nasal/web_526-nas-bbgr-89.tif.jpg,1.591,POLY,OPTIC 2000,2025-06-13 13:25:59.790000
3124,https://www.france-optique.com/gravures/fournisseur=127,Maximo DS 1.6,https://si.france-optique.com/img/gravures/nasal/web_527-nas-bbgr-90.tif.jpg,1.61,ORG,OPTIC 2000,2025-06-13 13:25:59.900000
3125,https://www.france-optique.com/gravures/fournisseur=127,Maximo DS 1.67,https://si.france-optique.com/img/gravures/nasal/web_528-nas-bbgr-91.tif.jpg,1.67,ORG,OPTIC 2000,2025-06-13 13:26:00.010000
3126,https://www.france-optique.com/gravures/fournisseur=127,Maximo M16,https://si.france-optique.com/img/gravures/nasal/web_531-nas-bbgr-94.tif.jpg,1.604,MIN,OPTIC 2000,2025-06-13 13:26:00.126666
3127,https://www.france-optique.com/gravures/fournisseur=127,Milado HD (OR15),https://si.france-optique.com/img/gravures/nasal/web_545-nas-bbgr-108.tif.jpg,1.5,ORG,OPTIC 2000,2025-06-13 13:26:00.246666
3128,https://www.france-optique.com/gravures/fournisseur=127,Milado HD POLY,https://si.france-optique.com/img/gravures/nasal/web_547-nas-bbgr-110.tif.jpg,1.591,POLY,OPTIC 2000,2025-06-13 13:26:00.346666
3129,https://www.france-optique.com/gravures/fournisseur=127,Milado HD 1.6,https://si.france-optique.com/img/gravures/nasal/web_548-nas-bbgr-111.tif.jpg,1.6,ORG,OPTIC 2000,2025-06-13 13:26:00.450000
3130,https://www.france-optique.com/gravures/fournisseur=127,Milado HD 1.67,https://si.france-optique.com/img/gravures/nasal/web_551-nas-bbgr-114.tif.jpg,1.67,ORG,OPTIC 2000,2025-06-13 13:26:00.556666
3131,https://www.france-optique.com/gravures/fournisseur=127,Milado HD Mini (OR15),https://si.france-optique.com/img/gravures/nasal/web_545-nas-bbgr-108.tif.jpg,1.5,ORG,OPTIC 2000,2025-06-13 13:26:00.660000
3132,https://www.france-optique.com/gravures/fournisseur=127,Milado HD Mini POLY,https://si.france-optique.com/img/gravures/nasal/web_547-nas-bbgr-110.tif.jpg,1.591,ORG,OPTIC 2000,2025-06-13 13:26:00.760000
3133,https://www.france-optique.com/gravures/fournisseur=127,Milado HD Mini 1.6,https://si.france-optique.com/img/gravures/nasal/web_548-nas-bbgr-111.tif.jpg,1.6,ORG,OPTIC 2000,2025-06-13 13:26:04.303333
3134,https://www.france-optique.com/gravures/fournisseur=127,Milado HD Mini 1.67,https://si.france-optique.com/img/gravures/nasal/web_551-nas-bbgr-114.tif.jpg,1.67,ORG,OPTIC 2000,2025-06-13 13:26:04.416666
3135,https://www.france-optique.com/gravures/fournisseur=127,Milado Start,https://si.france-optique.com/img/gravures/nasal/web_750-nas-optic2000-01.tif.jpg,1.5,ORG,OPTIC 2000,2025-06-13 13:26:04.533333
3136,https://www.france-optique.com/gravures/fournisseur=127,Milado Start Mini,https://si.france-optique.com/img/gravures/nasal/web_753-nas-optic2000-04.tif.jpg,1.5,ORG,OPTIC 2000,2025-06-13 13:26:04.663333
3137,https://www.france-optique.com/gravures/fournisseur=127,Milado Start 1.6,https://si.france-optique.com/img/gravures/nasal/web_751-nas-optic2000-02.tif.jpg,1.6,ORG,OPTIC 2000,2025-06-13 13:26:04.770000
3138,https://www.france-optique.com/gravures/fournisseur=127,Milado Start Mini 1.6,https://si.france-optique.com/img/gravures/nasal/web_752-nas-optic2000-03.tif.jpg,1.6,ORG,OPTIC 2000,2025-06-13 13:26:04.880000
3139,https://www.france-optique.com/gravures/fournisseur=127,Milado Start M16,https://si.france-optique.com/img/gravures/nasal/web_751-nas-optic2000-02.tif.jpg,1.604,MIN,OPTIC 2000,2025-06-13 13:26:04.983333
3140,https://www.france-optique.com/gravures/fournisseur=127,Vision Ordinateur MD 10 (OR15),https://si.france-optique.com/img/gravures/nasal/web_766-nas-optic2000-17.tif.jpg,1.5,ORG,OPTIC 2000,2025-06-13 13:26:05.110000
3141,https://www.france-optique.com/gravures/fournisseur=127,Vision Ordinateur MD 15 (OR15),https://si.france-optique.com/img/gravures/nasal/web_766-nas-optic2000-17.tif.jpg,1.5,ORG,OPTIC 2000,2025-06-13 13:26:05.213333
3142,https://www.france-optique.com/gravures/fournisseur=127,Vision Ordinateur MD 20 (OR15),https://si.france-optique.com/img/gravures/nasal/web_766-nas-optic2000-17.tif.jpg,1.5,ORG,OPTIC 2000,2025-06-13 13:26:05.316666
3143,https://www.france-optique.com/gravures/fournisseur=127,Vision Ordinateur MD 10 1.6,https://si.france-optique.com/img/gravures/nasal/web_766-nas-optic2000-17.tif.jpg,1.6,ORG,OPTIC 2000,2025-06-13 13:26:05.426666
3144,https://www.france-optique.com/gravures/fournisseur=127,Vision Ordinateur MD 15 1.6,https://si.france-optique.com/img/gravures/nasal/web_766-nas-optic2000-17.tif.jpg,1.6,ORG,OPTIC 2000,2025-06-13 13:26:05.533333
3145,https://www.france-optique.com/gravures/fournisseur=127,Vision Ordinateur MD 20 1.6,https://si.france-optique.com/img/gravures/nasal/web_766-nas-optic2000-17.tif.jpg,1.6,ORG,OPTIC 2000,2025-06-13 13:26:05.666666
3146,https://www.france-optique.com/gravures/fournisseur=127,Vision Ordinateur PROG (OR15),https://si.france-optique.com/img/gravures/nasal/web_767-nas-optic2000-18.tif.jpg,1.5,ORG,OPTIC 2000,2025-06-13 13:26:05.780000
3147,https://www.france-optique.com/gravures/fournisseur=127,Vision Ordinateur PROG 1.6,https://si.france-optique.com/img/gravures/nasal/web_767-nas-optic2000-18.tif.jpg,1.6,ORG,OPTIC 2000,2025-06-13 13:26:05.896666
3148,https://www.france-optique.com/gravures/fournisseur=127,Melodio Plus,https://si.france-optique.com/img/gravures/nasal/web_768-nas-optic2000-19.tif.jpg,1.5,ORG,OPTIC 2000,2025-06-13 13:26:06.016666
3149,https://www.france-optique.com/gravures/fournisseur=127,Melodio Plus POLY,https://si.france-optique.com/img/gravures/nasal/web_769-nas-optic2000-20.tif.jpg,1.591,POLY,OPTIC 2000,2025-06-13 13:26:06.130000
3150,https://www.france-optique.com/gravures/fournisseur=127,Melodio Plus 1.6,https://si.france-optique.com/img/gravures/nasal/web_770-nas-optic2000-21.tif.jpg,1.6,ORG,OPTIC 2000,2025-06-13 13:26:06.246666
3151,https://www.france-optique.com/gravures/fournisseur=127,Melodio Plus 1.67,https://si.france-optique.com/img/gravures/nasal/web_771-nas-optic2000-22.tif.jpg,1.67,ORG,OPTIC 2000,2025-06-13 13:26:06.366666
3152,https://www.france-optique.com/gravures/fournisseur=127,Melodio Plus 1.74,https://si.france-optique.com/img/gravures/nasal/web_772-nas-optic2000-23.tif.jpg,1.74,ORG,OPTIC 2000,2025-06-13 13:26:06.473333
3153,https://www.france-optique.com/gravures/fournisseur=127,Melodio Plus Mini,https://si.france-optique.com/img/gravures/nasal/web_773-nas-optic2000-24.tif.jpg,1.5,ORG,OPTIC 2000,2025-06-13 13:26:06.610000
3154,https://www.france-optique.com/gravures/fournisseur=127,Melodio Plus Mini POLY,https://si.france-optique.com/img/gravures/nasal/web_774-nas-optic2000-25.tif.jpg,1.591,POLY,OPTIC 2000,2025-06-13 13:26:06.743333
3155,https://www.france-optique.com/gravures/fournisseur=127,Melodio Plus Mini 1.6,https://si.france-optique.com/img/gravures/nasal/web_775-nas-optic2000-26.tif.jpg,1.6,ORG,OPTIC 2000,2025-06-13 13:26:06.853333
3156,https://www.france-optique.com/gravures/fournisseur=127,Melodio Plus Mini 1.67,https://si.france-optique.com/img/gravures/nasal/web_776-nas-optic2000-27.tif.jpg,1.67,ORG,OPTIC 2000,2025-06-13 13:26:06.980000
3157,https://www.france-optique.com/gravures/fournisseur=127,Melodio Plus Mini 1.74,https://si.france-optique.com/img/gravures/nasal/web_777-nas-optic2000-28.tif.jpg,1.74,ORG,OPTIC 2000,2025-06-13 13:26:07.116666
3158,https://www.france-optique.com/gravures/fournisseur=127,Melodio Plus Mio,https://si.france-optique.com/img/gravures/nasal/web_778-nas-optic2000-29.tif.jpg,1.5,ORG,OPTIC 2000,2025-06-13 13:26:07.223333
3159,https://www.france-optique.com/gravures/fournisseur=127,Melodio Plus Mio POLY,https://si.france-optique.com/img/gravures/nasal/web_782-nas-optic2000-33.tif.jpg,1.591,POLY,OPTIC 2000,2025-06-13 13:26:07.340000
3160,https://www.france-optique.com/gravures/fournisseur=127,Melodio Plus Mio 1.6,https://si.france-optique.com/img/gravures/nasal/web_781-nas-optic2000-32.tif.jpg,1.6,ORG,OPTIC 2000,2025-06-13 13:26:07.446666
3161,https://www.france-optique.com/gravures/fournisseur=127,Melodio Plus Mio 1.67,https://si.france-optique.com/img/gravures/nasal/web_780-nas-optic2000-31.tif.jpg,1.67,ORG,OPTIC 2000,2025-06-13 13:26:07.553333
3162,https://www.france-optique.com/gravures/fournisseur=127,Melodio Plus Mio 1.74,https://si.france-optique.com/img/gravures/nasal/web_779-nas-optic2000-30.tif.jpg,1.74,ORG,OPTIC 2000,2025-06-13 13:26:07.660000
3163,https://www.france-optique.com/gravures/fournisseur=127,Mediato Plus,https://si.france-optique.com/img/gravures/nasal/web_1685-783-nas-optic2000-34.tif.jpg,1.5,ORG,OPTIC 2000,2025-06-13 13:26:07.790000
3164,https://www.france-optique.com/gravures/fournisseur=127,Mediato Plus POLY,https://si.france-optique.com/img/gravures/nasal/web_487-nas-bbgr-50.tif.jpg,1.591,POLY,OPTIC 2000,2025-06-13 13:26:07.910000
3165,https://www.france-optique.com/gravures/fournisseur=127,Mediato Plus 1.6,https://si.france-optique.com/img/gravures/nasal/web_493-nas-bbgr-56.tif.jpg,1.6,ORG,OPTIC 2000,2025-06-13 13:26:08.016666
3166,https://www.france-optique.com/gravures/fournisseur=127,Mediato Plus 1.67,https://si.france-optique.com/img/gravures/nasal/web_785-nas-optic2000-36.tif.jpg,1.67,ORG,OPTIC 2000,2025-06-13 13:26:08.140000
3167,https://www.france-optique.com/gravures/fournisseur=127,Mediato Plus Mini,https://si.france-optique.com/img/gravures/nasal/web_786-nas-optic2000-37.tif.jpg,1.5,ORG,OPTIC 2000,2025-06-13 13:26:08.246666
3168,https://www.france-optique.com/gravures/fournisseur=127,Mediato Plus Mini POLY,https://si.france-optique.com/img/gravures/nasal/web_787-nas-optic2000-38.tif.jpg,1.591,POLY,OPTIC 2000,2025-06-13 13:26:08.380000
3169,https://www.france-optique.com/gravures/fournisseur=127,"Mediato Plus Mini 1,6",https://si.france-optique.com/img/gravures/nasal/web_788-nas-optic2000-39.tif.jpg,1.6,ORG,OPTIC 2000,2025-06-13 13:26:08.496666
3170,https://www.france-optique.com/gravures/fournisseur=127,"Mediato Plus Mini 1,67",https://si.france-optique.com/img/gravures/nasal/web_789-nas-optic2000-40.tif.jpg,1.67,ORG,OPTIC 2000,2025-06-13 13:26:08.600000
3171,https://www.france-optique.com/gravures/fournisseur=127,Mediato Plus Mio,https://si.france-optique.com/img/gravures/nasal/web_784-nas-optic2000-35.tif.jpg,1.5,ORG,OPTIC 2000,2025-06-13 13:26:08.706666
3172,https://www.france-optique.com/gravures/fournisseur=127,Mediato Plus Mio POLY,https://si.france-optique.com/img/gravures/nasal/web_480-nas-bbgr-43.tif.jpg,1.591,POLY,OPTIC 2000,2025-06-13 13:26:08.823333
3173,https://www.france-optique.com/gravures/fournisseur=127,Mediato Plus Mio 1.6,https://si.france-optique.com/img/gravures/nasal/web_492-nas-bbgr-55.tif.jpg,1.6,ORG,OPTIC 2000,2025-06-13 13:26:08.960000
3174,https://www.france-optique.com/gravures/fournisseur=127,Mediato Plus Mio 1.67,https://si.france-optique.com/img/gravures/nasal/web_482-nas-bbgr-45.tif.jpg,1.67,ORG,OPTIC 2000,2025-06-13 13:26:09.080000
3175,https://www.france-optique.com/gravures/fournisseur=127,MyProg 2V 1.6,MP26,1.6,ORG,OPTIC 2000,2025-06-13 13:26:09.140000
3176,https://www.france-optique.com/gravures/fournisseur=127,Myprog 1V 1.5,MP1,1.5,ORG,OPTIC 2000,2025-06-13 13:26:09.196666
3177,https://www.france-optique.com/gravures/fournisseur=127,MyProg 1V 1.6,MP16,1.6,ORG,OPTIC 2000,2025-06-13 13:26:09.253333
3178,https://www.france-optique.com/gravures/fournisseur=127,MyProg 1V 1.67,MP167,1.67,ORG,OPTIC 2000,2025-06-13 13:26:09.310000
3179,https://www.france-optique.com/gravures/fournisseur=127,MyProg 1V 1.74,MP174,1.74,ORG,OPTIC 2000,2025-06-13 13:26:09.370000
3180,https://www.france-optique.com/gravures/fournisseur=127,MyProg 1V Poly,MP1P,1.59,POLY,OPTIC 2000,2025-06-13 13:26:09.426666
3181,https://www.france-optique.com/gravures/fournisseur=127,MyProg 2 V Poly,MP2P,1.59,POLY,OPTIC 2000,2025-06-13 13:26:09.480000
3182,https://www.france-optique.com/gravures/fournisseur=127,MyProg 2V 1.5,MP2,1.5,ORG,OPTIC 2000,2025-06-13 13:26:09.536666
3183,https://www.france-optique.com/gravures/fournisseur=127,MyProg 2V 1.6,MP26,1.6,ORG,OPTIC 2000,2025-06-13 13:26:09.593333
3184,https://www.france-optique.com/gravures/fournisseur=127,MyProg 2V 1.67,MP267,1.67,ORG,OPTIC 2000,2025-06-13 13:26:09.646666
3185,https://www.france-optique.com/gravures/fournisseur=127,MyProg 2V 1.74,MP274,1.74,ORG,OPTIC 2000,2025-06-13 13:26:09.710000
3186,https://www.france-optique.com/gravures/fournisseur=127,MyProg 3V 1.5,https://si.france-optique.com/img/gravures/nasal/web_1535-MyProg-3V-15.tif.jpg,1.5,ORG,OPTIC 2000,2025-06-13 13:26:09.810000
3187,https://www.france-optique.com/gravures/fournisseur=127,MyProg 3V 1.6,https://si.france-optique.com/img/gravures/nasal/web_1536-MyProg-3V-16.tif.jpg,1.6,ORG,OPTIC 2000,2025-06-13 13:26:09.910000
3188,https://www.france-optique.com/gravures/fournisseur=127,MyProg 3V 1.67,https://si.france-optique.com/img/gravures/nasal/web_1538-MyProg-3V-167.tif.jpg,1.67,ORG,OPTIC 2000,2025-06-13 13:26:10.033333
3189,https://www.france-optique.com/gravures/fournisseur=127,MyProg 3V 1.74,https://si.france-optique.com/img/gravures/nasal/web_1539-MyProg-3V-174.tif.jpg,1.74,ORG,OPTIC 2000,2025-06-13 13:26:10.140000
3190,https://www.france-optique.com/gravures/fournisseur=127,MyProg 3V Poly,https://si.france-optique.com/img/gravures/nasal/web_1537-MyProg-3V-159.tif.jpg,1.59,POLY,OPTIC 2000,2025-06-13 13:26:10.240000
3191,https://www.france-optique.com/gravures/fournisseur=711,UNIVERS BOOST / UNIVERS BOOST T400 / UNIVERS BOOST T420 / UNIVERS BOOST Transitions™ Gen S® / UNIVERS BOOST Transitions™ Xtractive®,UB,1.6,ORG,NOVACEL,2025-06-13 13:26:10.293333
3192,https://www.france-optique.com/gravures/fournisseur=711,UNIVERS BOOST / UNIVERS BOOST T420 / UNIVERS BOOST Transitions™ Gen S® / UNIVERS BOOST Transitions™ Xtractive®,UB,1.53,TVX,NOVACEL,2025-06-13 13:26:10.353333
3193,https://www.france-optique.com/gravures/fournisseur=711,UNIVERS BOOST / UNIVERS BOOST T420 / UNIVERS BOOST Transitions™ Gen S® / UNIVERS BOOST Transitions™ Xtractive®,UB,1.67,ORG,NOVACEL,2025-06-13 13:26:10.416666
3194,https://www.france-optique.com/gravures/fournisseur=711,UNIVERS BOOST / UNIVERS BOOST T420 / UNIVERS BOOST Transitions™ Gen S®,UB,1.74,ORG,NOVACEL,2025-06-13 13:26:10.476666
3195,https://www.france-optique.com/gravures/fournisseur=2414,ZEISS unifocal SmartLife Young Poly,SY59,1.59,POLY,ZEISS VISION CARE FRANCE,2025-06-13 13:26:10.530000
3196,https://www.france-optique.com/gravures/fournisseur=2414,ZEISS unifocal SmartLife 1.5,SL50,1.5,ORG,ZEISS VISION CARE FRANCE,2025-06-13 13:26:10.580000
3197,https://www.france-optique.com/gravures/fournisseur=2414,ZEISS unifocal SmartLife 1.53,SL53,1.53,TVX,ZEISS VISION CARE FRANCE,2025-06-13 13:26:10.633333
3198,https://www.france-optique.com/gravures/fournisseur=2414,ZEISS unifocal SmartLife 1.6,SL60,1.6,ORG,ZEISS VISION CARE FRANCE,2025-06-13 13:26:10.690000
3199,https://www.france-optique.com/gravures/fournisseur=2414,ZEISS unifocal SmartLife 1.67,SL67,1.67,ORG,ZEISS VISION CARE FRANCE,2025-06-13 13:26:10.740000
3200,https://www.france-optique.com/gravures/fournisseur=2414,ZEISS unifocal SmartLife 1.74,SL74,1.74,ORG,ZEISS VISION CARE FRANCE,2025-06-13 13:26:10.790000
3201,https://www.france-optique.com/gravures/fournisseur=2414,ZEISS unifocal SmartLife Poly,SL59,1.59,POLY,ZEISS VISION CARE FRANCE,2025-06-13 13:26:10.843333
3202,https://www.france-optique.com/gravures/fournisseur=2414,ZEISS progressif SmartLife Pure Short 1.5,"SPU50
14",1.5,ORG,ZEISS VISION CARE FRANCE,2025-06-13 13:26:10.896666
3203,https://www.france-optique.com/gravures/fournisseur=2414,ZEISS progressif SmartLife Pure Short 1.53,"SPU53
14",1.53,TVX,ZEISS VISION CARE FRANCE,2025-06-13 13:26:10.956666
3204,https://www.france-optique.com/gravures/fournisseur=2414,ZEISS progressif SmartLife Pure Short 1.6,"SPU60
14",1.6,ORG,ZEISS VISION CARE FRANCE,2025-06-13 13:26:11.010000
3205,https://www.france-optique.com/gravures/fournisseur=2414,ZEISS progressif SmartLife Pure Short 1.67,"SPU67
14",1.67,ORG,ZEISS VISION CARE FRANCE,2025-06-13 13:26:11.060000
3206,https://www.france-optique.com/gravures/fournisseur=2414,ZEISS progressif SmartLife Pure Short 1.74,"SPU74
14",1.74,ORG,ZEISS VISION CARE FRANCE,2025-06-13 13:26:11.110000
3207,https://www.france-optique.com/gravures/fournisseur=2414,ZEISS progressif SmartLife Pure Short Poly,"SPU59
14",1.59,POLY,ZEISS VISION CARE FRANCE,2025-06-13 13:26:11.163333
3208,https://www.france-optique.com/gravures/fournisseur=2414,ZEISS unifocal SmartLife Individual 50/75/100 1.5,DLI50,1.5,ORG,ZEISS VISION CARE FRANCE,2025-06-13 13:26:11.220000
3209,https://www.france-optique.com/gravures/fournisseur=2414,ZEISS unifocal SmartLife Individual 50/75/100 1.53,DLI53,1.53,TVX,ZEISS VISION CARE FRANCE,2025-06-13 13:26:11.273333
3210,https://www.france-optique.com/gravures/fournisseur=2395,Ophtalmic MIND 167 Transitions GEN8-XTRActive - Xtractive Polarized,MI,1.67,ORG,OPHTALMIC COMPAGNIE,2025-06-13 13:26:11.330000
3211,https://www.france-optique.com/gravures/fournisseur=2395,Ophtalmic MIND 160 Transitions GEN8-XTRActive - Xtractive Polarized,MI,1.6,ORG,OPHTALMIC COMPAGNIE,2025-06-13 13:26:11.403333
3212,https://www.france-optique.com/gravures/fournisseur=2395,Ophtalmic MIND Poly Transitions GEN8-XTRActive,MI,1.59,POLY,OPHTALMIC COMPAGNIE,2025-06-13 13:26:11.460000
3213,https://www.france-optique.com/gravures/fournisseur=2395,Ophtalmic MIND Trilogy Transitions GEN8-XTRActive,MI,1.53,TVX,OPHTALMIC COMPAGNIE,2025-06-13 13:26:11.516666
3214,https://www.france-optique.com/gravures/fournisseur=2395,Ophtalmic B-FIT 174 Transitions GEN8,BF,1.74,ORG,OPHTALMIC COMPAGNIE,2025-06-13 13:26:11.570000
3215,https://www.france-optique.com/gravures/fournisseur=2395,Ophtalmic B-FIT 167 Transitions GEN8-XTRActive - Xtractive Polarized,BF,1.67,ORG,OPHTALMIC COMPAGNIE,2025-06-13 13:26:11.620000
3216,https://www.france-optique.com/gravures/fournisseur=2395,Ophtalmic B-FIT 160 Transitions GEN8-XTRActive - Xtractive Polarized,BF,1.6,ORG,OPHTALMIC COMPAGNIE,2025-06-13 13:26:11.673333
3217,https://www.france-optique.com/gravures/fournisseur=2395,Ophtalmic B-FIT Poly Transitions GEN8-XTRActive,BF,1.59,POLY,OPHTALMIC COMPAGNIE,2025-06-13 13:26:11.723333
3218,https://www.france-optique.com/gravures/fournisseur=2395,Ophtalmic B-FIT Trilogy Transitions GEN8-XTRActive,BF,1.53,TVX,OPHTALMIC COMPAGNIE,2025-06-13 13:26:11.780000
3219,https://www.france-optique.com/gravures/fournisseur=2395,Ophtalmic B-FIT 150 UV400,BF,1.5,ORG,OPHTALMIC COMPAGNIE,2025-06-13 13:26:11.836666
3220,https://www.france-optique.com/gravures/fournisseur=2395,Ophtalmic B-FIT 150 Transitions GEN8-XTRActive - Xtractive Polarized,BF,1.5,ORG,OPHTALMIC COMPAGNIE,2025-06-13 13:26:11.890000
3221,https://www.france-optique.com/gravures/fournisseur=2395,Ophtalmic Eyes3 174 Transitions GEN8,E3 ou E3S ou E3XS,1.74,ORG,OPHTALMIC COMPAGNIE,2025-06-13 13:26:11.946666
3222,https://www.france-optique.com/gravures/fournisseur=2395,Ophtalmic Eyes3 167 Transitions GEN8- XTRActive - Xtractive Polarized,E3 ou E3S ou E3XS,1.67,ORG,OPHTALMIC COMPAGNIE,2025-06-13 13:26:12.003333
3223,https://www.france-optique.com/gravures/fournisseur=2395,Ophtalmic Eyes3 160 Transitions GEN8- XTRActive - Xtractive Polarized,E3 ou E3S ou E3XS,1.6,ORG,OPHTALMIC COMPAGNIE,2025-06-13 13:26:12.056666
3224,https://www.france-optique.com/gravures/fournisseur=2395,Ophtalmic Eyes3 Poly Transitions GEN8- XTRActive,E3 ou E3S ou E3XS,1.59,POLY,OPHTALMIC COMPAGNIE,2025-06-13 13:26:12.116666
3225,https://www.france-optique.com/gravures/fournisseur=2395,Ophtalmic Eyes3 Trilogy Transitions GEN8- XTRActive,E3 ou E3S ou E3XS,1.53,TVX,OPHTALMIC COMPAGNIE,2025-06-13 13:26:12.176666
3226,https://www.france-optique.com/gravures/fournisseur=2395,Ophtalmic Eyes3 150 UV400,E3 ou E3S ou E3XS,1.5,ORG,OPHTALMIC COMPAGNIE,2025-06-13 13:26:12.236666
3227,https://www.france-optique.com/gravures/fournisseur=2395,Ophtalmic Eyes3 150 Transitions GEN8- XTRActive - Xtractive Polarized,E3 ou E3S ou E3XS,1.5,ORG,OPHTALMIC COMPAGNIE,2025-06-13 13:26:12.286666
3228,https://www.france-optique.com/gravures/fournisseur=2395,Ophtalmic Kinetic HR+ 160 Transitions GEN8,K ou KS,1.6,ORG,OPHTALMIC COMPAGNIE,2025-06-13 13:26:12.340000
3229,https://www.france-optique.com/gravures/fournisseur=2395,Ophtalmic Kinetic HR+ 150 Transitions GEN8,K ou KS,1.5,ORG,OPHTALMIC COMPAGNIE,2025-06-13 13:26:12.396666
3230,https://www.france-optique.com/gravures/fournisseur=2395,EPSY 167 Transitions GEN8,https://si.france-optique.com/img/gravures/nasal/web_852-oph-com_2019.tif.jpg,1.67,ORG,OPHTALMIC COMPAGNIE,2025-06-13 13:26:12.490000
3231,https://www.france-optique.com/gravures/fournisseur=2395,EPSY 160 Transitions GEN8,https://si.france-optique.com/img/gravures/nasal/web_852-oph-com_2019.tif.jpg,1.6,ORG,OPHTALMIC COMPAGNIE,2025-06-13 13:26:12.586666
3232,https://www.france-optique.com/gravures/fournisseur=2395,EPSY Poly Transitions GEN8,https://si.france-optique.com/img/gravures/nasal/web_852-oph-com_2019.tif.jpg,1.59,POLY,OPHTALMIC COMPAGNIE,2025-06-13 13:26:12.686666
3233,https://www.france-optique.com/gravures/fournisseur=2395,EPSY 150 Transitions GEN8,https://si.france-optique.com/img/gravures/nasal/web_852-oph-com_2019.tif.jpg,1.5,ORG,OPHTALMIC COMPAGNIE,2025-06-13 13:26:12.783333
3234,https://www.france-optique.com/gravures/fournisseur=2395,Ophtalmic Maxview 174,MV ou MVS ou MVXS,1.74,ORG,OPHTALMIC COMPAGNIE,2025-06-13 13:26:12.850000
3235,https://www.france-optique.com/gravures/fournisseur=2395,Ophtalmic Maxview 174 Cozylens,MV ou MVS ou MVXS,1.74,ORG,OPHTALMIC COMPAGNIE,2025-06-13 13:26:12.906666
3236,https://www.france-optique.com/gravures/fournisseur=2395,Ophtalmic Maxview 174 Transitions GEN8,MV ou MVS ou MVXS,1.74,ORG,OPHTALMIC COMPAGNIE,2025-06-13 13:26:12.960000
3237,https://www.france-optique.com/gravures/fournisseur=2395,Ophtalmic Maxview 167,MV ou MVS ou MVXS,1.67,ORG,OPHTALMIC COMPAGNIE,2025-06-13 13:26:13.013333
3238,https://www.france-optique.com/gravures/fournisseur=2395,Ophtalmic Maxview 167 Cozylens,MV ou MVS ou MVXS,1.67,ORG,OPHTALMIC COMPAGNIE,2025-06-13 13:26:13.070000
3239,https://www.france-optique.com/gravures/fournisseur=2395,Ophtalmic Maxview 167 Transitions GEN8- XTRActive- XTRActive Polarized,MV ou MVS ou MVXS,1.67,ORG,OPHTALMIC COMPAGNIE,2025-06-13 13:26:13.126666
3240,https://www.france-optique.com/gravures/fournisseur=2395,Ophtalmic Maxview 167 Sunlite,MV ou MVS ou MVXS,1.67,ORG,OPHTALMIC COMPAGNIE,2025-06-13 13:26:13.183333
3241,https://www.france-optique.com/gravures/fournisseur=2395,Ophtalmic Maxview 160,MV ou MVS ou MVXS,1.6,ORG,OPHTALMIC COMPAGNIE,2025-06-13 13:26:13.236666
3242,https://www.france-optique.com/gravures/fournisseur=2395,Ophtalmic Maxview 160 Cozylens,MV ou MVS ou MVXS,1.6,ORG,OPHTALMIC COMPAGNIE,2025-06-13 13:26:13.290000
3243,https://www.france-optique.com/gravures/fournisseur=2395,Ophtalmic Maxview 160 Transitions GEN8- XTRActive- XTRActive Polarized,MV ou MVS ou MVXS,1.6,ORG,OPHTALMIC COMPAGNIE,2025-06-13 13:26:13.350000
3244,https://www.france-optique.com/gravures/fournisseur=2395,Ophtalmic Maxview 160 Sunlite,MV ou MVS ou MVXS,1.6,ORG,OPHTALMIC COMPAGNIE,2025-06-13 13:26:13.410000
3245,https://www.france-optique.com/gravures/fournisseur=2395,Ophtalmic Maxview 160 PolarPlus,MV ou MVS ou MVXS,1.6,ORG,OPHTALMIC COMPAGNIE,2025-06-13 13:26:13.466666
3246,https://www.france-optique.com/gravures/fournisseur=2395,Ophtalmic Maxview Poly,MV ou MVS ou MVXS,1.59,POLY,OPHTALMIC COMPAGNIE,2025-06-13 13:26:13.520000
3247,https://www.france-optique.com/gravures/fournisseur=2395,Ophtalmic Maxview Poly Transitions GEN8- XTRActive,MV ou MVS ou MVXS,1.59,POLY,OPHTALMIC COMPAGNIE,2025-06-13 13:26:13.573333
3248,https://www.france-optique.com/gravures/fournisseur=2395,Ophtalmic Maxview Poly Nupolar,MV ou MVS ou MVXS,1.59,POLY,OPHTALMIC COMPAGNIE,2025-06-13 13:26:13.630000
3249,https://www.france-optique.com/gravures/fournisseur=2395,Ophtalmic Maxview 154 Sunlite,MV ou MVS ou MVXS,1.54,ORG,OPHTALMIC COMPAGNIE,2025-06-13 13:26:13.683333
3250,https://www.france-optique.com/gravures/fournisseur=2395,Ophtalmic Maxview Trilogy,MV ou MVS ou MVXS,1.53,TVX,OPHTALMIC COMPAGNIE,2025-06-13 13:26:13.730000
3251,https://www.france-optique.com/gravures/fournisseur=2395,Ophtalmic Maxview Trilogy Transitions GEN8- XTRActive,MV ou MVS ou MVXS,1.53,TVX,OPHTALMIC COMPAGNIE,2025-06-13 13:26:13.783333
3252,https://www.france-optique.com/gravures/fournisseur=2395,Ophtalmic Maxview 150,MV ou MVS ou MVXS,1.5,ORG,OPHTALMIC COMPAGNIE,2025-06-13 13:26:13.836666
3253,https://www.france-optique.com/gravures/fournisseur=2395,Ophtalmic Maxview 150 UV400,MV ou MVS ou MVXS,1.5,ORG,OPHTALMIC COMPAGNIE,2025-06-13 13:26:13.886666
3254,https://www.france-optique.com/gravures/fournisseur=2395,Ophtalmic Maxview 150 Cozylens,MV ou MVS ou MVXS,1.5,ORG,OPHTALMIC COMPAGNIE,2025-06-13 13:26:13.940000
3255,https://www.france-optique.com/gravures/fournisseur=2395,Ophtalmic Maxview 150 Transitions GEN8- XTRActive- XTRActive Polarized,MV ou MVS ou MVXS,1.5,ORG,OPHTALMIC COMPAGNIE,2025-06-13 13:26:13.993333
3256,https://www.france-optique.com/gravures/fournisseur=2395,Ophtalmic Maxview 150 Acclimates,MV ou MVS ou MVXS,1.5,ORG,OPHTALMIC COMPAGNIE,2025-06-13 13:26:14.043333
3257,https://www.france-optique.com/gravures/fournisseur=2395,Ophtalmic Maxview 150 PolarPlus,MV ou MVS ou MVXS,1.5,ORG,OPHTALMIC COMPAGNIE,2025-06-13 13:26:14.096666
3258,https://www.france-optique.com/gravures/fournisseur=2395,Ophtalmic Maxview 150 Nupolar,MV ou MVS ou MVXS,1.5,ORG,OPHTALMIC COMPAGNIE,2025-06-13 13:26:14.153333
3259,https://www.france-optique.com/gravures/fournisseur=2395,Ophtalmic Maxview 150 Drivewear,MV ou MVS ou MVXS,1.5,ORG,OPHTALMIC COMPAGNIE,2025-06-13 13:26:14.210000
3260,https://www.france-optique.com/gravures/fournisseur=2395,Ophtalmic Insight 174,IN ou IN-S,1.74,ORG,OPHTALMIC COMPAGNIE,2025-06-13 13:26:14.270000
3261,https://www.france-optique.com/gravures/fournisseur=2395,Ophtalmic Insight 167,IN ou IN-S,1.67,ORG,OPHTALMIC COMPAGNIE,2025-06-13 13:26:14.326666
3262,https://www.france-optique.com/gravures/fournisseur=2395,Ophtalmic Insight 167 Cozylens,IN ou IN-S,1.67,ORG,OPHTALMIC COMPAGNIE,2025-06-13 13:26:14.380000
3263,https://www.france-optique.com/gravures/fournisseur=2395,Ophtalmic Insight 167 Sunlite,IN ou IN-S,1.67,ORG,OPHTALMIC COMPAGNIE,2025-06-13 13:26:14.433333
3264,https://www.france-optique.com/gravures/fournisseur=2395,Ophtalmic Insight 160,IN ou IN-S,1.6,ORG,OPHTALMIC COMPAGNIE,2025-06-13 13:26:14.493333
3265,https://www.france-optique.com/gravures/fournisseur=2395,Ophtalmic Insight 160 Cozylens,IN ou IN-S,1.6,ORG,OPHTALMIC COMPAGNIE,2025-06-13 13:26:14.550000
3266,https://www.france-optique.com/gravures/fournisseur=2395,Ophtalmic Insight 160 Transitions GEN8,IN ou IN-S,1.6,ORG,OPHTALMIC COMPAGNIE,2025-06-13 13:26:14.606666
3267,https://www.france-optique.com/gravures/fournisseur=2395,Ophtalmic Insight 160 Sunlite,IN ou IN-S,1.6,ORG,OPHTALMIC COMPAGNIE,2025-06-13 13:26:14.660000
3268,https://www.france-optique.com/gravures/fournisseur=2395,Ophtalmic Insight 160 PolarPlus,IN ou IN-S,1.6,ORG,OPHTALMIC COMPAGNIE,2025-06-13 13:26:14.756666
3269,https://www.france-optique.com/gravures/fournisseur=2395,Ophtalmic Insight Poly,IN ou IN-S,1.59,POLY,OPHTALMIC COMPAGNIE,2025-06-13 13:26:14.816666
3270,https://www.france-optique.com/gravures/fournisseur=2395,Ophtalmic Insight 154 Sunlite,IN ou IN-S,1.54,ORG,OPHTALMIC COMPAGNIE,2025-06-13 13:26:14.866666
3271,https://www.france-optique.com/gravures/fournisseur=2395,Ophtalmic Insight 150,IN ou IN-S,1.5,ORG,OPHTALMIC COMPAGNIE,2025-06-13 13:26:14.913333
3272,https://www.france-optique.com/gravures/fournisseur=2395,Ophtalmic Insight 150 UV 400,IN ou IN-S,1.5,ORG,OPHTALMIC COMPAGNIE,2025-06-13 13:26:14.966666
3273,https://www.france-optique.com/gravures/fournisseur=2395,Ophtalmic Insight 150 Cozylens,IN ou IN-S,1.5,ORG,OPHTALMIC COMPAGNIE,2025-06-13 13:26:15.023333
3274,https://www.france-optique.com/gravures/fournisseur=2395,Ophtalmic Insight 150 Transitions GEN8,IN ou IN-S,1.5,ORG,OPHTALMIC COMPAGNIE,2025-06-13 13:26:15.076666
3275,https://www.france-optique.com/gravures/fournisseur=2395,Ophtalmic Insight 150 Acclimates,IN ou IN-S,1.5,ORG,OPHTALMIC COMPAGNIE,2025-06-13 13:26:15.136666
3276,https://www.france-optique.com/gravures/fournisseur=2395,Ophtalmic Insight 150 PolarPlus,IN ou IN-S,1.5,ORG,OPHTALMIC COMPAGNIE,2025-06-13 13:26:15.196666
3277,https://www.france-optique.com/gravures/fournisseur=2395,Ophtalmic Insight 150 Nupolar,IN ou IN-S,1.5,ORG,OPHTALMIC COMPAGNIE,2025-06-13 13:26:15.256666
3278,https://www.france-optique.com/gravures/fournisseur=2395,Ophtalmic Insight Sun,IN ou IN-S,1.5,ORG,OPHTALMIC COMPAGNIE,2025-06-13 13:26:15.313333
3279,https://www.france-optique.com/gravures/fournisseur=2414,ZEISS unifocal SmartLife Individual 50/75/100 1.6,DLI60,1.6,ORG,ZEISS VISION CARE FRANCE,2025-06-13 13:26:15.370000
3280,https://www.france-optique.com/gravures/fournisseur=2414,ZEISS unifocal SmartLife Individual 50/75/100 1.67,DLI67,1.67,ORG,ZEISS VISION CARE FRANCE,2025-06-13 13:26:15.436666
3281,https://www.france-optique.com/gravures/fournisseur=2414,ZEISS unifocal SmartLife Individual 50/75/100 1.74,DLI74,1.74,ORG,ZEISS VISION CARE FRANCE,2025-06-13 13:26:15.486666
3282,https://www.france-optique.com/gravures/fournisseur=2414,ZEISS unifocal SmartLife Individual 50/75/100 Poly,DLI59,1.59,POLY,ZEISS VISION CARE FRANCE,2025-06-13 13:26:15.536666
3283,https://www.france-optique.com/gravures/fournisseur=2414,ZEISS progressif SmartLife Individual 1.5,SIN50,1.5,ORG,ZEISS VISION CARE FRANCE,2025-06-13 13:26:15.586666
3284,https://www.france-optique.com/gravures/fournisseur=2414,ZEISS progressif SmartLife Individual 1.53,SIN53,1.53,TVX,ZEISS VISION CARE FRANCE,2025-06-13 13:26:15.646666
3285,https://www.france-optique.com/gravures/fournisseur=2414,ZEISS progressif SmartLife Individual 1.6,SIN60,1.6,ORG,ZEISS VISION CARE FRANCE,2025-06-13 13:26:15.706666
3286,https://www.france-optique.com/gravures/fournisseur=2414,ZEISS progressif SmartLife Individual 1.67,SIN67,1.67,ORG,ZEISS VISION CARE FRANCE,2025-06-13 13:26:15.766666
3287,https://www.france-optique.com/gravures/fournisseur=2414,ZEISS progressif SmartLife Individual 1.74,SIN74,1.74,ORG,ZEISS VISION CARE FRANCE,2025-06-13 13:26:15.823333
3288,https://www.france-optique.com/gravures/fournisseur=2414,ZEISS progressif SmartLife Individual Poly,SIN59,1.59,POLY,ZEISS VISION CARE FRANCE,2025-06-13 13:26:15.873333
3289,https://www.france-optique.com/gravures/fournisseur=2414,ZEISS progressif SmartLife Superb 1.5,SSB50,1.5,ORG,ZEISS VISION CARE FRANCE,2025-06-13 13:26:15.930000
3290,https://www.france-optique.com/gravures/fournisseur=2414,ZEISS progressif SmartLife Superb 1.53,SSB53,1.53,TVX,ZEISS VISION CARE FRANCE,2025-06-13 13:26:15.983333
3291,https://www.france-optique.com/gravures/fournisseur=2414,ZEISS progressif SmartLife Superb 1.6,SSB60,1.6,ORG,ZEISS VISION CARE FRANCE,2025-06-13 13:26:16.036666
3292,https://www.france-optique.com/gravures/fournisseur=2414,ZEISS progressif SmartLife Superb 1.67,SSB67,1.67,ORG,ZEISS VISION CARE FRANCE,2025-06-13 13:26:16.090000
3293,https://www.france-optique.com/gravures/fournisseur=2414,ZEISS progressif SmartLife Superb 1.74,SSB74,1.74,ORG,ZEISS VISION CARE FRANCE,2025-06-13 13:26:16.150000
3294,https://www.france-optique.com/gravures/fournisseur=2414,ZEISS progressif SmartLife Superb Poly,SSB59,1.59,POLY,ZEISS VISION CARE FRANCE,2025-06-13 13:26:16.200000
3295,https://www.france-optique.com/gravures/fournisseur=2414,ZEISS progressif SmartLife Plus 1.5,SPL50,1.5,ORG,ZEISS VISION CARE FRANCE,2025-06-13 13:26:16.256666
3296,https://www.france-optique.com/gravures/fournisseur=2414,ZEISS progressif SmartLife Plus 1.53,SPL53,1.53,TVX,ZEISS VISION CARE FRANCE,2025-06-13 13:26:16.310000
3297,https://www.france-optique.com/gravures/fournisseur=2414,ZEISS progressif SmartLife Plus 1.6,SPL60,1.6,ORG,ZEISS VISION CARE FRANCE,2025-06-13 13:26:16.363333
3298,https://www.france-optique.com/gravures/fournisseur=2414,ZEISS progressif SmartLife Plus 1.67,SPL67,1.67,ORG,ZEISS VISION CARE FRANCE,2025-06-13 13:26:16.420000
3299,https://www.france-optique.com/gravures/fournisseur=2414,ZEISS progressif SmartLife Plus 1.74,SPL74,1.74,ORG,ZEISS VISION CARE FRANCE,2025-06-13 13:26:16.470000
3300,https://www.france-optique.com/gravures/fournisseur=2414,ZEISS progressif SmartLife Plus Poly,SPL59,1.59,POLY,ZEISS VISION CARE FRANCE,2025-06-13 13:26:16.526666
3301,https://www.france-optique.com/gravures/fournisseur=2414,ZEISS progressif SmartLife Pure 1.5,"SPU50
18",1.5,ORG,ZEISS VISION CARE FRANCE,2025-06-13 13:26:16.583333
3302,https://www.france-optique.com/gravures/fournisseur=2414,ZEISS progressif SmartLife Pure 1.53,"SPU53
18",1.53,TVX,ZEISS VISION CARE FRANCE,2025-06-13 13:26:16.640000
3303,https://www.france-optique.com/gravures/fournisseur=2414,ZEISS progressif SmartLife Pure 1.6,"SPU60
18",1.6,ORG,ZEISS VISION CARE FRANCE,2025-06-13 13:26:16.693333
3304,https://www.france-optique.com/gravures/fournisseur=2414,ZEISS progressif SmartLife Pure 1.67,"SPU67
18",1.67,ORG,ZEISS VISION CARE FRANCE,2025-06-13 13:26:16.743333
3305,https://www.france-optique.com/gravures/fournisseur=2414,ZEISS progressif SmartLife Pure 1.74,"SPU74
18",1.74,ORG,ZEISS VISION CARE FRANCE,2025-06-13 13:26:16.796666
3306,https://www.france-optique.com/gravures/fournisseur=2414,ZEISS progressif SmartLife Pure Poly,"SPU59
18",1.59,POLY,ZEISS VISION CARE FRANCE,2025-06-13 13:26:16.853333
3307,https://www.france-optique.com/gravures/fournisseur=2414,ZEISS unifocal SmartLife 50/75/100 1.5,DSL50,1.5,ORG,ZEISS VISION CARE FRANCE,2025-06-13 13:26:16.913333
3308,https://www.france-optique.com/gravures/fournisseur=2414,ZEISS unifocal SmartLife 50/75/100 1.53,DSL53,1.53,TVX,ZEISS VISION CARE FRANCE,2025-06-13 13:26:16.973333
3309,https://www.france-optique.com/gravures/fournisseur=2414,ZEISS unifocal SmartLife 50/75/100 1.6,DSL60,1.6,ORG,ZEISS VISION CARE FRANCE,2025-06-13 13:26:17.030000
3310,https://www.france-optique.com/gravures/fournisseur=2414,ZEISS unifocal SmartLife 50/75/100 1.67,DSL67,1.67,ORG,ZEISS VISION CARE FRANCE,2025-06-13 13:26:17.080000
3311,https://www.france-optique.com/gravures/fournisseur=2414,ZEISS unifocal SmartLife 50/75/100 1.74,DSL74,1.74,ORG,ZEISS VISION CARE FRANCE,2025-06-13 13:26:17.140000
3312,https://www.france-optique.com/gravures/fournisseur=2414,ZEISS unifocal SmartLife 50/75/100 Poly,DSL59,1.59,POLY,ZEISS VISION CARE FRANCE,2025-06-13 13:26:17.203333
3313,https://www.france-optique.com/gravures/fournisseur=2414,ZEISS unifocal SmartLife Individual 1.5,SLI50,1.5,ORG,ZEISS VISION CARE FRANCE,2025-06-13 13:26:17.260000
3314,https://www.france-optique.com/gravures/fournisseur=2414,ZEISS unifocal SmartLife Individual 1.53,SLI53,1.53,TVX,ZEISS VISION CARE FRANCE,2025-06-13 13:26:17.313333
3315,https://www.france-optique.com/gravures/fournisseur=2414,ZEISS unifocal SmartLife Individual 1.6,SLI60,1.6,ORG,ZEISS VISION CARE FRANCE,2025-06-13 13:26:17.366666
3316,https://www.france-optique.com/gravures/fournisseur=2414,ZEISS unifocal SmartLife Individual 1.67,SLI67,1.67,ORG,ZEISS VISION CARE FRANCE,2025-06-13 13:26:17.420000
3317,https://www.france-optique.com/gravures/fournisseur=2414,ZEISS unifocal SmartLife Individual 1.74,SLI74,1.74,ORG,ZEISS VISION CARE FRANCE,2025-06-13 13:26:17.470000
3318,https://www.france-optique.com/gravures/fournisseur=2414,ZEISS unifocal SmartLife Individual Poly,SLI59,1.59,POLY,ZEISS VISION CARE FRANCE,2025-06-13 13:26:17.533333
3319,https://www.france-optique.com/gravures/fournisseur=659,be 4ty+ S-Fusion Perfect.i / UV / B-UV / Photo Trans / Transitions Gen S / XTRActive / Polar / Drivewear,SFI,1.5,ORG,OPTISWISS FRANCE SARL,2025-06-13 13:26:17.586666
3320,https://www.france-optique.com/gravures/fournisseur=659,One S-Fusion / UV / B-UV / Photo Trans / Transitions Gen S / XTRActive / Polar / Drivewear,ONE,1.5,ORG,OPTISWISS FRANCE SARL,2025-06-13 13:26:17.650000
3321,https://www.france-optique.com/gravures/fournisseur=659,be 4ty+ S-Fusion Life / UV / B-UV / Photo Trans / Transitions Gen S / XTRActive / Polar / Drivewear,SFL,1.5,ORG,OPTISWISS FRANCE SARL,2025-06-13 13:26:17.706666
3322,https://www.france-optique.com/gravures/fournisseur=659,be 4ty+ S-Fusion Easy / UV / B-UV / Photo Trans / Transitions Gen S / XTRActive / Polar / Drivewear,SFE,1.5,ORG,OPTISWISS FRANCE SARL,2025-06-13 13:26:17.766666
3323,https://www.france-optique.com/gravures/fournisseur=659,be 4ty+ HD Perfect / UV / B-UV / Photo Trans / Transitions Gen S / XTRActive / Polar / Drivewear,HDP,1.5,ORG,OPTISWISS FRANCE SARL,2025-06-13 13:26:17.823333
3324,https://www.france-optique.com/gravures/fournisseur=659,be 4ty+ HD Life / UV / B-UV / Photo Trans / Transitions Gen S / XTRActive / Polar / Drivewear,HDL,1.5,ORG,OPTISWISS FRANCE SARL,2025-06-13 13:26:17.876666
3325,https://www.france-optique.com/gravures/fournisseur=659,SMYLE UV / B-UV / Photo Trans,SMY,1.5,ORG,OPTISWISS FRANCE SARL,2025-06-13 13:26:17.936666
3326,https://www.france-optique.com/gravures/fournisseur=659,be 4ty+ S-Fusion Perfect.i / B-UV / Photo Trans / Transitions Gen S / XTRActive / Polar,SFI,1.6,ORG,OPTISWISS FRANCE SARL,2025-06-13 13:26:18.013333
3327,https://www.france-optique.com/gravures/fournisseur=659,be 4ty+ S-Fusion Life / B-UV / Photo Trans / Transitions Gen S / XTRActive / Polar,SFL,1.6,ORG,OPTISWISS FRANCE SARL,2025-06-13 13:26:18.066666
3328,https://www.france-optique.com/gravures/fournisseur=659,be 4ty+ S-Fusion Easy / B-UV / Photo Trans / Transitions Gen S / XTRActive / Polar,SFE,1.6,ORG,OPTISWISS FRANCE SARL,2025-06-13 13:26:18.120000
3329,https://www.france-optique.com/gravures/fournisseur=659,be 4ty+ HD Perfect / B-UV / Photo Trans / Transitions Gen S / XTRActive / Polar,HDP,1.6,ORG,OPTISWISS FRANCE SARL,2025-06-13 13:26:18.173333
3330,https://www.france-optique.com/gravures/fournisseur=659,be 4ty+ HD Life / B-UV / Photo Trans / Transitions Gen S / XTRActive / Polar,HDL,1.6,ORG,OPTISWISS FRANCE SARL,2025-06-13 13:26:18.230000
3331,https://www.france-optique.com/gravures/fournisseur=659,One S-Fusion / B-UV / Photo Trans / Transitions Gen S / XTRActive / Polar,ONE,1.6,ORG,OPTISWISS FRANCE SARL,2025-06-13 13:26:18.283333
3332,https://www.france-optique.com/gravures/fournisseur=659,SMYLE / B-UV / Photo Trans,SMY,1.6,ORG,OPTISWISS FRANCE SARL,2025-06-13 13:26:18.336666
3333,https://www.france-optique.com/gravures/fournisseur=659,be 4ty+ S-Fusion Qube / Transitions Gen S / Polar,SFQ,1.5,ORG,OPTISWISS FRANCE SARL,2025-06-13 13:26:18.400000
3334,https://www.france-optique.com/gravures/fournisseur=659,be 4ty+ S-Fusion Perfect.i / B-UV / Photo Trans / Transitions Gen S / Polar,SFI,1.67,ORG,OPTISWISS FRANCE SARL,2025-06-13 13:26:18.463333
3335,https://www.france-optique.com/gravures/fournisseur=659,be 4ty+ S-Fusion Life / B-UV / Photo Trans / Transitions Gen S / Polar,SFL,1.67,ORG,OPTISWISS FRANCE SARL,2025-06-13 13:26:18.516666
3336,https://www.france-optique.com/gravures/fournisseur=659,be 4ty+ S-Fusion Easy / B-UV / Photo Trans / Transitions Gen S / Polar,SFE,1.67,ORG,OPTISWISS FRANCE SARL,2025-06-13 13:26:18.576666
3337,https://www.france-optique.com/gravures/fournisseur=659,be 4ty+ HD Perfect / B-UV / Photo Trans / Transitions Gen S / Polar,HDP,1.67,ORG,OPTISWISS FRANCE SARL,2025-06-13 13:26:18.633333
3338,https://www.france-optique.com/gravures/fournisseur=659,be 4ty+ HD Life / B-UV / Photo Trans / Transitions Gen S / Polar,HDL,1.67,ORG,OPTISWISS FRANCE SARL,2025-06-13 13:26:18.686666
3339,https://www.france-optique.com/gravures/fournisseur=659,One S-Fusion / B-UV / Photo Trans / Transitions Gen S / Polar,ONE,1.67,ORG,OPTISWISS FRANCE SARL,2025-06-13 13:26:18.750000
3340,https://www.france-optique.com/gravures/fournisseur=659,SMYLE / B-UV / Photo Trans,SMY,1.67,ORG,OPTISWISS FRANCE SARL,2025-06-13 13:26:18.803333
3341,https://www.france-optique.com/gravures/fournisseur=659,be 4ty+ S-Fusion Perfect.i,SFI,1.74,ORG,OPTISWISS FRANCE SARL,2025-06-13 13:26:18.856666
3342,https://www.france-optique.com/gravures/fournisseur=659,be 4ty+ S-Fusion Life,SFL,1.74,ORG,OPTISWISS FRANCE SARL,2025-06-13 13:26:18.910000
3343,https://www.france-optique.com/gravures/fournisseur=659,be 4ty+ S-Fusion Easy,SFE,1.74,ORG,OPTISWISS FRANCE SARL,2025-06-13 13:26:18.970000
3344,https://www.france-optique.com/gravures/fournisseur=659,be 4ty+ HD Perfect,HDP,1.74,ORG,OPTISWISS FRANCE SARL,2025-06-13 13:26:19.020000
3345,https://www.france-optique.com/gravures/fournisseur=659,be 4ty+ HD Life,HDL,1.74,ORG,OPTISWISS FRANCE SARL,2025-06-13 13:26:19.076666
3346,https://www.france-optique.com/gravures/fournisseur=659,One S-Fusion,ONE,1.74,ORG,OPTISWISS FRANCE SARL,2025-06-13 13:26:19.133333
3347,https://www.france-optique.com/gravures/fournisseur=659,SMYLE,SMY,1.74,ORG,OPTISWISS FRANCE SARL,2025-06-13 13:26:19.186666
3348,https://www.france-optique.com/gravures/fournisseur=659,SMYLE,SMY,1.53,TVX,OPTISWISS FRANCE SARL,2025-06-13 13:26:19.240000
3349,https://www.france-optique.com/gravures/fournisseur=659,be 4ty+ S-Fusion Qube / Transitions Gen S / Polar,SFQ,1.6,ORG,OPTISWISS FRANCE SARL,2025-06-13 13:26:19.290000
3350,https://www.france-optique.com/gravures/fournisseur=659,SMYLE,SMY,1.59,POLY,OPTISWISS FRANCE SARL,2025-06-13 13:26:19.350000
3351,https://www.france-optique.com/gravures/fournisseur=659,be 4ty+ S-Fusion Qube / Transitions Gen S,SFQ,1.67,ORG,OPTISWISS FRANCE SARL,2025-06-13 13:26:19.406666
3352,https://www.france-optique.com/gravures/fournisseur=659,be 4ty+ S-Fusion Qube,SFQ,1.53,TVX,OPTISWISS FRANCE SARL,2025-06-13 13:26:19.453333
3353,https://www.france-optique.com/gravures/fournisseur=659,be 4ty+ S-Fusion Qube,SFQ,1.59,POLY,OPTISWISS FRANCE SARL,2025-06-13 13:26:19.506666
3354,https://www.france-optique.com/gravures/fournisseur=659,be 4ty+ S-Fusion Perfect.i / Transitions Gen S,SFI,1.53,TVX,OPTISWISS FRANCE SARL,2025-06-13 13:26:19.556666
3355,https://www.france-optique.com/gravures/fournisseur=659,be 4ty+ S-Fusion Perfect.i,SFI,1.59,POLY,OPTISWISS FRANCE SARL,2025-06-13 13:26:19.610000
3356,https://www.france-optique.com/gravures/fournisseur=659,be 4ty+ S-Fusion Perfect.i / Photo,SFI,1.6,MIN,OPTISWISS FRANCE SARL,2025-06-13 13:26:19.670000
3357,https://www.france-optique.com/gravures/fournisseur=659,be 4ty+ S-Fusion Perfect.i,SFI,1.71,MIN,OPTISWISS FRANCE SARL,2025-06-13 13:26:19.726666
3358,https://www.france-optique.com/gravures/fournisseur=659,be 4ty+ S-Fusion Perfect.i,SFI,1.81,MIN,OPTISWISS FRANCE SARL,2025-06-13 13:26:19.780000
3359,https://www.france-optique.com/gravures/fournisseur=659,be 4ty+ S-Fusion Life / Transitions Gen S,SFL,1.53,TVX,OPTISWISS FRANCE SARL,2025-06-13 13:26:19.830000
3360,https://www.france-optique.com/gravures/fournisseur=659,be 4ty+ S-Fusion Life,SFL,1.59,POLY,OPTISWISS FRANCE SARL,2025-06-13 13:26:19.886666
3361,https://www.france-optique.com/gravures/fournisseur=659,be 4ty+ S-Fusion Life / Photo,SFL,1.6,MIN,OPTISWISS FRANCE SARL,2025-06-13 13:26:19.940000
3362,https://www.france-optique.com/gravures/fournisseur=659,be 4ty+ S-Fusion Life,SFL,1.71,MIN,OPTISWISS FRANCE SARL,2025-06-13 13:26:19.990000
3363,https://www.france-optique.com/gravures/fournisseur=659,be 4ty+ S-Fusion Life,SFL,1.81,MIN,OPTISWISS FRANCE SARL,2025-06-13 13:26:20.043333
3364,https://www.france-optique.com/gravures/fournisseur=659,be 4ty+ S-Fusion Easy / Transitions Gen S,SFE,1.53,TVX,OPTISWISS FRANCE SARL,2025-06-13 13:26:20.100000
3365,https://www.france-optique.com/gravures/fournisseur=659,be 4ty+ S-Fusion Easy,SFE,1.59,POLY,OPTISWISS FRANCE SARL,2025-06-13 13:26:20.156666
3366,https://www.france-optique.com/gravures/fournisseur=659,be 4ty+ S-Fusion Easy / Photo,SFE,1.6,MIN,OPTISWISS FRANCE SARL,2025-06-13 13:26:20.206666
3367,https://www.france-optique.com/gravures/fournisseur=659,be 4ty+ S-Fusion Easy,SFE,1.71,MIN,OPTISWISS FRANCE SARL,2025-06-13 13:26:20.256666
3368,https://www.france-optique.com/gravures/fournisseur=659,be 4ty+ S-Fusion Easy,SFE,1.81,MIN,OPTISWISS FRANCE SARL,2025-06-13 13:26:20.313333
3369,https://www.france-optique.com/gravures/fournisseur=659,be 4ty+ HD Perfect / Transitions Gen S,HDP,1.53,TVX,OPTISWISS FRANCE SARL,2025-06-13 13:26:20.373333
3370,https://www.france-optique.com/gravures/fournisseur=659,be 4ty+ HD Perfect,HDP,1.59,POLY,OPTISWISS FRANCE SARL,2025-06-13 13:26:20.423333
3371,https://www.france-optique.com/gravures/fournisseur=659,be 4ty+ HD Perfect / Photo,HDP,1.6,MIN,OPTISWISS FRANCE SARL,2025-06-13 13:26:20.473333
3372,https://www.france-optique.com/gravures/fournisseur=659,be 4ty+ HD Perfect,HDP,1.71,MIN,OPTISWISS FRANCE SARL,2025-06-13 13:26:20.536666
3373,https://www.france-optique.com/gravures/fournisseur=659,be 4ty+ HD Perfect,HDP,1.81,MIN,OPTISWISS FRANCE SARL,2025-06-13 13:26:20.593333
3374,https://www.france-optique.com/gravures/fournisseur=659,be 4ty+ HD Life / Transitions Gen S,HDL,1.53,TVX,OPTISWISS FRANCE SARL,2025-06-13 13:26:20.643333
3375,https://www.france-optique.com/gravures/fournisseur=659,be 4ty+ HD Life,HDL,1.59,POLY,OPTISWISS FRANCE SARL,2025-06-13 13:26:20.696666
3376,https://www.france-optique.com/gravures/fournisseur=659,be 4ty+ HD Life / Photo,HDL,1.6,MIN,OPTISWISS FRANCE SARL,2025-06-13 13:26:20.753333
3377,https://www.france-optique.com/gravures/fournisseur=659,be 4ty+ HD Life,HDL,1.71,MIN,OPTISWISS FRANCE SARL,2025-06-13 13:26:20.800000
3378,https://www.france-optique.com/gravures/fournisseur=659,be 4ty+ HD Life,HDL,1.81,MIN,OPTISWISS FRANCE SARL,2025-06-13 13:26:20.850000
3379,https://www.france-optique.com/gravures/fournisseur=659,be 4ty+ HD Easy / UV / B-UV / Photo Trans / Transitions Gen S / XTRActive / Polar / Drivewear,HDE,1.5,ORG,OPTISWISS FRANCE SARL,2025-06-13 13:26:20.900000
3380,https://www.france-optique.com/gravures/fournisseur=659,be 4ty+ HD Easy,HDE,1.74,ORG,OPTISWISS FRANCE SARL,2025-06-13 13:26:20.956666
3381,https://www.france-optique.com/gravures/fournisseur=659,be 4ty+ HD Easy / Transitions Gen S,HDE,1.53,TVX,OPTISWISS FRANCE SARL,2025-06-13 13:26:21.013333
3382,https://www.france-optique.com/gravures/fournisseur=659,be 4ty+ HD Easy,HDE,1.59,POLY,OPTISWISS FRANCE SARL,2025-06-13 13:26:21.070000
3383,https://www.france-optique.com/gravures/fournisseur=659,be 4ty+ HD Easy / Photo,HDE,1.6,MIN,OPTISWISS FRANCE SARL,2025-06-13 13:26:21.126666
3384,https://www.france-optique.com/gravures/fournisseur=659,be 4ty+ HD Easy,HDE,1.71,MIN,OPTISWISS FRANCE SARL,2025-06-13 13:26:21.180000
3385,https://www.france-optique.com/gravures/fournisseur=659,be 4ty+ HD Easy,HDE,1.81,MIN,OPTISWISS FRANCE SARL,2025-06-13 13:26:21.233333
3386,https://www.france-optique.com/gravures/fournisseur=659,be 4ty+ HD RoadSafe Drivewear,HDRS,1.5,ORG,OPTISWISS FRANCE SARL,2025-06-13 13:26:21.290000
3387,https://www.france-optique.com/gravures/fournisseur=659,be 4ty+ HD RoadSafe / XTRActive,HDRS,1.6,ORG,OPTISWISS FRANCE SARL,2025-06-13 13:26:21.350000
3388,https://www.france-optique.com/gravures/fournisseur=659,be 4ty+ HD RoadSafe,HDRS,1.67,ORG,OPTISWISS FRANCE SARL,2025-06-13 13:26:21.410000
3389,https://www.france-optique.com/gravures/fournisseur=659,PX+ Life / UV / B-UV / Photo Trans / Transitions Gen S / Polar,PX+L,1.5,ORG,OPTISWISS FRANCE SARL,2025-06-13 13:26:21.463333
3390,https://www.france-optique.com/gravures/fournisseur=659,PX+ Life / B-UV / Photo Trans / Transitions Gen S / Polar,PX+L,1.6,ORG,OPTISWISS FRANCE SARL,2025-06-13 13:26:21.520000
3391,https://www.france-optique.com/gravures/fournisseur=659,PX+ Life / B-UV / Photo Trans / Transitions Gen S,PX+L,1.67,ORG,OPTISWISS FRANCE SARL,2025-06-13 13:26:21.580000
3392,https://www.france-optique.com/gravures/fournisseur=659,PX+ Life,PX+L,1.59,POLY,OPTISWISS FRANCE SARL,2025-06-13 13:26:21.640000
3393,https://www.france-optique.com/gravures/fournisseur=659,PX+ Easy / UV / B-UV / Photo Trans / Transitions Gen S / Polar,PX+E,1.5,ORG,OPTISWISS FRANCE SARL,2025-06-13 13:26:21.700000
3394,https://www.france-optique.com/gravures/fournisseur=659,PX+ Easy / B-UV / Photo Trans / Transitions Gen S / Polar,PX+E,1.6,ORG,OPTISWISS FRANCE SARL,2025-06-13 13:26:21.753333
3395,https://www.france-optique.com/gravures/fournisseur=659,PX+ Easy / B-UV / Photo Trans / Transitions Gen S,PX+E,1.67,ORG,OPTISWISS FRANCE SARL,2025-06-13 13:26:21.813333
3396,https://www.france-optique.com/gravures/fournisseur=659,PX+ Easy,PX+E,1.59,POLY,OPTISWISS FRANCE SARL,2025-06-13 13:26:21.863333
3397,https://www.france-optique.com/gravures/fournisseur=659,Pro Orga / UV / B-UV / Photo Trans / Transitions Gen S / Polar,PRO,1.5,ORG,OPTISWISS FRANCE SARL,2025-06-13 13:26:21.916666
3398,https://www.france-optique.com/gravures/fournisseur=659,Pro Poly,PRO,1.59,POLY,OPTISWISS FRANCE SARL,2025-06-13 13:26:21.966666
3399,https://www.france-optique.com/gravures/fournisseur=659,Pro Sport S-Fusion / Transitions Gen S / XTRActive / Polar / Drivewear,SPSF,1.5,ORG,OPTISWISS FRANCE SARL,2025-06-13 13:26:22.016666
3400,https://www.france-optique.com/gravures/fournisseur=659,Pro Sport S-Fusion / Transitions Gen S / Polar,SPSF,1.6,ORG,OPTISWISS FRANCE SARL,2025-06-13 13:26:22.073333
3401,https://www.france-optique.com/gravures/fournisseur=659,Pro Sport S-Fusion / Transitions Gen S / Polar,SPSF,1.67,ORG,OPTISWISS FRANCE SARL,2025-06-13 13:26:22.130000
3402,https://www.france-optique.com/gravures/fournisseur=659,Pro Sport S-Fusion / Transitions Gen S / Sun / Photo Daynite / Photo Copper / Photo Orange / Photo Polar / Polar,SPSF,1.53,TVX,OPTISWISS FRANCE SARL,2025-06-13 13:26:22.180000
3403,https://www.france-optique.com/gravures/fournisseur=659,Pro Sport S-Fusion / Sun / Polar / Polar Energy,SPSF,1.59,POLY,OPTISWISS FRANCE SARL,2025-06-13 13:26:22.233333
3404,https://www.france-optique.com/gravures/fournisseur=659,Pro Sport IBS,PSP,1.59,POLY,OPTISWISS FRANCE SARL,2025-06-13 13:26:22.290000
3405,https://www.france-optique.com/gravures/fournisseur=659,One S-Fusion / Transitions Gen S,ONE,1.53,TVX,OPTISWISS FRANCE SARL,2025-06-13 13:26:22.346666
3406,https://www.france-optique.com/gravures/fournisseur=659,One S-Fusion / Photo,ONE,1.6,MIN,OPTISWISS FRANCE SARL,2025-06-13 13:26:22.400000
3407,https://www.france-optique.com/gravures/fournisseur=659,One S-Fusion,ONE,1.71,MIN,OPTISWISS FRANCE SARL,2025-06-13 13:26:22.450000
3408,https://www.france-optique.com/gravures/fournisseur=659,One S-Fusion,ONE,1.81,MIN,OPTISWISS FRANCE SARL,2025-06-13 13:26:22.500000
3409,https://www.france-optique.com/gravures/fournisseur=659,One HD RoadSafe Drivewear,HDRS,1.5,ORG,OPTISWISS FRANCE SARL,2025-06-13 13:26:22.553333
3410,https://www.france-optique.com/gravures/fournisseur=659,One HD RoadSafe / XTRActive,HDRS,1.6,ORG,OPTISWISS FRANCE SARL,2025-06-13 13:26:22.606666
3411,https://www.france-optique.com/gravures/fournisseur=659,One HD RoadSafe,HDRS,1.67,ORG,OPTISWISS FRANCE SARL,2025-06-13 13:26:22.656666
3412,https://www.france-optique.com/gravures/fournisseur=659,Relax S-Fusion / UV / B-UV / Photo Trans / Transitions Gen S / XTRActive / Polar / Drivewear,RLX A*,1.5,ORG,OPTISWISS FRANCE SARL,2025-06-13 13:26:22.713333
3413,https://www.france-optique.com/gravures/fournisseur=659,Relax S-Fusion / B-UV / Photo Trans / Transitions Gen S / XTRActive / Polar,RLX A*,1.6,ORG,OPTISWISS FRANCE SARL,2025-06-13 13:26:22.770000
3414,https://www.france-optique.com/gravures/fournisseur=659,Relax S-Fusion / B-UV / Photo Trans / Transitions Gen S / Polar,RLX A*,1.67,ORG,OPTISWISS FRANCE SARL,2025-06-13 13:26:22.823333
3415,https://www.france-optique.com/gravures/fournisseur=659,Relax S-Fusion,RLX A*,1.74,ORG,OPTISWISS FRANCE SARL,2025-06-13 13:26:22.880000
3416,https://www.france-optique.com/gravures/fournisseur=659,Relax S-Fusion / Transitions Gen S,RLX A*,1.53,TVX,OPTISWISS FRANCE SARL,2025-06-13 13:26:22.933333
3417,https://www.france-optique.com/gravures/fournisseur=659,Relax S-Fusion / Photo,RLX A*,1.6,MIN,OPTISWISS FRANCE SARL,2025-06-13 13:26:22.986666
3418,https://www.france-optique.com/gravures/fournisseur=659,Relax S-Fusion,RLX A*,1.71,MIN,OPTISWISS FRANCE SARL,2025-06-13 13:26:23.050000
3419,https://www.france-optique.com/gravures/fournisseur=659,Relax S-Fusion,RLX A*,1.81,MIN,OPTISWISS FRANCE SARL,2025-06-13 13:26:23.136666
3420,https://www.france-optique.com/gravures/fournisseur=659,Relax / UV / B-UV / Photo Trans / Transitions Gen S,RLX A*,1.5,ORG,OPTISWISS FRANCE SARL,2025-06-13 13:26:23.190000
3421,https://www.france-optique.com/gravures/fournisseur=659,Relax / B-UV / Photo Trans / Transitions Gen S,RLX A*,1.6,ORG,OPTISWISS FRANCE SARL,2025-06-13 13:26:23.243333
3422,https://www.france-optique.com/gravures/fournisseur=659,Relax / B-UV / Photo Trans / Transitions Gen S,RLX A*,1.67,ORG,OPTISWISS FRANCE SARL,2025-06-13 13:26:23.306666
3423,https://www.france-optique.com/gravures/fournisseur=659,Relax,RLX A*,1.74,ORG,OPTISWISS FRANCE SARL,2025-06-13 13:26:23.373333
3424,https://www.france-optique.com/gravures/fournisseur=659,One Sport S-Fusion / Transitions Gen S / XTRActive / Polar / Drivewear,SPSF,1.5,ORG,OPTISWISS FRANCE SARL,2025-06-13 13:26:23.430000
3425,https://www.france-optique.com/gravures/fournisseur=659,One Sport S-Fusion / Transitions Gen S / XTRActive / Polar,SPSF,1.6,ORG,OPTISWISS FRANCE SARL,2025-06-13 13:26:23.480000
3426,https://www.france-optique.com/gravures/fournisseur=659,One Sport S-Fusion / Transitions Gen S / Polar,SPSF,1.67,ORG,OPTISWISS FRANCE SARL,2025-06-13 13:26:23.533333
3427,https://www.france-optique.com/gravures/fournisseur=659,One Sport S-Fusion / Transitions Gen S / Sun / Photo Daynite / Photo Copper / Photo Orange / Photo Polar / Polar,SPSF,1.53,TVX,OPTISWISS FRANCE SARL,2025-06-13 13:26:23.590000
3428,https://www.france-optique.com/gravures/fournisseur=659,One Sport S-Fusion / Sun / Polar / Polar Energy,SPSF,1.59,POLY,OPTISWISS FRANCE SARL,2025-06-13 13:26:23.643333
3429,https://www.france-optique.com/gravures/fournisseur=659,One Sport IBS,OSP,1.59,POLY,OPTISWISS FRANCE SARL,2025-06-13 13:26:23.693333
3430,https://www.france-optique.com/gravures/fournisseur=659,Nearis S-Fusion Office / UV / B-UV / Photo Trans / Transitions Gen S,NESO,1.5,ORG,OPTISWISS FRANCE SARL,2025-06-13 13:26:23.750000
3431,https://www.france-optique.com/gravures/fournisseur=659,Nearis S-Fusion Office / B-UV / Photo Trans / Transitions Gen S,NESO,1.6,ORG,OPTISWISS FRANCE SARL,2025-06-13 13:26:23.810000
3432,https://www.france-optique.com/gravures/fournisseur=659,Nearis S-Fusion Office / B-UV,NESO,1.67,ORG,OPTISWISS FRANCE SARL,2025-06-13 13:26:23.860000
3433,https://www.france-optique.com/gravures/fournisseur=659,Nearis S-Fusion Office,NESO,1.74,ORG,OPTISWISS FRANCE SARL,2025-06-13 13:26:23.913333
3434,https://www.france-optique.com/gravures/fournisseur=659,Nearis S-Fusion Office / Transitions Gen S,NESO,1.53,TVX,OPTISWISS FRANCE SARL,2025-06-13 13:26:23.966666
3435,https://www.france-optique.com/gravures/fournisseur=659,Nearis S-Fusion Office / Photo,NESO,1.6,MIN,OPTISWISS FRANCE SARL,2025-06-13 13:26:24.020000
3436,https://www.france-optique.com/gravures/fournisseur=659,Nearis S-Fusion Office,NESO,1.71,MIN,OPTISWISS FRANCE SARL,2025-06-13 13:26:24.083333
3437,https://www.france-optique.com/gravures/fournisseur=659,Nearis S-Fusion Office,NESO,1.81,MIN,OPTISWISS FRANCE SARL,2025-06-13 13:26:24.136666
3438,https://www.france-optique.com/gravures/fournisseur=659,Nearis S-Fusion Desk / UV / B-UV / Photo Trans / Transitions Gen S,NESD,1.5,ORG,OPTISWISS FRANCE SARL,2025-06-13 13:26:24.190000
3439,https://www.france-optique.com/gravures/fournisseur=659,Nearis S-Fusion Desk / Photo / B-UV / PhotoTrans / Transitions Gen S,NESD,1.6,ORG,OPTISWISS FRANCE SARL,2025-06-13 13:26:24.240000
3440,https://www.france-optique.com/gravures/fournisseur=659,Nearis S-Fusion Desk / B-UV,NESD,1.67,ORG,OPTISWISS FRANCE SARL,2025-06-13 13:26:24.290000
3441,https://www.france-optique.com/gravures/fournisseur=659,Nearis S-Fusion Desk,NESD,1.74,ORG,OPTISWISS FRANCE SARL,2025-06-13 13:26:24.340000
3442,https://www.france-optique.com/gravures/fournisseur=659,Nearis S-Fusion Desk / Transitions Gen S,NESD,1.53,TVX,OPTISWISS FRANCE SARL,2025-06-13 13:26:24.390000
3443,https://www.france-optique.com/gravures/fournisseur=659,Nearis S-Fusion Desk / Photo,NESD,1.6,MIN,OPTISWISS FRANCE SARL,2025-06-13 13:26:24.446666
3444,https://www.france-optique.com/gravures/fournisseur=659,Nearis S-Fusion Desk,NESD,1.71,MIN,OPTISWISS FRANCE SARL,2025-06-13 13:26:24.500000
3445,https://www.france-optique.com/gravures/fournisseur=659,Nearis S-Fusion Desk,NESD,1.81,MIN,OPTISWISS FRANCE SARL,2025-06-13 13:26:24.553333
3446,https://www.france-optique.com/gravures/fournisseur=659,Nearis S-Fusion Reader / UV / B-UV / Photo Trans / Transitions Gen S,NESR,1.5,ORG,OPTISWISS FRANCE SARL,2025-06-13 13:26:24.606666
3447,https://www.france-optique.com/gravures/fournisseur=659,Nearis S-Fusion Reader / B-UV / Photo Trans / Transitions Gen S,NESR,1.6,ORG,OPTISWISS FRANCE SARL,2025-06-13 13:26:24.663333
3448,https://www.france-optique.com/gravures/fournisseur=659,Nearis S-Fusion Reader / B-UV,NESR,1.67,ORG,OPTISWISS FRANCE SARL,2025-06-13 13:26:24.720000
3449,https://www.france-optique.com/gravures/fournisseur=659,Nearis S-Fusion Reader,NESR,1.74,ORG,OPTISWISS FRANCE SARL,2025-06-13 13:26:24.773333
3450,https://www.france-optique.com/gravures/fournisseur=659,Nearis S-Fusion Reader / Transitions Gen S,NESR,1.53,TVX,OPTISWISS FRANCE SARL,2025-06-13 13:26:24.820000
3451,https://www.france-optique.com/gravures/fournisseur=659,Nearis S-Fusion Reader / Photo,NESR,1.6,MIN,OPTISWISS FRANCE SARL,2025-06-13 13:26:24.880000
3452,https://www.france-optique.com/gravures/fournisseur=659,Nearis S-Fusion Reader,NESR,1.71,MIN,OPTISWISS FRANCE SARL,2025-06-13 13:26:24.933333
3453,https://www.france-optique.com/gravures/fournisseur=659,Nearis S-Fusion Reader,NESR,1.81,MIN,OPTISWISS FRANCE SARL,2025-06-13 13:26:24.986666
3454,https://www.france-optique.com/gravures/fournisseur=659,Nearis S-Fusion 7 / UV / B-UV / Photo Trans / Transitions Gen S,NES7,1.5,ORG,OPTISWISS FRANCE SARL,2025-06-13 13:26:25.040000
3455,https://www.france-optique.com/gravures/fournisseur=659,Nearis S-Fusion 7 / B-UV / Photo Trans / Transitions Gen S,NES7,1.6,ORG,OPTISWISS FRANCE SARL,2025-06-13 13:26:25.096666
3456,https://www.france-optique.com/gravures/fournisseur=659,Nearis S-Fusion 7 / B-UV,NES7,1.67,ORG,OPTISWISS FRANCE SARL,2025-06-13 13:26:25.150000
3457,https://www.france-optique.com/gravures/fournisseur=659,Nearis S-Fusion 7,NES7,1.74,ORG,OPTISWISS FRANCE SARL,2025-06-13 13:26:25.200000
3458,https://www.france-optique.com/gravures/fournisseur=659,Nearis S-Fusion 7 / Transitions Gen S,NES7,1.53,TVX,OPTISWISS FRANCE SARL,2025-06-13 13:26:25.256666
3459,https://www.france-optique.com/gravures/fournisseur=659,Nearis S-Fusion 7 / Photo,NES7,1.6,MIN,OPTISWISS FRANCE SARL,2025-06-13 13:26:25.313333
3460,https://www.france-optique.com/gravures/fournisseur=659,Nearis S-Fusion 7,NES7,1.71,MIN,OPTISWISS FRANCE SARL,2025-06-13 13:26:25.373333
3461,https://www.france-optique.com/gravures/fournisseur=659,Nearis S-Fusion 7,NES7,1.81,MIN,OPTISWISS FRANCE SARL,2025-06-13 13:26:25.430000
3462,https://www.france-optique.com/gravures/fournisseur=659,Access Typ A,AC,1.5,ORG,OPTISWISS FRANCE SARL,2025-06-13 13:26:25.483333
3463,https://www.france-optique.com/gravures/fournisseur=659,Access Typ B,AC,1.5,ORG,OPTISWISS FRANCE SARL,2025-06-13 13:26:25.536666
3464,https://www.france-optique.com/gravures/fournisseur=659,BIOMETRICS HORIZON / UV / B-UV / Photo Trans / Transitions Gen S / XTRActive / Polar / Drivewear,BIOH,1.5,ORG,OPTISWISS FRANCE SARL,2025-06-13 13:26:25.590000
3465,https://www.france-optique.com/gravures/fournisseur=659,BIOMETRICS HORIZON,BIOH,1.59,POLY,OPTISWISS FRANCE SARL,2025-06-13 13:26:25.650000
3466,https://www.france-optique.com/gravures/fournisseur=659,BIOMETRICS HORIZON / B-UV / Photo Trans / Transitions Gen S / XTRActive / Polar,BIOH,1.6,ORG,OPTISWISS FRANCE SARL,2025-06-13 13:26:25.706666
3467,https://www.france-optique.com/gravures/fournisseur=659,BIOMETRICS HORIZON / B-UV / Photo Trans / Transitions Gen S / Polar,BIOH,1.67,ORG,OPTISWISS FRANCE SARL,2025-06-13 13:26:25.760000
3468,https://www.france-optique.com/gravures/fournisseur=659,BIOMETRICS HORIZON,BIOH,1.74,ORG,OPTISWISS FRANCE SARL,2025-06-13 13:26:25.813333
3469,https://www.france-optique.com/gravures/fournisseur=659,BIOMETRICS HORIZON,BIOH,1.71,MIN,OPTISWISS FRANCE SARL,2025-06-13 13:26:25.863333
3470,https://www.france-optique.com/gravures/fournisseur=659,BIOMETRICS HORIZON,BIOH,1.81,MIN,OPTISWISS FRANCE SARL,2025-06-13 13:26:25.920000
3471,https://www.france-optique.com/gravures/fournisseur=659,BIOMETRICS HORIZON / Photo,BIOH,1.6,MIN,OPTISWISS FRANCE SARL,2025-06-13 13:26:25.980000
3472,https://www.france-optique.com/gravures/fournisseur=659,BIOMETRICS HORIZON / Transition GEN S,BIOH,1.53,TVX,OPTISWISS FRANCE SARL,2025-06-13 13:26:26.030000
3473,https://www.france-optique.com/gravures/fournisseur=659,be 4ty+ HD Easy / B-UV / Photo Trans / Transitions Gen S / XTRActive / Polar,HDE,1.6,ORG,OPTISWISS FRANCE SARL,2025-06-13 13:26:26.080000
3474,https://www.france-optique.com/gravures/fournisseur=659,be 4ty+ HD Easy / B-UV / Photo Trans / Transitions Gen S / Polar,HDE,1.67,ORG,OPTISWISS FRANCE SARL,2025-06-13 13:26:26.133333
3475,https://www.france-optique.com/gravures/fournisseur=659,Pro Orga / B-UV / Photo Trans / Transitions Gen S / Polar,PRO,1.6,ORG,OPTISWISS FRANCE SARL,2025-06-13 13:26:26.186666
3476,https://www.france-optique.com/gravures/fournisseur=659,One BIOMETRICS / UV / B-UV / Photo Trans / Transitions Gen S / XTRActive / Polar / Drivewear,OBIO,1.5,ORG,OPTISWISS FRANCE SARL,2025-06-13 13:26:26.250000
3477,https://www.france-optique.com/gravures/fournisseur=659,One BIOMETRICS / B-UV / Photo Trans / Transitions Gen S / XTRActive / Polar,OBIO,1.6,ORG,OPTISWISS FRANCE SARL,2025-06-13 13:26:26.303333
3478,https://www.france-optique.com/gravures/fournisseur=659,One BIOMETRICS / B-UV / Photo Trans / Transitions Gen S / Polar,OBIO,1.67,ORG,OPTISWISS FRANCE SARL,2025-06-13 13:26:26.360000
3479,https://www.france-optique.com/gravures/fournisseur=659,One BIOMETRICS,OBIO,1.74,ORG,OPTISWISS FRANCE SARL,2025-06-13 13:26:26.416666
3480,https://www.france-optique.com/gravures/fournisseur=659,One BIOMETRICS / Transitions Gen S,OBIO,1.53,TVX,OPTISWISS FRANCE SARL,2025-06-13 13:26:26.480000
3481,https://www.france-optique.com/gravures/fournisseur=659,One BIOMETRICS / Photo,OBIO,1.6,MIN,OPTISWISS FRANCE SARL,2025-06-13 13:26:26.536666
3482,https://www.france-optique.com/gravures/fournisseur=659,One BIOMETRICS,OBIO,1.71,MIN,OPTISWISS FRANCE SARL,2025-06-13 13:26:26.590000
3483,https://www.france-optique.com/gravures/fournisseur=659,One BIOMETRICS,OBIO,1.81,MIN,OPTISWISS FRANCE SARL,2025-06-13 13:26:26.640000
3484,https://www.france-optique.com/gravures/fournisseur=659,Relax BIOMETRICS / UV / B-UV / Photo Trans / Transitions Gen S / XTRActive / Polar / Drivewear,RBIO A*,1.5,ORG,OPTISWISS FRANCE SARL,2025-06-13 13:26:26.700000
3485,https://www.france-optique.com/gravures/fournisseur=659,Relax BIOMETRICS / B-UV / Photo Trans / Transitions Gen S / XTRActive / Polar,RBIO A*,1.6,ORG,OPTISWISS FRANCE SARL,2025-06-13 13:26:26.760000
3486,https://www.france-optique.com/gravures/fournisseur=659,Relax BIOMETRICS / B-UV / Photo Trans / Transitions Gen S / Polar,RBIO A*,1.67,ORG,OPTISWISS FRANCE SARL,2025-06-13 13:26:26.810000
3487,https://www.france-optique.com/gravures/fournisseur=659,Relax BIOMETRICS,RBIO A*,1.74,ORG,OPTISWISS FRANCE SARL,2025-06-13 13:26:26.866666
3488,https://www.france-optique.com/gravures/fournisseur=659,Relax BIOMETRICS / Transitions Gen S,RBIO A*,1.53,TVX,OPTISWISS FRANCE SARL,2025-06-13 13:26:26.926666
3489,https://www.france-optique.com/gravures/fournisseur=659,Relax BIOMETRICS / Photo,RBIO A*,1.6,MIN,OPTISWISS FRANCE SARL,2025-06-13 13:26:26.990000
3490,https://www.france-optique.com/gravures/fournisseur=659,Relax BIOMETRICS,RBIO A*,1.71,MIN,OPTISWISS FRANCE SARL,2025-06-13 13:26:27.040000
3491,https://www.france-optique.com/gravures/fournisseur=659,Relax BIOMETRICS,RBIO A*,1.81,MIN,OPTISWISS FRANCE SARL,2025-06-13 13:26:27.093333
3492,https://www.france-optique.com/gravures/fournisseur=659,Nearis BIOMETRICS Office / UV / B-UV / Photo Trans / Transitions Gen S,NBIO O,1.5,ORG,OPTISWISS FRANCE SARL,2025-06-13 13:26:27.153333
3493,https://www.france-optique.com/gravures/fournisseur=659,Nearis BIOMETRICS Office / B-UV / PhotoTrans / Transitions Gen S,NBIO O,1.6,ORG,OPTISWISS FRANCE SARL,2025-06-13 13:26:27.216666
3494,https://www.france-optique.com/gravures/fournisseur=659,Nearis BIOMETRICS Office / B-UV,NBIO O,1.67,ORG,OPTISWISS FRANCE SARL,2025-06-13 13:26:27.276666
3495,https://www.france-optique.com/gravures/fournisseur=659,Nearis BIOMETRICS Office,NBIO O,1.74,ORG,OPTISWISS FRANCE SARL,2025-06-13 13:26:27.330000
3496,https://www.france-optique.com/gravures/fournisseur=659,Nearis BIOMETRICS Office / Transitions Gen S,NBIO O,1.53,TVX,OPTISWISS FRANCE SARL,2025-06-13 13:26:27.383333
3497,https://www.france-optique.com/gravures/fournisseur=659,Nearis BIOMETRICS Office / Photo,NBIO O,1.6,MIN,OPTISWISS FRANCE SARL,2025-06-13 13:26:27.433333
3498,https://www.france-optique.com/gravures/fournisseur=659,Nearis BIOMETRICS Office,NBIO O,1.71,MIN,OPTISWISS FRANCE SARL,2025-06-13 13:26:27.486666
3499,https://www.france-optique.com/gravures/fournisseur=659,Nearis BIOMETRICS Office,NBIO O,1.81,MIN,OPTISWISS FRANCE SARL,2025-06-13 13:26:27.536666
3500,https://www.france-optique.com/gravures/fournisseur=659,Nearis BIOMETRICS Desk / UV / B-UV / Photo Trans / Transitions Gen S,NBIO D,1.5,ORG,OPTISWISS FRANCE SARL,2025-06-13 13:26:27.593333
3501,https://www.france-optique.com/gravures/fournisseur=659,Nearis BIOMETRICS Desk / B-UV / PhotoTrans / Transitions Gen S,NBIO D,1.6,ORG,OPTISWISS FRANCE SARL,2025-06-13 13:26:27.650000
3502,https://www.france-optique.com/gravures/fournisseur=659,Nearis BIOMETRICS Desk / B-UV,NBIO D,1.67,ORG,OPTISWISS FRANCE SARL,2025-06-13 13:26:27.710000
3503,https://www.france-optique.com/gravures/fournisseur=659,Nearis BIOMETRICS Desk,NBIO D,1.74,ORG,OPTISWISS FRANCE SARL,2025-06-13 13:26:27.763333
3504,https://www.france-optique.com/gravures/fournisseur=659,Nearis BIOMETRICS Desk / Transitions Gen S,NBIO D,1.53,TVX,OPTISWISS FRANCE SARL,2025-06-13 13:26:27.826666
3505,https://www.france-optique.com/gravures/fournisseur=659,Nearis BIOMETRICS Desk / Photo,NBIO D,1.6,MIN,OPTISWISS FRANCE SARL,2025-06-13 13:26:27.880000
3506,https://www.france-optique.com/gravures/fournisseur=659,Nearis BIOMETRICS Desk,NBIO D,1.71,MIN,OPTISWISS FRANCE SARL,2025-06-13 13:26:27.933333
3507,https://www.france-optique.com/gravures/fournisseur=659,Nearis BIOMETRICS Desk,NBIO D,1.81,MIN,OPTISWISS FRANCE SARL,2025-06-13 13:26:27.990000
3508,https://www.france-optique.com/gravures/fournisseur=659,Nearis BIOMETRICS Reader / UV / B-UV / Photo Trans / Transitions Gen S,NBIO R,1.5,ORG,OPTISWISS FRANCE SARL,2025-06-13 13:26:28.046666
3509,https://www.france-optique.com/gravures/fournisseur=659,Nearis BIOMETRICS Reader / B-UV / PhotoTrans / Transitions Gen S,NBIO R,1.6,ORG,OPTISWISS FRANCE SARL,2025-06-13 13:26:28.110000
3510,https://www.france-optique.com/gravures/fournisseur=659,Nearis BIOMETRICS Reader / B-UV,NBIO R,1.67,ORG,OPTISWISS FRANCE SARL,2025-06-13 13:26:28.170000
3511,https://www.france-optique.com/gravures/fournisseur=659,Nearis BIOMETRICS Reader,NBIO R,1.74,ORG,OPTISWISS FRANCE SARL,2025-06-13 13:26:28.230000
3512,https://www.france-optique.com/gravures/fournisseur=659,Nearis BIOMETRICS Reader / Transitions Gen S,NBIO R,1.53,TVX,OPTISWISS FRANCE SARL,2025-06-13 13:26:28.283333
3513,https://www.france-optique.com/gravures/fournisseur=659,Nearis BIOMETRICS Reader / Photo,NBIO R,1.6,MIN,OPTISWISS FRANCE SARL,2025-06-13 13:26:28.356666
3514,https://www.france-optique.com/gravures/fournisseur=659,Nearis BIOMETRICS Reader,NBIO R,1.71,MIN,OPTISWISS FRANCE SARL,2025-06-13 13:26:28.413333
3515,https://www.france-optique.com/gravures/fournisseur=659,Nearis BIOMETRICS Reader,NBIO R,1.81,MIN,OPTISWISS FRANCE SARL,2025-06-13 13:26:28.470000
3516,https://www.france-optique.com/gravures/fournisseur=659,Nearis BIOMETRICS 7 / UV / B-UV / Photo Trans / Transitions Gen S,NBIO 7,1.5,ORG,OPTISWISS FRANCE SARL,2025-06-13 13:26:28.526666
3517,https://www.france-optique.com/gravures/fournisseur=659,Nearis BIOMETRICS 7 / B-UV / PhotoTrans / Transitions Gen S,NBIO 7,1.6,ORG,OPTISWISS FRANCE SARL,2025-06-13 13:26:28.586666
3518,https://www.france-optique.com/gravures/fournisseur=659,Nearis BIOMETRICS 7 / B-UV,NBIO 7,1.67,ORG,OPTISWISS FRANCE SARL,2025-06-13 13:26:28.640000
3519,https://www.france-optique.com/gravures/fournisseur=659,Nearis BIOMETRICS 7,NBIO 7,1.74,ORG,OPTISWISS FRANCE SARL,2025-06-13 13:26:32.083333
3520,https://www.france-optique.com/gravures/fournisseur=659,Nearis BIOMETRICS 7 / Transitions Gen S,NBIO 7,1.53,TVX,OPTISWISS FRANCE SARL,2025-06-13 13:26:32.133333
3521,https://www.france-optique.com/gravures/fournisseur=659,Nearis BIOMETRICS 7 / Photo,NBIO 7,1.6,MIN,OPTISWISS FRANCE SARL,2025-06-13 13:26:32.186666
3522,https://www.france-optique.com/gravures/fournisseur=659,Nearis BIOMETRICS 7,NBIO 7,1.71,MIN,OPTISWISS FRANCE SARL,2025-06-13 13:26:32.236666
3523,https://www.france-optique.com/gravures/fournisseur=659,Nearis BIOMETRICS 7,NBIO 7,1.81,MIN,OPTISWISS FRANCE SARL,2025-06-13 13:26:32.290000
